key	flags	ja	ko
S2M:M00LOW:0		うふふっ！\nこの程度なら楽勝でーす！	후후훗！　이　정도면　식은\n죽　먹기예요！
S2M:M00LOW:1		こんな敵に大騒ぎするなんて\n花組のみなさんも\nたーいしたことないでーす。	이런　적에　호들갑　떨다니\n화조　여러분도\n별것　아니네요．
S2M:M00LOW:2		帝国華撃団参上∈	제국화격단　등장‼
S2M:M00LOW:3		無事か、織姫くん！	무사한가，　오리히메　군！
S2M:M00LOW:4		大丈夫でーす！\nもうお茶のこサイサイって\nカンジ！	괜찮아요！\n식은　죽　먹기라니까요！\n그런　느낌！
S2M:M00LOW:5		わたしは好きにやりますから、\n自分の心配を\nしてくださーい！	저는　제멋대로　할　테니，\n자기　걱정이나\n해　주세요ー！
S2M:M00LOW:6		織姫～！\n一人じゃ危ないよ～！	오리히메ー！\n혼자서는　위험해ー！
S2M:M00LOW:7		織姫さん、敵と戦うには\nみんなで力を合わせないと\n大変なことになりますよ！	오리히메　씨，　적과\n싸우려면　모두　힘을　합치지\n않으면　큰일　나요！
S2M:M00LOW:8		心配いりませーん。\nわたしとあなたたちでは\nレベルが違うのでーす。	걱정　마세요．\n저와　당신들은\n레벨이　다르니까요ー．
S2M:M00LOW:9		それじゃ、行ってくるでーす！\nそこで、わたしの活躍を\n見ててくださーい。	그럼，　다녀올게요ー！\n거기서　제　활약을\n지켜봐　주세요ー．
S2M:M00LOW:10		お、織姫くん……！	오，　오리히메　군……！
S2M:M00LOW:11		大神ぃ！　\nなに、油を売ってやがるんだ！\n敵はすぐそこだぞ！	오오가미이！　\n뭐　하며　빈둥거리는　거야！\n적은　바로　앞이라고！
S2M:M00LOW:12		敵、劇場に接近！	적，　극장에　접근！
S2M:M00LOW:13		これ以上は危険です！	더는　위험합니다！
S2M:M00LOW:14		……よしっ！\n「帝防」を展開しろ！	……좋아！\n「제방」을　펼쳐라！
S2M:M00LOW:15		了解！\n「帝劇防御壁」を\n展開します！	알겠습니다！\n「제극　방어벽」을\n펼칩니다！
S2M:M00LOW:16		大神、これで劇場は\n心配ない！　お前たちは\n戦いに専念するんだ！	오오가미，　이제　극장은\n걱정　없다！　너희는\n전투에　전념해！
S2M:M00LOW:17		ありがとうございます、\n米田長官！	감사합니다，\n요네다　장관님！
S2M:M00LOW:18		みんな、行くぞ！\n戦闘開始だ∈	모두，　가자！\n전투　개시다‼
S2M:M01LOW:0		疾きこと風のごとく……\n移動力重視の作戦だ！	빠르기는　바람처럼……\n이동력　중시　작전이다！
S2M:M01LOW:1		今は、この命令を出している。\n移動力を活かして戦おう。	현재　명령은　이것이다．\n이동력을　살려　싸우자．
S2M:M01LOW:2		花組各員に通達！\n「風」作戦を開始するぞ！	화조　전원에게　통보！\n「풍」　작전　개시다！
S2M:M01LOW:3		林のように心静かに……\n本来の力を引き出すんだ！	숲처럼　마음을　고요히……\n본래의　힘을　끌어내자！
S2M:M01LOW:4		今は、この命令を出している。\n本来の力で敵に立ち向かおう。	현재　명령은　이것이다．\n본래의　힘으로　맞서자．
S2M:M01LOW:5		花組各員に通達！\n「林」作戦を開始するぞ！	화조　전원에게　통보！\n「림」　작전　개시다！
S2M:M01LOW:6		炎のように熱く燃える……\n攻撃力重視の作戦だ！	불처럼　뜨겁게　타오르는……\n공격력　중시　작전이다！
S2M:M01LOW:7		今は、この命令を出している。\n攻撃力を活かして戦おう。	현재　명령은　이것이다．\n공격력을　살려　싸우자．
S2M:M01LOW:8		花組各員に通達！\n「火」作戦を開始するぞ！	화조　전원에게　통보！\n「화」　작전　개시다！
S2M:M01LOW:9		構えること山のごとく……\n防御力重視の作戦だ！	산처럼　굳건히　버티는……\n방어력　중시　작전이다！
S2M:M01LOW:10		今は、この命令を出している。\n防御力を活かして戦おう。	현재　명령은　이것이다．\n방어력을　살려　싸우자．
S2M:M01LOW:11		花組各員に通達！\n「山」作戦を開始するぞ！	화조　전원에게　통보！\n「산」　작전　개시다！
S2M:M01LOW:12		このままの作戦でいくぞ！	이대로　작전을　계속한다！
S2M:M01LOW:13		了解！	알겠습니다！
S2M:M01LOW:14		上空からの攻撃で、敵の数も\nだいぶ減ったようです。	상공에서　공격해\n적도　꽤　줄었네요．
S2M:M01LOW:15		今のうちに、\n敵の魔操機兵「脇侍」を\n全滅させてください！	지금이　기회예요．\n적　마조기병　「협시」를\n전멸시켜　주세요！
S2M:M01LOW:16		０メッセージ１－３	０메시지１－３
S2M:M01LOW:17		「圧縮蒸気」投下完了です！	「압축　증기」　투하　완료！
S2M:M01LOW:18		敵は多いですが、\n光武を回復しながら\n脇侍を全滅してください！	적은　많지만，\n광무를　회복시키면서\n협시를　전멸시켜　주세요！
S2M:M01LOW:19		０メッセージ２－３	０메시지２－３
S2M:M01LOW:20		０メッセージ３－１	０메시지３－１
S2M:M01LOW:21		０メッセージ３－２	０메시지３－２
S2M:M01LOW:22		０メッセージ３－３	０메시지３－３
S2M:M01LOW:23		花組の隊長、大神一郎。\n高い戦闘力と、\n勇敢な心を持っている。	화조　대장，　오오가미．\n높은　전투력과\n용감한　마음을　지녔다．
S2M:M01LOW:24		北辰一刀流、真宮寺さくら。\n素早い動きで、\n敵を一刀両断する。	북진일도류，　사쿠라．\n빠른　움직임으로\n적을　일도양단한다．
S2M:M01LOW:25		神崎風塵流、神崎すみれ。\n華麗なナギナタの技は、\n見るものの心をもとらえる。	칸자키　풍진류，　스미레．\n화려한　나기나타　기술은\n보는　이의　마음마저　홀려．
S2M:M01LOW:26		射撃手、マリア・タチバナ。\n氷の銃弾は、狙った\n獲物を決して逃さない。	사격수，　마리아．\n얼음　탄환은　노린\n먹이를　놓치지　않는다．
S2M:M01LOW:27		桐島流空手、桐島カンナ。\n圧倒的なパワーで、むらがる\n敵を粉砕する。	가라테의　달인，　칸나．\n압도적　파워로　몰려드는\n적을　분쇄한다．
S2M:M01LOW:28		花組のマスコット、アイリス。\n超能力を使った、\n不思議な攻撃で敵と戦う。	화조의　마스코트，\n아이리스．\n초능력으로　적과　싸운다．
S2M:M01LOW:29		発明家、李紅蘭。\n次々に繰り出す発明品で、\n敵味方をあっといわせるぞ。	발명가，　코란．\n신제품을　잇달아　내놓아\n적과　아군을　놀라게　한다．
S2M:M01LOW:30		元星組隊員、ソレッタ・織姫。\nイタリアンローズの機体に乗り\n赤い貴族と呼ばれている。	전　별조　대원，　오리히메．\n이탈리안　로즈를　타고\n붉은　귀족이라　불린다．
S2M:M01LOW:31		レニ・ミルヒシュトラーセ。\n戦闘のプロとして、正確な\n無駄のない攻撃を行う。	레니　밀히슈트라세．　전투의\n프로답게　정확하고　군더더기\n없는　공격을　한다．
S2M:M01LOW:32		魔操機兵、脇侍・改。\n近接攻撃専用のものは、\nイ型と呼ばれる。	마조기병，　협시・개．\n근접　공격　전용형은\n이형이라　부른다．
S2M:M01LOW:33		魔操機兵、脇侍・改。\n鉄砲を装備したものは、\nロ型と呼ばれる。	마조기병，　협시・개．\n총을　장비한　것은\n로형이라　부른다．
S2M:M01LOW:34		「蒸気火箭」\n木喰が創り出した兵器で、\n高い攻撃力を持っている。	「증기화전」\n모쿠지키가　만든　병기로\n공격력이　높다．
S2M:M01LOW:35		魔操機兵「大日剣」\n五行衆・金剛が乗る機体で、\n格闘能力が極めて高い。	마조기병　「대일검」\n오행중・금강이　타는　기체로\n격투　능력이　매우　높다．
S2M:M01LOW:36		脇侍・改「黄童子」\n金剛専用の部隊で、大日剣と\n同じ色に塗装されている。	협시・개　「황동자」　금강\n전용　부대로，　대일검과\n같은　색으로　칠해져　있다．
S2M:M01LOW:37		黒鬼会の魔操機兵、脇侍・改。\n大砲を装備したものは、\nハ型と呼ばれる。	흑귀회의　마조기병，\n협시・개．　대포를　장비한\n것은　하형이라　부른다．
S2M:M01LOW:38		黒鬼会の魔操機兵、脇侍・改。\n実は、あまり忠誠心は\nないので、がっかりだ。	흑귀회의　마조기병，\n협시・개．　사실　충성심은\n그다지　없어서　실망스럽다．
S2M:M01LOW:39		黒鬼会の魔操機兵、脇侍・改。\n鉄砲を装備したものは、\nロ型と呼ばれる。	흑귀회의　마조기병，\n협시・개．　총을　장비한\n것은　로형이라　부른다．
S2M:M01LOW:40		メッセージ１８	메시지　１８
S2M:M01LOW:41		メッセージ１９	메시지　１９
S2M:M01LOW:42		メッセージ２０	메시지　２０
S2M:M01LOW:43		今のところ、\nかばう必要はなさそうだな。	지금은\n보호할　필요　없어　보이네．
S2M:M01LOW:44		さくらくん……\n君は俺が守る！	사쿠라　군……\n내가　지킬게！
S2M:M01LOW:45		すみれくん……\n君の盾になってもいいかい。	스미레　군……\n네　방패가　되어도　될까？
S2M:M01LOW:46		マリア……\n君の背中を守らせてくれ。	마리아……\n네　뒤를　지키게　해　줘．
S2M:M01LOW:47		カンナ……\n俺は、君を全力で守るぞ！	칸나……　내가　온　힘을\n다해　지키마！
S2M:M01LOW:48		アイリス……\n俺が側にいるから、\n安心していいよ。	아이리스……\n내가　곁에　있으니，\n안심해도　돼．
S2M:M01LOW:49		紅蘭……\nいつだって君を助けにゆくよ。	코란……\n언제든　널　도우러　갈게．
S2M:M01LOW:50		織姫くん……\n苦しいときは、\nいつでも俺を呼んでくれ！	오리히메　군……\n힘들　때는，\n언제든　날　불러！
S2M:M01LOW:51		レニ……\nたまには、\n守られたっていいだろう？	레니……\n가끔은，\n보호받아도　괜찮잖아？
S2M:M01LOW:52		がんばって！　大神さん！	힘내요！　오오가미　씨！
S2M:M01LOW:53		大神さんが頼りです！	오오가미　씨만　믿을게요！
S2M:M01LOW:54		無理しないでください、\n大神さん……	무리하지　마세요，\n오오가미　씨……
S2M:M01LOW:55		がんばります！	힘낼게요！
S2M:M01LOW:56		大神さんのために……\nあたし、やります！	오오가미　씨를　위해……\n제가　할게요！
S2M:M01LOW:57		あたしが\nがんばらなくっちゃ！	제가　힘내야　해요！
S2M:M01LOW:58		あたし……負けないわ……	저…　지지　않을　거예요…
S2M:M01LOW:59		……ありがとうございます。\n大神さん。	……감사합니다．\n오오가미　씨．
S2M:M01LOW:60		大神さんがいてくれるから、\nあたし、がんばれます！	오오가미　씨가　계시니까\n저도　힘낼　수　있어요！
S2M:M01LOW:61		大丈夫ですか……大神さん。	괜찮으세요…　오오가미　씨．
S2M:M01LOW:62		大神さん……\nごめんなさい……	오오가미　씨……\n죄송해요……
S2M:M01LOW:63		ここは大神さんに\nお任せします……\n……ごめんなさい。	여기는　오오가미　씨에게\n맡길게요……\n……죄송해요．
S2M:M01LOW:64		やりましたね、大神さん！	해냈네요，　오오가미　씨！
S2M:M01LOW:65		今日の大神さん、\n一味違いますね。	오늘　오오가미　씨는\n평소와　다르네요．
S2M:M01LOW:66		やりました！	해냈어요！
S2M:M01LOW:67		大神さんのおかげです！	오오가미　씨　덕분이에요！
S2M:M01LOW:68		大神さん……\nあたし、信じています。	오오가미　씨……\n저는　믿고　있어요．
S2M:M01LOW:69		見せ場がきましてよ、少尉。	제　무대네요，　소위님．
S2M:M01LOW:70		がんばってください、\nわたくしのために……	힘내　주세요，\n저를　위해……
S2M:M01LOW:71		無理は禁物ですわ……	무리는　금물이에요……
S2M:M01LOW:72		さあ、いきますわよ！	자，　갑니다！
S2M:M01LOW:73		少尉、わたくしを\n見ていてくださいな。	소위님，\n저를　지켜봐　주세요．
S2M:M01LOW:74		わたくしでなくては\nダメですわね。	저여야만　하겠군요．
S2M:M01LOW:75		こ、この程度で……	이，　이　정도로……
S2M:M01LOW:76		うれしいですわ……\n少尉……	기뻐요……\n소위님……
S2M:M01LOW:77		わたくしを守ることが\nできるのは少尉だけですわ。	저를　지킬　수　있는　건\n소위님뿐이에요．
S2M:M01LOW:78		かっ、身体が勝手に\n動いただけですわ……	몸이　저절로\n움직였을　뿐이에요……
S2M:M01LOW:79		わたくしとしたことが……	저답지　않게……
S2M:M01LOW:80		少尉を……\n……置いてはいけないのに！	소위님을……\n……두고　갈　수는　없는데！
S2M:M01LOW:81		お見事ですわ、少尉。	훌륭해요，　소위님．
S2M:M01LOW:82		りりしいですわよ、少尉。	늠름하시네요，　소위님．
S2M:M01LOW:83		たいしたことありませんわね。	별것도　아니네요．
S2M:M01LOW:84		見てくださいました？　少尉。	보셨나요？　소위님．
S2M:M01LOW:85		んふっ、\nちょろいもんですわね。\nねぇ、少尉……	후훗，\n이　정도야　식은　죽이죠．\n그렇죠，　소위님……
S2M:M01LOW:86		隊長、お願いします。	대장님，　부탁드려요．
S2M:M01LOW:87		隊長……\n信じています。	대장님……\n믿고　있어요．
S2M:M01LOW:88		隊長……\n慎重にいきましょう。	대장님……\n신중하게　가죠．
S2M:M01LOW:89		さぁ、覚悟しなさい。	자，　각오하세요．
S2M:M01LOW:90		私には、隊長が\nついていてくれる……	저에겐　대장님이\n곁에　계시니까……
S2M:M01LOW:91		私がしっかりしなくては……	제가　정신　차려야……
S2M:M01LOW:92		くっ、まだ……やれる！	큭，아직……　할　수　있어！
S2M:M01LOW:93		すいません、隊長。	죄송해요，　대장님．
S2M:M01LOW:94		隊長の背中……\nとても大きく見えます……	대장님　등……\n정말　커　보이네요……
S2M:M01LOW:95		隊長が無事でよかった……	대장님이　무사해서　다행……
S2M:M01LOW:96		隊長……申し訳ありません……	대장님……　죄송해요……
S2M:M01LOW:97		もう少し……\n隊長と共に……	조금만　더……\n대장님과　함께……
S2M:M01LOW:98		やりますね、隊長。	잘하시네요，　대장님．
S2M:M01LOW:99		隊長が\nいてくださってよかった……	대장님이　계셔서　다행……
S2M:M01LOW:100		ふんっ！　この程度……？	흥！　이　정도……？
S2M:M01LOW:101		隊長、すばらしい指揮です！	대장님，　훌륭한　지휘예요！
S2M:M01LOW:102		隊長が、私の力を\n何倍にもしてくれます。	대장님이　제　힘을\n몇　배나　키워　주세요．
S2M:M01LOW:103		やっちまえ！　隊長！	해치워！　대장님！
S2M:M01LOW:104		あたいがついてるぜ、隊長。	내가　곁에　있어，　대장．
S2M:M01LOW:105		隊長の気合を見せてくれ！	대장님，　기합을　보여　줘！
S2M:M01LOW:106		あたいの番だな！	내　차례구나！
S2M:M01LOW:107		みていてくれよなっ！\n隊長！	지켜봐　줘！\n대장！
S2M:M01LOW:108		まとめて面倒みるぜ！	한꺼번에　상대해　주마！
S2M:M01LOW:109		まだまだ、\nどんどんかかってこいっ！	아직　멀었어，\n어서　덤벼！
S2M:M01LOW:110		すまねぇな、隊長。	미안하군，　대장．
S2M:M01LOW:111		へへっ、\n守られるってのも悪くないな。	헤헤，　보호받는　것도\n나쁘지　않군．
S2M:M01LOW:112		へへっ、らしくないぜぇ？\n隊長！	헤헤，　나답지　않지？\n대장！
S2M:M01LOW:113		ちくしょう……\nこんなところで……	젠장……\n이런　곳에서……
S2M:M01LOW:114		隊長、すまない。\nあたいの分まで\nがんばってくれ！	대장，　미안하다．\n내　몫까지\n힘내　줘！
S2M:M01LOW:115		やるじゃねぇか！　隊長！	제법이잖아！　대장！
S2M:M01LOW:116		ほれぼれするぜ！　隊長！	감탄스럽군！　대장！
S2M:M01LOW:117		ざっとこんなもんだぜ！	대충　이　정도지！
S2M:M01LOW:118		へっへーん！\nどうだい！　隊長！	헤헤ー！\n어때！　대장！
S2M:M01LOW:119		誰もあたいたちを\n止められねぇぜ！	아무도　우릴\n막을　수　없어！
S2M:M01LOW:120		がんばろうね、お兄ちゃん。	힘내자，　오빠．
S2M:M01LOW:121		お兄ちゃん、いっけぇー！	오빠，　가ー！
S2M:M01LOW:122		お兄ちゃん……負けないで！	오빠……　지지　마！
S2M:M01LOW:123		アイリス、いきまーす！	아이리스，　갑니다아！
S2M:M01LOW:124		えへへっ、\nアイリスがんばるよ！	에헤헤，\n아이리스　힘낼게！
S2M:M01LOW:125		アイリスが\nがんばらなくちゃ！	아이리스가\n힘내야　해！
S2M:M01LOW:126		アイリス……もうだめ……	아이리스…　이제　안　돼…
S2M:M01LOW:127		アイリスのために\n来てくれたんだぁー！	아이리스를　위해　왔구나ー！
S2M:M01LOW:128		お兄ちゃんは、\n白馬のおうじさまだね！	오빠는\n백마　탄　왕자님이네！
S2M:M01LOW:129		お兄ちゃん……\nアイリスがついてるからね。	오빠……\n아이리스가　곁에　있을게．
S2M:M01LOW:130		あ……止まっちゃった……	아……　멈췄어……
S2M:M01LOW:131		お兄ちゃん……\nごめんね……	오빠……\n미안해……
S2M:M01LOW:132		わーい、やったね！\nお兄ちゃん！	와ー，　해냈다！\n오빠！
S2M:M01LOW:133		お兄ちゃん、\nすごい、すっごーい！	오빠，\n대단해，　정말　대단해ー！
S2M:M01LOW:134		アイリス、すごいでしょ！	아이리스，　대단하지！
S2M:M01LOW:135		ねぇ、ねぇ！\nほめてほめて！	있잖아，　있잖아！\n칭찬해　줘，　칭찬해　줘！
S2M:M01LOW:136		お兄ちゃんがいれば、\nアイリスなんにも恐くないよ！	오빠만　있으면，\n아이리스는　안　무서워！
S2M:M01LOW:137		頼んだで、大神はん。	부탁한다，　오오가미　씨．
S2M:M01LOW:138		ウチらの力、見せたろうで！	우리　힘을　보여　주자！
S2M:M01LOW:139		だ、大丈夫かいな、大神はん。	괜찮나，　오오가미　씨．
S2M:M01LOW:140		ほな、いってみよか！	그럼，　가　볼까！
S2M:M01LOW:141		大神はん、\nウチにまーかしとき！	오오가미　씨，\n나한테　맡겨！
S2M:M01LOW:142		ウチががんばらんと！	내가　힘내야　해！
S2M:M01LOW:143		や、やばいで……	이，　이거　위험해……
S2M:M01LOW:144		お、おおきに、\n大神はん……	고，　고마워，\n오오가미　씨……
S2M:M01LOW:145		もう、そないなことされたら、\nウチ……	그렇게까지　해　주면，\n나……
S2M:M01LOW:146		大神はんがおらんと、\nウチ……こまるんや。	오오가미　씨가　없으면，\n나……　곤란해．
S2M:M01LOW:147		そのへんで、堪忍や……	이쯤에서　봐줘……
S2M:M01LOW:148		大神はん、すんまへん。	오오가미　씨，　미안해．
S2M:M01LOW:149		大神はん、その調子や！	오오가미　씨，　그　기세야！
S2M:M01LOW:150		ええ感じやで！　大神はん！	좋은데！　오오가미　씨！
S2M:M01LOW:151		いっちょあがりや！	한　건　해냈다！
S2M:M01LOW:152		大神はん、\nやったで、ウチ！	오오가미　씨，\n나　해냈어！
S2M:M01LOW:153		ウチらの力を合わせれば、\n千人力や！	우리　힘을　합치면，\n천군만마야！
S2M:M01LOW:154		少尉さん、\nお手並み拝見でーす！	소위님，\n실력을　보여　주세요ー！
S2M:M01LOW:155		早く終わらせて帰りましょー。	빨리　끝내고　돌아가요ー．
S2M:M01LOW:156		ちょっと、\nヤバそうってカンジ！	잠깐，\n좀　위험해　보이는　느낌！
S2M:M01LOW:157		たのしいでーす！	재밌어요ー！
S2M:M01LOW:158		わたしを見ていてくださーい！	저를　지켜봐　주세요ー！
S2M:M01LOW:159		日本のオトコ、\n頼りにならないでーす！	일본　남자는，\n도움이　안　되네요ー！
S2M:M01LOW:160		シャワー浴びたいでーす！	샤워하고　싶어요ー！
S2M:M01LOW:161		日本のオトコに、\nかばってもらうなんて……	일본　남자에게，\n보호받다니……
S2M:M01LOW:162		少尉さん、\n無理しなくていいでーす……	소위님，\n무리하지　않아도　돼요……
S2M:M01LOW:163		まったく、\nダメなオトコでーす！	정말이지，\n쓸모없는　남자네요ー！
S2M:M01LOW:164		これ以上はカンベンでーす！	이　이상은　봐주겠어요ー！
S2M:M01LOW:165		もうだめです。\n撤退します……隊長……	이젠　안　돼요．\n후퇴할게요……　대장……
S2M:M01LOW:166		なかなかやるってカンジ！	제법인데요！
S2M:M01LOW:167		少尉さん、\nちょーかっこいいでーす！	소위님，\n정말　멋져요ー！
S2M:M01LOW:168		楽勝でーす！	거뜬해요ー！
S2M:M01LOW:169		うふっ！\n拍手をくださーい！	후훗！\n박수　쳐　주세요ー！
S2M:M01LOW:170		このデュオは最高でーす！	이　듀오는　최고예요ー！
S2M:M01LOW:171		……行動開始。	……행동　개시．
S2M:M01LOW:172	dup=S2M:M01LOW:171	……行動開始。	……행동　개시．
S2M:M01LOW:173		……危険だよ。	……위험해．
S2M:M01LOW:174		頼れるのは自分だけ……	믿을　건　나뿐……
S2M:M01LOW:175	dup=S2M:M01LOW:174	頼れるのは自分だけ……	믿을　건　나뿐……
S2M:M01LOW:176	dup=S2M:M01LOW:174	頼れるのは自分だけ……	믿을　건　나뿐……
S2M:M01LOW:177		機体の損傷が激しい……	기체　손상이　심해……
S2M:M01LOW:178		………………	………………
S2M:M01LOW:179	dup=S2M:M01LOW:178	………………	………………
S2M:M01LOW:180		隊長……しっかり……	대장……　정신　차려……
S2M:M01LOW:181		一時、撤退……	일단　후퇴……
S2M:M01LOW:182	dup=S2M:M01LOW:181	一時、撤退……	일단　후퇴……
S2M:M01LOW:183		目標、撃破確認……	목표　격파　확인……
S2M:M01LOW:184	dup=S2M:M01LOW:183	目標、撃破確認……	목표　격파　확인……
S2M:M01LOW:185		目標撃破……	목표　격파……
S2M:M01LOW:186	dup=S2M:M01LOW:185	目標撃破……	목표　격파……
S2M:M01LOW:187		これが……ボクらの力……！	이게……　우리　힘……！
S2M:M01LOW:188		そぉら、いくぜ！	자아，　간다！
S2M:M01LOW:189		さぁ、楽しませてくれよ。	자，　즐겁게　해　줘．
S2M:M01LOW:190		勝負は……これからだぜ！	승부는……　지금부터야！
S2M:M01LOW:191		なかなか、\nやるじゃねぇか！	제법이군，\n잘하잖아！
S2M:M01LOW:192		おもしれぇ……	재밌군……
S2M:M01LOW:193		大丈夫か、水狐。	괜찮나，　수호．
S2M:M01LOW:194		華麗に燃やしてあげますよ……	화려하게　태워　드리죠……
S2M:M01LOW:195		覚悟してください。	각오하세요．
S2M:M01LOW:196		あははははは！	아하하하하하！
S2M:M01LOW:197		燃やしつくしてやる！	모조리　태워　주마！
S2M:M01LOW:198		ご……ゴミが……	쓰……　쓰레기가……
S2M:M01LOW:199		私の戦いを見せてあげる。	내　싸움을　보여　주지．
S2M:M01LOW:200		やさしくしてあげるわ。	상냥하게　해　줄게．
S2M:M01LOW:201		ふふふ……負けないわよ。	후후후…　지지　않을　거야．
S2M:M01LOW:202		やるわね。\nさすが華撃団……	잘하네．\n역시　화격단……
S2M:M01LOW:203		くっ……\nこれほどとはね……	큭……\n이　정도일　줄이야……
S2M:M01LOW:204		さぁ、ワシの番じゃな。	자，　내　차례로구나．
S2M:M01LOW:205		ワシの計算にぬかりはないぞ。	내　계산엔　빈틈없다．
S2M:M01LOW:206		こ、このままでは\n終わらぬぞ……	이，　이대로는\n끝나지　않아……
S2M:M01LOW:207		これも計算のうちじゃ。	이것도　계산　안이야．
S2M:M01LOW:208		ぬうっ……\nこれは計算外じゃ……	으으……\n이건　계산　밖이야……
S2M:M01LOW:209		狩りとってやる！	사냥해　주마！
S2M:M01LOW:210		今、楽にしてやるからな。	지금　편하게　해　주마．
S2M:M01LOW:211		ひ、ひねり殺してやる！	비，　비틀어　죽여　주마！
S2M:M01LOW:212		勝ったと思うなよ……	이겼다고　생각하지　마……
S2M:M01LOW:213		まだ、終わりではないぞ！	아직　끝나지　않았다！
S2M:M01LOW:214		終わりにしてやる。	끝내　주마．
S2M:M01LOW:215		いくぞ！　華撃団っ！	간다！　화격단！
S2M:M01LOW:216		まだ、まだだっ！	아직，　아직이다！
S2M:M01LOW:217		腕を上げたな……	실력이　늘었구나……
S2M:M01LOW:218		ぐっ……\nわたしの復讐が……	큭……\n내　복수가……
S2M:M01LOW:219		容赦はせぬぞ……	봐주지　않겠다……
S2M:M01LOW:220		お前たちの罪を知れ……	너희의　죄를　깨달아라……
S2M:M01LOW:221		戦いとはいつも無常だ……	싸움은　언제나　덧없다……
S2M:M01LOW:222		愛は死んだ……	사랑은　죽었다……
S2M:M01LOW:223		ぬぅ……やるな……	으음……　제법이군……
S2M:M01LOW:224		私に触れるな！	나에게　손대지　마！
S2M:M01LOW:225		帝都の恨みは、\nこの程度ではないぞ……	제도의　원한은，\n이　정도가　아니다……
S2M:M01LOW:226		最後に勝つのは……私だ！	최후의　승자는……　나다！
S2M:M01LOW:227		この程度で……ぬうっ！	이　정도로……　으음！
S2M:M01LOW:228		思い上がるな……\n偽善者めっ！	우쭐대지　마……\n위선자　자식！
S2M:M02LOW:0	dup=S2M:M01LOW:0	疾きこと風のごとく……\n移動力重視の作戦だ！	빠르기는　바람처럼……\n이동력　중시　작전이다！
S2M:M02LOW:1	dup=S2M:M01LOW:1	今は、この命令を出している。\n移動力を活かして戦おう。	현재　명령은　이것이다．\n이동력을　살려　싸우자．
S2M:M02LOW:2	dup=S2M:M01LOW:2	花組各員に通達！\n「風」作戦を開始するぞ！	화조　전원에게　통보！\n「풍」　작전　개시다！
S2M:M02LOW:3	dup=S2M:M01LOW:3	林のように心静かに……\n本来の力を引き出すんだ！	숲처럼　마음을　고요히……\n본래의　힘을　끌어내자！
S2M:M02LOW:4	dup=S2M:M01LOW:4	今は、この命令を出している。\n本来の力で敵に立ち向かおう。	현재　명령은　이것이다．\n본래의　힘으로　맞서자．
S2M:M02LOW:5	dup=S2M:M01LOW:5	花組各員に通達！\n「林」作戦を開始するぞ！	화조　전원에게　통보！\n「림」　작전　개시다！
S2M:M02LOW:6	dup=S2M:M01LOW:6	炎のように熱く燃える……\n攻撃力重視の作戦だ！	불처럼　뜨겁게　타오르는……\n공격력　중시　작전이다！
S2M:M02LOW:7	dup=S2M:M01LOW:7	今は、この命令を出している。\n攻撃力を活かして戦おう。	현재　명령은　이것이다．\n공격력을　살려　싸우자．
S2M:M02LOW:8	dup=S2M:M01LOW:8	花組各員に通達！\n「火」作戦を開始するぞ！	화조　전원에게　통보！\n「화」　작전　개시다！
S2M:M02LOW:9	dup=S2M:M01LOW:9	構えること山のごとく……\n防御力重視の作戦だ！	산처럼　굳건히　버티는……\n방어력　중시　작전이다！
S2M:M02LOW:10	dup=S2M:M01LOW:10	今は、この命令を出している。\n防御力を活かして戦おう。	현재　명령은　이것이다．\n방어력을　살려　싸우자．
S2M:M02LOW:11	dup=S2M:M01LOW:11	花組各員に通達！\n「山」作戦を開始するぞ！	화조　전원에게　통보！\n「산」　작전　개시다！
S2M:M02LOW:12	dup=S2M:M01LOW:12	このままの作戦でいくぞ！	이대로　작전을　계속한다！
S2M:M02LOW:13	dup=S2M:M01LOW:13	了解！	알겠습니다！
S2M:M02LOW:14		今回の作戦は、\n敵の用意した資材を\n破壊するのが目的です。\n	이번　작전의　목적은\n적이　준비한　자재를\n파괴하는　것입니다．
S2M:M02LOW:15		報告のとおり、\n脇侍の数は\n少ないみたいですけど……\n	보고대로\n협시의　수는\n적은　모양이지만……
S2M:M02LOW:16		どの資材が重要なのか\nわからないので\nすべて壊すしかないですね。	어떤　자재가　중요한지\n모르니　전부　부술　수밖에\n없겠네요．
S2M:M02LOW:17		今回の作戦は、\n青色の資材箱を\n破壊するのが目的です！	이번　작전의　목적은\n파란　자재　상자를\n파괴하는　것입니다！
S2M:M02LOW:18		敵も、厳重な警備体制を\nひいているようですから、\n十分に気をつけてください。	적도　삼엄한　경비　태세를\n갖춘　모양이니\n충분히　조심하세요．
S2M:M02LOW:19	dup=S2M:M01LOW:19	０メッセージ２－３	０메시지２－３
S2M:M02LOW:20		大神さん、山崎は強いわ。\n一時撤退しましょう！	야마자키는　강해요．\n일단　후퇴하죠！
S2M:M02LOW:21	dup=S2M:M01LOW:21	０メッセージ３－２	０메시지３－２
S2M:M02LOW:22	dup=S2M:M01LOW:22	０メッセージ３－３	０메시지３－３
S2M:M02LOW:23	dup=S2M:M01LOW:23	花組の隊長、大神一郎。\n高い戦闘力と、\n勇敢な心を持っている。	화조　대장，　오오가미．\n높은　전투력과\n용감한　마음을　지녔다．
S2M:M02LOW:24	dup=S2M:M01LOW:24	北辰一刀流、真宮寺さくら。\n素早い動きで、\n敵を一刀両断する。	북진일도류，　사쿠라．\n빠른　움직임으로\n적을　일도양단한다．
S2M:M02LOW:25	dup=S2M:M01LOW:25	神崎風塵流、神崎すみれ。\n華麗なナギナタの技は、\n見るものの心をもとらえる。	칸자키　풍진류，　스미레．\n화려한　나기나타　기술은\n보는　이의　마음마저　홀려．
S2M:M02LOW:26	dup=S2M:M01LOW:26	射撃手、マリア・タチバナ。\n氷の銃弾は、狙った\n獲物を決して逃さない。	사격수，　마리아．\n얼음　탄환은　노린\n먹이를　놓치지　않는다．
S2M:M02LOW:27	dup=S2M:M01LOW:27	桐島流空手、桐島カンナ。\n圧倒的なパワーで、むらがる\n敵を粉砕する。	가라테의　달인，　칸나．\n압도적　파워로　몰려드는\n적을　분쇄한다．
S2M:M02LOW:28	dup=S2M:M01LOW:28	花組のマスコット、アイリス。\n超能力を使った、\n不思議な攻撃で敵と戦う。	화조의　마스코트，\n아이리스．\n초능력으로　적과　싸운다．
S2M:M02LOW:29	dup=S2M:M01LOW:29	発明家、李紅蘭。\n次々に繰り出す発明品で、\n敵味方をあっといわせるぞ。	발명가，　코란．\n신제품을　잇달아　내놓아\n적과　아군을　놀라게　한다．
S2M:M02LOW:30	dup=S2M:M01LOW:30	元星組隊員、ソレッタ・織姫。\nイタリアンローズの機体に乗り\n赤い貴族と呼ばれている。	전　별조　대원，　오리히메．\n이탈리안　로즈를　타고\n붉은　귀족이라　불린다．
S2M:M02LOW:31	dup=S2M:M01LOW:31	レニ・ミルヒシュトラーセ。\n戦闘のプロとして、正確な\n無駄のない攻撃を行う。	레니　밀히슈트라세．　전투의\n프로답게　정확하고　군더더기\n없는　공격을　한다．
S2M:M02LOW:32		魔操機兵、脇侍・改。\n長剣を装備し、\n近接攻撃力を強化した。	마조기병，　협시・개．\n장검을　장비해\n근접　공격력을　강화했다．
S2M:M02LOW:33	dup=S2M:M01LOW:33	魔操機兵、脇侍・改。\n鉄砲を装備したものは、\nロ型と呼ばれる。	마조기병，　협시・개．\n총을　장비한　것은\n로형이라　부른다．
S2M:M02LOW:34		「蒸気火煎」\n木喰が創り出した兵器で、\n高い攻撃力を持っている。	「증기화전」\n모쿠지키가　만든　병기로\n공격력이　높다．
S2M:M02LOW:35	dup=S2M:M01LOW:35	魔操機兵「大日剣」\n五行衆・金剛が乗る機体で、\n格闘能力が極めて高い。	마조기병　「대일검」\n오행중・금강이　타는　기체로\n격투　능력이　매우　높다．
S2M:M02LOW:36	dup=S2M:M02LOW:32	魔操機兵、脇侍・改。\n長剣を装備し、\n近接攻撃力を強化した。	마조기병，　협시・개．\n장검을　장비해\n근접　공격력을　강화했다．
S2M:M02LOW:37	dup=S2M:M01LOW:37	黒鬼会の魔操機兵、脇侍・改。\n大砲を装備したものは、\nハ型と呼ばれる。	흑귀회의　마조기병，\n협시・개．　대포를　장비한\n것은　하형이라　부른다．
S2M:M02LOW:38	dup=S2M:M01LOW:38	黒鬼会の魔操機兵、脇侍・改。\n実は、あまり忠誠心は\nないので、がっかりだ。	흑귀회의　마조기병，\n협시・개．　사실　충성심은\n그다지　없어서　실망스럽다．
S2M:M02LOW:39	dup=S2M:M01LOW:39	黒鬼会の魔操機兵、脇侍・改。\n鉄砲を装備したものは、\nロ型と呼ばれる。	흑귀회의　마조기병，\n협시・개．　총을　장비한\n것은　로형이라　부른다．
S2M:M02LOW:40	dup=S2M:M01LOW:40	メッセージ１８	메시지　１８
S2M:M02LOW:41	dup=S2M:M01LOW:41	メッセージ１９	메시지　１９
S2M:M02LOW:42	dup=S2M:M01LOW:42	メッセージ２０	메시지　２０
S2M:M02LOW:43	dup=S2M:M01LOW:43	今のところ、\nかばう必要はなさそうだな。	지금은\n보호할　필요　없어　보이네．
S2M:M02LOW:44	dup=S2M:M01LOW:44	さくらくん……\n君は俺が守る！	사쿠라　군……\n내가　지킬게！
S2M:M02LOW:45	dup=S2M:M01LOW:45	すみれくん……\n君の盾になってもいいかい。	스미레　군……\n네　방패가　되어도　될까？
S2M:M02LOW:46	dup=S2M:M01LOW:46	マリア……\n君の背中を守らせてくれ。	마리아……\n네　뒤를　지키게　해　줘．
S2M:M02LOW:47	dup=S2M:M01LOW:47	カンナ……\n俺は、君を全力で守るぞ！	칸나……　내가　온　힘을\n다해　지키마！
S2M:M02LOW:48	dup=S2M:M01LOW:48	アイリス……\n俺が側にいるから、\n安心していいよ。	아이리스……\n내가　곁에　있으니，\n안심해도　돼．
S2M:M02LOW:49	dup=S2M:M01LOW:49	紅蘭……\nいつだって君を助けにゆくよ。	코란……\n언제든　널　도우러　갈게．
S2M:M02LOW:50	dup=S2M:M01LOW:50	織姫くん……\n苦しいときは、\nいつでも俺を呼んでくれ！	오리히메　군……\n힘들　때는，\n언제든　날　불러！
S2M:M02LOW:51	dup=S2M:M01LOW:51	レニ……\nたまには、\n守られたっていいだろう？	레니……\n가끔은，\n보호받아도　괜찮잖아？
S2M:M02LOW:52	dup=S2M:M01LOW:52	がんばって！　大神さん！	힘내요！　오오가미　씨！
S2M:M02LOW:53	dup=S2M:M01LOW:53	大神さんが頼りです！	오오가미　씨만　믿을게요！
S2M:M02LOW:54	dup=S2M:M01LOW:54	無理しないでください、\n大神さん……	무리하지　마세요，\n오오가미　씨……
S2M:M02LOW:55	dup=S2M:M01LOW:55	がんばります！	힘낼게요！
S2M:M02LOW:56	dup=S2M:M01LOW:56	大神さんのために……\nあたし、やります！	오오가미　씨를　위해……\n제가　할게요！
S2M:M02LOW:57	dup=S2M:M01LOW:57	あたしが\nがんばらなくっちゃ！	제가　힘내야　해요！
S2M:M02LOW:58	dup=S2M:M01LOW:58	あたし……負けないわ……	저…　지지　않을　거예요…
S2M:M02LOW:59	dup=S2M:M01LOW:59	……ありがとうございます。\n大神さん。	……감사합니다．\n오오가미　씨．
S2M:M02LOW:60	dup=S2M:M01LOW:60	大神さんがいてくれるから、\nあたし、がんばれます！	오오가미　씨가　계시니까\n저도　힘낼　수　있어요！
S2M:M02LOW:61	dup=S2M:M01LOW:61	大丈夫ですか……大神さん。	괜찮으세요…　오오가미　씨．
S2M:M02LOW:62	dup=S2M:M01LOW:62	大神さん……\nごめんなさい……	오오가미　씨……\n죄송해요……
S2M:M02LOW:63	dup=S2M:M01LOW:63	ここは大神さんに\nお任せします……\n……ごめんなさい。	여기는　오오가미　씨에게\n맡길게요……\n……죄송해요．
S2M:M02LOW:64	dup=S2M:M01LOW:64	やりましたね、大神さん！	해냈네요，　오오가미　씨！
S2M:M02LOW:65	dup=S2M:M01LOW:65	今日の大神さん、\n一味違いますね。	오늘　오오가미　씨는\n평소와　다르네요．
S2M:M02LOW:66	dup=S2M:M01LOW:66	やりました！	해냈어요！
S2M:M02LOW:67	dup=S2M:M01LOW:67	大神さんのおかげです！	오오가미　씨　덕분이에요！
S2M:M02LOW:68	dup=S2M:M01LOW:68	大神さん……\nあたし、信じています。	오오가미　씨……\n저는　믿고　있어요．
S2M:M02LOW:69	dup=S2M:M01LOW:69	見せ場がきましてよ、少尉。	제　무대네요，　소위님．
S2M:M02LOW:70	dup=S2M:M01LOW:70	がんばってください、\nわたくしのために……	힘내　주세요，\n저를　위해……
S2M:M02LOW:71	dup=S2M:M01LOW:71	無理は禁物ですわ……	무리는　금물이에요……
S2M:M02LOW:72	dup=S2M:M01LOW:72	さあ、いきますわよ！	자，　갑니다！
S2M:M02LOW:73	dup=S2M:M01LOW:73	少尉、わたくしを\n見ていてくださいな。	소위님，\n저를　지켜봐　주세요．
S2M:M02LOW:74	dup=S2M:M01LOW:74	わたくしでなくては\nダメですわね。	저여야만　하겠군요．
S2M:M02LOW:75	dup=S2M:M01LOW:75	こ、この程度で……	이，　이　정도로……
S2M:M02LOW:76	dup=S2M:M01LOW:76	うれしいですわ……\n少尉……	기뻐요……\n소위님……
S2M:M02LOW:77	dup=S2M:M01LOW:77	わたくしを守ることが\nできるのは少尉だけですわ。	저를　지킬　수　있는　건\n소위님뿐이에요．
S2M:M02LOW:78	dup=S2M:M01LOW:78	かっ、身体が勝手に\n動いただけですわ……	몸이　저절로\n움직였을　뿐이에요……
S2M:M02LOW:79	dup=S2M:M01LOW:79	わたくしとしたことが……	저답지　않게……
S2M:M02LOW:80	dup=S2M:M01LOW:80	少尉を……\n……置いてはいけないのに！	소위님을……\n……두고　갈　수는　없는데！
S2M:M02LOW:81	dup=S2M:M01LOW:81	お見事ですわ、少尉。	훌륭해요，　소위님．
S2M:M02LOW:82	dup=S2M:M01LOW:82	りりしいですわよ、少尉。	늠름하시네요，　소위님．
S2M:M02LOW:83	dup=S2M:M01LOW:83	たいしたことありませんわね。	별것도　아니네요．
S2M:M02LOW:84	dup=S2M:M01LOW:84	見てくださいました？　少尉。	보셨나요？　소위님．
S2M:M02LOW:85	dup=S2M:M01LOW:85	んふっ、\nちょろいもんですわね。\nねぇ、少尉……	후훗，\n이　정도야　식은　죽이죠．\n그렇죠，　소위님……
S2M:M02LOW:86	dup=S2M:M01LOW:86	隊長、お願いします。	대장님，　부탁드려요．
S2M:M02LOW:87	dup=S2M:M01LOW:87	隊長……\n信じています。	대장님……\n믿고　있어요．
S2M:M02LOW:88	dup=S2M:M01LOW:88	隊長……\n慎重にいきましょう。	대장님……\n신중하게　가죠．
S2M:M02LOW:89	dup=S2M:M01LOW:89	さぁ、覚悟しなさい。	자，　각오하세요．
S2M:M02LOW:90	dup=S2M:M01LOW:90	私には、隊長が\nついていてくれる……	저에겐　대장님이\n곁에　계시니까……
S2M:M02LOW:91	dup=S2M:M01LOW:91	私がしっかりしなくては……	제가　정신　차려야……
S2M:M02LOW:92	dup=S2M:M01LOW:92	くっ、まだ……やれる！	큭，아직……　할　수　있어！
S2M:M02LOW:93	dup=S2M:M01LOW:93	すいません、隊長。	죄송해요，　대장님．
S2M:M02LOW:94	dup=S2M:M01LOW:94	隊長の背中……\nとても大きく見えます……	대장님　등……\n정말　커　보이네요……
S2M:M02LOW:95	dup=S2M:M01LOW:95	隊長が無事でよかった……	대장님이　무사해서　다행……
S2M:M02LOW:96	dup=S2M:M01LOW:96	隊長……申し訳ありません……	대장님……　죄송해요……
S2M:M02LOW:97	dup=S2M:M01LOW:97	もう少し……\n隊長と共に……	조금만　더……\n대장님과　함께……
S2M:M02LOW:98	dup=S2M:M01LOW:98	やりますね、隊長。	잘하시네요，　대장님．
S2M:M02LOW:99	dup=S2M:M01LOW:99	隊長が\nいてくださってよかった……	대장님이　계셔서　다행……
S2M:M02LOW:100	dup=S2M:M01LOW:100	ふんっ！　この程度……？	흥！　이　정도……？
S2M:M02LOW:101	dup=S2M:M01LOW:101	隊長、すばらしい指揮です！	대장님，　훌륭한　지휘예요！
S2M:M02LOW:102	dup=S2M:M01LOW:102	隊長が、私の力を\n何倍にもしてくれます。	대장님이　제　힘을\n몇　배나　키워　주세요．
S2M:M02LOW:103	dup=S2M:M01LOW:103	やっちまえ！　隊長！	해치워！　대장님！
S2M:M02LOW:104	dup=S2M:M01LOW:104	あたいがついてるぜ、隊長。	내가　곁에　있어，　대장．
S2M:M02LOW:105	dup=S2M:M01LOW:105	隊長の気合を見せてくれ！	대장님，　기합을　보여　줘！
S2M:M02LOW:106	dup=S2M:M01LOW:106	あたいの番だな！	내　차례구나！
S2M:M02LOW:107	dup=S2M:M01LOW:107	みていてくれよなっ！\n隊長！	지켜봐　줘！\n대장！
S2M:M02LOW:108	dup=S2M:M01LOW:108	まとめて面倒みるぜ！	한꺼번에　상대해　주마！
S2M:M02LOW:109	dup=S2M:M01LOW:109	まだまだ、\nどんどんかかってこいっ！	아직　멀었어，\n어서　덤벼！
S2M:M02LOW:110	dup=S2M:M01LOW:110	すまねぇな、隊長。	미안하군，　대장．
S2M:M02LOW:111	dup=S2M:M01LOW:111	へへっ、\n守られるってのも悪くないな。	헤헤，　보호받는　것도\n나쁘지　않군．
S2M:M02LOW:112	dup=S2M:M01LOW:112	へへっ、らしくないぜぇ？\n隊長！	헤헤，　나답지　않지？\n대장！
S2M:M02LOW:113	dup=S2M:M01LOW:113	ちくしょう……\nこんなところで……	젠장……\n이런　곳에서……
S2M:M02LOW:114	dup=S2M:M01LOW:114	隊長、すまない。\nあたいの分まで\nがんばってくれ！	대장，　미안하다．\n내　몫까지\n힘내　줘！
S2M:M02LOW:115	dup=S2M:M01LOW:115	やるじゃねぇか！　隊長！	제법이잖아！　대장！
S2M:M02LOW:116	dup=S2M:M01LOW:116	ほれぼれするぜ！　隊長！	감탄스럽군！　대장！
S2M:M02LOW:117	dup=S2M:M01LOW:117	ざっとこんなもんだぜ！	대충　이　정도지！
S2M:M02LOW:118	dup=S2M:M01LOW:118	へっへーん！\nどうだい！　隊長！	헤헤ー！\n어때！　대장！
S2M:M02LOW:119	dup=S2M:M01LOW:119	誰もあたいたちを\n止められねぇぜ！	아무도　우릴\n막을　수　없어！
S2M:M02LOW:120	dup=S2M:M01LOW:120	がんばろうね、お兄ちゃん。	힘내자，　오빠．
S2M:M02LOW:121	dup=S2M:M01LOW:121	お兄ちゃん、いっけぇー！	오빠，　가ー！
S2M:M02LOW:122	dup=S2M:M01LOW:122	お兄ちゃん……負けないで！	오빠……　지지　마！
S2M:M02LOW:123	dup=S2M:M01LOW:123	アイリス、いきまーす！	아이리스，　갑니다아！
S2M:M02LOW:124	dup=S2M:M01LOW:124	えへへっ、\nアイリスがんばるよ！	에헤헤，\n아이리스　힘낼게！
S2M:M02LOW:125	dup=S2M:M01LOW:125	アイリスが\nがんばらなくちゃ！	아이리스가\n힘내야　해！
S2M:M02LOW:126	dup=S2M:M01LOW:126	アイリス……もうだめ……	아이리스…　이제　안　돼…
S2M:M02LOW:127	dup=S2M:M01LOW:127	アイリスのために\n来てくれたんだぁー！	아이리스를　위해　왔구나ー！
S2M:M02LOW:128	dup=S2M:M01LOW:128	お兄ちゃんは、\n白馬のおうじさまだね！	오빠는\n백마　탄　왕자님이네！
S2M:M02LOW:129	dup=S2M:M01LOW:129	お兄ちゃん……\nアイリスがついてるからね。	오빠……\n아이리스가　곁에　있을게．
S2M:M02LOW:130	dup=S2M:M01LOW:130	あ……止まっちゃった……	아……　멈췄어……
S2M:M02LOW:131	dup=S2M:M01LOW:131	お兄ちゃん……\nごめんね……	오빠……\n미안해……
S2M:M02LOW:132	dup=S2M:M01LOW:132	わーい、やったね！\nお兄ちゃん！	와ー，　해냈다！\n오빠！
S2M:M02LOW:133	dup=S2M:M01LOW:133	お兄ちゃん、\nすごい、すっごーい！	오빠，\n대단해，　정말　대단해ー！
S2M:M02LOW:134	dup=S2M:M01LOW:134	アイリス、すごいでしょ！	아이리스，　대단하지！
S2M:M02LOW:135	dup=S2M:M01LOW:135	ねぇ、ねぇ！\nほめてほめて！	있잖아，　있잖아！\n칭찬해　줘，　칭찬해　줘！
S2M:M02LOW:136	dup=S2M:M01LOW:136	お兄ちゃんがいれば、\nアイリスなんにも恐くないよ！	오빠만　있으면，\n아이리스는　안　무서워！
S2M:M02LOW:137	dup=S2M:M01LOW:137	頼んだで、大神はん。	부탁한다，　오오가미　씨．
S2M:M02LOW:138	dup=S2M:M01LOW:138	ウチらの力、見せたろうで！	우리　힘을　보여　주자！
S2M:M02LOW:139	dup=S2M:M01LOW:139	だ、大丈夫かいな、大神はん。	괜찮나，　오오가미　씨．
S2M:M02LOW:140	dup=S2M:M01LOW:140	ほな、いってみよか！	그럼，　가　볼까！
S2M:M02LOW:141	dup=S2M:M01LOW:141	大神はん、\nウチにまーかしとき！	오오가미　씨，\n나한테　맡겨！
S2M:M02LOW:142	dup=S2M:M01LOW:142	ウチががんばらんと！	내가　힘내야　해！
S2M:M02LOW:143	dup=S2M:M01LOW:143	や、やばいで……	이，　이거　위험해……
S2M:M02LOW:144	dup=S2M:M01LOW:144	お、おおきに、\n大神はん……	고，　고마워，\n오오가미　씨……
S2M:M02LOW:145	dup=S2M:M01LOW:145	もう、そないなことされたら、\nウチ……	그렇게까지　해　주면，\n나……
S2M:M02LOW:146	dup=S2M:M01LOW:146	大神はんがおらんと、\nウチ……こまるんや。	오오가미　씨가　없으면，\n나……　곤란해．
S2M:M02LOW:147	dup=S2M:M01LOW:147	そのへんで、堪忍や……	이쯤에서　봐줘……
S2M:M02LOW:148	dup=S2M:M01LOW:148	大神はん、すんまへん。	오오가미　씨，　미안해．
S2M:M02LOW:149	dup=S2M:M01LOW:149	大神はん、その調子や！	오오가미　씨，　그　기세야！
S2M:M02LOW:150	dup=S2M:M01LOW:150	ええ感じやで！　大神はん！	좋은데！　오오가미　씨！
S2M:M02LOW:151	dup=S2M:M01LOW:151	いっちょあがりや！	한　건　해냈다！
S2M:M02LOW:152	dup=S2M:M01LOW:152	大神はん、\nやったで、ウチ！	오오가미　씨，\n나　해냈어！
S2M:M02LOW:153	dup=S2M:M01LOW:153	ウチらの力を合わせれば、\n千人力や！	우리　힘을　합치면，\n천군만마야！
S2M:M02LOW:154	dup=S2M:M01LOW:154	少尉さん、\nお手並み拝見でーす！	소위님，\n실력을　보여　주세요ー！
S2M:M02LOW:155	dup=S2M:M01LOW:155	早く終わらせて帰りましょー。	빨리　끝내고　돌아가요ー．
S2M:M02LOW:156	dup=S2M:M01LOW:156	ちょっと、\nヤバそうってカンジ！	잠깐，\n좀　위험해　보이는　느낌！
S2M:M02LOW:157	dup=S2M:M01LOW:157	たのしいでーす！	재밌어요ー！
S2M:M02LOW:158	dup=S2M:M01LOW:158	わたしを見ていてくださーい！	저를　지켜봐　주세요ー！
S2M:M02LOW:159	dup=S2M:M01LOW:159	日本のオトコ、\n頼りにならないでーす！	일본　남자는，\n도움이　안　되네요ー！
S2M:M02LOW:160	dup=S2M:M01LOW:160	シャワー浴びたいでーす！	샤워하고　싶어요ー！
S2M:M02LOW:161	dup=S2M:M01LOW:161	日本のオトコに、\nかばってもらうなんて……	일본　남자에게，\n보호받다니……
S2M:M02LOW:162	dup=S2M:M01LOW:162	少尉さん、\n無理しなくていいでーす……	소위님，\n무리하지　않아도　돼요……
S2M:M02LOW:163	dup=S2M:M01LOW:163	まったく、\nダメなオトコでーす！	정말이지，\n쓸모없는　남자네요ー！
S2M:M02LOW:164	dup=S2M:M01LOW:164	これ以上はカンベンでーす！	이　이상은　봐주겠어요ー！
S2M:M02LOW:165	dup=S2M:M01LOW:165	もうだめです。\n撤退します……隊長……	이젠　안　돼요．\n후퇴할게요……　대장……
S2M:M02LOW:166	dup=S2M:M01LOW:166	なかなかやるってカンジ！	제법인데요！
S2M:M02LOW:167	dup=S2M:M01LOW:167	少尉さん、\nちょーかっこいいでーす！	소위님，\n정말　멋져요ー！
S2M:M02LOW:168	dup=S2M:M01LOW:168	楽勝でーす！	거뜬해요ー！
S2M:M02LOW:169	dup=S2M:M01LOW:169	うふっ！\n拍手をくださーい！	후훗！\n박수　쳐　주세요ー！
S2M:M02LOW:170	dup=S2M:M01LOW:170	このデュオは最高でーす！	이　듀오는　최고예요ー！
S2M:M02LOW:171	dup=S2M:M01LOW:171	……行動開始。	……행동　개시．
S2M:M02LOW:172	dup=S2M:M01LOW:171	……行動開始。	……행동　개시．
S2M:M02LOW:173	dup=S2M:M01LOW:173	……危険だよ。	……위험해．
S2M:M02LOW:174	dup=S2M:M01LOW:174	頼れるのは自分だけ……	믿을　건　나뿐……
S2M:M02LOW:175	dup=S2M:M01LOW:174	頼れるのは自分だけ……	믿을　건　나뿐……
S2M:M02LOW:176	dup=S2M:M01LOW:174	頼れるのは自分だけ……	믿을　건　나뿐……
S2M:M02LOW:177	dup=S2M:M01LOW:177	機体の損傷が激しい……	기체　손상이　심해……
S2M:M02LOW:178	dup=S2M:M01LOW:178	………………	………………
S2M:M02LOW:179	dup=S2M:M01LOW:178	………………	………………
S2M:M02LOW:180	dup=S2M:M01LOW:180	隊長……しっかり……	대장……　정신　차려……
S2M:M02LOW:181	dup=S2M:M01LOW:181	一時、撤退……	일단　후퇴……
S2M:M02LOW:182	dup=S2M:M01LOW:181	一時、撤退……	일단　후퇴……
S2M:M02LOW:183	dup=S2M:M01LOW:183	目標、撃破確認……	목표　격파　확인……
S2M:M02LOW:184	dup=S2M:M01LOW:183	目標、撃破確認……	목표　격파　확인……
S2M:M02LOW:185	dup=S2M:M01LOW:185	目標撃破……	목표　격파……
S2M:M02LOW:186	dup=S2M:M01LOW:185	目標撃破……	목표　격파……
S2M:M02LOW:187	dup=S2M:M01LOW:187	これが……ボクらの力……！	이게……　우리　힘……！
S2M:M02LOW:188	dup=S2M:M01LOW:188	そぉら、いくぜ！	자아，　간다！
S2M:M02LOW:189	dup=S2M:M01LOW:189	さぁ、楽しませてくれよ。	자，　즐겁게　해　줘．
S2M:M02LOW:190	dup=S2M:M01LOW:190	勝負は……これからだぜ！	승부는……　지금부터야！
S2M:M02LOW:191	dup=S2M:M01LOW:191	なかなか、\nやるじゃねぇか！	제법이군，\n잘하잖아！
S2M:M02LOW:192	dup=S2M:M01LOW:192	おもしれぇ……	재밌군……
S2M:M02LOW:193	dup=S2M:M01LOW:193	大丈夫か、水狐。	괜찮나，　수호．
S2M:M02LOW:194	dup=S2M:M01LOW:194	華麗に燃やしてあげますよ……	화려하게　태워　드리죠……
S2M:M02LOW:195	dup=S2M:M01LOW:195	覚悟してください。	각오하세요．
S2M:M02LOW:196	dup=S2M:M01LOW:196	あははははは！	아하하하하하！
S2M:M02LOW:197	dup=S2M:M01LOW:197	燃やしつくしてやる！	모조리　태워　주마！
S2M:M02LOW:198	dup=S2M:M01LOW:198	ご……ゴミが……	쓰……　쓰레기가……
S2M:M02LOW:199	dup=S2M:M01LOW:199	私の戦いを見せてあげる。	내　싸움을　보여　주지．
S2M:M02LOW:200	dup=S2M:M01LOW:200	やさしくしてあげるわ。	상냥하게　해　줄게．
S2M:M02LOW:201	dup=S2M:M01LOW:201	ふふふ……負けないわよ。	후후후…　지지　않을　거야．
S2M:M02LOW:202	dup=S2M:M01LOW:202	やるわね。\nさすが華撃団……	잘하네．\n역시　화격단……
S2M:M02LOW:203	dup=S2M:M01LOW:203	くっ……\nこれほどとはね……	큭……\n이　정도일　줄이야……
S2M:M02LOW:204	dup=S2M:M01LOW:204	さぁ、ワシの番じゃな。	자，　내　차례로구나．
S2M:M02LOW:205	dup=S2M:M01LOW:205	ワシの計算にぬかりはないぞ。	내　계산엔　빈틈없다．
S2M:M02LOW:206	dup=S2M:M01LOW:206	こ、このままでは\n終わらぬぞ……	이，　이대로는\n끝나지　않아……
S2M:M02LOW:207	dup=S2M:M01LOW:207	これも計算のうちじゃ。	이것도　계산　안이야．
S2M:M02LOW:208	dup=S2M:M01LOW:208	ぬうっ……\nこれは計算外じゃ……	으으……\n이건　계산　밖이야……
S2M:M02LOW:209	dup=S2M:M01LOW:209	狩りとってやる！	사냥해　주마！
S2M:M02LOW:210	dup=S2M:M01LOW:210	今、楽にしてやるからな。	지금　편하게　해　주마．
S2M:M02LOW:211	dup=S2M:M01LOW:211	ひ、ひねり殺してやる！	비，　비틀어　죽여　주마！
S2M:M02LOW:212	dup=S2M:M01LOW:212	勝ったと思うなよ……	이겼다고　생각하지　마……
S2M:M02LOW:213	dup=S2M:M01LOW:213	まだ、終わりではないぞ！	아직　끝나지　않았다！
S2M:M02LOW:214	dup=S2M:M01LOW:214	終わりにしてやる。	끝내　주마．
S2M:M02LOW:215	dup=S2M:M01LOW:215	いくぞ！　華撃団っ！	간다！　화격단！
S2M:M02LOW:216	dup=S2M:M01LOW:216	まだ、まだだっ！	아직，　아직이다！
S2M:M02LOW:217	dup=S2M:M01LOW:217	腕を上げたな……	실력이　늘었구나……
S2M:M02LOW:218	dup=S2M:M01LOW:218	ぐっ……\nわたしの復讐が……	큭……\n내　복수가……
S2M:M02LOW:219	dup=S2M:M01LOW:219	容赦はせぬぞ……	봐주지　않겠다……
S2M:M02LOW:220	dup=S2M:M01LOW:220	お前たちの罪を知れ……	너희의　죄를　깨달아라……
S2M:M02LOW:221	dup=S2M:M01LOW:221	戦いとはいつも無常だ……	싸움은　언제나　덧없다……
S2M:M02LOW:222	dup=S2M:M01LOW:222	愛は死んだ……	사랑은　죽었다……
S2M:M02LOW:223	dup=S2M:M01LOW:223	ぬぅ……やるな……	으음……　제법이군……
S2M:M02LOW:224	dup=S2M:M01LOW:224	私に触れるな！	나에게　손대지　마！
S2M:M02LOW:225	dup=S2M:M01LOW:225	帝都の恨みは、\nこの程度ではないぞ……	제도의　원한은，\n이　정도가　아니다……
S2M:M02LOW:226	dup=S2M:M01LOW:226	最後に勝つのは……私だ！	최후의　승자는……　나다！
S2M:M02LOW:227	dup=S2M:M01LOW:227	この程度で……ぬうっ！	이　정도로……　으음！
S2M:M02LOW:228	dup=S2M:M01LOW:228	思い上がるな……\n偽善者めっ！	우쭐대지　마……\n위선자　자식！
S2M:M03LOW:0	dup=S2M:M01LOW:0	疾きこと風のごとく……\n移動力重視の作戦だ！	빠르기는　바람처럼……\n이동력　중시　작전이다！
S2M:M03LOW:1	dup=S2M:M01LOW:1	今は、この命令を出している。\n移動力を活かして戦おう。	현재　명령은　이것이다．\n이동력을　살려　싸우자．
S2M:M03LOW:2	dup=S2M:M01LOW:2	花組各員に通達！\n「風」作戦を開始するぞ！	화조　전원에게　통보！\n「풍」　작전　개시다！
S2M:M03LOW:3	dup=S2M:M01LOW:3	林のように心静かに……\n本来の力を引き出すんだ！	숲처럼　마음을　고요히……\n본래의　힘을　끌어내자！
S2M:M03LOW:4	dup=S2M:M01LOW:4	今は、この命令を出している。\n本来の力で敵に立ち向かおう。	현재　명령은　이것이다．\n본래의　힘으로　맞서자．
S2M:M03LOW:5	dup=S2M:M01LOW:5	花組各員に通達！\n「林」作戦を開始するぞ！	화조　전원에게　통보！\n「림」　작전　개시다！
S2M:M03LOW:6	dup=S2M:M01LOW:6	炎のように熱く燃える……\n攻撃力重視の作戦だ！	불처럼　뜨겁게　타오르는……\n공격력　중시　작전이다！
S2M:M03LOW:7	dup=S2M:M01LOW:7	今は、この命令を出している。\n攻撃力を活かして戦おう。	현재　명령은　이것이다．\n공격력을　살려　싸우자．
S2M:M03LOW:8	dup=S2M:M01LOW:8	花組各員に通達！\n「火」作戦を開始するぞ！	화조　전원에게　통보！\n「화」　작전　개시다！
S2M:M03LOW:9	dup=S2M:M01LOW:9	構えること山のごとく……\n防御力重視の作戦だ！	산처럼　굳건히　버티는……\n방어력　중시　작전이다！
S2M:M03LOW:10	dup=S2M:M01LOW:10	今は、この命令を出している。\n防御力を活かして戦おう。	현재　명령은　이것이다．\n방어력을　살려　싸우자．
S2M:M03LOW:11	dup=S2M:M01LOW:11	花組各員に通達！\n「山」作戦を開始するぞ！	화조　전원에게　통보！\n「산」　작전　개시다！
S2M:M03LOW:12	dup=S2M:M01LOW:12	このままの作戦でいくぞ！	이대로　작전을　계속한다！
S2M:M03LOW:13	dup=S2M:M01LOW:13	了解！	알겠습니다！
S2M:M03LOW:14		庭にいる脇侍を撃破して、\n門の外に敵を追い出して。	정원의　협시를　격파하고\n문　밖으로　적을　몰아내．
S2M:M03LOW:15		敵も次々に侵入してくるから\n素早い対応が必要になるわよ！	적도　잇달아　침입하니\n신속히　대응해야　해！
S2M:M03LOW:16	dup=S2M:M01LOW:16	０メッセージ１－３	０메시지１－３
S2M:M03LOW:17		みんなが無事に避難するまで\n神崎邸に敵を近寄らせないで。	모두　대피할　때까지\n칸자키　저택을　지켜　줘．
S2M:M03LOW:18		神崎邸に近寄られたら、\n私たちの負けよ！	칸자키　저택에　접근하면\n우리의　패배야！
S2M:M03LOW:19	dup=S2M:M01LOW:19	０メッセージ２－３	０메시지２－３
S2M:M03LOW:20	dup=S2M:M01LOW:20	０メッセージ３－１	０메시지３－１
S2M:M03LOW:21	dup=S2M:M01LOW:21	０メッセージ３－２	０메시지３－２
S2M:M03LOW:22	dup=S2M:M01LOW:22	０メッセージ３－３	０메시지３－３
S2M:M03LOW:23	dup=S2M:M01LOW:23	花組の隊長、大神一郎。\n高い戦闘力と、\n勇敢な心を持っている。	화조　대장，　오오가미．\n높은　전투력과\n용감한　마음을　지녔다．
S2M:M03LOW:24	dup=S2M:M01LOW:24	北辰一刀流、真宮寺さくら。\n素早い動きで、\n敵を一刀両断する。	북진일도류，　사쿠라．\n빠른　움직임으로\n적을　일도양단한다．
S2M:M03LOW:25	dup=S2M:M01LOW:25	神崎風塵流、神崎すみれ。\n華麗なナギナタの技は、\n見るものの心をもとらえる。	칸자키　풍진류，　스미레．\n화려한　나기나타　기술은\n보는　이의　마음마저　홀려．
S2M:M03LOW:26	dup=S2M:M01LOW:26	射撃手、マリア・タチバナ。\n氷の銃弾は、狙った\n獲物を決して逃さない。	사격수，　마리아．\n얼음　탄환은　노린\n먹이를　놓치지　않는다．
S2M:M03LOW:27	dup=S2M:M01LOW:27	桐島流空手、桐島カンナ。\n圧倒的なパワーで、むらがる\n敵を粉砕する。	가라테의　달인，　칸나．\n압도적　파워로　몰려드는\n적을　분쇄한다．
S2M:M03LOW:28	dup=S2M:M01LOW:28	花組のマスコット、アイリス。\n超能力を使った、\n不思議な攻撃で敵と戦う。	화조의　마스코트，\n아이리스．\n초능력으로　적과　싸운다．
S2M:M03LOW:29	dup=S2M:M01LOW:29	発明家、李紅蘭。\n次々に繰り出す発明品で、\n敵味方をあっといわせるぞ。	발명가，　코란．\n신제품을　잇달아　내놓아\n적과　아군을　놀라게　한다．
S2M:M03LOW:30	dup=S2M:M01LOW:30	元星組隊員、ソレッタ・織姫。\nイタリアンローズの機体に乗り\n赤い貴族と呼ばれている。	전　별조　대원，　오리히메．\n이탈리안　로즈를　타고\n붉은　귀족이라　불린다．
S2M:M03LOW:31	dup=S2M:M01LOW:31	レニ・ミルヒシュトラーセ。\n戦闘のプロとして、正確な\n無駄のない攻撃を行う。	레니　밀히슈트라세．　전투의\n프로답게　정확하고　군더더기\n없는　공격을　한다．
S2M:M03LOW:32	dup=S2M:M02LOW:32	魔操機兵、脇侍・改。\n長剣を装備し、\n近接攻撃力を強化した。	마조기병，　협시・개．\n장검을　장비해\n근접　공격력을　강화했다．
S2M:M03LOW:33	dup=S2M:M01LOW:33	魔操機兵、脇侍・改。\n鉄砲を装備したものは、\nロ型と呼ばれる。	마조기병，　협시・개．\n총을　장비한　것은\n로형이라　부른다．
S2M:M03LOW:34		蒸気火煎。\n木喰が創り出した兵器で、\n高い攻撃力を持っている。	증기화전．\n모쿠지키가　만든　병기로\n공격력이　높다．
S2M:M03LOW:35		脇侍・改「イ型軽」\n土蜘蛛専用の部隊で、\n移動能力に優れている。	협시・개　「이형　경」\n토지구모　전용　부대로\n이동　능력이　뛰어나다．
S2M:M03LOW:36		魔操機兵「八葉」\n五行衆・土蜘蛛の乗る機体。\n６本の腕で連続攻撃を行う。	마조기병　「팔엽」\n오행중　토지구모의　기체．\n６개　팔로　연속　공격한다．
S2M:M03LOW:37	dup=S2M:M01LOW:37	黒鬼会の魔操機兵、脇侍・改。\n大砲を装備したものは、\nハ型と呼ばれる。	흑귀회의　마조기병，\n협시・개．　대포를　장비한\n것은　하형이라　부른다．
S2M:M03LOW:38	dup=S2M:M01LOW:38	黒鬼会の魔操機兵、脇侍・改。\n実は、あまり忠誠心は\nないので、がっかりだ。	흑귀회의　마조기병，\n협시・개．　사실　충성심은\n그다지　없어서　실망스럽다．
S2M:M03LOW:39	dup=S2M:M01LOW:39	黒鬼会の魔操機兵、脇侍・改。\n鉄砲を装備したものは、\nロ型と呼ばれる。	흑귀회의　마조기병，\n협시・개．　총을　장비한\n것은　로형이라　부른다．
S2M:M03LOW:40	dup=S2M:M01LOW:40	メッセージ１８	메시지　１８
S2M:M03LOW:41	dup=S2M:M01LOW:41	メッセージ１９	메시지　１９
S2M:M03LOW:42	dup=S2M:M01LOW:42	メッセージ２０	메시지　２０
S2M:M03LOW:43	dup=S2M:M01LOW:43	今のところ、\nかばう必要はなさそうだな。	지금은\n보호할　필요　없어　보이네．
S2M:M03LOW:44	dup=S2M:M01LOW:44	さくらくん……\n君は俺が守る！	사쿠라　군……\n내가　지킬게！
S2M:M03LOW:45	dup=S2M:M01LOW:45	すみれくん……\n君の盾になってもいいかい。	스미레　군……\n네　방패가　되어도　될까？
S2M:M03LOW:46	dup=S2M:M01LOW:46	マリア……\n君の背中を守らせてくれ。	마리아……\n네　뒤를　지키게　해　줘．
S2M:M03LOW:47	dup=S2M:M01LOW:47	カンナ……\n俺は、君を全力で守るぞ！	칸나……　내가　온　힘을\n다해　지키마！
S2M:M03LOW:48	dup=S2M:M01LOW:48	アイリス……\n俺が側にいるから、\n安心していいよ。	아이리스……\n내가　곁에　있으니，\n안심해도　돼．
S2M:M03LOW:49	dup=S2M:M01LOW:49	紅蘭……\nいつだって君を助けにゆくよ。	코란……\n언제든　널　도우러　갈게．
S2M:M03LOW:50	dup=S2M:M01LOW:50	織姫くん……\n苦しいときは、\nいつでも俺を呼んでくれ！	오리히메　군……\n힘들　때는，\n언제든　날　불러！
S2M:M03LOW:51	dup=S2M:M01LOW:51	レニ……\nたまには、\n守られたっていいだろう？	레니……\n가끔은，\n보호받아도　괜찮잖아？
S2M:M03LOW:52	dup=S2M:M01LOW:52	がんばって！　大神さん！	힘내요！　오오가미　씨！
S2M:M03LOW:53	dup=S2M:M01LOW:53	大神さんが頼りです！	오오가미　씨만　믿을게요！
S2M:M03LOW:54	dup=S2M:M01LOW:54	無理しないでください、\n大神さん……	무리하지　마세요，\n오오가미　씨……
S2M:M03LOW:55	dup=S2M:M01LOW:55	がんばります！	힘낼게요！
S2M:M03LOW:56	dup=S2M:M01LOW:56	大神さんのために……\nあたし、やります！	오오가미　씨를　위해……\n제가　할게요！
S2M:M03LOW:57	dup=S2M:M01LOW:57	あたしが\nがんばらなくっちゃ！	제가　힘내야　해요！
S2M:M03LOW:58	dup=S2M:M01LOW:58	あたし……負けないわ……	저…　지지　않을　거예요…
S2M:M03LOW:59	dup=S2M:M01LOW:59	……ありがとうございます。\n大神さん。	……감사합니다．\n오오가미　씨．
S2M:M03LOW:60	dup=S2M:M01LOW:60	大神さんがいてくれるから、\nあたし、がんばれます！	오오가미　씨가　계시니까\n저도　힘낼　수　있어요！
S2M:M03LOW:61	dup=S2M:M01LOW:61	大丈夫ですか……大神さん。	괜찮으세요…　오오가미　씨．
S2M:M03LOW:62	dup=S2M:M01LOW:62	大神さん……\nごめんなさい……	오오가미　씨……\n죄송해요……
S2M:M03LOW:63	dup=S2M:M01LOW:63	ここは大神さんに\nお任せします……\n……ごめんなさい。	여기는　오오가미　씨에게\n맡길게요……\n……죄송해요．
S2M:M03LOW:64	dup=S2M:M01LOW:64	やりましたね、大神さん！	해냈네요，　오오가미　씨！
S2M:M03LOW:65	dup=S2M:M01LOW:65	今日の大神さん、\n一味違いますね。	오늘　오오가미　씨는\n평소와　다르네요．
S2M:M03LOW:66	dup=S2M:M01LOW:66	やりました！	해냈어요！
S2M:M03LOW:67	dup=S2M:M01LOW:67	大神さんのおかげです！	오오가미　씨　덕분이에요！
S2M:M03LOW:68	dup=S2M:M01LOW:68	大神さん……\nあたし、信じています。	오오가미　씨……\n저는　믿고　있어요．
S2M:M03LOW:69	dup=S2M:M01LOW:69	見せ場がきましてよ、少尉。	제　무대네요，　소위님．
S2M:M03LOW:70	dup=S2M:M01LOW:70	がんばってください、\nわたくしのために……	힘내　주세요，\n저를　위해……
S2M:M03LOW:71	dup=S2M:M01LOW:71	無理は禁物ですわ……	무리는　금물이에요……
S2M:M03LOW:72	dup=S2M:M01LOW:72	さあ、いきますわよ！	자，　갑니다！
S2M:M03LOW:73	dup=S2M:M01LOW:73	少尉、わたくしを\n見ていてくださいな。	소위님，\n저를　지켜봐　주세요．
S2M:M03LOW:74	dup=S2M:M01LOW:74	わたくしでなくては\nダメですわね。	저여야만　하겠군요．
S2M:M03LOW:75	dup=S2M:M01LOW:75	こ、この程度で……	이，　이　정도로……
S2M:M03LOW:76	dup=S2M:M01LOW:76	うれしいですわ……\n少尉……	기뻐요……\n소위님……
S2M:M03LOW:77	dup=S2M:M01LOW:77	わたくしを守ることが\nできるのは少尉だけですわ。	저를　지킬　수　있는　건\n소위님뿐이에요．
S2M:M03LOW:78	dup=S2M:M01LOW:78	かっ、身体が勝手に\n動いただけですわ……	몸이　저절로\n움직였을　뿐이에요……
S2M:M03LOW:79	dup=S2M:M01LOW:79	わたくしとしたことが……	저답지　않게……
S2M:M03LOW:80	dup=S2M:M01LOW:80	少尉を……\n……置いてはいけないのに！	소위님을……\n……두고　갈　수는　없는데！
S2M:M03LOW:81	dup=S2M:M01LOW:81	お見事ですわ、少尉。	훌륭해요，　소위님．
S2M:M03LOW:82	dup=S2M:M01LOW:82	りりしいですわよ、少尉。	늠름하시네요，　소위님．
S2M:M03LOW:83	dup=S2M:M01LOW:83	たいしたことありませんわね。	별것도　아니네요．
S2M:M03LOW:84	dup=S2M:M01LOW:84	見てくださいました？　少尉。	보셨나요？　소위님．
S2M:M03LOW:85		んふっ、\nちょろいもんですわ。\nねぇ、少尉……	후훗，\n이　정도야　식은　죽이죠．\n그렇죠，　소위님……
S2M:M03LOW:86	dup=S2M:M01LOW:86	隊長、お願いします。	대장님，　부탁드려요．
S2M:M03LOW:87	dup=S2M:M01LOW:87	隊長……\n信じています。	대장님……\n믿고　있어요．
S2M:M03LOW:88	dup=S2M:M01LOW:88	隊長……\n慎重にいきましょう。	대장님……\n신중하게　가죠．
S2M:M03LOW:89	dup=S2M:M01LOW:89	さぁ、覚悟しなさい。	자，　각오하세요．
S2M:M03LOW:90	dup=S2M:M01LOW:90	私には、隊長が\nついていてくれる……	저에겐　대장님이\n곁에　계시니까……
S2M:M03LOW:91	dup=S2M:M01LOW:91	私がしっかりしなくては……	제가　정신　차려야……
S2M:M03LOW:92	dup=S2M:M01LOW:92	くっ、まだ……やれる！	큭，아직……　할　수　있어！
S2M:M03LOW:93	dup=S2M:M01LOW:93	すいません、隊長。	죄송해요，　대장님．
S2M:M03LOW:94	dup=S2M:M01LOW:94	隊長の背中……\nとても大きく見えます……	대장님　등……\n정말　커　보이네요……
S2M:M03LOW:95	dup=S2M:M01LOW:95	隊長が無事でよかった……	대장님이　무사해서　다행……
S2M:M03LOW:96	dup=S2M:M01LOW:96	隊長……申し訳ありません……	대장님……　죄송해요……
S2M:M03LOW:97	dup=S2M:M01LOW:97	もう少し……\n隊長と共に……	조금만　더……\n대장님과　함께……
S2M:M03LOW:98	dup=S2M:M01LOW:98	やりますね、隊長。	잘하시네요，　대장님．
S2M:M03LOW:99	dup=S2M:M01LOW:99	隊長が\nいてくださってよかった……	대장님이　계셔서　다행……
S2M:M03LOW:100	dup=S2M:M01LOW:100	ふんっ！　この程度……？	흥！　이　정도……？
S2M:M03LOW:101	dup=S2M:M01LOW:101	隊長、すばらしい指揮です！	대장님，　훌륭한　지휘예요！
S2M:M03LOW:102	dup=S2M:M01LOW:102	隊長が、私の力を\n何倍にもしてくれます。	대장님이　제　힘을\n몇　배나　키워　주세요．
S2M:M03LOW:103	dup=S2M:M01LOW:103	やっちまえ！　隊長！	해치워！　대장님！
S2M:M03LOW:104	dup=S2M:M01LOW:104	あたいがついてるぜ、隊長。	내가　곁에　있어，　대장．
S2M:M03LOW:105	dup=S2M:M01LOW:105	隊長の気合を見せてくれ！	대장님，　기합을　보여　줘！
S2M:M03LOW:106	dup=S2M:M01LOW:106	あたいの番だな！	내　차례구나！
S2M:M03LOW:107	dup=S2M:M01LOW:107	みていてくれよなっ！\n隊長！	지켜봐　줘！\n대장！
S2M:M03LOW:108	dup=S2M:M01LOW:108	まとめて面倒みるぜ！	한꺼번에　상대해　주마！
S2M:M03LOW:109	dup=S2M:M01LOW:109	まだまだ、\nどんどんかかってこいっ！	아직　멀었어，\n어서　덤벼！
S2M:M03LOW:110	dup=S2M:M01LOW:110	すまねぇな、隊長。	미안하군，　대장．
S2M:M03LOW:111	dup=S2M:M01LOW:111	へへっ、\n守られるってのも悪くないな。	헤헤，　보호받는　것도\n나쁘지　않군．
S2M:M03LOW:112	dup=S2M:M01LOW:112	へへっ、らしくないぜぇ？\n隊長！	헤헤，　나답지　않지？\n대장！
S2M:M03LOW:113	dup=S2M:M01LOW:113	ちくしょう……\nこんなところで……	젠장……\n이런　곳에서……
S2M:M03LOW:114	dup=S2M:M01LOW:114	隊長、すまない。\nあたいの分まで\nがんばってくれ！	대장，　미안하다．\n내　몫까지\n힘내　줘！
S2M:M03LOW:115	dup=S2M:M01LOW:115	やるじゃねぇか！　隊長！	제법이잖아！　대장！
S2M:M03LOW:116	dup=S2M:M01LOW:116	ほれぼれするぜ！　隊長！	감탄스럽군！　대장！
S2M:M03LOW:117	dup=S2M:M01LOW:117	ざっとこんなもんだぜ！	대충　이　정도지！
S2M:M03LOW:118	dup=S2M:M01LOW:118	へっへーん！\nどうだい！　隊長！	헤헤ー！\n어때！　대장！
S2M:M03LOW:119	dup=S2M:M01LOW:119	誰もあたいたちを\n止められねぇぜ！	아무도　우릴\n막을　수　없어！
S2M:M03LOW:120	dup=S2M:M01LOW:120	がんばろうね、お兄ちゃん。	힘내자，　오빠．
S2M:M03LOW:121	dup=S2M:M01LOW:121	お兄ちゃん、いっけぇー！	오빠，　가ー！
S2M:M03LOW:122	dup=S2M:M01LOW:122	お兄ちゃん……負けないで！	오빠……　지지　마！
S2M:M03LOW:123	dup=S2M:M01LOW:123	アイリス、いきまーす！	아이리스，　갑니다아！
S2M:M03LOW:124	dup=S2M:M01LOW:124	えへへっ、\nアイリスがんばるよ！	에헤헤，\n아이리스　힘낼게！
S2M:M03LOW:125	dup=S2M:M01LOW:125	アイリスが\nがんばらなくちゃ！	아이리스가\n힘내야　해！
S2M:M03LOW:126	dup=S2M:M01LOW:126	アイリス……もうだめ……	아이리스…　이제　안　돼…
S2M:M03LOW:127	dup=S2M:M01LOW:127	アイリスのために\n来てくれたんだぁー！	아이리스를　위해　왔구나ー！
S2M:M03LOW:128	dup=S2M:M01LOW:128	お兄ちゃんは、\n白馬のおうじさまだね！	오빠는\n백마　탄　왕자님이네！
S2M:M03LOW:129	dup=S2M:M01LOW:129	お兄ちゃん……\nアイリスがついてるからね。	오빠……\n아이리스가　곁에　있을게．
S2M:M03LOW:130	dup=S2M:M01LOW:130	あ……止まっちゃった……	아……　멈췄어……
S2M:M03LOW:131	dup=S2M:M01LOW:131	お兄ちゃん……\nごめんね……	오빠……\n미안해……
S2M:M03LOW:132	dup=S2M:M01LOW:132	わーい、やったね！\nお兄ちゃん！	와ー，　해냈다！\n오빠！
S2M:M03LOW:133	dup=S2M:M01LOW:133	お兄ちゃん、\nすごい、すっごーい！	오빠，\n대단해，　정말　대단해ー！
S2M:M03LOW:134	dup=S2M:M01LOW:134	アイリス、すごいでしょ！	아이리스，　대단하지！
S2M:M03LOW:135	dup=S2M:M01LOW:135	ねぇ、ねぇ！\nほめてほめて！	있잖아，　있잖아！\n칭찬해　줘，　칭찬해　줘！
S2M:M03LOW:136	dup=S2M:M01LOW:136	お兄ちゃんがいれば、\nアイリスなんにも恐くないよ！	오빠만　있으면，\n아이리스는　안　무서워！
S2M:M03LOW:137	dup=S2M:M01LOW:137	頼んだで、大神はん。	부탁한다，　오오가미　씨．
S2M:M03LOW:138	dup=S2M:M01LOW:138	ウチらの力、見せたろうで！	우리　힘을　보여　주자！
S2M:M03LOW:139	dup=S2M:M01LOW:139	だ、大丈夫かいな、大神はん。	괜찮나，　오오가미　씨．
S2M:M03LOW:140	dup=S2M:M01LOW:140	ほな、いってみよか！	그럼，　가　볼까！
S2M:M03LOW:141	dup=S2M:M01LOW:141	大神はん、\nウチにまーかしとき！	오오가미　씨，\n나한테　맡겨！
S2M:M03LOW:142	dup=S2M:M01LOW:142	ウチががんばらんと！	내가　힘내야　해！
S2M:M03LOW:143	dup=S2M:M01LOW:143	や、やばいで……	이，　이거　위험해……
S2M:M03LOW:144	dup=S2M:M01LOW:144	お、おおきに、\n大神はん……	고，　고마워，\n오오가미　씨……
S2M:M03LOW:145	dup=S2M:M01LOW:145	もう、そないなことされたら、\nウチ……	그렇게까지　해　주면，\n나……
S2M:M03LOW:146	dup=S2M:M01LOW:146	大神はんがおらんと、\nウチ……こまるんや。	오오가미　씨가　없으면，\n나……　곤란해．
S2M:M03LOW:147	dup=S2M:M01LOW:147	そのへんで、堪忍や……	이쯤에서　봐줘……
S2M:M03LOW:148	dup=S2M:M01LOW:148	大神はん、すんまへん。	오오가미　씨，　미안해．
S2M:M03LOW:149	dup=S2M:M01LOW:149	大神はん、その調子や！	오오가미　씨，　그　기세야！
S2M:M03LOW:150	dup=S2M:M01LOW:150	ええ感じやで！　大神はん！	좋은데！　오오가미　씨！
S2M:M03LOW:151	dup=S2M:M01LOW:151	いっちょあがりや！	한　건　해냈다！
S2M:M03LOW:152	dup=S2M:M01LOW:152	大神はん、\nやったで、ウチ！	오오가미　씨，\n나　해냈어！
S2M:M03LOW:153	dup=S2M:M01LOW:153	ウチらの力を合わせれば、\n千人力や！	우리　힘을　합치면，\n천군만마야！
S2M:M03LOW:154	dup=S2M:M01LOW:154	少尉さん、\nお手並み拝見でーす！	소위님，\n실력을　보여　주세요ー！
S2M:M03LOW:155	dup=S2M:M01LOW:155	早く終わらせて帰りましょー。	빨리　끝내고　돌아가요ー．
S2M:M03LOW:156	dup=S2M:M01LOW:156	ちょっと、\nヤバそうってカンジ！	잠깐，\n좀　위험해　보이는　느낌！
S2M:M03LOW:157	dup=S2M:M01LOW:157	たのしいでーす！	재밌어요ー！
S2M:M03LOW:158	dup=S2M:M01LOW:158	わたしを見ていてくださーい！	저를　지켜봐　주세요ー！
S2M:M03LOW:159	dup=S2M:M01LOW:159	日本のオトコ、\n頼りにならないでーす！	일본　남자는，\n도움이　안　되네요ー！
S2M:M03LOW:160	dup=S2M:M01LOW:160	シャワー浴びたいでーす！	샤워하고　싶어요ー！
S2M:M03LOW:161	dup=S2M:M01LOW:161	日本のオトコに、\nかばってもらうなんて……	일본　남자에게，\n보호받다니……
S2M:M03LOW:162	dup=S2M:M01LOW:162	少尉さん、\n無理しなくていいでーす……	소위님，\n무리하지　않아도　돼요……
S2M:M03LOW:163	dup=S2M:M01LOW:163	まったく、\nダメなオトコでーす！	정말이지，\n쓸모없는　남자네요ー！
S2M:M03LOW:164	dup=S2M:M01LOW:164	これ以上はカンベンでーす！	이　이상은　봐주겠어요ー！
S2M:M03LOW:165	dup=S2M:M01LOW:165	もうだめです。\n撤退します……隊長……	이젠　안　돼요．\n후퇴할게요……　대장……
S2M:M03LOW:166	dup=S2M:M01LOW:166	なかなかやるってカンジ！	제법인데요！
S2M:M03LOW:167	dup=S2M:M01LOW:167	少尉さん、\nちょーかっこいいでーす！	소위님，\n정말　멋져요ー！
S2M:M03LOW:168	dup=S2M:M01LOW:168	楽勝でーす！	거뜬해요ー！
S2M:M03LOW:169	dup=S2M:M01LOW:169	うふっ！\n拍手をくださーい！	후훗！\n박수　쳐　주세요ー！
S2M:M03LOW:170	dup=S2M:M01LOW:170	このデュオは最高でーす！	이　듀오는　최고예요ー！
S2M:M03LOW:171	dup=S2M:M01LOW:171	……行動開始。	……행동　개시．
S2M:M03LOW:172	dup=S2M:M01LOW:171	……行動開始。	……행동　개시．
S2M:M03LOW:173	dup=S2M:M01LOW:173	……危険だよ。	……위험해．
S2M:M03LOW:174	dup=S2M:M01LOW:174	頼れるのは自分だけ……	믿을　건　나뿐……
S2M:M03LOW:175	dup=S2M:M01LOW:174	頼れるのは自分だけ……	믿을　건　나뿐……
S2M:M03LOW:176	dup=S2M:M01LOW:174	頼れるのは自分だけ……	믿을　건　나뿐……
S2M:M03LOW:177	dup=S2M:M01LOW:177	機体の損傷が激しい……	기체　손상이　심해……
S2M:M03LOW:178	dup=S2M:M01LOW:178	………………	………………
S2M:M03LOW:179	dup=S2M:M01LOW:178	………………	………………
S2M:M03LOW:180	dup=S2M:M01LOW:180	隊長……しっかり……	대장……　정신　차려……
S2M:M03LOW:181	dup=S2M:M01LOW:181	一時、撤退……	일단　후퇴……
S2M:M03LOW:182	dup=S2M:M01LOW:181	一時、撤退……	일단　후퇴……
S2M:M03LOW:183	dup=S2M:M01LOW:183	目標、撃破確認……	목표　격파　확인……
S2M:M03LOW:184	dup=S2M:M01LOW:183	目標、撃破確認……	목표　격파　확인……
S2M:M03LOW:185	dup=S2M:M01LOW:185	目標撃破……	목표　격파……
S2M:M03LOW:186	dup=S2M:M01LOW:185	目標撃破……	목표　격파……
S2M:M03LOW:187	dup=S2M:M01LOW:187	これが……ボクらの力……！	이게……　우리　힘……！
S2M:M03LOW:188	dup=S2M:M01LOW:188	そぉら、いくぜ！	자아，　간다！
S2M:M03LOW:189	dup=S2M:M01LOW:189	さぁ、楽しませてくれよ。	자，　즐겁게　해　줘．
S2M:M03LOW:190	dup=S2M:M01LOW:190	勝負は……これからだぜ！	승부는……　지금부터야！
S2M:M03LOW:191	dup=S2M:M01LOW:191	なかなか、\nやるじゃねぇか！	제법이군，\n잘하잖아！
S2M:M03LOW:192	dup=S2M:M01LOW:192	おもしれぇ……	재밌군……
S2M:M03LOW:193	dup=S2M:M01LOW:193	大丈夫か、水狐。	괜찮나，　수호．
S2M:M03LOW:194	dup=S2M:M01LOW:194	華麗に燃やしてあげますよ……	화려하게　태워　드리죠……
S2M:M03LOW:195	dup=S2M:M01LOW:195	覚悟してください。	각오하세요．
S2M:M03LOW:196	dup=S2M:M01LOW:196	あははははは！	아하하하하하！
S2M:M03LOW:197	dup=S2M:M01LOW:197	燃やしつくしてやる！	모조리　태워　주마！
S2M:M03LOW:198	dup=S2M:M01LOW:198	ご……ゴミが……	쓰……　쓰레기가……
S2M:M03LOW:199	dup=S2M:M01LOW:199	私の戦いを見せてあげる。	내　싸움을　보여　주지．
S2M:M03LOW:200	dup=S2M:M01LOW:200	やさしくしてあげるわ。	상냥하게　해　줄게．
S2M:M03LOW:201	dup=S2M:M01LOW:201	ふふふ……負けないわよ。	후후후…　지지　않을　거야．
S2M:M03LOW:202	dup=S2M:M01LOW:202	やるわね。\nさすが華撃団……	잘하네．\n역시　화격단……
S2M:M03LOW:203	dup=S2M:M01LOW:203	くっ……\nこれほどとはね……	큭……\n이　정도일　줄이야……
S2M:M03LOW:204	dup=S2M:M01LOW:204	さぁ、ワシの番じゃな。	자，　내　차례로구나．
S2M:M03LOW:205	dup=S2M:M01LOW:205	ワシの計算にぬかりはないぞ。	내　계산엔　빈틈없다．
S2M:M03LOW:206	dup=S2M:M01LOW:206	こ、このままでは\n終わらぬぞ……	이，　이대로는\n끝나지　않아……
S2M:M03LOW:207	dup=S2M:M01LOW:207	これも計算のうちじゃ。	이것도　계산　안이야．
S2M:M03LOW:208	dup=S2M:M01LOW:208	ぬうっ……\nこれは計算外じゃ……	으으……\n이건　계산　밖이야……
S2M:M03LOW:209	dup=S2M:M01LOW:209	狩りとってやる！	사냥해　주마！
S2M:M03LOW:210	dup=S2M:M01LOW:210	今、楽にしてやるからな。	지금　편하게　해　주마．
S2M:M03LOW:211	dup=S2M:M01LOW:211	ひ、ひねり殺してやる！	비，　비틀어　죽여　주마！
S2M:M03LOW:212	dup=S2M:M01LOW:212	勝ったと思うなよ……	이겼다고　생각하지　마……
S2M:M03LOW:213	dup=S2M:M01LOW:213	まだ、終わりではないぞ！	아직　끝나지　않았다！
S2M:M03LOW:214	dup=S2M:M01LOW:214	終わりにしてやる。	끝내　주마．
S2M:M03LOW:215	dup=S2M:M01LOW:215	いくぞ！　華撃団っ！	간다！　화격단！
S2M:M03LOW:216	dup=S2M:M01LOW:216	まだ、まだだっ！	아직，　아직이다！
S2M:M03LOW:217	dup=S2M:M01LOW:217	腕を上げたな……	실력이　늘었구나……
S2M:M03LOW:218	dup=S2M:M01LOW:218	ぐっ……\nわたしの復讐が……	큭……\n내　복수가……
S2M:M03LOW:219	dup=S2M:M01LOW:219	容赦はせぬぞ……	봐주지　않겠다……
S2M:M03LOW:220	dup=S2M:M01LOW:220	お前たちの罪を知れ……	너희의　죄를　깨달아라……
S2M:M03LOW:221	dup=S2M:M01LOW:221	戦いとはいつも無常だ……	싸움은　언제나　덧없다……
S2M:M03LOW:222	dup=S2M:M01LOW:222	愛は死んだ……	사랑은　죽었다……
S2M:M03LOW:223	dup=S2M:M01LOW:223	ぬぅ……やるな……	으음……　제법이군……
S2M:M03LOW:224	dup=S2M:M01LOW:224	私に触れるな！	나에게　손대지　마！
S2M:M03LOW:225	dup=S2M:M01LOW:225	帝都の恨みは、\nこの程度ではないぞ……	제도의　원한은，\n이　정도가　아니다……
S2M:M03LOW:226	dup=S2M:M01LOW:226	最後に勝つのは……私だ！	최후의　승자는……　나다！
S2M:M03LOW:227	dup=S2M:M01LOW:227	この程度で……ぬうっ！	이　정도로……　으음！
S2M:M03LOW:228	dup=S2M:M01LOW:228	思い上がるな……\n偽善者めっ！	우쭐대지　마……\n위선자　자식！
S2M:M04LOW:0	dup=S2M:M01LOW:0	疾きこと風のごとく……\n移動力重視の作戦だ！	빠르기는　바람처럼……\n이동력　중시　작전이다！
S2M:M04LOW:1	dup=S2M:M01LOW:1	今は、この命令を出している。\n移動力を活かして戦おう。	현재　명령은　이것이다．\n이동력을　살려　싸우자．
S2M:M04LOW:2	dup=S2M:M01LOW:2	花組各員に通達！\n「風」作戦を開始するぞ！	화조　전원에게　통보！\n「풍」　작전　개시다！
S2M:M04LOW:3	dup=S2M:M01LOW:3	林のように心静かに……\n本来の力を引き出すんだ！	숲처럼　마음을　고요히……\n본래의　힘을　끌어내자！
S2M:M04LOW:4	dup=S2M:M01LOW:4	今は、この命令を出している。\n本来の力で敵に立ち向かおう。	현재　명령은　이것이다．\n본래의　힘으로　맞서자．
S2M:M04LOW:5	dup=S2M:M01LOW:5	花組各員に通達！\n「林」作戦を開始するぞ！	화조　전원에게　통보！\n「림」　작전　개시다！
S2M:M04LOW:6	dup=S2M:M01LOW:6	炎のように熱く燃える……\n攻撃力重視の作戦だ！	불처럼　뜨겁게　타오르는……\n공격력　중시　작전이다！
S2M:M04LOW:7	dup=S2M:M01LOW:7	今は、この命令を出している。\n攻撃力を活かして戦おう。	현재　명령은　이것이다．\n공격력을　살려　싸우자．
S2M:M04LOW:8	dup=S2M:M01LOW:8	花組各員に通達！\n「火」作戦を開始するぞ！	화조　전원에게　통보！\n「화」　작전　개시다！
S2M:M04LOW:9	dup=S2M:M01LOW:9	構えること山のごとく……\n防御力重視の作戦だ！	산처럼　굳건히　버티는……\n방어력　중시　작전이다！
S2M:M04LOW:10	dup=S2M:M01LOW:10	今は、この命令を出している。\n防御力を活かして戦おう。	현재　명령은　이것이다．\n방어력을　살려　싸우자．
S2M:M04LOW:11	dup=S2M:M01LOW:11	花組各員に通達！\n「山」作戦を開始するぞ！	화조　전원에게　통보！\n「산」　작전　개시다！
S2M:M04LOW:12	dup=S2M:M01LOW:12	このままの作戦でいくぞ！	이대로　작전을　계속한다！
S2M:M04LOW:13	dup=S2M:M01LOW:13	了解！	알겠습니다！
S2M:M04LOW:14		山口さんの車が\n安全なところに逃げるまで、\nうまく敵から護衛して。	야마구치　씨의　차가　안전한\n곳으로　달아날　때까지　적을\n잘　호위해．
S2M:M04LOW:15		車はあまり頑丈じゃないから、\nできるだけ敵を\n近づけないようにね。	차는　그다지　튼튼하지\n않으니　가능한　한　적을\n가까이　오지　못하게　해．
S2M:M04LOW:16	dup=S2M:M01LOW:16	０メッセージ１－３	０메시지１－３
S2M:M04LOW:17		山口さんの車が\n安全なところに逃げるまで、\nうまく敵をひきつけて！	야마구치　씨의　차가\n안전한　곳까지　갈　때까지\n적을　잘　유인해！
S2M:M04LOW:18		でも、敵を引き付ける分、\n危険も大きいから、\n十分に気をつけるのよ。	하지만　적을　유인하는　만큼\n위험도　크니까，\n충분히　조심해．
S2M:M04LOW:19	dup=S2M:M01LOW:19	０メッセージ２－３	０메시지２－３
S2M:M04LOW:20	dup=S2M:M02LOW:20	大神さん、山崎は強いわ。\n一時撤退しましょう！	야마자키는　강해요．\n일단　후퇴하죠！
S2M:M04LOW:21	dup=S2M:M01LOW:21	０メッセージ３－２	０메시지３－２
S2M:M04LOW:22	dup=S2M:M01LOW:22	０メッセージ３－３	０메시지３－３
S2M:M04LOW:23	dup=S2M:M01LOW:23	花組の隊長、大神一郎。\n高い戦闘力と、\n勇敢な心を持っている。	화조　대장，　오오가미．\n높은　전투력과\n용감한　마음을　지녔다．
S2M:M04LOW:24	dup=S2M:M01LOW:24	北辰一刀流、真宮寺さくら。\n素早い動きで、\n敵を一刀両断する。	북진일도류，　사쿠라．\n빠른　움직임으로\n적을　일도양단한다．
S2M:M04LOW:25	dup=S2M:M01LOW:25	神崎風塵流、神崎すみれ。\n華麗なナギナタの技は、\n見るものの心をもとらえる。	칸자키　풍진류，　스미레．\n화려한　나기나타　기술은\n보는　이의　마음마저　홀려．
S2M:M04LOW:26	dup=S2M:M01LOW:26	射撃手、マリア・タチバナ。\n氷の銃弾は、狙った\n獲物を決して逃さない。	사격수，　마리아．\n얼음　탄환은　노린\n먹이를　놓치지　않는다．
S2M:M04LOW:27	dup=S2M:M01LOW:27	桐島流空手、桐島カンナ。\n圧倒的なパワーで、むらがる\n敵を粉砕する。	가라테의　달인，　칸나．\n압도적　파워로　몰려드는\n적을　분쇄한다．
S2M:M04LOW:28	dup=S2M:M01LOW:28	花組のマスコット、アイリス。\n超能力を使った、\n不思議な攻撃で敵と戦う。	화조의　마스코트，\n아이리스．\n초능력으로　적과　싸운다．
S2M:M04LOW:29	dup=S2M:M01LOW:29	発明家、李紅蘭。\n次々に繰り出す発明品で、\n敵味方をあっといわせるぞ。	발명가，　코란．\n신제품을　잇달아　내놓아\n적과　아군을　놀라게　한다．
S2M:M04LOW:30	dup=S2M:M01LOW:30	元星組隊員、ソレッタ・織姫。\nイタリアンローズの機体に乗り\n赤い貴族と呼ばれている。	전　별조　대원，　오리히메．\n이탈리안　로즈를　타고\n붉은　귀족이라　불린다．
S2M:M04LOW:31	dup=S2M:M01LOW:31	レニ・ミルヒシュトラーセ。\n戦闘のプロとして、正確な\n無駄のない攻撃を行う。	레니　밀히슈트라세．　전투의\n프로답게　정확하고　군더더기\n없는　공격을　한다．
S2M:M04LOW:32		脇侍・改「焼塵」\n火車専用の部隊で、\n攻防共に高い性能を持つ。	협시・개　「소진」\n카샤　전용　부대로，\n공방　모두　성능이　높다．
S2M:M04LOW:33	dup=S2M:M01LOW:33	魔操機兵、脇侍・改。\n鉄砲を装備したものは、\nロ型と呼ばれる。	마조기병，　협시・개．\n총을　장비한　것은\n로형이라　부른다．
S2M:M04LOW:34		火炎放射器「焔」\n木喰の発明した火炎兵器。	화염방사기　「염」\n모쿠지키의　화염　병기．
S2M:M04LOW:35		魔操機兵、脇侍・改。\n大砲を装備しており、\n複数の敵を同時に攻撃可能。	마조기병，　협시・개．\n대포를　장비해　여러　적을\n동시에　공격한다．
S2M:M04LOW:36		「高級車」\n山口和豊の乗る車。\nいがいと頑丈にできている。	「고급차」\n야마구치　카즈토요의　차．\n의외로　튼튼하다．
S2M:M04LOW:37	dup=S2M:M01LOW:37	黒鬼会の魔操機兵、脇侍・改。\n大砲を装備したものは、\nハ型と呼ばれる。	흑귀회의　마조기병，\n협시・개．　대포를　장비한\n것은　하형이라　부른다．
S2M:M04LOW:38	dup=S2M:M01LOW:38	黒鬼会の魔操機兵、脇侍・改。\n実は、あまり忠誠心は\nないので、がっかりだ。	흑귀회의　마조기병，\n협시・개．　사실　충성심은\n그다지　없어서　실망스럽다．
S2M:M04LOW:39	dup=S2M:M01LOW:39	黒鬼会の魔操機兵、脇侍・改。\n鉄砲を装備したものは、\nロ型と呼ばれる。	흑귀회의　마조기병，\n협시・개．　총을　장비한\n것은　로형이라　부른다．
S2M:M04LOW:40	dup=S2M:M01LOW:40	メッセージ１８	메시지　１８
S2M:M04LOW:41	dup=S2M:M01LOW:41	メッセージ１９	메시지　１９
S2M:M04LOW:42	dup=S2M:M01LOW:42	メッセージ２０	메시지　２０
S2M:M04LOW:43	dup=S2M:M01LOW:43	今のところ、\nかばう必要はなさそうだな。	지금은\n보호할　필요　없어　보이네．
S2M:M04LOW:44	dup=S2M:M01LOW:44	さくらくん……\n君は俺が守る！	사쿠라　군……\n내가　지킬게！
S2M:M04LOW:45	dup=S2M:M01LOW:45	すみれくん……\n君の盾になってもいいかい。	스미레　군……\n네　방패가　되어도　될까？
S2M:M04LOW:46	dup=S2M:M01LOW:46	マリア……\n君の背中を守らせてくれ。	마리아……\n네　뒤를　지키게　해　줘．
S2M:M04LOW:47	dup=S2M:M01LOW:47	カンナ……\n俺は、君を全力で守るぞ！	칸나……　내가　온　힘을\n다해　지키마！
S2M:M04LOW:48	dup=S2M:M01LOW:48	アイリス……\n俺が側にいるから、\n安心していいよ。	아이리스……\n내가　곁에　있으니，\n안심해도　돼．
S2M:M04LOW:49	dup=S2M:M01LOW:49	紅蘭……\nいつだって君を助けにゆくよ。	코란……\n언제든　널　도우러　갈게．
S2M:M04LOW:50	dup=S2M:M01LOW:50	織姫くん……\n苦しいときは、\nいつでも俺を呼んでくれ！	오리히메　군……\n힘들　때는，\n언제든　날　불러！
S2M:M04LOW:51	dup=S2M:M01LOW:51	レニ……\nたまには、\n守られたっていいだろう？	레니……\n가끔은，\n보호받아도　괜찮잖아？
S2M:M04LOW:52	dup=S2M:M01LOW:52	がんばって！　大神さん！	힘내요！　오오가미　씨！
S2M:M04LOW:53	dup=S2M:M01LOW:53	大神さんが頼りです！	오오가미　씨만　믿을게요！
S2M:M04LOW:54	dup=S2M:M01LOW:54	無理しないでください、\n大神さん……	무리하지　마세요，\n오오가미　씨……
S2M:M04LOW:55	dup=S2M:M01LOW:55	がんばります！	힘낼게요！
S2M:M04LOW:56	dup=S2M:M01LOW:56	大神さんのために……\nあたし、やります！	오오가미　씨를　위해……\n제가　할게요！
S2M:M04LOW:57	dup=S2M:M01LOW:57	あたしが\nがんばらなくっちゃ！	제가　힘내야　해요！
S2M:M04LOW:58	dup=S2M:M01LOW:58	あたし……負けないわ……	저…　지지　않을　거예요…
S2M:M04LOW:59	dup=S2M:M01LOW:59	……ありがとうございます。\n大神さん。	……감사합니다．\n오오가미　씨．
S2M:M04LOW:60	dup=S2M:M01LOW:60	大神さんがいてくれるから、\nあたし、がんばれます！	오오가미　씨가　계시니까\n저도　힘낼　수　있어요！
S2M:M04LOW:61	dup=S2M:M01LOW:61	大丈夫ですか……大神さん。	괜찮으세요…　오오가미　씨．
S2M:M04LOW:62	dup=S2M:M01LOW:62	大神さん……\nごめんなさい……	오오가미　씨……\n죄송해요……
S2M:M04LOW:63	dup=S2M:M01LOW:63	ここは大神さんに\nお任せします……\n……ごめんなさい。	여기는　오오가미　씨에게\n맡길게요……\n……죄송해요．
S2M:M04LOW:64	dup=S2M:M01LOW:64	やりましたね、大神さん！	해냈네요，　오오가미　씨！
S2M:M04LOW:65	dup=S2M:M01LOW:65	今日の大神さん、\n一味違いますね。	오늘　오오가미　씨는\n평소와　다르네요．
S2M:M04LOW:66	dup=S2M:M01LOW:66	やりました！	해냈어요！
S2M:M04LOW:67	dup=S2M:M01LOW:67	大神さんのおかげです！	오오가미　씨　덕분이에요！
S2M:M04LOW:68	dup=S2M:M01LOW:68	大神さん……\nあたし、信じています。	오오가미　씨……\n저는　믿고　있어요．
S2M:M04LOW:69	dup=S2M:M01LOW:69	見せ場がきましてよ、少尉。	제　무대네요，　소위님．
S2M:M04LOW:70	dup=S2M:M01LOW:70	がんばってください、\nわたくしのために……	힘내　주세요，\n저를　위해……
S2M:M04LOW:71	dup=S2M:M01LOW:71	無理は禁物ですわ……	무리는　금물이에요……
S2M:M04LOW:72	dup=S2M:M01LOW:72	さあ、いきますわよ！	자，　갑니다！
S2M:M04LOW:73	dup=S2M:M01LOW:73	少尉、わたくしを\n見ていてくださいな。	소위님，\n저를　지켜봐　주세요．
S2M:M04LOW:74	dup=S2M:M01LOW:74	わたくしでなくては\nダメですわね。	저여야만　하겠군요．
S2M:M04LOW:75	dup=S2M:M01LOW:75	こ、この程度で……	이，　이　정도로……
S2M:M04LOW:76	dup=S2M:M01LOW:76	うれしいですわ……\n少尉……	기뻐요……\n소위님……
S2M:M04LOW:77	dup=S2M:M01LOW:77	わたくしを守ることが\nできるのは少尉だけですわ。	저를　지킬　수　있는　건\n소위님뿐이에요．
S2M:M04LOW:78	dup=S2M:M01LOW:78	かっ、身体が勝手に\n動いただけですわ……	몸이　저절로\n움직였을　뿐이에요……
S2M:M04LOW:79	dup=S2M:M01LOW:79	わたくしとしたことが……	저답지　않게……
S2M:M04LOW:80	dup=S2M:M01LOW:80	少尉を……\n……置いてはいけないのに！	소위님을……\n……두고　갈　수는　없는데！
S2M:M04LOW:81	dup=S2M:M01LOW:81	お見事ですわ、少尉。	훌륭해요，　소위님．
S2M:M04LOW:82	dup=S2M:M01LOW:82	りりしいですわよ、少尉。	늠름하시네요，　소위님．
S2M:M04LOW:83	dup=S2M:M01LOW:83	たいしたことありませんわね。	별것도　아니네요．
S2M:M04LOW:84	dup=S2M:M01LOW:84	見てくださいました？　少尉。	보셨나요？　소위님．
S2M:M04LOW:85	dup=S2M:M01LOW:85	んふっ、\nちょろいもんですわね。\nねぇ、少尉……	후훗，\n이　정도야　식은　죽이죠．\n그렇죠，　소위님……
S2M:M04LOW:86	dup=S2M:M01LOW:86	隊長、お願いします。	대장님，　부탁드려요．
S2M:M04LOW:87	dup=S2M:M01LOW:87	隊長……\n信じています。	대장님……\n믿고　있어요．
S2M:M04LOW:88	dup=S2M:M01LOW:88	隊長……\n慎重にいきましょう。	대장님……\n신중하게　가죠．
S2M:M04LOW:89	dup=S2M:M01LOW:89	さぁ、覚悟しなさい。	자，　각오하세요．
S2M:M04LOW:90	dup=S2M:M01LOW:90	私には、隊長が\nついていてくれる……	저에겐　대장님이\n곁에　계시니까……
S2M:M04LOW:91	dup=S2M:M01LOW:91	私がしっかりしなくては……	제가　정신　차려야……
S2M:M04LOW:92	dup=S2M:M01LOW:92	くっ、まだ……やれる！	큭，아직……　할　수　있어！
S2M:M04LOW:93	dup=S2M:M01LOW:93	すいません、隊長。	죄송해요，　대장님．
S2M:M04LOW:94	dup=S2M:M01LOW:94	隊長の背中……\nとても大きく見えます……	대장님　등……\n정말　커　보이네요……
S2M:M04LOW:95	dup=S2M:M01LOW:95	隊長が無事でよかった……	대장님이　무사해서　다행……
S2M:M04LOW:96	dup=S2M:M01LOW:96	隊長……申し訳ありません……	대장님……　죄송해요……
S2M:M04LOW:97	dup=S2M:M01LOW:97	もう少し……\n隊長と共に……	조금만　더……\n대장님과　함께……
S2M:M04LOW:98	dup=S2M:M01LOW:98	やりますね、隊長。	잘하시네요，　대장님．
S2M:M04LOW:99	dup=S2M:M01LOW:99	隊長が\nいてくださってよかった……	대장님이　계셔서　다행……
S2M:M04LOW:100	dup=S2M:M01LOW:100	ふんっ！　この程度……？	흥！　이　정도……？
S2M:M04LOW:101	dup=S2M:M01LOW:101	隊長、すばらしい指揮です！	대장님，　훌륭한　지휘예요！
S2M:M04LOW:102	dup=S2M:M01LOW:102	隊長が、私の力を\n何倍にもしてくれます。	대장님이　제　힘을\n몇　배나　키워　주세요．
S2M:M04LOW:103	dup=S2M:M01LOW:103	やっちまえ！　隊長！	해치워！　대장님！
S2M:M04LOW:104	dup=S2M:M01LOW:104	あたいがついてるぜ、隊長。	내가　곁에　있어，　대장．
S2M:M04LOW:105	dup=S2M:M01LOW:105	隊長の気合を見せてくれ！	대장님，　기합을　보여　줘！
S2M:M04LOW:106	dup=S2M:M01LOW:106	あたいの番だな！	내　차례구나！
S2M:M04LOW:107	dup=S2M:M01LOW:107	みていてくれよなっ！\n隊長！	지켜봐　줘！\n대장！
S2M:M04LOW:108	dup=S2M:M01LOW:108	まとめて面倒みるぜ！	한꺼번에　상대해　주마！
S2M:M04LOW:109	dup=S2M:M01LOW:109	まだまだ、\nどんどんかかってこいっ！	아직　멀었어，\n어서　덤벼！
S2M:M04LOW:110	dup=S2M:M01LOW:110	すまねぇな、隊長。	미안하군，　대장．
S2M:M04LOW:111	dup=S2M:M01LOW:111	へへっ、\n守られるってのも悪くないな。	헤헤，　보호받는　것도\n나쁘지　않군．
S2M:M04LOW:112	dup=S2M:M01LOW:112	へへっ、らしくないぜぇ？\n隊長！	헤헤，　나답지　않지？\n대장！
S2M:M04LOW:113	dup=S2M:M01LOW:113	ちくしょう……\nこんなところで……	젠장……\n이런　곳에서……
S2M:M04LOW:114	dup=S2M:M01LOW:114	隊長、すまない。\nあたいの分まで\nがんばってくれ！	대장，　미안하다．\n내　몫까지\n힘내　줘！
S2M:M04LOW:115	dup=S2M:M01LOW:115	やるじゃねぇか！　隊長！	제법이잖아！　대장！
S2M:M04LOW:116	dup=S2M:M01LOW:116	ほれぼれするぜ！　隊長！	감탄스럽군！　대장！
S2M:M04LOW:117	dup=S2M:M01LOW:117	ざっとこんなもんだぜ！	대충　이　정도지！
S2M:M04LOW:118	dup=S2M:M01LOW:118	へっへーん！\nどうだい！　隊長！	헤헤ー！\n어때！　대장！
S2M:M04LOW:119	dup=S2M:M01LOW:119	誰もあたいたちを\n止められねぇぜ！	아무도　우릴\n막을　수　없어！
S2M:M04LOW:120	dup=S2M:M01LOW:120	がんばろうね、お兄ちゃん。	힘내자，　오빠．
S2M:M04LOW:121	dup=S2M:M01LOW:121	お兄ちゃん、いっけぇー！	오빠，　가ー！
S2M:M04LOW:122	dup=S2M:M01LOW:122	お兄ちゃん……負けないで！	오빠……　지지　마！
S2M:M04LOW:123	dup=S2M:M01LOW:123	アイリス、いきまーす！	아이리스，　갑니다아！
S2M:M04LOW:124	dup=S2M:M01LOW:124	えへへっ、\nアイリスがんばるよ！	에헤헤，\n아이리스　힘낼게！
S2M:M04LOW:125	dup=S2M:M01LOW:125	アイリスが\nがんばらなくちゃ！	아이리스가\n힘내야　해！
S2M:M04LOW:126	dup=S2M:M01LOW:126	アイリス……もうだめ……	아이리스…　이제　안　돼…
S2M:M04LOW:127	dup=S2M:M01LOW:127	アイリスのために\n来てくれたんだぁー！	아이리스를　위해　왔구나ー！
S2M:M04LOW:128	dup=S2M:M01LOW:128	お兄ちゃんは、\n白馬のおうじさまだね！	오빠는\n백마　탄　왕자님이네！
S2M:M04LOW:129	dup=S2M:M01LOW:129	お兄ちゃん……\nアイリスがついてるからね。	오빠……\n아이리스가　곁에　있을게．
S2M:M04LOW:130	dup=S2M:M01LOW:130	あ……止まっちゃった……	아……　멈췄어……
S2M:M04LOW:131	dup=S2M:M01LOW:131	お兄ちゃん……\nごめんね……	오빠……\n미안해……
S2M:M04LOW:132	dup=S2M:M01LOW:132	わーい、やったね！\nお兄ちゃん！	와ー，　해냈다！\n오빠！
S2M:M04LOW:133	dup=S2M:M01LOW:133	お兄ちゃん、\nすごい、すっごーい！	오빠，\n대단해，　정말　대단해ー！
S2M:M04LOW:134	dup=S2M:M01LOW:134	アイリス、すごいでしょ！	아이리스，　대단하지！
S2M:M04LOW:135	dup=S2M:M01LOW:135	ねぇ、ねぇ！\nほめてほめて！	있잖아，　있잖아！\n칭찬해　줘，　칭찬해　줘！
S2M:M04LOW:136	dup=S2M:M01LOW:136	お兄ちゃんがいれば、\nアイリスなんにも恐くないよ！	오빠만　있으면，\n아이리스는　안　무서워！
S2M:M04LOW:137	dup=S2M:M01LOW:137	頼んだで、大神はん。	부탁한다，　오오가미　씨．
S2M:M04LOW:138	dup=S2M:M01LOW:138	ウチらの力、見せたろうで！	우리　힘을　보여　주자！
S2M:M04LOW:139	dup=S2M:M01LOW:139	だ、大丈夫かいな、大神はん。	괜찮나，　오오가미　씨．
S2M:M04LOW:140	dup=S2M:M01LOW:140	ほな、いってみよか！	그럼，　가　볼까！
S2M:M04LOW:141	dup=S2M:M01LOW:141	大神はん、\nウチにまーかしとき！	오오가미　씨，\n나한테　맡겨！
S2M:M04LOW:142	dup=S2M:M01LOW:142	ウチががんばらんと！	내가　힘내야　해！
S2M:M04LOW:143	dup=S2M:M01LOW:143	や、やばいで……	이，　이거　위험해……
S2M:M04LOW:144	dup=S2M:M01LOW:144	お、おおきに、\n大神はん……	고，　고마워，\n오오가미　씨……
S2M:M04LOW:145	dup=S2M:M01LOW:145	もう、そないなことされたら、\nウチ……	그렇게까지　해　주면，\n나……
S2M:M04LOW:146	dup=S2M:M01LOW:146	大神はんがおらんと、\nウチ……こまるんや。	오오가미　씨가　없으면，\n나……　곤란해．
S2M:M04LOW:147	dup=S2M:M01LOW:147	そのへんで、堪忍や……	이쯤에서　봐줘……
S2M:M04LOW:148	dup=S2M:M01LOW:148	大神はん、すんまへん。	오오가미　씨，　미안해．
S2M:M04LOW:149	dup=S2M:M01LOW:149	大神はん、その調子や！	오오가미　씨，　그　기세야！
S2M:M04LOW:150	dup=S2M:M01LOW:150	ええ感じやで！　大神はん！	좋은데！　오오가미　씨！
S2M:M04LOW:151	dup=S2M:M01LOW:151	いっちょあがりや！	한　건　해냈다！
S2M:M04LOW:152	dup=S2M:M01LOW:152	大神はん、\nやったで、ウチ！	오오가미　씨，\n나　해냈어！
S2M:M04LOW:153	dup=S2M:M01LOW:153	ウチらの力を合わせれば、\n千人力や！	우리　힘을　합치면，\n천군만마야！
S2M:M04LOW:154	dup=S2M:M01LOW:154	少尉さん、\nお手並み拝見でーす！	소위님，\n실력을　보여　주세요ー！
S2M:M04LOW:155	dup=S2M:M01LOW:155	早く終わらせて帰りましょー。	빨리　끝내고　돌아가요ー．
S2M:M04LOW:156	dup=S2M:M01LOW:156	ちょっと、\nヤバそうってカンジ！	잠깐，\n좀　위험해　보이는　느낌！
S2M:M04LOW:157	dup=S2M:M01LOW:157	たのしいでーす！	재밌어요ー！
S2M:M04LOW:158	dup=S2M:M01LOW:158	わたしを見ていてくださーい！	저를　지켜봐　주세요ー！
S2M:M04LOW:159	dup=S2M:M01LOW:159	日本のオトコ、\n頼りにならないでーす！	일본　남자는，\n도움이　안　되네요ー！
S2M:M04LOW:160	dup=S2M:M01LOW:160	シャワー浴びたいでーす！	샤워하고　싶어요ー！
S2M:M04LOW:161	dup=S2M:M01LOW:161	日本のオトコに、\nかばってもらうなんて……	일본　남자에게，\n보호받다니……
S2M:M04LOW:162	dup=S2M:M01LOW:162	少尉さん、\n無理しなくていいでーす……	소위님，\n무리하지　않아도　돼요……
S2M:M04LOW:163	dup=S2M:M01LOW:163	まったく、\nダメなオトコでーす！	정말이지，\n쓸모없는　남자네요ー！
S2M:M04LOW:164	dup=S2M:M01LOW:164	これ以上はカンベンでーす！	이　이상은　봐주겠어요ー！
S2M:M04LOW:165	dup=S2M:M01LOW:165	もうだめです。\n撤退します……隊長……	이젠　안　돼요．\n후퇴할게요……　대장……
S2M:M04LOW:166	dup=S2M:M01LOW:166	なかなかやるってカンジ！	제법인데요！
S2M:M04LOW:167	dup=S2M:M01LOW:167	少尉さん、\nちょーかっこいいでーす！	소위님，\n정말　멋져요ー！
S2M:M04LOW:168	dup=S2M:M01LOW:168	楽勝でーす！	거뜬해요ー！
S2M:M04LOW:169	dup=S2M:M01LOW:169	うふっ！\n拍手をくださーい！	후훗！\n박수　쳐　주세요ー！
S2M:M04LOW:170	dup=S2M:M01LOW:170	このデュオは最高でーす！	이　듀오는　최고예요ー！
S2M:M04LOW:171	dup=S2M:M01LOW:171	……行動開始。	……행동　개시．
S2M:M04LOW:172	dup=S2M:M01LOW:171	……行動開始。	……행동　개시．
S2M:M04LOW:173	dup=S2M:M01LOW:173	……危険だよ。	……위험해．
S2M:M04LOW:174	dup=S2M:M01LOW:174	頼れるのは自分だけ……	믿을　건　나뿐……
S2M:M04LOW:175	dup=S2M:M01LOW:174	頼れるのは自分だけ……	믿을　건　나뿐……
S2M:M04LOW:176	dup=S2M:M01LOW:174	頼れるのは自分だけ……	믿을　건　나뿐……
S2M:M04LOW:177	dup=S2M:M01LOW:177	機体の損傷が激しい……	기체　손상이　심해……
S2M:M04LOW:178	dup=S2M:M01LOW:178	………………	………………
S2M:M04LOW:179	dup=S2M:M01LOW:178	………………	………………
S2M:M04LOW:180	dup=S2M:M01LOW:180	隊長……しっかり……	대장……　정신　차려……
S2M:M04LOW:181	dup=S2M:M01LOW:181	一時、撤退……	일단　후퇴……
S2M:M04LOW:182	dup=S2M:M01LOW:181	一時、撤退……	일단　후퇴……
S2M:M04LOW:183	dup=S2M:M01LOW:183	目標、撃破確認……	목표　격파　확인……
S2M:M04LOW:184	dup=S2M:M01LOW:183	目標、撃破確認……	목표　격파　확인……
S2M:M04LOW:185	dup=S2M:M01LOW:185	目標撃破……	목표　격파……
S2M:M04LOW:186	dup=S2M:M01LOW:185	目標撃破……	목표　격파……
S2M:M04LOW:187	dup=S2M:M01LOW:187	これが……ボクらの力……！	이게……　우리　힘……！
S2M:M04LOW:188	dup=S2M:M01LOW:188	そぉら、いくぜ！	자아，　간다！
S2M:M04LOW:189	dup=S2M:M01LOW:189	さぁ、楽しませてくれよ。	자，　즐겁게　해　줘．
S2M:M04LOW:190	dup=S2M:M01LOW:190	勝負は……これからだぜ！	승부는……　지금부터야！
S2M:M04LOW:191	dup=S2M:M01LOW:191	なかなか、\nやるじゃねぇか！	제법이군，\n잘하잖아！
S2M:M04LOW:192	dup=S2M:M01LOW:192	おもしれぇ……	재밌군……
S2M:M04LOW:193	dup=S2M:M01LOW:193	大丈夫か、水狐。	괜찮나，　수호．
S2M:M04LOW:194	dup=S2M:M01LOW:194	華麗に燃やしてあげますよ……	화려하게　태워　드리죠……
S2M:M04LOW:195	dup=S2M:M01LOW:195	覚悟してください。	각오하세요．
S2M:M04LOW:196	dup=S2M:M01LOW:196	あははははは！	아하하하하하！
S2M:M04LOW:197	dup=S2M:M01LOW:197	燃やしつくしてやる！	모조리　태워　주마！
S2M:M04LOW:198	dup=S2M:M01LOW:198	ご……ゴミが……	쓰……　쓰레기가……
S2M:M04LOW:199	dup=S2M:M01LOW:199	私の戦いを見せてあげる。	내　싸움을　보여　주지．
S2M:M04LOW:200	dup=S2M:M01LOW:200	やさしくしてあげるわ。	상냥하게　해　줄게．
S2M:M04LOW:201	dup=S2M:M01LOW:201	ふふふ……負けないわよ。	후후후…　지지　않을　거야．
S2M:M04LOW:202	dup=S2M:M01LOW:202	やるわね。\nさすが華撃団……	잘하네．\n역시　화격단……
S2M:M04LOW:203	dup=S2M:M01LOW:203	くっ……\nこれほどとはね……	큭……\n이　정도일　줄이야……
S2M:M04LOW:204	dup=S2M:M01LOW:204	さぁ、ワシの番じゃな。	자，　내　차례로구나．
S2M:M04LOW:205	dup=S2M:M01LOW:205	ワシの計算にぬかりはないぞ。	내　계산엔　빈틈없다．
S2M:M04LOW:206	dup=S2M:M01LOW:206	こ、このままでは\n終わらぬぞ……	이，　이대로는\n끝나지　않아……
S2M:M04LOW:207	dup=S2M:M01LOW:207	これも計算のうちじゃ。	이것도　계산　안이야．
S2M:M04LOW:208	dup=S2M:M01LOW:208	ぬうっ……\nこれは計算外じゃ……	으으……\n이건　계산　밖이야……
S2M:M04LOW:209	dup=S2M:M01LOW:209	狩りとってやる！	사냥해　주마！
S2M:M04LOW:210	dup=S2M:M01LOW:210	今、楽にしてやるからな。	지금　편하게　해　주마．
S2M:M04LOW:211	dup=S2M:M01LOW:211	ひ、ひねり殺してやる！	비，　비틀어　죽여　주마！
S2M:M04LOW:212	dup=S2M:M01LOW:212	勝ったと思うなよ……	이겼다고　생각하지　마……
S2M:M04LOW:213	dup=S2M:M01LOW:213	まだ、終わりではないぞ！	아직　끝나지　않았다！
S2M:M04LOW:214	dup=S2M:M01LOW:214	終わりにしてやる。	끝내　주마．
S2M:M04LOW:215	dup=S2M:M01LOW:215	いくぞ！　華撃団っ！	간다！　화격단！
S2M:M04LOW:216	dup=S2M:M01LOW:216	まだ、まだだっ！	아직，　아직이다！
S2M:M04LOW:217	dup=S2M:M01LOW:217	腕を上げたな……	실력이　늘었구나……
S2M:M04LOW:218	dup=S2M:M01LOW:218	ぐっ……\nわたしの復讐が……	큭……\n내　복수가……
S2M:M04LOW:219	dup=S2M:M01LOW:219	容赦はせぬぞ……	봐주지　않겠다……
S2M:M04LOW:220	dup=S2M:M01LOW:220	お前たちの罪を知れ……	너희의　죄를　깨달아라……
S2M:M04LOW:221	dup=S2M:M01LOW:221	戦いとはいつも無常だ……	싸움은　언제나　덧없다……
S2M:M04LOW:222	dup=S2M:M01LOW:222	愛は死んだ……	사랑은　죽었다……
S2M:M04LOW:223	dup=S2M:M01LOW:223	ぬぅ……やるな……	으음……　제법이군……
S2M:M04LOW:224	dup=S2M:M01LOW:224	私に触れるな！	나에게　손대지　마！
S2M:M04LOW:225	dup=S2M:M01LOW:225	帝都の恨みは、\nこの程度ではないぞ……	제도의　원한은，\n이　정도가　아니다……
S2M:M04LOW:226	dup=S2M:M01LOW:226	最後に勝つのは……私だ！	최후의　승자는……　나다！
S2M:M04LOW:227	dup=S2M:M01LOW:227	この程度で……ぬうっ！	이　정도로……　으음！
S2M:M04LOW:228	dup=S2M:M01LOW:228	思い上がるな……\n偽善者めっ！	우쭐대지　마……\n위선자　자식！
S2M:M05LOW:0	dup=S2M:M01LOW:0	疾きこと風のごとく……\n移動力重視の作戦だ！	빠르기는　바람처럼……\n이동력　중시　작전이다！
S2M:M05LOW:1	dup=S2M:M01LOW:1	今は、この命令を出している。\n移動力を活かして戦おう。	현재　명령은　이것이다．\n이동력을　살려　싸우자．
S2M:M05LOW:2	dup=S2M:M01LOW:2	花組各員に通達！\n「風」作戦を開始するぞ！	화조　전원에게　통보！\n「풍」　작전　개시다！
S2M:M05LOW:3	dup=S2M:M01LOW:3	林のように心静かに……\n本来の力を引き出すんだ！	숲처럼　마음을　고요히……\n본래의　힘을　끌어내자！
S2M:M05LOW:4	dup=S2M:M01LOW:4	今は、この命令を出している。\n本来の力で敵に立ち向かおう。	현재　명령은　이것이다．\n본래의　힘으로　맞서자．
S2M:M05LOW:5	dup=S2M:M01LOW:5	花組各員に通達！\n「林」作戦を開始するぞ！	화조　전원에게　통보！\n「림」　작전　개시다！
S2M:M05LOW:6	dup=S2M:M01LOW:6	炎のように熱く燃える……\n攻撃力重視の作戦だ！	불처럼　뜨겁게　타오르는……\n공격력　중시　작전이다！
S2M:M05LOW:7	dup=S2M:M01LOW:7	今は、この命令を出している。\n攻撃力を活かして戦おう。	현재　명령은　이것이다．\n공격력을　살려　싸우자．
S2M:M05LOW:8	dup=S2M:M01LOW:8	花組各員に通達！\n「火」作戦を開始するぞ！	화조　전원에게　통보！\n「화」　작전　개시다！
S2M:M05LOW:9	dup=S2M:M01LOW:9	構えること山のごとく……\n防御力重視の作戦だ！	산처럼　굳건히　버티는……\n방어력　중시　작전이다！
S2M:M05LOW:10	dup=S2M:M01LOW:10	今は、この命令を出している。\n防御力を活かして戦おう。	현재　명령은　이것이다．\n방어력을　살려　싸우자．
S2M:M05LOW:11	dup=S2M:M01LOW:11	花組各員に通達！\n「山」作戦を開始するぞ！	화조　전원에게　통보！\n「산」　작전　개시다！
S2M:M05LOW:12	dup=S2M:M01LOW:12	このままの作戦でいくぞ！	이대로　작전을　계속한다！
S2M:M05LOW:13	dup=S2M:M01LOW:13	了解！	알겠습니다！
S2M:M05LOW:14		魔操機兵「脇侍」を\n全滅させて！	마조기병　「협시」를\n전멸시켜！
S2M:M05LOW:15		０メッセージ１ー２	０메시지１ー２
S2M:M05LOW:16	dup=S2M:M01LOW:16	０メッセージ１－３	０메시지１－３
S2M:M05LOW:17	dup=S2M:M05LOW:14	魔操機兵「脇侍」を\n全滅させて！	마조기병　「협시」를\n전멸시켜！
S2M:M05LOW:18		０メッセージ２ー２	０메시지２ー２
S2M:M05LOW:19	dup=S2M:M01LOW:19	０メッセージ２－３	０메시지２－３
S2M:M05LOW:20	dup=S2M:M02LOW:20	大神さん、山崎は強いわ。\n一時撤退しましょう！	야마자키는　강해요．\n일단　후퇴하죠！
S2M:M05LOW:21	dup=S2M:M01LOW:21	０メッセージ３－２	０메시지３－２
S2M:M05LOW:22	dup=S2M:M01LOW:22	０メッセージ３－３	０메시지３－３
S2M:M05LOW:23	dup=S2M:M01LOW:23	花組の隊長、大神一郎。\n高い戦闘力と、\n勇敢な心を持っている。	화조　대장，　오오가미．\n높은　전투력과\n용감한　마음을　지녔다．
S2M:M05LOW:24	dup=S2M:M01LOW:24	北辰一刀流、真宮寺さくら。\n素早い動きで、\n敵を一刀両断する。	북진일도류，　사쿠라．\n빠른　움직임으로\n적을　일도양단한다．
S2M:M05LOW:25	dup=S2M:M01LOW:25	神崎風塵流、神崎すみれ。\n華麗なナギナタの技は、\n見るものの心をもとらえる。	칸자키　풍진류，　스미레．\n화려한　나기나타　기술은\n보는　이의　마음마저　홀려．
S2M:M05LOW:26	dup=S2M:M01LOW:26	射撃手、マリア・タチバナ。\n氷の銃弾は、狙った\n獲物を決して逃さない。	사격수，　마리아．\n얼음　탄환은　노린\n먹이를　놓치지　않는다．
S2M:M05LOW:27	dup=S2M:M01LOW:27	桐島流空手、桐島カンナ。\n圧倒的なパワーで、むらがる\n敵を粉砕する。	가라테의　달인，　칸나．\n압도적　파워로　몰려드는\n적을　분쇄한다．
S2M:M05LOW:28	dup=S2M:M01LOW:28	花組のマスコット、アイリス。\n超能力を使った、\n不思議な攻撃で敵と戦う。	화조의　마스코트，\n아이리스．\n초능력으로　적과　싸운다．
S2M:M05LOW:29	dup=S2M:M01LOW:29	発明家、李紅蘭。\n次々に繰り出す発明品で、\n敵味方をあっといわせるぞ。	발명가，　코란．\n신제품을　잇달아　내놓아\n적과　아군을　놀라게　한다．
S2M:M05LOW:30	dup=S2M:M01LOW:30	元星組隊員、ソレッタ・織姫。\nイタリアンローズの機体に乗り\n赤い貴族と呼ばれている。	전　별조　대원，　오리히메．\n이탈리안　로즈를　타고\n붉은　귀족이라　불린다．
S2M:M05LOW:31	dup=S2M:M01LOW:31	レニ・ミルヒシュトラーセ。\n戦闘のプロとして、正確な\n無駄のない攻撃を行う。	레니　밀히슈트라세．　전투의\n프로답게　정확하고　군더더기\n없는　공격을　한다．
S2M:M05LOW:32		魔操機兵、脇侍・改。\n長剣を装備したものは、\nイ型乙と呼ばれる。	마조기병，　협시・개．\n장검을　장비한　것은\n이형　을이라　부른다．
S2M:M05LOW:33	dup=S2M:M01LOW:33	魔操機兵、脇侍・改。\n鉄砲を装備したものは、\nロ型と呼ばれる。	마조기병，　협시・개．\n총을　장비한　것은\n로형이라　부른다．
S2M:M05LOW:34		魔操鬼兵、脇侍・改。\n木喰の発明した火炎兵器。	마조귀병，　협시・개．\n모쿠지키의　화염　병기．
S2M:M05LOW:35		魔操機兵、脇侍・改。\n大砲を装備しているものは、\nハ型と呼ばれる。	마조기병，　협시・개．\n대포를　장비한　것은\n하형이라　부른다．
S2M:M05LOW:36		魔操機兵、八葉。\n五行集「」の乗る機体。\n６本の腕で連続攻撃を行う。	마조기병，　팔엽．\n오행집　「」이　타는　기체．\n６개의　팔로　연속　공격．
S2M:M05LOW:37	dup=S2M:M05LOW:35	魔操機兵、脇侍・改。\n大砲を装備しているものは、\nハ型と呼ばれる。	마조기병，　협시・개．\n대포를　장비한　것은\n하형이라　부른다．
S2M:M05LOW:38	dup=S2M:M01LOW:38	黒鬼会の魔操機兵、脇侍・改。\n実は、あまり忠誠心は\nないので、がっかりだ。	흑귀회의　마조기병，\n협시・개．　사실　충성심은\n그다지　없어서　실망스럽다．
S2M:M05LOW:39	dup=S2M:M01LOW:39	黒鬼会の魔操機兵、脇侍・改。\n鉄砲を装備したものは、\nロ型と呼ばれる。	흑귀회의　마조기병，\n협시・개．　총을　장비한\n것은　로형이라　부른다．
S2M:M05LOW:40		魔操機兵、脇侍・改。\n独特の攻撃範囲を持ち、\nニ型特と呼ばれる。	마조기병，　협시・개．\n독특한　공격　범위를　지녀\n니형　특이라　부른다．
S2M:M05LOW:41	dup=S2M:M01LOW:41	メッセージ１９	메시지　１９
S2M:M05LOW:42	dup=S2M:M01LOW:42	メッセージ２０	메시지　２０
S2M:M05LOW:43	dup=S2M:M01LOW:43	今のところ、\nかばう必要はなさそうだな。	지금은\n보호할　필요　없어　보이네．
S2M:M05LOW:44	dup=S2M:M01LOW:44	さくらくん……\n君は俺が守る！	사쿠라　군……\n내가　지킬게！
S2M:M05LOW:45	dup=S2M:M01LOW:45	すみれくん……\n君の盾になってもいいかい。	스미레　군……\n네　방패가　되어도　될까？
S2M:M05LOW:46	dup=S2M:M01LOW:46	マリア……\n君の背中を守らせてくれ。	마리아……\n네　뒤를　지키게　해　줘．
S2M:M05LOW:47	dup=S2M:M01LOW:47	カンナ……\n俺は、君を全力で守るぞ！	칸나……　내가　온　힘을\n다해　지키마！
S2M:M05LOW:48	dup=S2M:M01LOW:48	アイリス……\n俺が側にいるから、\n安心していいよ。	아이리스……\n내가　곁에　있으니，\n안심해도　돼．
S2M:M05LOW:49	dup=S2M:M01LOW:49	紅蘭……\nいつだって君を助けにゆくよ。	코란……\n언제든　널　도우러　갈게．
S2M:M05LOW:50	dup=S2M:M01LOW:50	織姫くん……\n苦しいときは、\nいつでも俺を呼んでくれ！	오리히메　군……\n힘들　때는，\n언제든　날　불러！
S2M:M05LOW:51	dup=S2M:M01LOW:51	レニ……\nたまには、\n守られたっていいだろう？	레니……\n가끔은，\n보호받아도　괜찮잖아？
S2M:M05LOW:52	dup=S2M:M01LOW:52	がんばって！　大神さん！	힘내요！　오오가미　씨！
S2M:M05LOW:53	dup=S2M:M01LOW:53	大神さんが頼りです！	오오가미　씨만　믿을게요！
S2M:M05LOW:54	dup=S2M:M01LOW:54	無理しないでください、\n大神さん……	무리하지　마세요，\n오오가미　씨……
S2M:M05LOW:55	dup=S2M:M01LOW:55	がんばります！	힘낼게요！
S2M:M05LOW:56	dup=S2M:M01LOW:56	大神さんのために……\nあたし、やります！	오오가미　씨를　위해……\n제가　할게요！
S2M:M05LOW:57	dup=S2M:M01LOW:57	あたしが\nがんばらなくっちゃ！	제가　힘내야　해요！
S2M:M05LOW:58	dup=S2M:M01LOW:58	あたし……負けないわ……	저…　지지　않을　거예요…
S2M:M05LOW:59	dup=S2M:M01LOW:59	……ありがとうございます。\n大神さん。	……감사합니다．\n오오가미　씨．
S2M:M05LOW:60	dup=S2M:M01LOW:60	大神さんがいてくれるから、\nあたし、がんばれます！	오오가미　씨가　계시니까\n저도　힘낼　수　있어요！
S2M:M05LOW:61	dup=S2M:M01LOW:61	大丈夫ですか……大神さん。	괜찮으세요…　오오가미　씨．
S2M:M05LOW:62	dup=S2M:M01LOW:62	大神さん……\nごめんなさい……	오오가미　씨……\n죄송해요……
S2M:M05LOW:63	dup=S2M:M01LOW:63	ここは大神さんに\nお任せします……\n……ごめんなさい。	여기는　오오가미　씨에게\n맡길게요……\n……죄송해요．
S2M:M05LOW:64	dup=S2M:M01LOW:64	やりましたね、大神さん！	해냈네요，　오오가미　씨！
S2M:M05LOW:65	dup=S2M:M01LOW:65	今日の大神さん、\n一味違いますね。	오늘　오오가미　씨는\n평소와　다르네요．
S2M:M05LOW:66	dup=S2M:M01LOW:66	やりました！	해냈어요！
S2M:M05LOW:67	dup=S2M:M01LOW:67	大神さんのおかげです！	오오가미　씨　덕분이에요！
S2M:M05LOW:68	dup=S2M:M01LOW:68	大神さん……\nあたし、信じています。	오오가미　씨……\n저는　믿고　있어요．
S2M:M05LOW:69	dup=S2M:M01LOW:69	見せ場がきましてよ、少尉。	제　무대네요，　소위님．
S2M:M05LOW:70	dup=S2M:M01LOW:70	がんばってください、\nわたくしのために……	힘내　주세요，\n저를　위해……
S2M:M05LOW:71	dup=S2M:M01LOW:71	無理は禁物ですわ……	무리는　금물이에요……
S2M:M05LOW:72	dup=S2M:M01LOW:72	さあ、いきますわよ！	자，　갑니다！
S2M:M05LOW:73	dup=S2M:M01LOW:73	少尉、わたくしを\n見ていてくださいな。	소위님，\n저를　지켜봐　주세요．
S2M:M05LOW:74	dup=S2M:M01LOW:74	わたくしでなくては\nダメですわね。	저여야만　하겠군요．
S2M:M05LOW:75	dup=S2M:M01LOW:75	こ、この程度で……	이，　이　정도로……
S2M:M05LOW:76	dup=S2M:M01LOW:76	うれしいですわ……\n少尉……	기뻐요……\n소위님……
S2M:M05LOW:77	dup=S2M:M01LOW:77	わたくしを守ることが\nできるのは少尉だけですわ。	저를　지킬　수　있는　건\n소위님뿐이에요．
S2M:M05LOW:78	dup=S2M:M01LOW:78	かっ、身体が勝手に\n動いただけですわ……	몸이　저절로\n움직였을　뿐이에요……
S2M:M05LOW:79	dup=S2M:M01LOW:79	わたくしとしたことが……	저답지　않게……
S2M:M05LOW:80	dup=S2M:M01LOW:80	少尉を……\n……置いてはいけないのに！	소위님을……\n……두고　갈　수는　없는데！
S2M:M05LOW:81	dup=S2M:M01LOW:81	お見事ですわ、少尉。	훌륭해요，　소위님．
S2M:M05LOW:82	dup=S2M:M01LOW:82	りりしいですわよ、少尉。	늠름하시네요，　소위님．
S2M:M05LOW:83	dup=S2M:M01LOW:83	たいしたことありませんわね。	별것도　아니네요．
S2M:M05LOW:84	dup=S2M:M01LOW:84	見てくださいました？　少尉。	보셨나요？　소위님．
S2M:M05LOW:85	dup=S2M:M01LOW:85	んふっ、\nちょろいもんですわね。\nねぇ、少尉……	후훗，\n이　정도야　식은　죽이죠．\n그렇죠，　소위님……
S2M:M05LOW:86	dup=S2M:M01LOW:86	隊長、お願いします。	대장님，　부탁드려요．
S2M:M05LOW:87	dup=S2M:M01LOW:87	隊長……\n信じています。	대장님……\n믿고　있어요．
S2M:M05LOW:88	dup=S2M:M01LOW:88	隊長……\n慎重にいきましょう。	대장님……\n신중하게　가죠．
S2M:M05LOW:89	dup=S2M:M01LOW:89	さぁ、覚悟しなさい。	자，　각오하세요．
S2M:M05LOW:90	dup=S2M:M01LOW:90	私には、隊長が\nついていてくれる……	저에겐　대장님이\n곁에　계시니까……
S2M:M05LOW:91	dup=S2M:M01LOW:91	私がしっかりしなくては……	제가　정신　차려야……
S2M:M05LOW:92	dup=S2M:M01LOW:92	くっ、まだ……やれる！	큭，아직……　할　수　있어！
S2M:M05LOW:93	dup=S2M:M01LOW:93	すいません、隊長。	죄송해요，　대장님．
S2M:M05LOW:94	dup=S2M:M01LOW:94	隊長の背中……\nとても大きく見えます……	대장님　등……\n정말　커　보이네요……
S2M:M05LOW:95	dup=S2M:M01LOW:95	隊長が無事でよかった……	대장님이　무사해서　다행……
S2M:M05LOW:96	dup=S2M:M01LOW:96	隊長……申し訳ありません……	대장님……　죄송해요……
S2M:M05LOW:97	dup=S2M:M01LOW:97	もう少し……\n隊長と共に……	조금만　더……\n대장님과　함께……
S2M:M05LOW:98	dup=S2M:M01LOW:98	やりますね、隊長。	잘하시네요，　대장님．
S2M:M05LOW:99	dup=S2M:M01LOW:99	隊長が\nいてくださってよかった……	대장님이　계셔서　다행……
S2M:M05LOW:100	dup=S2M:M01LOW:100	ふんっ！　この程度……？	흥！　이　정도……？
S2M:M05LOW:101	dup=S2M:M01LOW:101	隊長、すばらしい指揮です！	대장님，　훌륭한　지휘예요！
S2M:M05LOW:102	dup=S2M:M01LOW:102	隊長が、私の力を\n何倍にもしてくれます。	대장님이　제　힘을\n몇　배나　키워　주세요．
S2M:M05LOW:103	dup=S2M:M01LOW:103	やっちまえ！　隊長！	해치워！　대장님！
S2M:M05LOW:104	dup=S2M:M01LOW:104	あたいがついてるぜ、隊長。	내가　곁에　있어，　대장．
S2M:M05LOW:105	dup=S2M:M01LOW:105	隊長の気合を見せてくれ！	대장님，　기합을　보여　줘！
S2M:M05LOW:106	dup=S2M:M01LOW:106	あたいの番だな！	내　차례구나！
S2M:M05LOW:107	dup=S2M:M01LOW:107	みていてくれよなっ！\n隊長！	지켜봐　줘！\n대장！
S2M:M05LOW:108	dup=S2M:M01LOW:108	まとめて面倒みるぜ！	한꺼번에　상대해　주마！
S2M:M05LOW:109	dup=S2M:M01LOW:109	まだまだ、\nどんどんかかってこいっ！	아직　멀었어，\n어서　덤벼！
S2M:M05LOW:110	dup=S2M:M01LOW:110	すまねぇな、隊長。	미안하군，　대장．
S2M:M05LOW:111	dup=S2M:M01LOW:111	へへっ、\n守られるってのも悪くないな。	헤헤，　보호받는　것도\n나쁘지　않군．
S2M:M05LOW:112	dup=S2M:M01LOW:112	へへっ、らしくないぜぇ？\n隊長！	헤헤，　나답지　않지？\n대장！
S2M:M05LOW:113	dup=S2M:M01LOW:113	ちくしょう……\nこんなところで……	젠장……\n이런　곳에서……
S2M:M05LOW:114	dup=S2M:M01LOW:114	隊長、すまない。\nあたいの分まで\nがんばってくれ！	대장，　미안하다．\n내　몫까지\n힘내　줘！
S2M:M05LOW:115	dup=S2M:M01LOW:115	やるじゃねぇか！　隊長！	제법이잖아！　대장！
S2M:M05LOW:116	dup=S2M:M01LOW:116	ほれぼれするぜ！　隊長！	감탄스럽군！　대장！
S2M:M05LOW:117	dup=S2M:M01LOW:117	ざっとこんなもんだぜ！	대충　이　정도지！
S2M:M05LOW:118	dup=S2M:M01LOW:118	へっへーん！\nどうだい！　隊長！	헤헤ー！\n어때！　대장！
S2M:M05LOW:119	dup=S2M:M01LOW:119	誰もあたいたちを\n止められねぇぜ！	아무도　우릴\n막을　수　없어！
S2M:M05LOW:120	dup=S2M:M01LOW:120	がんばろうね、お兄ちゃん。	힘내자，　오빠．
S2M:M05LOW:121	dup=S2M:M01LOW:121	お兄ちゃん、いっけぇー！	오빠，　가ー！
S2M:M05LOW:122	dup=S2M:M01LOW:122	お兄ちゃん……負けないで！	오빠……　지지　마！
S2M:M05LOW:123	dup=S2M:M01LOW:123	アイリス、いきまーす！	아이리스，　갑니다아！
S2M:M05LOW:124	dup=S2M:M01LOW:124	えへへっ、\nアイリスがんばるよ！	에헤헤，\n아이리스　힘낼게！
S2M:M05LOW:125	dup=S2M:M01LOW:125	アイリスが\nがんばらなくちゃ！	아이리스가\n힘내야　해！
S2M:M05LOW:126	dup=S2M:M01LOW:126	アイリス……もうだめ……	아이리스…　이제　안　돼…
S2M:M05LOW:127	dup=S2M:M01LOW:127	アイリスのために\n来てくれたんだぁー！	아이리스를　위해　왔구나ー！
S2M:M05LOW:128	dup=S2M:M01LOW:128	お兄ちゃんは、\n白馬のおうじさまだね！	오빠는\n백마　탄　왕자님이네！
S2M:M05LOW:129	dup=S2M:M01LOW:129	お兄ちゃん……\nアイリスがついてるからね。	오빠……\n아이리스가　곁에　있을게．
S2M:M05LOW:130	dup=S2M:M01LOW:130	あ……止まっちゃった……	아……　멈췄어……
S2M:M05LOW:131	dup=S2M:M01LOW:131	お兄ちゃん……\nごめんね……	오빠……\n미안해……
S2M:M05LOW:132	dup=S2M:M01LOW:132	わーい、やったね！\nお兄ちゃん！	와ー，　해냈다！\n오빠！
S2M:M05LOW:133	dup=S2M:M01LOW:133	お兄ちゃん、\nすごい、すっごーい！	오빠，\n대단해，　정말　대단해ー！
S2M:M05LOW:134	dup=S2M:M01LOW:134	アイリス、すごいでしょ！	아이리스，　대단하지！
S2M:M05LOW:135	dup=S2M:M01LOW:135	ねぇ、ねぇ！\nほめてほめて！	있잖아，　있잖아！\n칭찬해　줘，　칭찬해　줘！
S2M:M05LOW:136	dup=S2M:M01LOW:136	お兄ちゃんがいれば、\nアイリスなんにも恐くないよ！	오빠만　있으면，\n아이리스는　안　무서워！
S2M:M05LOW:137	dup=S2M:M01LOW:137	頼んだで、大神はん。	부탁한다，　오오가미　씨．
S2M:M05LOW:138	dup=S2M:M01LOW:138	ウチらの力、見せたろうで！	우리　힘을　보여　주자！
S2M:M05LOW:139	dup=S2M:M01LOW:139	だ、大丈夫かいな、大神はん。	괜찮나，　오오가미　씨．
S2M:M05LOW:140	dup=S2M:M01LOW:140	ほな、いってみよか！	그럼，　가　볼까！
S2M:M05LOW:141	dup=S2M:M01LOW:141	大神はん、\nウチにまーかしとき！	오오가미　씨，\n나한테　맡겨！
S2M:M05LOW:142	dup=S2M:M01LOW:142	ウチががんばらんと！	내가　힘내야　해！
S2M:M05LOW:143	dup=S2M:M01LOW:143	や、やばいで……	이，　이거　위험해……
S2M:M05LOW:144	dup=S2M:M01LOW:144	お、おおきに、\n大神はん……	고，　고마워，\n오오가미　씨……
S2M:M05LOW:145	dup=S2M:M01LOW:145	もう、そないなことされたら、\nウチ……	그렇게까지　해　주면，\n나……
S2M:M05LOW:146	dup=S2M:M01LOW:146	大神はんがおらんと、\nウチ……こまるんや。	오오가미　씨가　없으면，\n나……　곤란해．
S2M:M05LOW:147	dup=S2M:M01LOW:147	そのへんで、堪忍や……	이쯤에서　봐줘……
S2M:M05LOW:148	dup=S2M:M01LOW:148	大神はん、すんまへん。	오오가미　씨，　미안해．
S2M:M05LOW:149	dup=S2M:M01LOW:149	大神はん、その調子や！	오오가미　씨，　그　기세야！
S2M:M05LOW:150	dup=S2M:M01LOW:150	ええ感じやで！　大神はん！	좋은데！　오오가미　씨！
S2M:M05LOW:151	dup=S2M:M01LOW:151	いっちょあがりや！	한　건　해냈다！
S2M:M05LOW:152	dup=S2M:M01LOW:152	大神はん、\nやったで、ウチ！	오오가미　씨，\n나　해냈어！
S2M:M05LOW:153	dup=S2M:M01LOW:153	ウチらの力を合わせれば、\n千人力や！	우리　힘을　합치면，\n천군만마야！
S2M:M05LOW:154	dup=S2M:M01LOW:154	少尉さん、\nお手並み拝見でーす！	소위님，\n실력을　보여　주세요ー！
S2M:M05LOW:155	dup=S2M:M01LOW:155	早く終わらせて帰りましょー。	빨리　끝내고　돌아가요ー．
S2M:M05LOW:156	dup=S2M:M01LOW:156	ちょっと、\nヤバそうってカンジ！	잠깐，\n좀　위험해　보이는　느낌！
S2M:M05LOW:157	dup=S2M:M01LOW:157	たのしいでーす！	재밌어요ー！
S2M:M05LOW:158	dup=S2M:M01LOW:158	わたしを見ていてくださーい！	저를　지켜봐　주세요ー！
S2M:M05LOW:159	dup=S2M:M01LOW:159	日本のオトコ、\n頼りにならないでーす！	일본　남자는，\n도움이　안　되네요ー！
S2M:M05LOW:160	dup=S2M:M01LOW:160	シャワー浴びたいでーす！	샤워하고　싶어요ー！
S2M:M05LOW:161	dup=S2M:M01LOW:161	日本のオトコに、\nかばってもらうなんて……	일본　남자에게，\n보호받다니……
S2M:M05LOW:162	dup=S2M:M01LOW:162	少尉さん、\n無理しなくていいでーす……	소위님，\n무리하지　않아도　돼요……
S2M:M05LOW:163	dup=S2M:M01LOW:163	まったく、\nダメなオトコでーす！	정말이지，\n쓸모없는　남자네요ー！
S2M:M05LOW:164	dup=S2M:M01LOW:164	これ以上はカンベンでーす！	이　이상은　봐주겠어요ー！
S2M:M05LOW:165	dup=S2M:M01LOW:165	もうだめです。\n撤退します……隊長……	이젠　안　돼요．\n후퇴할게요……　대장……
S2M:M05LOW:166	dup=S2M:M01LOW:166	なかなかやるってカンジ！	제법인데요！
S2M:M05LOW:167	dup=S2M:M01LOW:167	少尉さん、\nちょーかっこいいでーす！	소위님，\n정말　멋져요ー！
S2M:M05LOW:168	dup=S2M:M01LOW:168	楽勝でーす！	거뜬해요ー！
S2M:M05LOW:169	dup=S2M:M01LOW:169	うふっ！\n拍手をくださーい！	후훗！\n박수　쳐　주세요ー！
S2M:M05LOW:170	dup=S2M:M01LOW:170	このデュオは最高でーす！	이　듀오는　최고예요ー！
S2M:M05LOW:171	dup=S2M:M01LOW:171	……行動開始。	……행동　개시．
S2M:M05LOW:172	dup=S2M:M01LOW:171	……行動開始。	……행동　개시．
S2M:M05LOW:173	dup=S2M:M01LOW:173	……危険だよ。	……위험해．
S2M:M05LOW:174	dup=S2M:M01LOW:174	頼れるのは自分だけ……	믿을　건　나뿐……
S2M:M05LOW:175	dup=S2M:M01LOW:174	頼れるのは自分だけ……	믿을　건　나뿐……
S2M:M05LOW:176	dup=S2M:M01LOW:174	頼れるのは自分だけ……	믿을　건　나뿐……
S2M:M05LOW:177	dup=S2M:M01LOW:177	機体の損傷が激しい……	기체　손상이　심해……
S2M:M05LOW:178	dup=S2M:M01LOW:178	………………	………………
S2M:M05LOW:179	dup=S2M:M01LOW:178	………………	………………
S2M:M05LOW:180	dup=S2M:M01LOW:180	隊長……しっかり……	대장……　정신　차려……
S2M:M05LOW:181	dup=S2M:M01LOW:181	一時、撤退……	일단　후퇴……
S2M:M05LOW:182	dup=S2M:M01LOW:181	一時、撤退……	일단　후퇴……
S2M:M05LOW:183	dup=S2M:M01LOW:183	目標、撃破確認……	목표　격파　확인……
S2M:M05LOW:184	dup=S2M:M01LOW:183	目標、撃破確認……	목표　격파　확인……
S2M:M05LOW:185	dup=S2M:M01LOW:185	目標撃破……	목표　격파……
S2M:M05LOW:186	dup=S2M:M01LOW:185	目標撃破……	목표　격파……
S2M:M05LOW:187	dup=S2M:M01LOW:187	これが……ボクらの力……！	이게……　우리　힘……！
S2M:M05LOW:188	dup=S2M:M01LOW:188	そぉら、いくぜ！	자아，　간다！
S2M:M05LOW:189	dup=S2M:M01LOW:189	さぁ、楽しませてくれよ。	자，　즐겁게　해　줘．
S2M:M05LOW:190	dup=S2M:M01LOW:190	勝負は……これからだぜ！	승부는……　지금부터야！
S2M:M05LOW:191	dup=S2M:M01LOW:191	なかなか、\nやるじゃねぇか！	제법이군，\n잘하잖아！
S2M:M05LOW:192	dup=S2M:M01LOW:192	おもしれぇ……	재밌군……
S2M:M05LOW:193	dup=S2M:M01LOW:193	大丈夫か、水狐。	괜찮나，　수호．
S2M:M05LOW:194	dup=S2M:M01LOW:194	華麗に燃やしてあげますよ……	화려하게　태워　드리죠……
S2M:M05LOW:195	dup=S2M:M01LOW:195	覚悟してください。	각오하세요．
S2M:M05LOW:196	dup=S2M:M01LOW:196	あははははは！	아하하하하하！
S2M:M05LOW:197	dup=S2M:M01LOW:197	燃やしつくしてやる！	모조리　태워　주마！
S2M:M05LOW:198	dup=S2M:M01LOW:198	ご……ゴミが……	쓰……　쓰레기가……
S2M:M05LOW:199	dup=S2M:M01LOW:199	私の戦いを見せてあげる。	내　싸움을　보여　주지．
S2M:M05LOW:200	dup=S2M:M01LOW:200	やさしくしてあげるわ。	상냥하게　해　줄게．
S2M:M05LOW:201	dup=S2M:M01LOW:201	ふふふ……負けないわよ。	후후후…　지지　않을　거야．
S2M:M05LOW:202	dup=S2M:M01LOW:202	やるわね。\nさすが華撃団……	잘하네．\n역시　화격단……
S2M:M05LOW:203	dup=S2M:M01LOW:203	くっ……\nこれほどとはね……	큭……\n이　정도일　줄이야……
S2M:M05LOW:204	dup=S2M:M01LOW:204	さぁ、ワシの番じゃな。	자，　내　차례로구나．
S2M:M05LOW:205	dup=S2M:M01LOW:205	ワシの計算にぬかりはないぞ。	내　계산엔　빈틈없다．
S2M:M05LOW:206	dup=S2M:M01LOW:206	こ、このままでは\n終わらぬぞ……	이，　이대로는\n끝나지　않아……
S2M:M05LOW:207	dup=S2M:M01LOW:207	これも計算のうちじゃ。	이것도　계산　안이야．
S2M:M05LOW:208	dup=S2M:M01LOW:208	ぬうっ……\nこれは計算外じゃ……	으으……\n이건　계산　밖이야……
S2M:M05LOW:209	dup=S2M:M01LOW:209	狩りとってやる！	사냥해　주마！
S2M:M05LOW:210	dup=S2M:M01LOW:210	今、楽にしてやるからな。	지금　편하게　해　주마．
S2M:M05LOW:211	dup=S2M:M01LOW:211	ひ、ひねり殺してやる！	비，　비틀어　죽여　주마！
S2M:M05LOW:212	dup=S2M:M01LOW:212	勝ったと思うなよ……	이겼다고　생각하지　마……
S2M:M05LOW:213	dup=S2M:M01LOW:213	まだ、終わりではないぞ！	아직　끝나지　않았다！
S2M:M05LOW:214	dup=S2M:M01LOW:214	終わりにしてやる。	끝내　주마．
S2M:M05LOW:215	dup=S2M:M01LOW:215	いくぞ！　華撃団っ！	간다！　화격단！
S2M:M05LOW:216	dup=S2M:M01LOW:216	まだ、まだだっ！	아직，　아직이다！
S2M:M05LOW:217	dup=S2M:M01LOW:217	腕を上げたな……	실력이　늘었구나……
S2M:M05LOW:218	dup=S2M:M01LOW:218	ぐっ……\nわたしの復讐が……	큭……\n내　복수가……
S2M:M05LOW:219	dup=S2M:M01LOW:219	容赦はせぬぞ……	봐주지　않겠다……
S2M:M05LOW:220	dup=S2M:M01LOW:220	お前たちの罪を知れ……	너희의　죄를　깨달아라……
S2M:M05LOW:221	dup=S2M:M01LOW:221	戦いとはいつも無常だ……	싸움은　언제나　덧없다……
S2M:M05LOW:222	dup=S2M:M01LOW:222	愛は死んだ……	사랑은　죽었다……
S2M:M05LOW:223	dup=S2M:M01LOW:223	ぬぅ……やるな……	으음……　제법이군……
S2M:M05LOW:224	dup=S2M:M01LOW:224	私に触れるな！	나에게　손대지　마！
S2M:M05LOW:225	dup=S2M:M01LOW:225	帝都の恨みは、\nこの程度ではないぞ……	제도의　원한은，\n이　정도가　아니다……
S2M:M05LOW:226	dup=S2M:M01LOW:226	最後に勝つのは……私だ！	최후의　승자는……　나다！
S2M:M05LOW:227	dup=S2M:M01LOW:227	この程度で……ぬうっ！	이　정도로……　으음！
S2M:M05LOW:228	dup=S2M:M01LOW:228	思い上がるな……\n偽善者めっ！	우쭐대지　마……\n위선자　자식！
S2M:M07LOW:0	dup=S2M:M01LOW:0	疾きこと風のごとく……\n移動力重視の作戦だ！	빠르기는　바람처럼……\n이동력　중시　작전이다！
S2M:M07LOW:1	dup=S2M:M01LOW:1	今は、この命令を出している。\n移動力を活かして戦おう。	현재　명령은　이것이다．\n이동력을　살려　싸우자．
S2M:M07LOW:2	dup=S2M:M01LOW:2	花組各員に通達！\n「風」作戦を開始するぞ！	화조　전원에게　통보！\n「풍」　작전　개시다！
S2M:M07LOW:3	dup=S2M:M01LOW:3	林のように心静かに……\n本来の力を引き出すんだ！	숲처럼　마음을　고요히……\n본래의　힘을　끌어내자！
S2M:M07LOW:4	dup=S2M:M01LOW:4	今は、この命令を出している。\n本来の力で敵に立ち向かおう。	현재　명령은　이것이다．\n본래의　힘으로　맞서자．
S2M:M07LOW:5	dup=S2M:M01LOW:5	花組各員に通達！\n「林」作戦を開始するぞ！	화조　전원에게　통보！\n「림」　작전　개시다！
S2M:M07LOW:6	dup=S2M:M01LOW:6	炎のように熱く燃える……\n攻撃力重視の作戦だ！	불처럼　뜨겁게　타오르는……\n공격력　중시　작전이다！
S2M:M07LOW:7	dup=S2M:M01LOW:7	今は、この命令を出している。\n攻撃力を活かして戦おう。	현재　명령은　이것이다．\n공격력을　살려　싸우자．
S2M:M07LOW:8	dup=S2M:M01LOW:8	花組各員に通達！\n「火」作戦を開始するぞ！	화조　전원에게　통보！\n「화」　작전　개시다！
S2M:M07LOW:9	dup=S2M:M01LOW:9	構えること山のごとく……\n防御力重視の作戦だ！	산처럼　굳건히　버티는……\n방어력　중시　작전이다！
S2M:M07LOW:10	dup=S2M:M01LOW:10	今は、この命令を出している。\n防御力を活かして戦おう。	현재　명령은　이것이다．\n방어력을　살려　싸우자．
S2M:M07LOW:11	dup=S2M:M01LOW:11	花組各員に通達！\n「山」作戦を開始するぞ！	화조　전원에게　통보！\n「산」　작전　개시다！
S2M:M07LOW:12	dup=S2M:M01LOW:12	このままの作戦でいくぞ！	이대로　작전을　계속한다！
S2M:M07LOW:13	dup=S2M:M01LOW:13	了解！	알겠습니다！
S2M:M07LOW:14		レニは、水狐の術で\n操られているわ。	레니는　수호의　술법에\n조종당하고　있어．
S2M:M07LOW:15		敵は多いけれど、\nなんとかレニに接近して、\nうまく説得してみて。	적은　많지만，\n어떻게든　레니에게　접근해\n잘　설득해　봐．
S2M:M07LOW:16		レニの心を取り戻せるのは、\n大神くん、あなただけよ！	오오가미　군，　네가　구해！
S2M:M07LOW:17	dup=S2M:M07LOW:14	レニは、水狐の術で\n操られているわ。	레니는　수호의　술법에\n조종당하고　있어．
S2M:M07LOW:18	dup=S2M:M07LOW:15	敵は多いけれど、\nなんとかレニに接近して、\nうまく説得してみて。	적은　많지만，\n어떻게든　레니에게　접근해\n잘　설득해　봐．
S2M:M07LOW:19	dup=S2M:M07LOW:16	レニの心を取り戻せるのは、\n大神くん、あなただけよ！	오오가미　군，　네가　구해！
S2M:M07LOW:20	dup=S2M:M02LOW:20	大神さん、山崎は強いわ。\n一時撤退しましょう！	야마자키는　강해요．\n일단　후퇴하죠！
S2M:M07LOW:21	dup=S2M:M01LOW:21	０メッセージ３－２	０메시지３－２
S2M:M07LOW:22	dup=S2M:M01LOW:22	０メッセージ３－３	０메시지３－３
S2M:M07LOW:23	dup=S2M:M01LOW:23	花組の隊長、大神一郎。\n高い戦闘力と、\n勇敢な心を持っている。	화조　대장，　오오가미．\n높은　전투력과\n용감한　마음을　지녔다．
S2M:M07LOW:24	dup=S2M:M01LOW:24	北辰一刀流、真宮寺さくら。\n素早い動きで、\n敵を一刀両断する。	북진일도류，　사쿠라．\n빠른　움직임으로\n적을　일도양단한다．
S2M:M07LOW:25	dup=S2M:M01LOW:25	神崎風塵流、神崎すみれ。\n華麗なナギナタの技は、\n見るものの心をもとらえる。	칸자키　풍진류，　스미레．\n화려한　나기나타　기술은\n보는　이의　마음마저　홀려．
S2M:M07LOW:26	dup=S2M:M01LOW:26	射撃手、マリア・タチバナ。\n氷の銃弾は、狙った\n獲物を決して逃さない。	사격수，　마리아．\n얼음　탄환은　노린\n먹이를　놓치지　않는다．
S2M:M07LOW:27	dup=S2M:M01LOW:27	桐島流空手、桐島カンナ。\n圧倒的なパワーで、むらがる\n敵を粉砕する。	가라테의　달인，　칸나．\n압도적　파워로　몰려드는\n적을　분쇄한다．
S2M:M07LOW:28	dup=S2M:M01LOW:28	花組のマスコット、アイリス。\n超能力を使った、\n不思議な攻撃で敵と戦う。	화조의　마스코트，\n아이리스．\n초능력으로　적과　싸운다．
S2M:M07LOW:29	dup=S2M:M01LOW:29	発明家、李紅蘭。\n次々に繰り出す発明品で、\n敵味方をあっといわせるぞ。	발명가，　코란．\n신제품을　잇달아　내놓아\n적과　아군을　놀라게　한다．
S2M:M07LOW:30	dup=S2M:M01LOW:30	元星組隊員、ソレッタ・織姫。\nイタリアンローズの機体に乗り\n赤い貴族と呼ばれている。	전　별조　대원，　오리히메．\n이탈리안　로즈를　타고\n붉은　귀족이라　불린다．
S2M:M07LOW:31		星組機・アイゼンクライト。\nレニ機はランスを装備しており\n抜群の攻撃力を誇る。	별조　아이젠크라이트．\n레니기는　랜스　장비로\n강해．
S2M:M07LOW:32	dup=S2M:M05LOW:32	魔操機兵、脇侍・改。\n長剣を装備したものは、\nイ型乙と呼ばれる。	마조기병，　협시・개．\n장검을　장비한　것은\n이형　을이라　부른다．
S2M:M07LOW:33	dup=S2M:M01LOW:33	魔操機兵、脇侍・改。\n鉄砲を装備したものは、\nロ型と呼ばれる。	마조기병，　협시・개．\n총을　장비한　것은\n로형이라　부른다．
S2M:M07LOW:34		魔操機兵「宝形」\n五行衆・水狐の乗る機体。\n鉄扇による鋭い攻撃を行う。	마조기병　「보형」\n오행중・수호가　타는　기체．\n철선으로　날카롭게　공격．
S2M:M07LOW:35	dup=S2M:M01LOW:37	黒鬼会の魔操機兵、脇侍・改。\n大砲を装備したものは、\nハ型と呼ばれる。	흑귀회의　마조기병，\n협시・개．　대포를　장비한\n것은　하형이라　부른다．
S2M:M07LOW:36		魔操機兵、脇侍・改。\nロ型脇侍は、イ型脇侍の支援を\n目的として開発されている。	마조기병，　협시・개．\n로형　협시는　이형　협시를\n지원하도록　개발됐다．
S2M:M07LOW:37		「雷撃砲」\nロ型脇侍よりも長い射程を持つ\n長射程砲台。	「뇌격포」　로형　협시보다\n사거리가　길고　장거리\n포대．
S2M:M07LOW:38	dup=S2M:M01LOW:38	黒鬼会の魔操機兵、脇侍・改。\n実は、あまり忠誠心は\nないので、がっかりだ。	흑귀회의　마조기병，\n협시・개．　사실　충성심은\n그다지　없어서　실망스럽다．
S2M:M07LOW:39	dup=S2M:M01LOW:37	黒鬼会の魔操機兵、脇侍・改。\n大砲を装備したものは、\nハ型と呼ばれる。	흑귀회의　마조기병，\n협시・개．　대포를　장비한\n것은　하형이라　부른다．
S2M:M07LOW:40	dup=S2M:M01LOW:40	メッセージ１８	메시지　１８
S2M:M07LOW:41	dup=S2M:M01LOW:41	メッセージ１９	메시지　１９
S2M:M07LOW:42	dup=S2M:M01LOW:42	メッセージ２０	메시지　２０
S2M:M07LOW:43	dup=S2M:M01LOW:43	今のところ、\nかばう必要はなさそうだな。	지금은\n보호할　필요　없어　보이네．
S2M:M07LOW:44	dup=S2M:M01LOW:44	さくらくん……\n君は俺が守る！	사쿠라　군……\n내가　지킬게！
S2M:M07LOW:45	dup=S2M:M01LOW:45	すみれくん……\n君の盾になってもいいかい。	스미레　군……\n네　방패가　되어도　될까？
S2M:M07LOW:46	dup=S2M:M01LOW:46	マリア……\n君の背中を守らせてくれ。	마리아……\n네　뒤를　지키게　해　줘．
S2M:M07LOW:47	dup=S2M:M01LOW:47	カンナ……\n俺は、君を全力で守るぞ！	칸나……　내가　온　힘을\n다해　지키마！
S2M:M07LOW:48	dup=S2M:M01LOW:48	アイリス……\n俺が側にいるから、\n安心していいよ。	아이리스……\n내가　곁에　있으니，\n안심해도　돼．
S2M:M07LOW:49	dup=S2M:M01LOW:49	紅蘭……\nいつだって君を助けにゆくよ。	코란……\n언제든　널　도우러　갈게．
S2M:M07LOW:50	dup=S2M:M01LOW:50	織姫くん……\n苦しいときは、\nいつでも俺を呼んでくれ！	오리히메　군……\n힘들　때는，\n언제든　날　불러！
S2M:M07LOW:51	dup=S2M:M01LOW:51	レニ……\nたまには、\n守られたっていいだろう？	레니……\n가끔은，\n보호받아도　괜찮잖아？
S2M:M07LOW:52	dup=S2M:M01LOW:52	がんばって！　大神さん！	힘내요！　오오가미　씨！
S2M:M07LOW:53	dup=S2M:M01LOW:53	大神さんが頼りです！	오오가미　씨만　믿을게요！
S2M:M07LOW:54	dup=S2M:M01LOW:54	無理しないでください、\n大神さん……	무리하지　마세요，\n오오가미　씨……
S2M:M07LOW:55	dup=S2M:M01LOW:55	がんばります！	힘낼게요！
S2M:M07LOW:56	dup=S2M:M01LOW:56	大神さんのために……\nあたし、やります！	오오가미　씨를　위해……\n제가　할게요！
S2M:M07LOW:57	dup=S2M:M01LOW:57	あたしが\nがんばらなくっちゃ！	제가　힘내야　해요！
S2M:M07LOW:58	dup=S2M:M01LOW:58	あたし……負けないわ……	저…　지지　않을　거예요…
S2M:M07LOW:59	dup=S2M:M01LOW:59	……ありがとうございます。\n大神さん。	……감사합니다．\n오오가미　씨．
S2M:M07LOW:60	dup=S2M:M01LOW:60	大神さんがいてくれるから、\nあたし、がんばれます！	오오가미　씨가　계시니까\n저도　힘낼　수　있어요！
S2M:M07LOW:61	dup=S2M:M01LOW:61	大丈夫ですか……大神さん。	괜찮으세요…　오오가미　씨．
S2M:M07LOW:62	dup=S2M:M01LOW:62	大神さん……\nごめんなさい……	오오가미　씨……\n죄송해요……
S2M:M07LOW:63	dup=S2M:M01LOW:63	ここは大神さんに\nお任せします……\n……ごめんなさい。	여기는　오오가미　씨에게\n맡길게요……\n……죄송해요．
S2M:M07LOW:64	dup=S2M:M01LOW:64	やりましたね、大神さん！	해냈네요，　오오가미　씨！
S2M:M07LOW:65	dup=S2M:M01LOW:65	今日の大神さん、\n一味違いますね。	오늘　오오가미　씨는\n평소와　다르네요．
S2M:M07LOW:66	dup=S2M:M01LOW:66	やりました！	해냈어요！
S2M:M07LOW:67	dup=S2M:M01LOW:67	大神さんのおかげです！	오오가미　씨　덕분이에요！
S2M:M07LOW:68	dup=S2M:M01LOW:68	大神さん……\nあたし、信じています。	오오가미　씨……\n저는　믿고　있어요．
S2M:M07LOW:69	dup=S2M:M01LOW:69	見せ場がきましてよ、少尉。	제　무대네요，　소위님．
S2M:M07LOW:70	dup=S2M:M01LOW:70	がんばってください、\nわたくしのために……	힘내　주세요，\n저를　위해……
S2M:M07LOW:71	dup=S2M:M01LOW:71	無理は禁物ですわ……	무리는　금물이에요……
S2M:M07LOW:72	dup=S2M:M01LOW:72	さあ、いきますわよ！	자，　갑니다！
S2M:M07LOW:73	dup=S2M:M01LOW:73	少尉、わたくしを\n見ていてくださいな。	소위님，\n저를　지켜봐　주세요．
S2M:M07LOW:74	dup=S2M:M01LOW:74	わたくしでなくては\nダメですわね。	저여야만　하겠군요．
S2M:M07LOW:75	dup=S2M:M01LOW:75	こ、この程度で……	이，　이　정도로……
S2M:M07LOW:76	dup=S2M:M01LOW:76	うれしいですわ……\n少尉……	기뻐요……\n소위님……
S2M:M07LOW:77	dup=S2M:M01LOW:77	わたくしを守ることが\nできるのは少尉だけですわ。	저를　지킬　수　있는　건\n소위님뿐이에요．
S2M:M07LOW:78	dup=S2M:M01LOW:78	かっ、身体が勝手に\n動いただけですわ……	몸이　저절로\n움직였을　뿐이에요……
S2M:M07LOW:79	dup=S2M:M01LOW:79	わたくしとしたことが……	저답지　않게……
S2M:M07LOW:80	dup=S2M:M01LOW:80	少尉を……\n……置いてはいけないのに！	소위님을……\n……두고　갈　수는　없는데！
S2M:M07LOW:81	dup=S2M:M01LOW:81	お見事ですわ、少尉。	훌륭해요，　소위님．
S2M:M07LOW:82	dup=S2M:M01LOW:82	りりしいですわよ、少尉。	늠름하시네요，　소위님．
S2M:M07LOW:83	dup=S2M:M01LOW:83	たいしたことありませんわね。	별것도　아니네요．
S2M:M07LOW:84	dup=S2M:M01LOW:84	見てくださいました？　少尉。	보셨나요？　소위님．
S2M:M07LOW:85	dup=S2M:M01LOW:85	んふっ、\nちょろいもんですわね。\nねぇ、少尉……	후훗，\n이　정도야　식은　죽이죠．\n그렇죠，　소위님……
S2M:M07LOW:86	dup=S2M:M01LOW:86	隊長、お願いします。	대장님，　부탁드려요．
S2M:M07LOW:87	dup=S2M:M01LOW:87	隊長……\n信じています。	대장님……\n믿고　있어요．
S2M:M07LOW:88	dup=S2M:M01LOW:88	隊長……\n慎重にいきましょう。	대장님……\n신중하게　가죠．
S2M:M07LOW:89	dup=S2M:M01LOW:89	さぁ、覚悟しなさい。	자，　각오하세요．
S2M:M07LOW:90	dup=S2M:M01LOW:90	私には、隊長が\nついていてくれる……	저에겐　대장님이\n곁에　계시니까……
S2M:M07LOW:91	dup=S2M:M01LOW:91	私がしっかりしなくては……	제가　정신　차려야……
S2M:M07LOW:92	dup=S2M:M01LOW:92	くっ、まだ……やれる！	큭，아직……　할　수　있어！
S2M:M07LOW:93	dup=S2M:M01LOW:93	すいません、隊長。	죄송해요，　대장님．
S2M:M07LOW:94	dup=S2M:M01LOW:94	隊長の背中……\nとても大きく見えます……	대장님　등……\n정말　커　보이네요……
S2M:M07LOW:95	dup=S2M:M01LOW:95	隊長が無事でよかった……	대장님이　무사해서　다행……
S2M:M07LOW:96	dup=S2M:M01LOW:96	隊長……申し訳ありません……	대장님……　죄송해요……
S2M:M07LOW:97	dup=S2M:M01LOW:97	もう少し……\n隊長と共に……	조금만　더……\n대장님과　함께……
S2M:M07LOW:98	dup=S2M:M01LOW:98	やりますね、隊長。	잘하시네요，　대장님．
S2M:M07LOW:99	dup=S2M:M01LOW:99	隊長が\nいてくださってよかった……	대장님이　계셔서　다행……
S2M:M07LOW:100	dup=S2M:M01LOW:100	ふんっ！　この程度……？	흥！　이　정도……？
S2M:M07LOW:101	dup=S2M:M01LOW:101	隊長、すばらしい指揮です！	대장님，　훌륭한　지휘예요！
S2M:M07LOW:102	dup=S2M:M01LOW:102	隊長が、私の力を\n何倍にもしてくれます。	대장님이　제　힘을\n몇　배나　키워　주세요．
S2M:M07LOW:103	dup=S2M:M01LOW:103	やっちまえ！　隊長！	해치워！　대장님！
S2M:M07LOW:104	dup=S2M:M01LOW:104	あたいがついてるぜ、隊長。	내가　곁에　있어，　대장．
S2M:M07LOW:105	dup=S2M:M01LOW:105	隊長の気合を見せてくれ！	대장님，　기합을　보여　줘！
S2M:M07LOW:106	dup=S2M:M01LOW:106	あたいの番だな！	내　차례구나！
S2M:M07LOW:107	dup=S2M:M01LOW:107	みていてくれよなっ！\n隊長！	지켜봐　줘！\n대장！
S2M:M07LOW:108	dup=S2M:M01LOW:108	まとめて面倒みるぜ！	한꺼번에　상대해　주마！
S2M:M07LOW:109	dup=S2M:M01LOW:109	まだまだ、\nどんどんかかってこいっ！	아직　멀었어，\n어서　덤벼！
S2M:M07LOW:110	dup=S2M:M01LOW:110	すまねぇな、隊長。	미안하군，　대장．
S2M:M07LOW:111	dup=S2M:M01LOW:111	へへっ、\n守られるってのも悪くないな。	헤헤，　보호받는　것도\n나쁘지　않군．
S2M:M07LOW:112	dup=S2M:M01LOW:112	へへっ、らしくないぜぇ？\n隊長！	헤헤，　나답지　않지？\n대장！
S2M:M07LOW:113	dup=S2M:M01LOW:113	ちくしょう……\nこんなところで……	젠장……\n이런　곳에서……
S2M:M07LOW:114	dup=S2M:M01LOW:114	隊長、すまない。\nあたいの分まで\nがんばってくれ！	대장，　미안하다．\n내　몫까지\n힘내　줘！
S2M:M07LOW:115	dup=S2M:M01LOW:115	やるじゃねぇか！　隊長！	제법이잖아！　대장！
S2M:M07LOW:116	dup=S2M:M01LOW:116	ほれぼれするぜ！　隊長！	감탄스럽군！　대장！
S2M:M07LOW:117	dup=S2M:M01LOW:117	ざっとこんなもんだぜ！	대충　이　정도지！
S2M:M07LOW:118	dup=S2M:M01LOW:118	へっへーん！\nどうだい！　隊長！	헤헤ー！\n어때！　대장！
S2M:M07LOW:119	dup=S2M:M01LOW:119	誰もあたいたちを\n止められねぇぜ！	아무도　우릴\n막을　수　없어！
S2M:M07LOW:120	dup=S2M:M01LOW:120	がんばろうね、お兄ちゃん。	힘내자，　오빠．
S2M:M07LOW:121	dup=S2M:M01LOW:121	お兄ちゃん、いっけぇー！	오빠，　가ー！
S2M:M07LOW:122	dup=S2M:M01LOW:122	お兄ちゃん……負けないで！	오빠……　지지　마！
S2M:M07LOW:123	dup=S2M:M01LOW:123	アイリス、いきまーす！	아이리스，　갑니다아！
S2M:M07LOW:124	dup=S2M:M01LOW:124	えへへっ、\nアイリスがんばるよ！	에헤헤，\n아이리스　힘낼게！
S2M:M07LOW:125	dup=S2M:M01LOW:125	アイリスが\nがんばらなくちゃ！	아이리스가\n힘내야　해！
S2M:M07LOW:126	dup=S2M:M01LOW:126	アイリス……もうだめ……	아이리스…　이제　안　돼…
S2M:M07LOW:127	dup=S2M:M01LOW:127	アイリスのために\n来てくれたんだぁー！	아이리스를　위해　왔구나ー！
S2M:M07LOW:128	dup=S2M:M01LOW:128	お兄ちゃんは、\n白馬のおうじさまだね！	오빠는\n백마　탄　왕자님이네！
S2M:M07LOW:129	dup=S2M:M01LOW:129	お兄ちゃん……\nアイリスがついてるからね。	오빠……\n아이리스가　곁에　있을게．
S2M:M07LOW:130	dup=S2M:M01LOW:130	あ……止まっちゃった……	아……　멈췄어……
S2M:M07LOW:131	dup=S2M:M01LOW:131	お兄ちゃん……\nごめんね……	오빠……\n미안해……
S2M:M07LOW:132	dup=S2M:M01LOW:132	わーい、やったね！\nお兄ちゃん！	와ー，　해냈다！\n오빠！
S2M:M07LOW:133	dup=S2M:M01LOW:133	お兄ちゃん、\nすごい、すっごーい！	오빠，\n대단해，　정말　대단해ー！
S2M:M07LOW:134	dup=S2M:M01LOW:134	アイリス、すごいでしょ！	아이리스，　대단하지！
S2M:M07LOW:135	dup=S2M:M01LOW:135	ねぇ、ねぇ！\nほめてほめて！	있잖아，　있잖아！\n칭찬해　줘，　칭찬해　줘！
S2M:M07LOW:136	dup=S2M:M01LOW:136	お兄ちゃんがいれば、\nアイリスなんにも恐くないよ！	오빠만　있으면，\n아이리스는　안　무서워！
S2M:M07LOW:137	dup=S2M:M01LOW:137	頼んだで、大神はん。	부탁한다，　오오가미　씨．
S2M:M07LOW:138	dup=S2M:M01LOW:138	ウチらの力、見せたろうで！	우리　힘을　보여　주자！
S2M:M07LOW:139	dup=S2M:M01LOW:139	だ、大丈夫かいな、大神はん。	괜찮나，　오오가미　씨．
S2M:M07LOW:140	dup=S2M:M01LOW:140	ほな、いってみよか！	그럼，　가　볼까！
S2M:M07LOW:141	dup=S2M:M01LOW:141	大神はん、\nウチにまーかしとき！	오오가미　씨，\n나한테　맡겨！
S2M:M07LOW:142	dup=S2M:M01LOW:142	ウチががんばらんと！	내가　힘내야　해！
S2M:M07LOW:143	dup=S2M:M01LOW:143	や、やばいで……	이，　이거　위험해……
S2M:M07LOW:144	dup=S2M:M01LOW:144	お、おおきに、\n大神はん……	고，　고마워，\n오오가미　씨……
S2M:M07LOW:145	dup=S2M:M01LOW:145	もう、そないなことされたら、\nウチ……	그렇게까지　해　주면，\n나……
S2M:M07LOW:146	dup=S2M:M01LOW:146	大神はんがおらんと、\nウチ……こまるんや。	오오가미　씨가　없으면，\n나……　곤란해．
S2M:M07LOW:147	dup=S2M:M01LOW:147	そのへんで、堪忍や……	이쯤에서　봐줘……
S2M:M07LOW:148	dup=S2M:M01LOW:148	大神はん、すんまへん。	오오가미　씨，　미안해．
S2M:M07LOW:149	dup=S2M:M01LOW:149	大神はん、その調子や！	오오가미　씨，　그　기세야！
S2M:M07LOW:150	dup=S2M:M01LOW:150	ええ感じやで！　大神はん！	좋은데！　오오가미　씨！
S2M:M07LOW:151	dup=S2M:M01LOW:151	いっちょあがりや！	한　건　해냈다！
S2M:M07LOW:152	dup=S2M:M01LOW:152	大神はん、\nやったで、ウチ！	오오가미　씨，\n나　해냈어！
S2M:M07LOW:153	dup=S2M:M01LOW:153	ウチらの力を合わせれば、\n千人力や！	우리　힘을　합치면，\n천군만마야！
S2M:M07LOW:154	dup=S2M:M01LOW:154	少尉さん、\nお手並み拝見でーす！	소위님，\n실력을　보여　주세요ー！
S2M:M07LOW:155	dup=S2M:M01LOW:155	早く終わらせて帰りましょー。	빨리　끝내고　돌아가요ー．
S2M:M07LOW:156	dup=S2M:M01LOW:156	ちょっと、\nヤバそうってカンジ！	잠깐，\n좀　위험해　보이는　느낌！
S2M:M07LOW:157	dup=S2M:M01LOW:157	たのしいでーす！	재밌어요ー！
S2M:M07LOW:158	dup=S2M:M01LOW:158	わたしを見ていてくださーい！	저를　지켜봐　주세요ー！
S2M:M07LOW:159	dup=S2M:M01LOW:159	日本のオトコ、\n頼りにならないでーす！	일본　남자는，\n도움이　안　되네요ー！
S2M:M07LOW:160	dup=S2M:M01LOW:160	シャワー浴びたいでーす！	샤워하고　싶어요ー！
S2M:M07LOW:161	dup=S2M:M01LOW:161	日本のオトコに、\nかばってもらうなんて……	일본　남자에게，\n보호받다니……
S2M:M07LOW:162	dup=S2M:M01LOW:162	少尉さん、\n無理しなくていいでーす……	소위님，\n무리하지　않아도　돼요……
S2M:M07LOW:163	dup=S2M:M01LOW:163	まったく、\nダメなオトコでーす！	정말이지，\n쓸모없는　남자네요ー！
S2M:M07LOW:164	dup=S2M:M01LOW:164	これ以上はカンベンでーす！	이　이상은　봐주겠어요ー！
S2M:M07LOW:165	dup=S2M:M01LOW:165	もうだめです。\n撤退します……隊長……	이젠　안　돼요．\n후퇴할게요……　대장……
S2M:M07LOW:166	dup=S2M:M01LOW:166	なかなかやるってカンジ！	제법인데요！
S2M:M07LOW:167	dup=S2M:M01LOW:167	少尉さん、\nちょーかっこいいでーす！	소위님，\n정말　멋져요ー！
S2M:M07LOW:168	dup=S2M:M01LOW:168	楽勝でーす！	거뜬해요ー！
S2M:M07LOW:169	dup=S2M:M01LOW:169	うふっ！\n拍手をくださーい！	후훗！\n박수　쳐　주세요ー！
S2M:M07LOW:170	dup=S2M:M01LOW:170	このデュオは最高でーす！	이　듀오는　최고예요ー！
S2M:M07LOW:171	dup=S2M:M01LOW:171	……行動開始。	……행동　개시．
S2M:M07LOW:172		隊長、気を付けて。	대장님，　조심하세요．
S2M:M07LOW:173	dup=S2M:M01LOW:173	……危険だよ。	……위험해．
S2M:M07LOW:174		いくよ！	가자！
S2M:M07LOW:175		指示、よろしく。	지시，　잘　부탁해．
S2M:M07LOW:176	dup=S2M:M01LOW:174	頼れるのは自分だけ……	믿을　건　나뿐……
S2M:M07LOW:177	dup=S2M:M01LOW:177	機体の損傷が激しい……	기체　손상이　심해……
S2M:M07LOW:178	dup=S2M:M01LOW:178	………………	………………
S2M:M07LOW:179		……ありがとう。	…고마워．
S2M:M07LOW:180	dup=S2M:M01LOW:180	隊長……しっかり……	대장……　정신　차려……
S2M:M07LOW:181	dup=S2M:M01LOW:181	一時、撤退……	일단　후퇴……
S2M:M07LOW:182		隊長、\nあとは……よろしく。	대장，\n나머지는……　부탁해．
S2M:M07LOW:183	dup=S2M:M01LOW:183	目標、撃破確認……	목표　격파　확인……
S2M:M07LOW:184		やるね、隊長。	잘하네，　대장．
S2M:M07LOW:185	dup=S2M:M01LOW:185	目標撃破……	목표　격파……
S2M:M07LOW:186		隊長……\n次の指示を……	대장……\n다음　지시를……
S2M:M07LOW:187	dup=S2M:M01LOW:187	これが……ボクらの力……！	이게……　우리　힘……！
S2M:M07LOW:188	dup=S2M:M01LOW:188	そぉら、いくぜ！	자아，　간다！
S2M:M07LOW:189	dup=S2M:M01LOW:189	さぁ、楽しませてくれよ。	자，　즐겁게　해　줘．
S2M:M07LOW:190	dup=S2M:M01LOW:190	勝負は……これからだぜ！	승부는……　지금부터야！
S2M:M07LOW:191	dup=S2M:M01LOW:191	なかなか、\nやるじゃねぇか！	제법이군，\n잘하잖아！
S2M:M07LOW:192	dup=S2M:M01LOW:192	おもしれぇ……	재밌군……
S2M:M07LOW:193	dup=S2M:M01LOW:193	大丈夫か、水狐。	괜찮나，　수호．
S2M:M07LOW:194	dup=S2M:M01LOW:194	華麗に燃やしてあげますよ……	화려하게　태워　드리죠……
S2M:M07LOW:195	dup=S2M:M01LOW:195	覚悟してください。	각오하세요．
S2M:M07LOW:196	dup=S2M:M01LOW:196	あははははは！	아하하하하하！
S2M:M07LOW:197	dup=S2M:M01LOW:197	燃やしつくしてやる！	모조리　태워　주마！
S2M:M07LOW:198	dup=S2M:M01LOW:198	ご……ゴミが……	쓰……　쓰레기가……
S2M:M07LOW:199	dup=S2M:M01LOW:199	私の戦いを見せてあげる。	내　싸움을　보여　주지．
S2M:M07LOW:200	dup=S2M:M01LOW:200	やさしくしてあげるわ。	상냥하게　해　줄게．
S2M:M07LOW:201	dup=S2M:M01LOW:201	ふふふ……負けないわよ。	후후후…　지지　않을　거야．
S2M:M07LOW:202	dup=S2M:M01LOW:202	やるわね。\nさすが華撃団……	잘하네．\n역시　화격단……
S2M:M07LOW:203	dup=S2M:M01LOW:203	くっ……\nこれほどとはね……	큭……\n이　정도일　줄이야……
S2M:M07LOW:204	dup=S2M:M01LOW:204	さぁ、ワシの番じゃな。	자，　내　차례로구나．
S2M:M07LOW:205	dup=S2M:M01LOW:205	ワシの計算にぬかりはないぞ。	내　계산엔　빈틈없다．
S2M:M07LOW:206	dup=S2M:M01LOW:206	こ、このままでは\n終わらぬぞ……	이，　이대로는\n끝나지　않아……
S2M:M07LOW:207	dup=S2M:M01LOW:207	これも計算のうちじゃ。	이것도　계산　안이야．
S2M:M07LOW:208	dup=S2M:M01LOW:208	ぬうっ……\nこれは計算外じゃ……	으으……\n이건　계산　밖이야……
S2M:M07LOW:209	dup=S2M:M01LOW:209	狩りとってやる！	사냥해　주마！
S2M:M07LOW:210	dup=S2M:M01LOW:210	今、楽にしてやるからな。	지금　편하게　해　주마．
S2M:M07LOW:211	dup=S2M:M01LOW:211	ひ、ひねり殺してやる！	비，　비틀어　죽여　주마！
S2M:M07LOW:212	dup=S2M:M01LOW:212	勝ったと思うなよ……	이겼다고　생각하지　마……
S2M:M07LOW:213	dup=S2M:M01LOW:213	まだ、終わりではないぞ！	아직　끝나지　않았다！
S2M:M07LOW:214	dup=S2M:M01LOW:214	終わりにしてやる。	끝내　주마．
S2M:M07LOW:215	dup=S2M:M01LOW:215	いくぞ！　華撃団っ！	간다！　화격단！
S2M:M07LOW:216	dup=S2M:M01LOW:216	まだ、まだだっ！	아직，　아직이다！
S2M:M07LOW:217	dup=S2M:M01LOW:217	腕を上げたな……	실력이　늘었구나……
S2M:M07LOW:218	dup=S2M:M01LOW:218	ぐっ……\nわたしの復讐が……	큭……\n내　복수가……
S2M:M07LOW:219	dup=S2M:M01LOW:219	容赦はせぬぞ……	봐주지　않겠다……
S2M:M07LOW:220	dup=S2M:M01LOW:220	お前たちの罪を知れ……	너희의　죄를　깨달아라……
S2M:M07LOW:221	dup=S2M:M01LOW:221	戦いとはいつも無常だ……	싸움은　언제나　덧없다……
S2M:M07LOW:222	dup=S2M:M01LOW:222	愛は死んだ……	사랑은　죽었다……
S2M:M07LOW:223	dup=S2M:M01LOW:223	ぬぅ……やるな……	으음……　제법이군……
S2M:M07LOW:224	dup=S2M:M01LOW:224	私に触れるな！	나에게　손대지　마！
S2M:M07LOW:225	dup=S2M:M01LOW:225	帝都の恨みは、\nこの程度ではないぞ……	제도의　원한은，\n이　정도가　아니다……
S2M:M07LOW:226	dup=S2M:M01LOW:226	最後に勝つのは……私だ！	최후의　승자는……　나다！
S2M:M07LOW:227	dup=S2M:M01LOW:227	この程度で……ぬうっ！	이　정도로……　으음！
S2M:M07LOW:228	dup=S2M:M01LOW:228	思い上がるな……\n偽善者めっ！	우쭐대지　마……\n위선자　자식！
S2M:M08LOW:0	dup=S2M:M01LOW:0	疾きこと風のごとく……\n移動力重視の作戦だ！	빠르기는　바람처럼……\n이동력　중시　작전이다！
S2M:M08LOW:1	dup=S2M:M01LOW:1	今は、この命令を出している。\n移動力を活かして戦おう。	현재　명령은　이것이다．\n이동력을　살려　싸우자．
S2M:M08LOW:2	dup=S2M:M01LOW:2	花組各員に通達！\n「風」作戦を開始するぞ！	화조　전원에게　통보！\n「풍」　작전　개시다！
S2M:M08LOW:3	dup=S2M:M01LOW:3	林のように心静かに……\n本来の力を引き出すんだ！	숲처럼　마음을　고요히……\n본래의　힘을　끌어내자！
S2M:M08LOW:4	dup=S2M:M01LOW:4	今は、この命令を出している。\n本来の力で敵に立ち向かおう。	현재　명령은　이것이다．\n본래의　힘으로　맞서자．
S2M:M08LOW:5	dup=S2M:M01LOW:5	花組各員に通達！\n「林」作戦を開始するぞ！	화조　전원에게　통보！\n「림」　작전　개시다！
S2M:M08LOW:6	dup=S2M:M01LOW:6	炎のように熱く燃える……\n攻撃力重視の作戦だ！	불처럼　뜨겁게　타오르는……\n공격력　중시　작전이다！
S2M:M08LOW:7	dup=S2M:M01LOW:7	今は、この命令を出している。\n攻撃力を活かして戦おう。	현재　명령은　이것이다．\n공격력을　살려　싸우자．
S2M:M08LOW:8	dup=S2M:M01LOW:8	花組各員に通達！\n「火」作戦を開始するぞ！	화조　전원에게　통보！\n「화」　작전　개시다！
S2M:M08LOW:9	dup=S2M:M01LOW:9	構えること山のごとく……\n防御力重視の作戦だ！	산처럼　굳건히　버티는……\n방어력　중시　작전이다！
S2M:M08LOW:10	dup=S2M:M01LOW:10	今は、この命令を出している。\n防御力を活かして戦おう。	현재　명령은　이것이다．\n방어력을　살려　싸우자．
S2M:M08LOW:11	dup=S2M:M01LOW:11	花組各員に通達！\n「山」作戦を開始するぞ！	화조　전원에게　통보！\n「산」　작전　개시다！
S2M:M08LOW:12	dup=S2M:M01LOW:12	このままの作戦でいくぞ！	이대로　작전을　계속한다！
S2M:M08LOW:13	dup=S2M:M01LOW:13	了解！	알겠습니다！
S2M:M08LOW:14		水狐の乗る魔操機兵、\n「宝形」を撃破して！	수호가　탄　마조기병，\n「보형」을　격파해！
S2M:M08LOW:15		０メッセージ１－２	０메시지１－２
S2M:M08LOW:16	dup=S2M:M01LOW:16	０メッセージ１－３	０메시지１－３
S2M:M08LOW:17		門の外に出て、\n機を撃破するのよ！	문　밖으로　나가，\n기체를　격파해！
S2M:M08LOW:18		敵の大将、は、\n攻撃回数が多いわ。\n気をつけるのよ！	적장　토는\n공격　횟수가　많아．\n조심해！
S2M:M08LOW:19	dup=S2M:M01LOW:19	０メッセージ２－３	０메시지２－３
S2M:M08LOW:20	dup=S2M:M02LOW:20	大神さん、山崎は強いわ。\n一時撤退しましょう！	야마자키는　강해요．\n일단　후퇴하죠！
S2M:M08LOW:21	dup=S2M:M01LOW:21	０メッセージ３－２	０메시지３－２
S2M:M08LOW:22	dup=S2M:M01LOW:22	０メッセージ３－３	０메시지３－３
S2M:M08LOW:23	dup=S2M:M01LOW:23	花組の隊長、大神一郎。\n高い戦闘力と、\n勇敢な心を持っている。	화조　대장，　오오가미．\n높은　전투력과\n용감한　마음을　지녔다．
S2M:M08LOW:24	dup=S2M:M01LOW:24	北辰一刀流、真宮寺さくら。\n素早い動きで、\n敵を一刀両断する。	북진일도류，　사쿠라．\n빠른　움직임으로\n적을　일도양단한다．
S2M:M08LOW:25	dup=S2M:M01LOW:25	神崎風塵流、神崎すみれ。\n華麗なナギナタの技は、\n見るものの心をもとらえる。	칸자키　풍진류，　스미레．\n화려한　나기나타　기술은\n보는　이의　마음마저　홀려．
S2M:M08LOW:26	dup=S2M:M01LOW:26	射撃手、マリア・タチバナ。\n氷の銃弾は、狙った\n獲物を決して逃さない。	사격수，　마리아．\n얼음　탄환은　노린\n먹이를　놓치지　않는다．
S2M:M08LOW:27	dup=S2M:M01LOW:27	桐島流空手、桐島カンナ。\n圧倒的なパワーで、むらがる\n敵を粉砕する。	가라테의　달인，　칸나．\n압도적　파워로　몰려드는\n적을　분쇄한다．
S2M:M08LOW:28	dup=S2M:M01LOW:28	花組のマスコット、アイリス。\n超能力を使った、\n不思議な攻撃で敵と戦う。	화조의　마스코트，\n아이리스．\n초능력으로　적과　싸운다．
S2M:M08LOW:29	dup=S2M:M01LOW:29	発明家、李紅蘭。\n次々に繰り出す発明品で、\n敵味方をあっといわせるぞ。	발명가，　코란．\n신제품을　잇달아　내놓아\n적과　아군을　놀라게　한다．
S2M:M08LOW:30	dup=S2M:M01LOW:30	元星組隊員、ソレッタ・織姫。\nイタリアンローズの機体に乗り\n赤い貴族と呼ばれている。	전　별조　대원，　오리히메．\n이탈리안　로즈를　타고\n붉은　귀족이라　불린다．
S2M:M08LOW:31	dup=S2M:M01LOW:31	レニ・ミルヒシュトラーセ。\n戦闘のプロとして、正確な\n無駄のない攻撃を行う。	레니　밀히슈트라세．　전투의\n프로답게　정확하고　군더더기\n없는　공격을　한다．
S2M:M08LOW:32	dup=S2M:M05LOW:32	魔操機兵、脇侍・改。\n長剣を装備したものは、\nイ型乙と呼ばれる。	마조기병，　협시・개．\n장검을　장비한　것은\n이형　을이라　부른다．
S2M:M08LOW:33	dup=S2M:M01LOW:33	魔操機兵、脇侍・改。\n鉄砲を装備したものは、\nロ型と呼ばれる。	마조기병，　협시・개．\n총을　장비한　것은\n로형이라　부른다．
S2M:M08LOW:34	dup=S2M:M07LOW:34	魔操機兵「宝形」\n五行衆・水狐の乗る機体。\n鉄扇による鋭い攻撃を行う。	마조기병　「보형」\n오행중・수호가　타는　기체．\n철선으로　날카롭게　공격．
S2M:M08LOW:35		魔操機兵、脇侍・改。\n機体の耐久度を\n回復させることが可能。	마조기병，　협시・개．\n기체　내구도를\n회복할　수　있다．
S2M:M08LOW:36	dup=S2M:M07LOW:36	魔操機兵、脇侍・改。\nロ型脇侍は、イ型脇侍の支援を\n目的として開発されている。	마조기병，　협시・개．\n로형　협시는　이형　협시를\n지원하도록　개발됐다．
S2M:M08LOW:37		「雷撃砲」\nロ型脇侍よりも長い射程を持つ\n長射程砲台。攻撃力も高い。	「뇌격포」　로형　협시보다\n사거리가　길고　장거리\n포대．　공격력도　높다．
S2M:M08LOW:38	dup=S2M:M01LOW:38	黒鬼会の魔操機兵、脇侍・改。\n実は、あまり忠誠心は\nないので、がっかりだ。	흑귀회의　마조기병，\n협시・개．　사실　충성심은\n그다지　없어서　실망스럽다．
S2M:M08LOW:39	dup=S2M:M01LOW:37	黒鬼会の魔操機兵、脇侍・改。\n大砲を装備したものは、\nハ型と呼ばれる。	흑귀회의　마조기병，\n협시・개．　대포를　장비한\n것은　하형이라　부른다．
S2M:M08LOW:40	dup=S2M:M01LOW:40	メッセージ１８	메시지　１８
S2M:M08LOW:41	dup=S2M:M01LOW:41	メッセージ１９	메시지　１９
S2M:M08LOW:42	dup=S2M:M01LOW:42	メッセージ２０	메시지　２０
S2M:M08LOW:43	dup=S2M:M01LOW:43	今のところ、\nかばう必要はなさそうだな。	지금은\n보호할　필요　없어　보이네．
S2M:M08LOW:44	dup=S2M:M01LOW:44	さくらくん……\n君は俺が守る！	사쿠라　군……\n내가　지킬게！
S2M:M08LOW:45	dup=S2M:M01LOW:45	すみれくん……\n君の盾になってもいいかい。	스미레　군……\n네　방패가　되어도　될까？
S2M:M08LOW:46	dup=S2M:M01LOW:46	マリア……\n君の背中を守らせてくれ。	마리아……\n네　뒤를　지키게　해　줘．
S2M:M08LOW:47	dup=S2M:M01LOW:47	カンナ……\n俺は、君を全力で守るぞ！	칸나……　내가　온　힘을\n다해　지키마！
S2M:M08LOW:48	dup=S2M:M01LOW:48	アイリス……\n俺が側にいるから、\n安心していいよ。	아이리스……\n내가　곁에　있으니，\n안심해도　돼．
S2M:M08LOW:49	dup=S2M:M01LOW:49	紅蘭……\nいつだって君を助けにゆくよ。	코란……\n언제든　널　도우러　갈게．
S2M:M08LOW:50	dup=S2M:M01LOW:50	織姫くん……\n苦しいときは、\nいつでも俺を呼んでくれ！	오리히메　군……\n힘들　때는，\n언제든　날　불러！
S2M:M08LOW:51	dup=S2M:M01LOW:51	レニ……\nたまには、\n守られたっていいだろう？	레니……\n가끔은，\n보호받아도　괜찮잖아？
S2M:M08LOW:52	dup=S2M:M01LOW:52	がんばって！　大神さん！	힘내요！　오오가미　씨！
S2M:M08LOW:53	dup=S2M:M01LOW:53	大神さんが頼りです！	오오가미　씨만　믿을게요！
S2M:M08LOW:54	dup=S2M:M01LOW:54	無理しないでください、\n大神さん……	무리하지　마세요，\n오오가미　씨……
S2M:M08LOW:55	dup=S2M:M01LOW:55	がんばります！	힘낼게요！
S2M:M08LOW:56	dup=S2M:M01LOW:56	大神さんのために……\nあたし、やります！	오오가미　씨를　위해……\n제가　할게요！
S2M:M08LOW:57	dup=S2M:M01LOW:57	あたしが\nがんばらなくっちゃ！	제가　힘내야　해요！
S2M:M08LOW:58	dup=S2M:M01LOW:58	あたし……負けないわ……	저…　지지　않을　거예요…
S2M:M08LOW:59	dup=S2M:M01LOW:59	……ありがとうございます。\n大神さん。	……감사합니다．\n오오가미　씨．
S2M:M08LOW:60	dup=S2M:M01LOW:60	大神さんがいてくれるから、\nあたし、がんばれます！	오오가미　씨가　계시니까\n저도　힘낼　수　있어요！
S2M:M08LOW:61	dup=S2M:M01LOW:61	大丈夫ですか……大神さん。	괜찮으세요…　오오가미　씨．
S2M:M08LOW:62	dup=S2M:M01LOW:62	大神さん……\nごめんなさい……	오오가미　씨……\n죄송해요……
S2M:M08LOW:63	dup=S2M:M01LOW:63	ここは大神さんに\nお任せします……\n……ごめんなさい。	여기는　오오가미　씨에게\n맡길게요……\n……죄송해요．
S2M:M08LOW:64	dup=S2M:M01LOW:64	やりましたね、大神さん！	해냈네요，　오오가미　씨！
S2M:M08LOW:65	dup=S2M:M01LOW:65	今日の大神さん、\n一味違いますね。	오늘　오오가미　씨는\n평소와　다르네요．
S2M:M08LOW:66	dup=S2M:M01LOW:66	やりました！	해냈어요！
S2M:M08LOW:67	dup=S2M:M01LOW:67	大神さんのおかげです！	오오가미　씨　덕분이에요！
S2M:M08LOW:68	dup=S2M:M01LOW:68	大神さん……\nあたし、信じています。	오오가미　씨……\n저는　믿고　있어요．
S2M:M08LOW:69	dup=S2M:M01LOW:69	見せ場がきましてよ、少尉。	제　무대네요，　소위님．
S2M:M08LOW:70	dup=S2M:M01LOW:70	がんばってください、\nわたくしのために……	힘내　주세요，\n저를　위해……
S2M:M08LOW:71	dup=S2M:M01LOW:71	無理は禁物ですわ……	무리는　금물이에요……
S2M:M08LOW:72	dup=S2M:M01LOW:72	さあ、いきますわよ！	자，　갑니다！
S2M:M08LOW:73	dup=S2M:M01LOW:73	少尉、わたくしを\n見ていてくださいな。	소위님，\n저를　지켜봐　주세요．
S2M:M08LOW:74	dup=S2M:M01LOW:74	わたくしでなくては\nダメですわね。	저여야만　하겠군요．
S2M:M08LOW:75	dup=S2M:M01LOW:75	こ、この程度で……	이，　이　정도로……
S2M:M08LOW:76	dup=S2M:M01LOW:76	うれしいですわ……\n少尉……	기뻐요……\n소위님……
S2M:M08LOW:77	dup=S2M:M01LOW:77	わたくしを守ることが\nできるのは少尉だけですわ。	저를　지킬　수　있는　건\n소위님뿐이에요．
S2M:M08LOW:78	dup=S2M:M01LOW:78	かっ、身体が勝手に\n動いただけですわ……	몸이　저절로\n움직였을　뿐이에요……
S2M:M08LOW:79	dup=S2M:M01LOW:79	わたくしとしたことが……	저답지　않게……
S2M:M08LOW:80	dup=S2M:M01LOW:80	少尉を……\n……置いてはいけないのに！	소위님을……\n……두고　갈　수는　없는데！
S2M:M08LOW:81	dup=S2M:M01LOW:81	お見事ですわ、少尉。	훌륭해요，　소위님．
S2M:M08LOW:82	dup=S2M:M01LOW:82	りりしいですわよ、少尉。	늠름하시네요，　소위님．
S2M:M08LOW:83	dup=S2M:M01LOW:83	たいしたことありませんわね。	별것도　아니네요．
S2M:M08LOW:84	dup=S2M:M01LOW:84	見てくださいました？　少尉。	보셨나요？　소위님．
S2M:M08LOW:85	dup=S2M:M01LOW:85	んふっ、\nちょろいもんですわね。\nねぇ、少尉……	후훗，\n이　정도야　식은　죽이죠．\n그렇죠，　소위님……
S2M:M08LOW:86	dup=S2M:M01LOW:86	隊長、お願いします。	대장님，　부탁드려요．
S2M:M08LOW:87	dup=S2M:M01LOW:87	隊長……\n信じています。	대장님……\n믿고　있어요．
S2M:M08LOW:88	dup=S2M:M01LOW:88	隊長……\n慎重にいきましょう。	대장님……\n신중하게　가죠．
S2M:M08LOW:89	dup=S2M:M01LOW:89	さぁ、覚悟しなさい。	자，　각오하세요．
S2M:M08LOW:90	dup=S2M:M01LOW:90	私には、隊長が\nついていてくれる……	저에겐　대장님이\n곁에　계시니까……
S2M:M08LOW:91	dup=S2M:M01LOW:91	私がしっかりしなくては……	제가　정신　차려야……
S2M:M08LOW:92	dup=S2M:M01LOW:92	くっ、まだ……やれる！	큭，아직……　할　수　있어！
S2M:M08LOW:93	dup=S2M:M01LOW:93	すいません、隊長。	죄송해요，　대장님．
S2M:M08LOW:94	dup=S2M:M01LOW:94	隊長の背中……\nとても大きく見えます……	대장님　등……\n정말　커　보이네요……
S2M:M08LOW:95	dup=S2M:M01LOW:95	隊長が無事でよかった……	대장님이　무사해서　다행……
S2M:M08LOW:96	dup=S2M:M01LOW:96	隊長……申し訳ありません……	대장님……　죄송해요……
S2M:M08LOW:97	dup=S2M:M01LOW:97	もう少し……\n隊長と共に……	조금만　더……\n대장님과　함께……
S2M:M08LOW:98	dup=S2M:M01LOW:98	やりますね、隊長。	잘하시네요，　대장님．
S2M:M08LOW:99	dup=S2M:M01LOW:99	隊長が\nいてくださってよかった……	대장님이　계셔서　다행……
S2M:M08LOW:100	dup=S2M:M01LOW:100	ふんっ！　この程度……？	흥！　이　정도……？
S2M:M08LOW:101	dup=S2M:M01LOW:101	隊長、すばらしい指揮です！	대장님，　훌륭한　지휘예요！
S2M:M08LOW:102	dup=S2M:M01LOW:102	隊長が、私の力を\n何倍にもしてくれます。	대장님이　제　힘을\n몇　배나　키워　주세요．
S2M:M08LOW:103	dup=S2M:M01LOW:103	やっちまえ！　隊長！	해치워！　대장님！
S2M:M08LOW:104	dup=S2M:M01LOW:104	あたいがついてるぜ、隊長。	내가　곁에　있어，　대장．
S2M:M08LOW:105	dup=S2M:M01LOW:105	隊長の気合を見せてくれ！	대장님，　기합을　보여　줘！
S2M:M08LOW:106	dup=S2M:M01LOW:106	あたいの番だな！	내　차례구나！
S2M:M08LOW:107	dup=S2M:M01LOW:107	みていてくれよなっ！\n隊長！	지켜봐　줘！\n대장！
S2M:M08LOW:108	dup=S2M:M01LOW:108	まとめて面倒みるぜ！	한꺼번에　상대해　주마！
S2M:M08LOW:109	dup=S2M:M01LOW:109	まだまだ、\nどんどんかかってこいっ！	아직　멀었어，\n어서　덤벼！
S2M:M08LOW:110	dup=S2M:M01LOW:110	すまねぇな、隊長。	미안하군，　대장．
S2M:M08LOW:111	dup=S2M:M01LOW:111	へへっ、\n守られるってのも悪くないな。	헤헤，　보호받는　것도\n나쁘지　않군．
S2M:M08LOW:112	dup=S2M:M01LOW:112	へへっ、らしくないぜぇ？\n隊長！	헤헤，　나답지　않지？\n대장！
S2M:M08LOW:113	dup=S2M:M01LOW:113	ちくしょう……\nこんなところで……	젠장……\n이런　곳에서……
S2M:M08LOW:114		隊長、すまない\nあたいの分まで\nがんばってくれ！	대장，　미안하다．\n내　몫까지\n힘내　줘！
S2M:M08LOW:115	dup=S2M:M01LOW:115	やるじゃねぇか！　隊長！	제법이잖아！　대장！
S2M:M08LOW:116	dup=S2M:M01LOW:116	ほれぼれするぜ！　隊長！	감탄스럽군！　대장！
S2M:M08LOW:117	dup=S2M:M01LOW:117	ざっとこんなもんだぜ！	대충　이　정도지！
S2M:M08LOW:118	dup=S2M:M01LOW:118	へっへーん！\nどうだい！　隊長！	헤헤ー！\n어때！　대장！
S2M:M08LOW:119	dup=S2M:M01LOW:119	誰もあたいたちを\n止められねぇぜ！	아무도　우릴\n막을　수　없어！
S2M:M08LOW:120	dup=S2M:M01LOW:120	がんばろうね、お兄ちゃん。	힘내자，　오빠．
S2M:M08LOW:121	dup=S2M:M01LOW:121	お兄ちゃん、いっけぇー！	오빠，　가ー！
S2M:M08LOW:122	dup=S2M:M01LOW:122	お兄ちゃん……負けないで！	오빠……　지지　마！
S2M:M08LOW:123	dup=S2M:M01LOW:123	アイリス、いきまーす！	아이리스，　갑니다아！
S2M:M08LOW:124	dup=S2M:M01LOW:124	えへへっ、\nアイリスがんばるよ！	에헤헤，\n아이리스　힘낼게！
S2M:M08LOW:125	dup=S2M:M01LOW:125	アイリスが\nがんばらなくちゃ！	아이리스가\n힘내야　해！
S2M:M08LOW:126	dup=S2M:M01LOW:126	アイリス……もうだめ……	아이리스…　이제　안　돼…
S2M:M08LOW:127	dup=S2M:M01LOW:127	アイリスのために\n来てくれたんだぁー！	아이리스를　위해　왔구나ー！
S2M:M08LOW:128	dup=S2M:M01LOW:128	お兄ちゃんは、\n白馬のおうじさまだね！	오빠는\n백마　탄　왕자님이네！
S2M:M08LOW:129	dup=S2M:M01LOW:129	お兄ちゃん……\nアイリスがついてるからね。	오빠……\n아이리스가　곁에　있을게．
S2M:M08LOW:130	dup=S2M:M01LOW:130	あ……止まっちゃった……	아……　멈췄어……
S2M:M08LOW:131	dup=S2M:M01LOW:131	お兄ちゃん……\nごめんね……	오빠……\n미안해……
S2M:M08LOW:132	dup=S2M:M01LOW:132	わーい、やったね！\nお兄ちゃん！	와ー，　해냈다！\n오빠！
S2M:M08LOW:133	dup=S2M:M01LOW:133	お兄ちゃん、\nすごい、すっごーい！	오빠，\n대단해，　정말　대단해ー！
S2M:M08LOW:134	dup=S2M:M01LOW:134	アイリス、すごいでしょ！	아이리스，　대단하지！
S2M:M08LOW:135	dup=S2M:M01LOW:135	ねぇ、ねぇ！\nほめてほめて！	있잖아，　있잖아！\n칭찬해　줘，　칭찬해　줘！
S2M:M08LOW:136	dup=S2M:M01LOW:136	お兄ちゃんがいれば、\nアイリスなんにも恐くないよ！	오빠만　있으면，\n아이리스는　안　무서워！
S2M:M08LOW:137	dup=S2M:M01LOW:137	頼んだで、大神はん。	부탁한다，　오오가미　씨．
S2M:M08LOW:138	dup=S2M:M01LOW:138	ウチらの力、見せたろうで！	우리　힘을　보여　주자！
S2M:M08LOW:139	dup=S2M:M01LOW:139	だ、大丈夫かいな、大神はん。	괜찮나，　오오가미　씨．
S2M:M08LOW:140	dup=S2M:M01LOW:140	ほな、いってみよか！	그럼，　가　볼까！
S2M:M08LOW:141	dup=S2M:M01LOW:141	大神はん、\nウチにまーかしとき！	오오가미　씨，\n나한테　맡겨！
S2M:M08LOW:142	dup=S2M:M01LOW:142	ウチががんばらんと！	내가　힘내야　해！
S2M:M08LOW:143	dup=S2M:M01LOW:143	や、やばいで……	이，　이거　위험해……
S2M:M08LOW:144	dup=S2M:M01LOW:144	お、おおきに、\n大神はん……	고，　고마워，\n오오가미　씨……
S2M:M08LOW:145	dup=S2M:M01LOW:145	もう、そないなことされたら、\nウチ……	그렇게까지　해　주면，\n나……
S2M:M08LOW:146	dup=S2M:M01LOW:146	大神はんがおらんと、\nウチ……こまるんや。	오오가미　씨가　없으면，\n나……　곤란해．
S2M:M08LOW:147	dup=S2M:M01LOW:147	そのへんで、堪忍や……	이쯤에서　봐줘……
S2M:M08LOW:148	dup=S2M:M01LOW:148	大神はん、すんまへん。	오오가미　씨，　미안해．
S2M:M08LOW:149	dup=S2M:M01LOW:149	大神はん、その調子や！	오오가미　씨，　그　기세야！
S2M:M08LOW:150	dup=S2M:M01LOW:150	ええ感じやで！　大神はん！	좋은데！　오오가미　씨！
S2M:M08LOW:151	dup=S2M:M01LOW:151	いっちょあがりや！	한　건　해냈다！
S2M:M08LOW:152	dup=S2M:M01LOW:152	大神はん、\nやったで、ウチ！	오오가미　씨，\n나　해냈어！
S2M:M08LOW:153	dup=S2M:M01LOW:153	ウチらの力を合わせれば、\n千人力や！	우리　힘을　합치면，\n천군만마야！
S2M:M08LOW:154	dup=S2M:M01LOW:154	少尉さん、\nお手並み拝見でーす！	소위님，\n실력을　보여　주세요ー！
S2M:M08LOW:155	dup=S2M:M01LOW:155	早く終わらせて帰りましょー。	빨리　끝내고　돌아가요ー．
S2M:M08LOW:156	dup=S2M:M01LOW:156	ちょっと、\nヤバそうってカンジ！	잠깐，\n좀　위험해　보이는　느낌！
S2M:M08LOW:157	dup=S2M:M01LOW:157	たのしいでーす！	재밌어요ー！
S2M:M08LOW:158	dup=S2M:M01LOW:158	わたしを見ていてくださーい！	저를　지켜봐　주세요ー！
S2M:M08LOW:159	dup=S2M:M01LOW:159	日本のオトコ、\n頼りにならないでーす！	일본　남자는，\n도움이　안　되네요ー！
S2M:M08LOW:160	dup=S2M:M01LOW:160	シャワー浴びたいでーす！	샤워하고　싶어요ー！
S2M:M08LOW:161	dup=S2M:M01LOW:161	日本のオトコに、\nかばってもらうなんて……	일본　남자에게，\n보호받다니……
S2M:M08LOW:162		少尉さん、\n無理しなくてもいいでーす……	소위님，\n무리하지　않아도　돼요……
S2M:M08LOW:163	dup=S2M:M01LOW:163	まったく、\nダメなオトコでーす！	정말이지，\n쓸모없는　남자네요ー！
S2M:M08LOW:164	dup=S2M:M01LOW:164	これ以上はカンベンでーす！	이　이상은　봐주겠어요ー！
S2M:M08LOW:165	dup=S2M:M01LOW:165	もうだめです。\n撤退します……隊長……	이젠　안　돼요．\n후퇴할게요……　대장……
S2M:M08LOW:166	dup=S2M:M01LOW:166	なかなかやるってカンジ！	제법인데요！
S2M:M08LOW:167	dup=S2M:M01LOW:167	少尉さん、\nちょーかっこいいでーす！	소위님，\n정말　멋져요ー！
S2M:M08LOW:168	dup=S2M:M01LOW:168	楽勝でーす！	거뜬해요ー！
S2M:M08LOW:169	dup=S2M:M01LOW:169	うふっ！\n拍手をくださーい！	후훗！\n박수　쳐　주세요ー！
S2M:M08LOW:170	dup=S2M:M01LOW:170	このデュオは最高でーす！	이　듀오는　최고예요ー！
S2M:M08LOW:171	dup=S2M:M01LOW:171	……行動開始。	……행동　개시．
S2M:M08LOW:172	dup=S2M:M07LOW:172	隊長、気を付けて。	대장님，　조심하세요．
S2M:M08LOW:173	dup=S2M:M01LOW:173	……危険だよ。	……위험해．
S2M:M08LOW:174	dup=S2M:M07LOW:174	いくよ！	가자！
S2M:M08LOW:175	dup=S2M:M07LOW:175	指示、よろしく。	지시，　잘　부탁해．
S2M:M08LOW:176		ボクの力で……倒す……	내　힘으로…　쓰러뜨린다…
S2M:M08LOW:177	dup=S2M:M01LOW:177	機体の損傷が激しい……	기체　손상이　심해……
S2M:M08LOW:178	dup=S2M:M01LOW:178	………………	………………
S2M:M08LOW:179	dup=S2M:M07LOW:179	……ありがとう。	…고마워．
S2M:M08LOW:180	dup=S2M:M01LOW:180	隊長……しっかり……	대장……　정신　차려……
S2M:M08LOW:181	dup=S2M:M01LOW:181	一時、撤退……	일단　후퇴……
S2M:M08LOW:182	dup=S2M:M07LOW:182	隊長、\nあとは……よろしく。	대장，\n나머지는……　부탁해．
S2M:M08LOW:183	dup=S2M:M01LOW:183	目標、撃破確認……	목표　격파　확인……
S2M:M08LOW:184	dup=S2M:M07LOW:184	やるね、隊長。	잘하네，　대장．
S2M:M08LOW:185	dup=S2M:M01LOW:185	目標撃破……	목표　격파……
S2M:M08LOW:186	dup=S2M:M07LOW:186	隊長……\n次の指示を……	대장……\n다음　지시를……
S2M:M08LOW:187	dup=S2M:M01LOW:187	これが……ボクらの力……！	이게……　우리　힘……！
S2M:M08LOW:188	dup=S2M:M01LOW:188	そぉら、いくぜ！	자아，　간다！
S2M:M08LOW:189	dup=S2M:M01LOW:189	さぁ、楽しませてくれよ。	자，　즐겁게　해　줘．
S2M:M08LOW:190	dup=S2M:M01LOW:190	勝負は……これからだぜ！	승부는……　지금부터야！
S2M:M08LOW:191	dup=S2M:M01LOW:191	なかなか、\nやるじゃねぇか！	제법이군，\n잘하잖아！
S2M:M08LOW:192	dup=S2M:M01LOW:192	おもしれぇ……	재밌군……
S2M:M08LOW:193	dup=S2M:M01LOW:193	大丈夫か、水狐。	괜찮나，　수호．
S2M:M08LOW:194	dup=S2M:M01LOW:194	華麗に燃やしてあげますよ……	화려하게　태워　드리죠……
S2M:M08LOW:195	dup=S2M:M01LOW:195	覚悟してください。	각오하세요．
S2M:M08LOW:196	dup=S2M:M01LOW:196	あははははは！	아하하하하하！
S2M:M08LOW:197	dup=S2M:M01LOW:197	燃やしつくしてやる！	모조리　태워　주마！
S2M:M08LOW:198	dup=S2M:M01LOW:198	ご……ゴミが……	쓰……　쓰레기가……
S2M:M08LOW:199	dup=S2M:M01LOW:199	私の戦いを見せてあげる。	내　싸움을　보여　주지．
S2M:M08LOW:200	dup=S2M:M01LOW:200	やさしくしてあげるわ。	상냥하게　해　줄게．
S2M:M08LOW:201	dup=S2M:M01LOW:201	ふふふ……負けないわよ。	후후후…　지지　않을　거야．
S2M:M08LOW:202	dup=S2M:M01LOW:202	やるわね。\nさすが華撃団……	잘하네．\n역시　화격단……
S2M:M08LOW:203	dup=S2M:M01LOW:203	くっ……\nこれほどとはね……	큭……\n이　정도일　줄이야……
S2M:M08LOW:204	dup=S2M:M01LOW:204	さぁ、ワシの番じゃな。	자，　내　차례로구나．
S2M:M08LOW:205	dup=S2M:M01LOW:205	ワシの計算にぬかりはないぞ。	내　계산엔　빈틈없다．
S2M:M08LOW:206	dup=S2M:M01LOW:206	こ、このままでは\n終わらぬぞ……	이，　이대로는\n끝나지　않아……
S2M:M08LOW:207	dup=S2M:M01LOW:207	これも計算のうちじゃ。	이것도　계산　안이야．
S2M:M08LOW:208	dup=S2M:M01LOW:208	ぬうっ……\nこれは計算外じゃ……	으으……\n이건　계산　밖이야……
S2M:M08LOW:209	dup=S2M:M01LOW:209	狩りとってやる！	사냥해　주마！
S2M:M08LOW:210	dup=S2M:M01LOW:210	今、楽にしてやるからな。	지금　편하게　해　주마．
S2M:M08LOW:211	dup=S2M:M01LOW:211	ひ、ひねり殺してやる！	비，　비틀어　죽여　주마！
S2M:M08LOW:212	dup=S2M:M01LOW:212	勝ったと思うなよ……	이겼다고　생각하지　마……
S2M:M08LOW:213	dup=S2M:M01LOW:213	まだ、終わりではないぞ！	아직　끝나지　않았다！
S2M:M08LOW:214	dup=S2M:M01LOW:214	終わりにしてやる。	끝내　주마．
S2M:M08LOW:215	dup=S2M:M01LOW:215	いくぞ！　華撃団っ！	간다！　화격단！
S2M:M08LOW:216	dup=S2M:M01LOW:216	まだ、まだだっ！	아직，　아직이다！
S2M:M08LOW:217	dup=S2M:M01LOW:217	腕を上げたな……	실력이　늘었구나……
S2M:M08LOW:218	dup=S2M:M01LOW:218	ぐっ……\nわたしの復讐が……	큭……\n내　복수가……
S2M:M08LOW:219	dup=S2M:M01LOW:219	容赦はせぬぞ……	봐주지　않겠다……
S2M:M08LOW:220	dup=S2M:M01LOW:220	お前たちの罪を知れ……	너희의　죄를　깨달아라……
S2M:M08LOW:221	dup=S2M:M01LOW:221	戦いとはいつも無常だ……	싸움은　언제나　덧없다……
S2M:M08LOW:222	dup=S2M:M01LOW:222	愛は死んだ……	사랑은　죽었다……
S2M:M08LOW:223	dup=S2M:M01LOW:223	ぬぅ……やるな……	으음……　제법이군……
S2M:M08LOW:224	dup=S2M:M01LOW:224	私に触れるな！	나에게　손대지　마！
S2M:M08LOW:225	dup=S2M:M01LOW:225	帝都の恨みは、\nこの程度ではないぞ……	제도의　원한은，\n이　정도가　아니다……
S2M:M08LOW:226	dup=S2M:M01LOW:226	最後に勝つのは……私だ！	최후의　승자는……　나다！
S2M:M08LOW:227	dup=S2M:M01LOW:227	この程度で……ぬうっ！	이　정도로……　으음！
S2M:M08LOW:228	dup=S2M:M01LOW:228	思い上がるな……\n偽善者めっ！	우쭐대지　마……\n위선자　자식！
S2M:M09LOW:0	dup=S2M:M01LOW:0	疾きこと風のごとく……\n移動力重視の作戦だ！	빠르기는　바람처럼……\n이동력　중시　작전이다！
S2M:M09LOW:1	dup=S2M:M01LOW:1	今は、この命令を出している。\n移動力を活かして戦おう。	현재　명령은　이것이다．\n이동력을　살려　싸우자．
S2M:M09LOW:2	dup=S2M:M01LOW:2	花組各員に通達！\n「風」作戦を開始するぞ！	화조　전원에게　통보！\n「풍」　작전　개시다！
S2M:M09LOW:3	dup=S2M:M01LOW:3	林のように心静かに……\n本来の力を引き出すんだ！	숲처럼　마음을　고요히……\n본래의　힘을　끌어내자！
S2M:M09LOW:4	dup=S2M:M01LOW:4	今は、この命令を出している。\n本来の力で敵に立ち向かおう。	현재　명령은　이것이다．\n본래의　힘으로　맞서자．
S2M:M09LOW:5	dup=S2M:M01LOW:5	花組各員に通達！\n「林」作戦を開始するぞ！	화조　전원에게　통보！\n「림」　작전　개시다！
S2M:M09LOW:6	dup=S2M:M01LOW:6	炎のように熱く燃える……\n攻撃力重視の作戦だ！	불처럼　뜨겁게　타오르는……\n공격력　중시　작전이다！
S2M:M09LOW:7	dup=S2M:M01LOW:7	今は、この命令を出している。\n攻撃力を活かして戦おう。	현재　명령은　이것이다．\n공격력을　살려　싸우자．
S2M:M09LOW:8	dup=S2M:M01LOW:8	花組各員に通達！\n「火」作戦を開始するぞ！	화조　전원에게　통보！\n「화」　작전　개시다！
S2M:M09LOW:9	dup=S2M:M01LOW:9	構えること山のごとく……\n防御力重視の作戦だ！	산처럼　굳건히　버티는……\n방어력　중시　작전이다！
S2M:M09LOW:10	dup=S2M:M01LOW:10	今は、この命令を出している。\n防御力を活かして戦おう。	현재　명령은　이것이다．\n방어력을　살려　싸우자．
S2M:M09LOW:11	dup=S2M:M01LOW:11	花組各員に通達！\n「山」作戦を開始するぞ！	화조　전원에게　통보！\n「산」　작전　개시다！
S2M:M09LOW:12	dup=S2M:M01LOW:12	このままの作戦でいくぞ！	이대로　작전을　계속한다！
S2M:M09LOW:13	dup=S2M:M01LOW:13	了解！	알겠습니다！
S2M:M09LOW:14		織姫が囚われている小屋に\n「焼塵」が何機かたどり着くと\n小屋が爆発してしまうわ。	오리히메의　오두막에\n「소진」이　몇　기　닿으면\n오두막이　폭발해．
S2M:M09LOW:15		花組各員は「焼塵」を小屋に\n近寄らせないようにして！	화조　전원은　「소진」을\n오두막에　접근시키지　마！
S2M:M09LOW:16		その間に、大神くんは\n爆弾小屋に向かって\n織姫を救出するのよ！	그동안　오오가미　군은\n폭탄　오두막으로　가서\n오리히메를　구해！
S2M:M09LOW:17	dup=S2M:M08LOW:17	門の外に出て、\n機を撃破するのよ！	문　밖으로　나가，\n기체를　격파해！
S2M:M09LOW:18	dup=S2M:M08LOW:18	敵の大将、は、\n攻撃回数が多いわ。\n気をつけるのよ！	적장　토는\n공격　횟수가　많아．\n조심해！
S2M:M09LOW:19	dup=S2M:M01LOW:19	０メッセージ２－３	０메시지２－３
S2M:M09LOW:20	dup=S2M:M02LOW:20	大神さん、山崎は強いわ。\n一時撤退しましょう！	야마자키는　강해요．\n일단　후퇴하죠！
S2M:M09LOW:21	dup=S2M:M01LOW:21	０メッセージ３－２	０메시지３－２
S2M:M09LOW:22	dup=S2M:M01LOW:22	０メッセージ３－３	０메시지３－３
S2M:M09LOW:23	dup=S2M:M01LOW:23	花組の隊長、大神一郎。\n高い戦闘力と、\n勇敢な心を持っている。	화조　대장，　오오가미．\n높은　전투력과\n용감한　마음을　지녔다．
S2M:M09LOW:24	dup=S2M:M01LOW:24	北辰一刀流、真宮寺さくら。\n素早い動きで、\n敵を一刀両断する。	북진일도류，　사쿠라．\n빠른　움직임으로\n적을　일도양단한다．
S2M:M09LOW:25	dup=S2M:M01LOW:25	神崎風塵流、神崎すみれ。\n華麗なナギナタの技は、\n見るものの心をもとらえる。	칸자키　풍진류，　스미레．\n화려한　나기나타　기술은\n보는　이의　마음마저　홀려．
S2M:M09LOW:26	dup=S2M:M01LOW:26	射撃手、マリア・タチバナ。\n氷の銃弾は、狙った\n獲物を決して逃さない。	사격수，　마리아．\n얼음　탄환은　노린\n먹이를　놓치지　않는다．
S2M:M09LOW:27	dup=S2M:M01LOW:27	桐島流空手、桐島カンナ。\n圧倒的なパワーで、むらがる\n敵を粉砕する。	가라테의　달인，　칸나．\n압도적　파워로　몰려드는\n적을　분쇄한다．
S2M:M09LOW:28	dup=S2M:M01LOW:28	花組のマスコット、アイリス。\n超能力を使った、\n不思議な攻撃で敵と戦う。	화조의　마스코트，\n아이리스．\n초능력으로　적과　싸운다．
S2M:M09LOW:29	dup=S2M:M01LOW:29	発明家、李紅蘭。\n次々に繰り出す発明品で、\n敵味方をあっといわせるぞ。	발명가，　코란．\n신제품을　잇달아　내놓아\n적과　아군을　놀라게　한다．
S2M:M09LOW:30	dup=S2M:M01LOW:30	元星組隊員、ソレッタ・織姫。\nイタリアンローズの機体に乗り\n赤い貴族と呼ばれている。	전　별조　대원，　오리히메．\n이탈리안　로즈를　타고\n붉은　귀족이라　불린다．
S2M:M09LOW:31	dup=S2M:M01LOW:31	レニ・ミルヒシュトラーセ。\n戦闘のプロとして、正確な\n無駄のない攻撃を行う。	레니　밀히슈트라세．　전투의\n프로답게　정확하고　군더더기\n없는　공격을　한다．
S2M:M09LOW:32	dup=S2M:M05LOW:32	魔操機兵、脇侍・改。\n長剣を装備したものは、\nイ型乙と呼ばれる。	마조기병，　협시・개．\n장검을　장비한　것은\n이형　을이라　부른다．
S2M:M09LOW:33	dup=S2M:M01LOW:33	魔操機兵、脇侍・改。\n鉄砲を装備したものは、\nロ型と呼ばれる。	마조기병，　협시・개．\n총을　장비한　것은\n로형이라　부른다．
S2M:M09LOW:34	dup=S2M:M05LOW:34	魔操鬼兵、脇侍・改。\n木喰の発明した火炎兵器。	마조귀병，　협시・개．\n모쿠지키의　화염　병기．
S2M:M09LOW:35	dup=S2M:M05LOW:35	魔操機兵、脇侍・改。\n大砲を装備しているものは、\nハ型と呼ばれる。	마조기병，　협시・개．\n대포를　장비한　것은\n하형이라　부른다．
S2M:M09LOW:36	dup=S2M:M07LOW:36	魔操機兵、脇侍・改。\nロ型脇侍は、イ型脇侍の支援を\n目的として開発されている。	마조기병，　협시・개．\n로형　협시는　이형　협시를\n지원하도록　개발됐다．
S2M:M09LOW:37		魔操機兵、脇侍・改。\n散弾を使用しており、\n１発の威力は比較的小さい。	마조기병，　협시・개．\n산탄을　사용하며　한　발\n위력은　비교적　낮다．
S2M:M09LOW:38		魔操機兵、脇侍・改。\n回復能力を持つこの型は、\nエル特と呼ばれている。	마조기병，　협시・개．\n이　형은　회복　능력이　있어\n엘　특이라　부른다．
S2M:M09LOW:39	dup=S2M:M04LOW:32	脇侍・改「焼塵」\n火車専用の部隊で、\n攻防共に高い性能を持つ。	협시・개　「소진」\n카샤　전용　부대로，\n공방　모두　성능이　높다．
S2M:M09LOW:40		「十字焔」\n木喰の開発した火炎兵器。\n「焔」の発展型。	「십자염」\n모쿠지키의　화염　병기．\n「염」의　발전형．
S2M:M09LOW:41	dup=S2M:M01LOW:41	メッセージ１９	메시지　１９
S2M:M09LOW:42	dup=S2M:M01LOW:42	メッセージ２０	메시지　２０
S2M:M09LOW:43	dup=S2M:M01LOW:43	今のところ、\nかばう必要はなさそうだな。	지금은\n보호할　필요　없어　보이네．
S2M:M09LOW:44	dup=S2M:M01LOW:44	さくらくん……\n君は俺が守る！	사쿠라　군……\n내가　지킬게！
S2M:M09LOW:45	dup=S2M:M01LOW:45	すみれくん……\n君の盾になってもいいかい。	스미레　군……\n네　방패가　되어도　될까？
S2M:M09LOW:46	dup=S2M:M01LOW:46	マリア……\n君の背中を守らせてくれ。	마리아……\n네　뒤를　지키게　해　줘．
S2M:M09LOW:47	dup=S2M:M01LOW:47	カンナ……\n俺は、君を全力で守るぞ！	칸나……　내가　온　힘을\n다해　지키마！
S2M:M09LOW:48	dup=S2M:M01LOW:48	アイリス……\n俺が側にいるから、\n安心していいよ。	아이리스……\n내가　곁에　있으니，\n안심해도　돼．
S2M:M09LOW:49	dup=S2M:M01LOW:49	紅蘭……\nいつだって君を助けにゆくよ。	코란……\n언제든　널　도우러　갈게．
S2M:M09LOW:50	dup=S2M:M01LOW:50	織姫くん……\n苦しいときは、\nいつでも俺を呼んでくれ！	오리히메　군……\n힘들　때는，\n언제든　날　불러！
S2M:M09LOW:51	dup=S2M:M01LOW:51	レニ……\nたまには、\n守られたっていいだろう？	레니……\n가끔은，\n보호받아도　괜찮잖아？
S2M:M09LOW:52	dup=S2M:M01LOW:52	がんばって！　大神さん！	힘내요！　오오가미　씨！
S2M:M09LOW:53	dup=S2M:M01LOW:53	大神さんが頼りです！	오오가미　씨만　믿을게요！
S2M:M09LOW:54	dup=S2M:M01LOW:54	無理しないでください、\n大神さん……	무리하지　마세요，\n오오가미　씨……
S2M:M09LOW:55	dup=S2M:M01LOW:55	がんばります！	힘낼게요！
S2M:M09LOW:56	dup=S2M:M01LOW:56	大神さんのために……\nあたし、やります！	오오가미　씨를　위해……\n제가　할게요！
S2M:M09LOW:57	dup=S2M:M01LOW:57	あたしが\nがんばらなくっちゃ！	제가　힘내야　해요！
S2M:M09LOW:58	dup=S2M:M01LOW:58	あたし……負けないわ……	저…　지지　않을　거예요…
S2M:M09LOW:59	dup=S2M:M01LOW:59	……ありがとうございます。\n大神さん。	……감사합니다．\n오오가미　씨．
S2M:M09LOW:60	dup=S2M:M01LOW:60	大神さんがいてくれるから、\nあたし、がんばれます！	오오가미　씨가　계시니까\n저도　힘낼　수　있어요！
S2M:M09LOW:61	dup=S2M:M01LOW:61	大丈夫ですか……大神さん。	괜찮으세요…　오오가미　씨．
S2M:M09LOW:62	dup=S2M:M01LOW:62	大神さん……\nごめんなさい……	오오가미　씨……\n죄송해요……
S2M:M09LOW:63	dup=S2M:M01LOW:63	ここは大神さんに\nお任せします……\n……ごめんなさい。	여기는　오오가미　씨에게\n맡길게요……\n……죄송해요．
S2M:M09LOW:64	dup=S2M:M01LOW:64	やりましたね、大神さん！	해냈네요，　오오가미　씨！
S2M:M09LOW:65	dup=S2M:M01LOW:65	今日の大神さん、\n一味違いますね。	오늘　오오가미　씨는\n평소와　다르네요．
S2M:M09LOW:66	dup=S2M:M01LOW:66	やりました！	해냈어요！
S2M:M09LOW:67	dup=S2M:M01LOW:67	大神さんのおかげです！	오오가미　씨　덕분이에요！
S2M:M09LOW:68	dup=S2M:M01LOW:68	大神さん……\nあたし、信じています。	오오가미　씨……\n저는　믿고　있어요．
S2M:M09LOW:69	dup=S2M:M01LOW:69	見せ場がきましてよ、少尉。	제　무대네요，　소위님．
S2M:M09LOW:70	dup=S2M:M01LOW:70	がんばってください、\nわたくしのために……	힘내　주세요，\n저를　위해……
S2M:M09LOW:71	dup=S2M:M01LOW:71	無理は禁物ですわ……	무리는　금물이에요……
S2M:M09LOW:72	dup=S2M:M01LOW:72	さあ、いきますわよ！	자，　갑니다！
S2M:M09LOW:73	dup=S2M:M01LOW:73	少尉、わたくしを\n見ていてくださいな。	소위님，\n저를　지켜봐　주세요．
S2M:M09LOW:74	dup=S2M:M01LOW:74	わたくしでなくては\nダメですわね。	저여야만　하겠군요．
S2M:M09LOW:75	dup=S2M:M01LOW:75	こ、この程度で……	이，　이　정도로……
S2M:M09LOW:76	dup=S2M:M01LOW:76	うれしいですわ……\n少尉……	기뻐요……\n소위님……
S2M:M09LOW:77	dup=S2M:M01LOW:77	わたくしを守ることが\nできるのは少尉だけですわ。	저를　지킬　수　있는　건\n소위님뿐이에요．
S2M:M09LOW:78	dup=S2M:M01LOW:78	かっ、身体が勝手に\n動いただけですわ……	몸이　저절로\n움직였을　뿐이에요……
S2M:M09LOW:79	dup=S2M:M01LOW:79	わたくしとしたことが……	저답지　않게……
S2M:M09LOW:80	dup=S2M:M01LOW:80	少尉を……\n……置いてはいけないのに！	소위님을……\n……두고　갈　수는　없는데！
S2M:M09LOW:81	dup=S2M:M01LOW:81	お見事ですわ、少尉。	훌륭해요，　소위님．
S2M:M09LOW:82	dup=S2M:M01LOW:82	りりしいですわよ、少尉。	늠름하시네요，　소위님．
S2M:M09LOW:83	dup=S2M:M01LOW:83	たいしたことありませんわね。	별것도　아니네요．
S2M:M09LOW:84	dup=S2M:M01LOW:84	見てくださいました？　少尉。	보셨나요？　소위님．
S2M:M09LOW:85	dup=S2M:M01LOW:85	んふっ、\nちょろいもんですわね。\nねぇ、少尉……	후훗，\n이　정도야　식은　죽이죠．\n그렇죠，　소위님……
S2M:M09LOW:86	dup=S2M:M01LOW:86	隊長、お願いします。	대장님，　부탁드려요．
S2M:M09LOW:87	dup=S2M:M01LOW:87	隊長……\n信じています。	대장님……\n믿고　있어요．
S2M:M09LOW:88	dup=S2M:M01LOW:88	隊長……\n慎重にいきましょう。	대장님……\n신중하게　가죠．
S2M:M09LOW:89	dup=S2M:M01LOW:89	さぁ、覚悟しなさい。	자，　각오하세요．
S2M:M09LOW:90	dup=S2M:M01LOW:90	私には、隊長が\nついていてくれる……	저에겐　대장님이\n곁에　계시니까……
S2M:M09LOW:91	dup=S2M:M01LOW:91	私がしっかりしなくては……	제가　정신　차려야……
S2M:M09LOW:92	dup=S2M:M01LOW:92	くっ、まだ……やれる！	큭，아직……　할　수　있어！
S2M:M09LOW:93	dup=S2M:M01LOW:93	すいません、隊長。	죄송해요，　대장님．
S2M:M09LOW:94	dup=S2M:M01LOW:94	隊長の背中……\nとても大きく見えます……	대장님　등……\n정말　커　보이네요……
S2M:M09LOW:95	dup=S2M:M01LOW:95	隊長が無事でよかった……	대장님이　무사해서　다행……
S2M:M09LOW:96	dup=S2M:M01LOW:96	隊長……申し訳ありません……	대장님……　죄송해요……
S2M:M09LOW:97	dup=S2M:M01LOW:97	もう少し……\n隊長と共に……	조금만　더……\n대장님과　함께……
S2M:M09LOW:98	dup=S2M:M01LOW:98	やりますね、隊長。	잘하시네요，　대장님．
S2M:M09LOW:99	dup=S2M:M01LOW:99	隊長が\nいてくださってよかった……	대장님이　계셔서　다행……
S2M:M09LOW:100	dup=S2M:M01LOW:100	ふんっ！　この程度……？	흥！　이　정도……？
S2M:M09LOW:101	dup=S2M:M01LOW:101	隊長、すばらしい指揮です！	대장님，　훌륭한　지휘예요！
S2M:M09LOW:102	dup=S2M:M01LOW:102	隊長が、私の力を\n何倍にもしてくれます。	대장님이　제　힘을\n몇　배나　키워　주세요．
S2M:M09LOW:103	dup=S2M:M01LOW:103	やっちまえ！　隊長！	해치워！　대장님！
S2M:M09LOW:104	dup=S2M:M01LOW:104	あたいがついてるぜ、隊長。	내가　곁에　있어，　대장．
S2M:M09LOW:105	dup=S2M:M01LOW:105	隊長の気合を見せてくれ！	대장님，　기합을　보여　줘！
S2M:M09LOW:106	dup=S2M:M01LOW:106	あたいの番だな！	내　차례구나！
S2M:M09LOW:107	dup=S2M:M01LOW:107	みていてくれよなっ！\n隊長！	지켜봐　줘！\n대장！
S2M:M09LOW:108	dup=S2M:M01LOW:108	まとめて面倒みるぜ！	한꺼번에　상대해　주마！
S2M:M09LOW:109	dup=S2M:M01LOW:109	まだまだ、\nどんどんかかってこいっ！	아직　멀었어，\n어서　덤벼！
S2M:M09LOW:110	dup=S2M:M01LOW:110	すまねぇな、隊長。	미안하군，　대장．
S2M:M09LOW:111	dup=S2M:M01LOW:111	へへっ、\n守られるってのも悪くないな。	헤헤，　보호받는　것도\n나쁘지　않군．
S2M:M09LOW:112	dup=S2M:M01LOW:112	へへっ、らしくないぜぇ？\n隊長！	헤헤，　나답지　않지？\n대장！
S2M:M09LOW:113	dup=S2M:M01LOW:113	ちくしょう……\nこんなところで……	젠장……\n이런　곳에서……
S2M:M09LOW:114	dup=S2M:M08LOW:114	隊長、すまない\nあたいの分まで\nがんばってくれ！	대장，　미안하다．\n내　몫까지\n힘내　줘！
S2M:M09LOW:115	dup=S2M:M01LOW:115	やるじゃねぇか！　隊長！	제법이잖아！　대장！
S2M:M09LOW:116	dup=S2M:M01LOW:116	ほれぼれするぜ！　隊長！	감탄스럽군！　대장！
S2M:M09LOW:117	dup=S2M:M01LOW:117	ざっとこんなもんだぜ！	대충　이　정도지！
S2M:M09LOW:118	dup=S2M:M01LOW:118	へっへーん！\nどうだい！　隊長！	헤헤ー！\n어때！　대장！
S2M:M09LOW:119	dup=S2M:M01LOW:119	誰もあたいたちを\n止められねぇぜ！	아무도　우릴\n막을　수　없어！
S2M:M09LOW:120	dup=S2M:M01LOW:120	がんばろうね、お兄ちゃん。	힘내자，　오빠．
S2M:M09LOW:121	dup=S2M:M01LOW:121	お兄ちゃん、いっけぇー！	오빠，　가ー！
S2M:M09LOW:122	dup=S2M:M01LOW:122	お兄ちゃん……負けないで！	오빠……　지지　마！
S2M:M09LOW:123	dup=S2M:M01LOW:123	アイリス、いきまーす！	아이리스，　갑니다아！
S2M:M09LOW:124	dup=S2M:M01LOW:124	えへへっ、\nアイリスがんばるよ！	에헤헤，\n아이리스　힘낼게！
S2M:M09LOW:125	dup=S2M:M01LOW:125	アイリスが\nがんばらなくちゃ！	아이리스가\n힘내야　해！
S2M:M09LOW:126	dup=S2M:M01LOW:126	アイリス……もうだめ……	아이리스…　이제　안　돼…
S2M:M09LOW:127	dup=S2M:M01LOW:127	アイリスのために\n来てくれたんだぁー！	아이리스를　위해　왔구나ー！
S2M:M09LOW:128	dup=S2M:M01LOW:128	お兄ちゃんは、\n白馬のおうじさまだね！	오빠는\n백마　탄　왕자님이네！
S2M:M09LOW:129	dup=S2M:M01LOW:129	お兄ちゃん……\nアイリスがついてるからね。	오빠……\n아이리스가　곁에　있을게．
S2M:M09LOW:130	dup=S2M:M01LOW:130	あ……止まっちゃった……	아……　멈췄어……
S2M:M09LOW:131	dup=S2M:M01LOW:131	お兄ちゃん……\nごめんね……	오빠……\n미안해……
S2M:M09LOW:132	dup=S2M:M01LOW:132	わーい、やったね！\nお兄ちゃん！	와ー，　해냈다！\n오빠！
S2M:M09LOW:133	dup=S2M:M01LOW:133	お兄ちゃん、\nすごい、すっごーい！	오빠，\n대단해，　정말　대단해ー！
S2M:M09LOW:134	dup=S2M:M01LOW:134	アイリス、すごいでしょ！	아이리스，　대단하지！
S2M:M09LOW:135	dup=S2M:M01LOW:135	ねぇ、ねぇ！\nほめてほめて！	있잖아，　있잖아！\n칭찬해　줘，　칭찬해　줘！
S2M:M09LOW:136	dup=S2M:M01LOW:136	お兄ちゃんがいれば、\nアイリスなんにも恐くないよ！	오빠만　있으면，\n아이리스는　안　무서워！
S2M:M09LOW:137	dup=S2M:M01LOW:137	頼んだで、大神はん。	부탁한다，　오오가미　씨．
S2M:M09LOW:138	dup=S2M:M01LOW:138	ウチらの力、見せたろうで！	우리　힘을　보여　주자！
S2M:M09LOW:139	dup=S2M:M01LOW:139	だ、大丈夫かいな、大神はん。	괜찮나，　오오가미　씨．
S2M:M09LOW:140	dup=S2M:M01LOW:140	ほな、いってみよか！	그럼，　가　볼까！
S2M:M09LOW:141	dup=S2M:M01LOW:141	大神はん、\nウチにまーかしとき！	오오가미　씨，\n나한테　맡겨！
S2M:M09LOW:142	dup=S2M:M01LOW:142	ウチががんばらんと！	내가　힘내야　해！
S2M:M09LOW:143	dup=S2M:M01LOW:143	や、やばいで……	이，　이거　위험해……
S2M:M09LOW:144	dup=S2M:M01LOW:144	お、おおきに、\n大神はん……	고，　고마워，\n오오가미　씨……
S2M:M09LOW:145	dup=S2M:M01LOW:145	もう、そないなことされたら、\nウチ……	그렇게까지　해　주면，\n나……
S2M:M09LOW:146	dup=S2M:M01LOW:146	大神はんがおらんと、\nウチ……こまるんや。	오오가미　씨가　없으면，\n나……　곤란해．
S2M:M09LOW:147	dup=S2M:M01LOW:147	そのへんで、堪忍や……	이쯤에서　봐줘……
S2M:M09LOW:148	dup=S2M:M01LOW:148	大神はん、すんまへん。	오오가미　씨，　미안해．
S2M:M09LOW:149	dup=S2M:M01LOW:149	大神はん、その調子や！	오오가미　씨，　그　기세야！
S2M:M09LOW:150	dup=S2M:M01LOW:150	ええ感じやで！　大神はん！	좋은데！　오오가미　씨！
S2M:M09LOW:151	dup=S2M:M01LOW:151	いっちょあがりや！	한　건　해냈다！
S2M:M09LOW:152	dup=S2M:M01LOW:152	大神はん、\nやったで、ウチ！	오오가미　씨，\n나　해냈어！
S2M:M09LOW:153	dup=S2M:M01LOW:153	ウチらの力を合わせれば、\n千人力や！	우리　힘을　합치면，\n천군만마야！
S2M:M09LOW:154	dup=S2M:M01LOW:154	少尉さん、\nお手並み拝見でーす！	소위님，\n실력을　보여　주세요ー！
S2M:M09LOW:155	dup=S2M:M01LOW:155	早く終わらせて帰りましょー。	빨리　끝내고　돌아가요ー．
S2M:M09LOW:156	dup=S2M:M01LOW:156	ちょっと、\nヤバそうってカンジ！	잠깐，\n좀　위험해　보이는　느낌！
S2M:M09LOW:157	dup=S2M:M01LOW:157	たのしいでーす！	재밌어요ー！
S2M:M09LOW:158	dup=S2M:M01LOW:158	わたしを見ていてくださーい！	저를　지켜봐　주세요ー！
S2M:M09LOW:159	dup=S2M:M01LOW:159	日本のオトコ、\n頼りにならないでーす！	일본　남자는，\n도움이　안　되네요ー！
S2M:M09LOW:160	dup=S2M:M01LOW:160	シャワー浴びたいでーす！	샤워하고　싶어요ー！
S2M:M09LOW:161	dup=S2M:M01LOW:161	日本のオトコに、\nかばってもらうなんて……	일본　남자에게，\n보호받다니……
S2M:M09LOW:162	dup=S2M:M08LOW:162	少尉さん、\n無理しなくてもいいでーす……	소위님，\n무리하지　않아도　돼요……
S2M:M09LOW:163	dup=S2M:M01LOW:163	まったく、\nダメなオトコでーす！	정말이지，\n쓸모없는　남자네요ー！
S2M:M09LOW:164	dup=S2M:M01LOW:164	これ以上はカンベンでーす！	이　이상은　봐주겠어요ー！
S2M:M09LOW:165	dup=S2M:M01LOW:165	もうだめです。\n撤退します……隊長……	이젠　안　돼요．\n후퇴할게요……　대장……
S2M:M09LOW:166	dup=S2M:M01LOW:166	なかなかやるってカンジ！	제법인데요！
S2M:M09LOW:167	dup=S2M:M01LOW:167	少尉さん、\nちょーかっこいいでーす！	소위님，\n정말　멋져요ー！
S2M:M09LOW:168	dup=S2M:M01LOW:168	楽勝でーす！	거뜬해요ー！
S2M:M09LOW:169	dup=S2M:M01LOW:169	うふっ！\n拍手をくださーい！	후훗！\n박수　쳐　주세요ー！
S2M:M09LOW:170	dup=S2M:M01LOW:170	このデュオは最高でーす！	이　듀오는　최고예요ー！
S2M:M09LOW:171	dup=S2M:M01LOW:171	……行動開始。	……행동　개시．
S2M:M09LOW:172	dup=S2M:M07LOW:172	隊長、気を付けて。	대장님，　조심하세요．
S2M:M09LOW:173	dup=S2M:M01LOW:173	……危険だよ。	……위험해．
S2M:M09LOW:174	dup=S2M:M07LOW:174	いくよ！	가자！
S2M:M09LOW:175	dup=S2M:M07LOW:175	指示、よろしく。	지시，　잘　부탁해．
S2M:M09LOW:176	dup=S2M:M08LOW:176	ボクの力で……倒す……	내　힘으로…　쓰러뜨린다…
S2M:M09LOW:177	dup=S2M:M01LOW:177	機体の損傷が激しい……	기체　손상이　심해……
S2M:M09LOW:178	dup=S2M:M01LOW:178	………………	………………
S2M:M09LOW:179	dup=S2M:M07LOW:179	……ありがとう。	…고마워．
S2M:M09LOW:180	dup=S2M:M01LOW:180	隊長……しっかり……	대장……　정신　차려……
S2M:M09LOW:181	dup=S2M:M01LOW:181	一時、撤退……	일단　후퇴……
S2M:M09LOW:182	dup=S2M:M07LOW:182	隊長、\nあとは……よろしく。	대장，\n나머지는……　부탁해．
S2M:M09LOW:183	dup=S2M:M01LOW:183	目標、撃破確認……	목표　격파　확인……
S2M:M09LOW:184	dup=S2M:M07LOW:184	やるね、隊長。	잘하네，　대장．
S2M:M09LOW:185	dup=S2M:M01LOW:185	目標撃破……	목표　격파……
S2M:M09LOW:186	dup=S2M:M07LOW:186	隊長……\n次の指示を……	대장……\n다음　지시를……
S2M:M09LOW:187	dup=S2M:M01LOW:187	これが……ボクらの力……！	이게……　우리　힘……！
S2M:M09LOW:188	dup=S2M:M01LOW:188	そぉら、いくぜ！	자아，　간다！
S2M:M09LOW:189	dup=S2M:M01LOW:189	さぁ、楽しませてくれよ。	자，　즐겁게　해　줘．
S2M:M09LOW:190	dup=S2M:M01LOW:190	勝負は……これからだぜ！	승부는……　지금부터야！
S2M:M09LOW:191	dup=S2M:M01LOW:191	なかなか、\nやるじゃねぇか！	제법이군，\n잘하잖아！
S2M:M09LOW:192	dup=S2M:M01LOW:192	おもしれぇ……	재밌군……
S2M:M09LOW:193	dup=S2M:M01LOW:193	大丈夫か、水狐。	괜찮나，　수호．
S2M:M09LOW:194	dup=S2M:M01LOW:194	華麗に燃やしてあげますよ……	화려하게　태워　드리죠……
S2M:M09LOW:195	dup=S2M:M01LOW:195	覚悟してください。	각오하세요．
S2M:M09LOW:196	dup=S2M:M01LOW:196	あははははは！	아하하하하하！
S2M:M09LOW:197	dup=S2M:M01LOW:197	燃やしつくしてやる！	모조리　태워　주마！
S2M:M09LOW:198	dup=S2M:M01LOW:198	ご……ゴミが……	쓰……　쓰레기가……
S2M:M09LOW:199	dup=S2M:M01LOW:199	私の戦いを見せてあげる。	내　싸움을　보여　주지．
S2M:M09LOW:200	dup=S2M:M01LOW:200	やさしくしてあげるわ。	상냥하게　해　줄게．
S2M:M09LOW:201	dup=S2M:M01LOW:201	ふふふ……負けないわよ。	후후후…　지지　않을　거야．
S2M:M09LOW:202	dup=S2M:M01LOW:202	やるわね。\nさすが華撃団……	잘하네．\n역시　화격단……
S2M:M09LOW:203	dup=S2M:M01LOW:203	くっ……\nこれほどとはね……	큭……\n이　정도일　줄이야……
S2M:M09LOW:204	dup=S2M:M01LOW:204	さぁ、ワシの番じゃな。	자，　내　차례로구나．
S2M:M09LOW:205	dup=S2M:M01LOW:205	ワシの計算にぬかりはないぞ。	내　계산엔　빈틈없다．
S2M:M09LOW:206	dup=S2M:M01LOW:206	こ、このままでは\n終わらぬぞ……	이，　이대로는\n끝나지　않아……
S2M:M09LOW:207	dup=S2M:M01LOW:207	これも計算のうちじゃ。	이것도　계산　안이야．
S2M:M09LOW:208	dup=S2M:M01LOW:208	ぬうっ……\nこれは計算外じゃ……	으으……\n이건　계산　밖이야……
S2M:M09LOW:209	dup=S2M:M01LOW:209	狩りとってやる！	사냥해　주마！
S2M:M09LOW:210	dup=S2M:M01LOW:210	今、楽にしてやるからな。	지금　편하게　해　주마．
S2M:M09LOW:211	dup=S2M:M01LOW:211	ひ、ひねり殺してやる！	비，　비틀어　죽여　주마！
S2M:M09LOW:212	dup=S2M:M01LOW:212	勝ったと思うなよ……	이겼다고　생각하지　마……
S2M:M09LOW:213	dup=S2M:M01LOW:213	まだ、終わりではないぞ！	아직　끝나지　않았다！
S2M:M09LOW:214	dup=S2M:M01LOW:214	終わりにしてやる。	끝내　주마．
S2M:M09LOW:215	dup=S2M:M01LOW:215	いくぞ！　華撃団っ！	간다！　화격단！
S2M:M09LOW:216	dup=S2M:M01LOW:216	まだ、まだだっ！	아직，　아직이다！
S2M:M09LOW:217	dup=S2M:M01LOW:217	腕を上げたな……	실력이　늘었구나……
S2M:M09LOW:218	dup=S2M:M01LOW:218	ぐっ……\nわたしの復讐が……	큭……\n내　복수가……
S2M:M09LOW:219	dup=S2M:M01LOW:219	容赦はせぬぞ……	봐주지　않겠다……
S2M:M09LOW:220	dup=S2M:M01LOW:220	お前たちの罪を知れ……	너희의　죄를　깨달아라……
S2M:M09LOW:221	dup=S2M:M01LOW:221	戦いとはいつも無常だ……	싸움은　언제나　덧없다……
S2M:M09LOW:222	dup=S2M:M01LOW:222	愛は死んだ……	사랑은　죽었다……
S2M:M09LOW:223	dup=S2M:M01LOW:223	ぬぅ……やるな……	으음……　제법이군……
S2M:M09LOW:224	dup=S2M:M01LOW:224	私に触れるな！	나에게　손대지　마！
S2M:M09LOW:225	dup=S2M:M01LOW:225	帝都の恨みは、\nこの程度ではないぞ……	제도의　원한은，\n이　정도가　아니다……
S2M:M09LOW:226	dup=S2M:M01LOW:226	最後に勝つのは……私だ！	최후의　승자는……　나다！
S2M:M09LOW:227	dup=S2M:M01LOW:227	この程度で……ぬうっ！	이　정도로……　으음！
S2M:M09LOW:228	dup=S2M:M01LOW:228	思い上がるな……\n偽善者めっ！	우쭐대지　마……\n위선자　자식！
S2M:M10LOW:0	dup=S2M:M01LOW:0	疾きこと風のごとく……\n移動力重視の作戦だ！	빠르기는　바람처럼……\n이동력　중시　작전이다！
S2M:M10LOW:1	dup=S2M:M01LOW:1	今は、この命令を出している。\n移動力を活かして戦おう。	현재　명령은　이것이다．\n이동력을　살려　싸우자．
S2M:M10LOW:2	dup=S2M:M01LOW:2	花組各員に通達！\n「風」作戦を開始するぞ！	화조　전원에게　통보！\n「풍」　작전　개시다！
S2M:M10LOW:3	dup=S2M:M01LOW:3	林のように心静かに……\n本来の力を引き出すんだ！	숲처럼　마음을　고요히……\n본래의　힘을　끌어내자！
S2M:M10LOW:4	dup=S2M:M01LOW:4	今は、この命令を出している。\n本来の力で敵に立ち向かおう。	현재　명령은　이것이다．\n본래의　힘으로　맞서자．
S2M:M10LOW:5	dup=S2M:M01LOW:5	花組各員に通達！\n「林」作戦を開始するぞ！	화조　전원에게　통보！\n「림」　작전　개시다！
S2M:M10LOW:6	dup=S2M:M01LOW:6	炎のように熱く燃える……\n攻撃力重視の作戦だ！	불처럼　뜨겁게　타오르는……\n공격력　중시　작전이다！
S2M:M10LOW:7	dup=S2M:M01LOW:7	今は、この命令を出している。\n攻撃力を活かして戦おう。	현재　명령은　이것이다．\n공격력을　살려　싸우자．
S2M:M10LOW:8	dup=S2M:M01LOW:8	花組各員に通達！\n「火」作戦を開始するぞ！	화조　전원에게　통보！\n「화」　작전　개시다！
S2M:M10LOW:9	dup=S2M:M01LOW:9	構えること山のごとく……\n防御力重視の作戦だ！	산처럼　굳건히　버티는……\n방어력　중시　작전이다！
S2M:M10LOW:10	dup=S2M:M01LOW:10	今は、この命令を出している。\n防御力を活かして戦おう。	현재　명령은　이것이다．\n방어력을　살려　싸우자．
S2M:M10LOW:11	dup=S2M:M01LOW:11	花組各員に通達！\n「山」作戦を開始するぞ！	화조　전원에게　통보！\n「산」　작전　개시다！
S2M:M10LOW:12	dup=S2M:M01LOW:12	このままの作戦でいくぞ！	이대로　작전을　계속한다！
S2M:M10LOW:13	dup=S2M:M01LOW:13	了解！	알겠습니다！
S2M:M10LOW:14		木喰の乗る魔操機兵、\n「智拳」を撃破してください！\n	모쿠지키가　탄　마조기병，\n「지권」을　격파해　주세요！
S2M:M10LOW:15		天武の力なら、\nきっと、２人でも\n十分に戦えるはずです！	텐부의　힘이라면，\n분명　둘이서도\n충분히　싸울　수　있어요！
S2M:M10LOW:16	dup=S2M:M01LOW:16	０メッセージ１－３	０메시지１－３
S2M:M10LOW:17	dup=S2M:M10LOW:14	木喰の乗る魔操機兵、\n「智拳」を撃破してください！\n	모쿠지키가　탄　마조기병，\n「지권」을　격파해　주세요！
S2M:M10LOW:18	dup=S2M:M10LOW:15	天武の力なら、\nきっと、２人でも\n十分に戦えるはずです！	텐부의　힘이라면，\n분명　둘이서도\n충분히　싸울　수　있어요！
S2M:M10LOW:19	dup=S2M:M01LOW:16	０メッセージ１－３	０메시지１－３
S2M:M10LOW:20	dup=S2M:M02LOW:20	大神さん、山崎は強いわ。\n一時撤退しましょう！	야마자키는　강해요．\n일단　후퇴하죠！
S2M:M10LOW:21	dup=S2M:M01LOW:21	０メッセージ３－２	０메시지３－２
S2M:M10LOW:22	dup=S2M:M01LOW:22	０メッセージ３－３	０메시지３－３
S2M:M10LOW:23	dup=S2M:M01LOW:23	花組の隊長、大神一郎。\n高い戦闘力と、\n勇敢な心を持っている。	화조　대장，　오오가미．\n높은　전투력과\n용감한　마음을　지녔다．
S2M:M10LOW:24	dup=S2M:M01LOW:24	北辰一刀流、真宮寺さくら。\n素早い動きで、\n敵を一刀両断する。	북진일도류，　사쿠라．\n빠른　움직임으로\n적을　일도양단한다．
S2M:M10LOW:25	dup=S2M:M01LOW:25	神崎風塵流、神崎すみれ。\n華麗なナギナタの技は、\n見るものの心をもとらえる。	칸자키　풍진류，　스미레．\n화려한　나기나타　기술은\n보는　이의　마음마저　홀려．
S2M:M10LOW:26	dup=S2M:M01LOW:26	射撃手、マリア・タチバナ。\n氷の銃弾は、狙った\n獲物を決して逃さない。	사격수，　마리아．\n얼음　탄환은　노린\n먹이를　놓치지　않는다．
S2M:M10LOW:27	dup=S2M:M01LOW:27	桐島流空手、桐島カンナ。\n圧倒的なパワーで、むらがる\n敵を粉砕する。	가라테의　달인，　칸나．\n압도적　파워로　몰려드는\n적을　분쇄한다．
S2M:M10LOW:28	dup=S2M:M01LOW:28	花組のマスコット、アイリス。\n超能力を使った、\n不思議な攻撃で敵と戦う。	화조의　마스코트，\n아이리스．\n초능력으로　적과　싸운다．
S2M:M10LOW:29	dup=S2M:M01LOW:29	発明家、李紅蘭。\n次々に繰り出す発明品で、\n敵味方をあっといわせるぞ。	발명가，　코란．\n신제품을　잇달아　내놓아\n적과　아군을　놀라게　한다．
S2M:M10LOW:30	dup=S2M:M01LOW:30	元星組隊員、ソレッタ・織姫。\nイタリアンローズの機体に乗り\n赤い貴族と呼ばれている。	전　별조　대원，　오리히메．\n이탈리안　로즈를　타고\n붉은　귀족이라　불린다．
S2M:M10LOW:31	dup=S2M:M01LOW:31	レニ・ミルヒシュトラーセ。\n戦闘のプロとして、正確な\n無駄のない攻撃を行う。	레니　밀히슈트라세．　전투의\n프로답게　정확하고　군더더기\n없는　공격을　한다．
S2M:M10LOW:32	dup=S2M:M05LOW:32	魔操機兵、脇侍・改。\n長剣を装備したものは、\nイ型乙と呼ばれる。	마조기병，　협시・개．\n장검을　장비한　것은\n이형　을이라　부른다．
S2M:M10LOW:33		魔操機兵、脇侍・改。\n戦闘力を高めた状態で、\n量産化に成功した機体。	마조기병，　협시・개．\n전투력을　높인　상태로\n양산에　성공한　기체．
S2M:M10LOW:34		魔操機兵「智拳」\n五行衆・木喰の乗る機体。\n攻撃兵器「円空」を持つ。	마조기병　「지권」\n오행중・모쿠지키의　기체．\n공격　병기　「엔쿠」　보유．
S2M:M10LOW:35	dup=S2M:M05LOW:35	魔操機兵、脇侍・改。\n大砲を装備しているものは、\nハ型と呼ばれる。	마조기병，　협시・개．\n대포를　장비한　것은\n하형이라　부른다．
S2M:M10LOW:36	dup=S2M:M07LOW:36	魔操機兵、脇侍・改。\nロ型脇侍は、イ型脇侍の支援を\n目的として開発されている。	마조기병，　협시・개．\n로형　협시는　이형　협시를\n지원하도록　개발됐다．
S2M:M10LOW:37		「黒鬼砲」\n黒鬼会の技術を結集した砲台。\n木喰の最新作である。	「흑귀포」　흑귀회　기술의\n집대성인　포대．　모쿠지키의\n최신작이다．
S2M:M10LOW:38	dup=S2M:M09LOW:38	魔操機兵、脇侍・改。\n回復能力を持つこの型は、\nエル特と呼ばれている。	마조기병，　협시・개．\n이　형은　회복　능력이　있어\n엘　특이라　부른다．
S2M:M10LOW:39		脇侍・改「エル特」\nイ型と同じく、元々は\n実験用に開発された機体。	협시・개　「엘　특」\n이형과　마찬가지로　원래\n실험용으로　개발된　기체．
S2M:M10LOW:40	dup=S2M:M10LOW:37	「黒鬼砲」\n黒鬼会の技術を結集した砲台。\n木喰の最新作である。	「흑귀포」　흑귀회　기술의\n집대성인　포대．　모쿠지키의\n최신작이다．
S2M:M10LOW:41		「円空」\n木喰が開発した、\n「智拳」専用の支援兵器。	「엔쿠」\n모쿠지키가　개발한\n「지권」　전용　지원　병기．
S2M:M10LOW:42	dup=S2M:M01LOW:42	メッセージ２０	메시지　２０
S2M:M10LOW:43	dup=S2M:M01LOW:43	今のところ、\nかばう必要はなさそうだな。	지금은\n보호할　필요　없어　보이네．
S2M:M10LOW:44	dup=S2M:M01LOW:44	さくらくん……\n君は俺が守る！	사쿠라　군……\n내가　지킬게！
S2M:M10LOW:45	dup=S2M:M01LOW:45	すみれくん……\n君の盾になってもいいかい。	스미레　군……\n네　방패가　되어도　될까？
S2M:M10LOW:46	dup=S2M:M01LOW:46	マリア……\n君の背中を守らせてくれ。	마리아……\n네　뒤를　지키게　해　줘．
S2M:M10LOW:47	dup=S2M:M01LOW:47	カンナ……\n俺は、君を全力で守るぞ！	칸나……　내가　온　힘을\n다해　지키마！
S2M:M10LOW:48	dup=S2M:M01LOW:48	アイリス……\n俺が側にいるから、\n安心していいよ。	아이리스……\n내가　곁에　있으니，\n안심해도　돼．
S2M:M10LOW:49	dup=S2M:M01LOW:49	紅蘭……\nいつだって君を助けにゆくよ。	코란……\n언제든　널　도우러　갈게．
S2M:M10LOW:50	dup=S2M:M01LOW:50	織姫くん……\n苦しいときは、\nいつでも俺を呼んでくれ！	오리히메　군……\n힘들　때는，\n언제든　날　불러！
S2M:M10LOW:51	dup=S2M:M01LOW:51	レニ……\nたまには、\n守られたっていいだろう？	레니……\n가끔은，\n보호받아도　괜찮잖아？
S2M:M10LOW:52	dup=S2M:M01LOW:52	がんばって！　大神さん！	힘내요！　오오가미　씨！
S2M:M10LOW:53	dup=S2M:M01LOW:53	大神さんが頼りです！	오오가미　씨만　믿을게요！
S2M:M10LOW:54	dup=S2M:M01LOW:54	無理しないでください、\n大神さん……	무리하지　마세요，\n오오가미　씨……
S2M:M10LOW:55	dup=S2M:M01LOW:55	がんばります！	힘낼게요！
S2M:M10LOW:56	dup=S2M:M01LOW:56	大神さんのために……\nあたし、やります！	오오가미　씨를　위해……\n제가　할게요！
S2M:M10LOW:57	dup=S2M:M01LOW:57	あたしが\nがんばらなくっちゃ！	제가　힘내야　해요！
S2M:M10LOW:58	dup=S2M:M01LOW:58	あたし……負けないわ……	저…　지지　않을　거예요…
S2M:M10LOW:59	dup=S2M:M01LOW:59	……ありがとうございます。\n大神さん。	……감사합니다．\n오오가미　씨．
S2M:M10LOW:60	dup=S2M:M01LOW:60	大神さんがいてくれるから、\nあたし、がんばれます！	오오가미　씨가　계시니까\n저도　힘낼　수　있어요！
S2M:M10LOW:61	dup=S2M:M01LOW:61	大丈夫ですか……大神さん。	괜찮으세요…　오오가미　씨．
S2M:M10LOW:62	dup=S2M:M01LOW:62	大神さん……\nごめんなさい……	오오가미　씨……\n죄송해요……
S2M:M10LOW:63	dup=S2M:M01LOW:63	ここは大神さんに\nお任せします……\n……ごめんなさい。	여기는　오오가미　씨에게\n맡길게요……\n……죄송해요．
S2M:M10LOW:64	dup=S2M:M01LOW:64	やりましたね、大神さん！	해냈네요，　오오가미　씨！
S2M:M10LOW:65	dup=S2M:M01LOW:65	今日の大神さん、\n一味違いますね。	오늘　오오가미　씨는\n평소와　다르네요．
S2M:M10LOW:66	dup=S2M:M01LOW:66	やりました！	해냈어요！
S2M:M10LOW:67	dup=S2M:M01LOW:67	大神さんのおかげです！	오오가미　씨　덕분이에요！
S2M:M10LOW:68	dup=S2M:M01LOW:68	大神さん……\nあたし、信じています。	오오가미　씨……\n저는　믿고　있어요．
S2M:M10LOW:69	dup=S2M:M01LOW:69	見せ場がきましてよ、少尉。	제　무대네요，　소위님．
S2M:M10LOW:70	dup=S2M:M01LOW:70	がんばってください、\nわたくしのために……	힘내　주세요，\n저를　위해……
S2M:M10LOW:71	dup=S2M:M01LOW:71	無理は禁物ですわ……	무리는　금물이에요……
S2M:M10LOW:72	dup=S2M:M01LOW:72	さあ、いきますわよ！	자，　갑니다！
S2M:M10LOW:73	dup=S2M:M01LOW:73	少尉、わたくしを\n見ていてくださいな。	소위님，\n저를　지켜봐　주세요．
S2M:M10LOW:74	dup=S2M:M01LOW:74	わたくしでなくては\nダメですわね。	저여야만　하겠군요．
S2M:M10LOW:75	dup=S2M:M01LOW:75	こ、この程度で……	이，　이　정도로……
S2M:M10LOW:76	dup=S2M:M01LOW:76	うれしいですわ……\n少尉……	기뻐요……\n소위님……
S2M:M10LOW:77	dup=S2M:M01LOW:77	わたくしを守ることが\nできるのは少尉だけですわ。	저를　지킬　수　있는　건\n소위님뿐이에요．
S2M:M10LOW:78	dup=S2M:M01LOW:78	かっ、身体が勝手に\n動いただけですわ……	몸이　저절로\n움직였을　뿐이에요……
S2M:M10LOW:79	dup=S2M:M01LOW:79	わたくしとしたことが……	저답지　않게……
S2M:M10LOW:80	dup=S2M:M01LOW:80	少尉を……\n……置いてはいけないのに！	소위님을……\n……두고　갈　수는　없는데！
S2M:M10LOW:81	dup=S2M:M01LOW:81	お見事ですわ、少尉。	훌륭해요，　소위님．
S2M:M10LOW:82	dup=S2M:M01LOW:82	りりしいですわよ、少尉。	늠름하시네요，　소위님．
S2M:M10LOW:83	dup=S2M:M01LOW:83	たいしたことありませんわね。	별것도　아니네요．
S2M:M10LOW:84	dup=S2M:M01LOW:84	見てくださいました？　少尉。	보셨나요？　소위님．
S2M:M10LOW:85	dup=S2M:M01LOW:85	んふっ、\nちょろいもんですわね。\nねぇ、少尉……	후훗，\n이　정도야　식은　죽이죠．\n그렇죠，　소위님……
S2M:M10LOW:86	dup=S2M:M01LOW:86	隊長、お願いします。	대장님，　부탁드려요．
S2M:M10LOW:87	dup=S2M:M01LOW:87	隊長……\n信じています。	대장님……\n믿고　있어요．
S2M:M10LOW:88	dup=S2M:M01LOW:88	隊長……\n慎重にいきましょう。	대장님……\n신중하게　가죠．
S2M:M10LOW:89	dup=S2M:M01LOW:89	さぁ、覚悟しなさい。	자，　각오하세요．
S2M:M10LOW:90	dup=S2M:M01LOW:90	私には、隊長が\nついていてくれる……	저에겐　대장님이\n곁에　계시니까……
S2M:M10LOW:91	dup=S2M:M01LOW:91	私がしっかりしなくては……	제가　정신　차려야……
S2M:M10LOW:92	dup=S2M:M01LOW:92	くっ、まだ……やれる！	큭，아직……　할　수　있어！
S2M:M10LOW:93	dup=S2M:M01LOW:93	すいません、隊長。	죄송해요，　대장님．
S2M:M10LOW:94	dup=S2M:M01LOW:94	隊長の背中……\nとても大きく見えます……	대장님　등……\n정말　커　보이네요……
S2M:M10LOW:95	dup=S2M:M01LOW:95	隊長が無事でよかった……	대장님이　무사해서　다행……
S2M:M10LOW:96	dup=S2M:M01LOW:96	隊長……申し訳ありません……	대장님……　죄송해요……
S2M:M10LOW:97	dup=S2M:M01LOW:97	もう少し……\n隊長と共に……	조금만　더……\n대장님과　함께……
S2M:M10LOW:98	dup=S2M:M01LOW:98	やりますね、隊長。	잘하시네요，　대장님．
S2M:M10LOW:99	dup=S2M:M01LOW:99	隊長が\nいてくださってよかった……	대장님이　계셔서　다행……
S2M:M10LOW:100	dup=S2M:M01LOW:100	ふんっ！　この程度……？	흥！　이　정도……？
S2M:M10LOW:101	dup=S2M:M01LOW:101	隊長、すばらしい指揮です！	대장님，　훌륭한　지휘예요！
S2M:M10LOW:102	dup=S2M:M01LOW:102	隊長が、私の力を\n何倍にもしてくれます。	대장님이　제　힘을\n몇　배나　키워　주세요．
S2M:M10LOW:103	dup=S2M:M01LOW:103	やっちまえ！　隊長！	해치워！　대장님！
S2M:M10LOW:104	dup=S2M:M01LOW:104	あたいがついてるぜ、隊長。	내가　곁에　있어，　대장．
S2M:M10LOW:105	dup=S2M:M01LOW:105	隊長の気合を見せてくれ！	대장님，　기합을　보여　줘！
S2M:M10LOW:106	dup=S2M:M01LOW:106	あたいの番だな！	내　차례구나！
S2M:M10LOW:107	dup=S2M:M01LOW:107	みていてくれよなっ！\n隊長！	지켜봐　줘！\n대장！
S2M:M10LOW:108	dup=S2M:M01LOW:108	まとめて面倒みるぜ！	한꺼번에　상대해　주마！
S2M:M10LOW:109	dup=S2M:M01LOW:109	まだまだ、\nどんどんかかってこいっ！	아직　멀었어，\n어서　덤벼！
S2M:M10LOW:110	dup=S2M:M01LOW:110	すまねぇな、隊長。	미안하군，　대장．
S2M:M10LOW:111	dup=S2M:M01LOW:111	へへっ、\n守られるってのも悪くないな。	헤헤，　보호받는　것도\n나쁘지　않군．
S2M:M10LOW:112	dup=S2M:M01LOW:112	へへっ、らしくないぜぇ？\n隊長！	헤헤，　나답지　않지？\n대장！
S2M:M10LOW:113	dup=S2M:M01LOW:113	ちくしょう……\nこんなところで……	젠장……\n이런　곳에서……
S2M:M10LOW:114	dup=S2M:M01LOW:114	隊長、すまない。\nあたいの分まで\nがんばってくれ！	대장，　미안하다．\n내　몫까지\n힘내　줘！
S2M:M10LOW:115	dup=S2M:M01LOW:115	やるじゃねぇか！　隊長！	제법이잖아！　대장！
S2M:M10LOW:116	dup=S2M:M01LOW:116	ほれぼれするぜ！　隊長！	감탄스럽군！　대장！
S2M:M10LOW:117	dup=S2M:M01LOW:117	ざっとこんなもんだぜ！	대충　이　정도지！
S2M:M10LOW:118	dup=S2M:M01LOW:118	へっへーん！\nどうだい！　隊長！	헤헤ー！\n어때！　대장！
S2M:M10LOW:119	dup=S2M:M01LOW:119	誰もあたいたちを\n止められねぇぜ！	아무도　우릴\n막을　수　없어！
S2M:M10LOW:120	dup=S2M:M01LOW:120	がんばろうね、お兄ちゃん。	힘내자，　오빠．
S2M:M10LOW:121	dup=S2M:M01LOW:121	お兄ちゃん、いっけぇー！	오빠，　가ー！
S2M:M10LOW:122	dup=S2M:M01LOW:122	お兄ちゃん……負けないで！	오빠……　지지　마！
S2M:M10LOW:123	dup=S2M:M01LOW:123	アイリス、いきまーす！	아이리스，　갑니다아！
S2M:M10LOW:124	dup=S2M:M01LOW:124	えへへっ、\nアイリスがんばるよ！	에헤헤，\n아이리스　힘낼게！
S2M:M10LOW:125	dup=S2M:M01LOW:125	アイリスが\nがんばらなくちゃ！	아이리스가\n힘내야　해！
S2M:M10LOW:126	dup=S2M:M01LOW:126	アイリス……もうだめ……	아이리스…　이제　안　돼…
S2M:M10LOW:127	dup=S2M:M01LOW:127	アイリスのために\n来てくれたんだぁー！	아이리스를　위해　왔구나ー！
S2M:M10LOW:128	dup=S2M:M01LOW:128	お兄ちゃんは、\n白馬のおうじさまだね！	오빠는\n백마　탄　왕자님이네！
S2M:M10LOW:129	dup=S2M:M01LOW:129	お兄ちゃん……\nアイリスがついてるからね。	오빠……\n아이리스가　곁에　있을게．
S2M:M10LOW:130	dup=S2M:M01LOW:130	あ……止まっちゃった……	아……　멈췄어……
S2M:M10LOW:131	dup=S2M:M01LOW:131	お兄ちゃん……\nごめんね……	오빠……\n미안해……
S2M:M10LOW:132	dup=S2M:M01LOW:132	わーい、やったね！\nお兄ちゃん！	와ー，　해냈다！\n오빠！
S2M:M10LOW:133	dup=S2M:M01LOW:133	お兄ちゃん、\nすごい、すっごーい！	오빠，\n대단해，　정말　대단해ー！
S2M:M10LOW:134	dup=S2M:M01LOW:134	アイリス、すごいでしょ！	아이리스，　대단하지！
S2M:M10LOW:135	dup=S2M:M01LOW:135	ねぇ、ねぇ！\nほめてほめて！	있잖아，　있잖아！\n칭찬해　줘，　칭찬해　줘！
S2M:M10LOW:136	dup=S2M:M01LOW:136	お兄ちゃんがいれば、\nアイリスなんにも恐くないよ！	오빠만　있으면，\n아이리스는　안　무서워！
S2M:M10LOW:137	dup=S2M:M01LOW:137	頼んだで、大神はん。	부탁한다，　오오가미　씨．
S2M:M10LOW:138	dup=S2M:M01LOW:138	ウチらの力、見せたろうで！	우리　힘을　보여　주자！
S2M:M10LOW:139	dup=S2M:M01LOW:139	だ、大丈夫かいな、大神はん。	괜찮나，　오오가미　씨．
S2M:M10LOW:140	dup=S2M:M01LOW:140	ほな、いってみよか！	그럼，　가　볼까！
S2M:M10LOW:141	dup=S2M:M01LOW:141	大神はん、\nウチにまーかしとき！	오오가미　씨，\n나한테　맡겨！
S2M:M10LOW:142	dup=S2M:M01LOW:142	ウチががんばらんと！	내가　힘내야　해！
S2M:M10LOW:143	dup=S2M:M01LOW:143	や、やばいで……	이，　이거　위험해……
S2M:M10LOW:144	dup=S2M:M01LOW:144	お、おおきに、\n大神はん……	고，　고마워，\n오오가미　씨……
S2M:M10LOW:145	dup=S2M:M01LOW:145	もう、そないなことされたら、\nウチ……	그렇게까지　해　주면，\n나……
S2M:M10LOW:146	dup=S2M:M01LOW:146	大神はんがおらんと、\nウチ……こまるんや。	오오가미　씨가　없으면，\n나……　곤란해．
S2M:M10LOW:147	dup=S2M:M01LOW:147	そのへんで、堪忍や……	이쯤에서　봐줘……
S2M:M10LOW:148	dup=S2M:M01LOW:148	大神はん、すんまへん。	오오가미　씨，　미안해．
S2M:M10LOW:149	dup=S2M:M01LOW:149	大神はん、その調子や！	오오가미　씨，　그　기세야！
S2M:M10LOW:150	dup=S2M:M01LOW:150	ええ感じやで！　大神はん！	좋은데！　오오가미　씨！
S2M:M10LOW:151	dup=S2M:M01LOW:151	いっちょあがりや！	한　건　해냈다！
S2M:M10LOW:152	dup=S2M:M01LOW:152	大神はん、\nやったで、ウチ！	오오가미　씨，\n나　해냈어！
S2M:M10LOW:153	dup=S2M:M01LOW:153	ウチらの力を合わせれば、\n千人力や！	우리　힘을　합치면，\n천군만마야！
S2M:M10LOW:154	dup=S2M:M01LOW:154	少尉さん、\nお手並み拝見でーす！	소위님，\n실력을　보여　주세요ー！
S2M:M10LOW:155	dup=S2M:M01LOW:155	早く終わらせて帰りましょー。	빨리　끝내고　돌아가요ー．
S2M:M10LOW:156	dup=S2M:M01LOW:156	ちょっと、\nヤバそうってカンジ！	잠깐，\n좀　위험해　보이는　느낌！
S2M:M10LOW:157	dup=S2M:M01LOW:157	たのしいでーす！	재밌어요ー！
S2M:M10LOW:158	dup=S2M:M01LOW:158	わたしを見ていてくださーい！	저를　지켜봐　주세요ー！
S2M:M10LOW:159		勝手にやらせてもらいまーす！	맘대로　하게　해　주세요ー！
S2M:M10LOW:160	dup=S2M:M01LOW:160	シャワー浴びたいでーす！	샤워하고　싶어요ー！
S2M:M10LOW:161		あはっ！\n少尉さん、サンキュでーす！	아핫！\n소위님，　고마워요ー！
S2M:M10LOW:162	dup=S2M:M01LOW:162	少尉さん、\n無理しなくていいでーす……	소위님，\n무리하지　않아도　돼요……
S2M:M10LOW:163	dup=S2M:M01LOW:163	まったく、\nダメなオトコでーす！	정말이지，\n쓸모없는　남자네요ー！
S2M:M10LOW:164	dup=S2M:M01LOW:164	これ以上はカンベンでーす！	이　이상은　봐주겠어요ー！
S2M:M10LOW:165	dup=S2M:M01LOW:165	もうだめです。\n撤退します……隊長……	이젠　안　돼요．\n후퇴할게요……　대장……
S2M:M10LOW:166	dup=S2M:M01LOW:166	なかなかやるってカンジ！	제법인데요！
S2M:M10LOW:167	dup=S2M:M01LOW:167	少尉さん、\nちょーかっこいいでーす！	소위님，\n정말　멋져요ー！
S2M:M10LOW:168	dup=S2M:M01LOW:168	楽勝でーす！	거뜬해요ー！
S2M:M10LOW:169	dup=S2M:M01LOW:169	うふっ！\n拍手をくださーい！	후훗！\n박수　쳐　주세요ー！
S2M:M10LOW:170	dup=S2M:M01LOW:170	このデュオは最高でーす！	이　듀오는　최고예요ー！
S2M:M10LOW:171	dup=S2M:M01LOW:171	……行動開始。	……행동　개시．
S2M:M10LOW:172	dup=S2M:M07LOW:172	隊長、気を付けて。	대장님，　조심하세요．
S2M:M10LOW:173	dup=S2M:M01LOW:173	……危険だよ。	……위험해．
S2M:M10LOW:174	dup=S2M:M07LOW:174	いくよ！	가자！
S2M:M10LOW:175	dup=S2M:M07LOW:175	指示、よろしく。	지시，　잘　부탁해．
S2M:M10LOW:176	dup=S2M:M08LOW:176	ボクの力で……倒す……	내　힘으로…　쓰러뜨린다…
S2M:M10LOW:177	dup=S2M:M01LOW:177	機体の損傷が激しい……	기체　손상이　심해……
S2M:M10LOW:178	dup=S2M:M01LOW:178	………………	………………
S2M:M10LOW:179	dup=S2M:M07LOW:179	……ありがとう。	…고마워．
S2M:M10LOW:180	dup=S2M:M01LOW:180	隊長……しっかり……	대장……　정신　차려……
S2M:M10LOW:181	dup=S2M:M01LOW:181	一時、撤退……	일단　후퇴……
S2M:M10LOW:182	dup=S2M:M07LOW:182	隊長、\nあとは……よろしく。	대장，\n나머지는……　부탁해．
S2M:M10LOW:183	dup=S2M:M01LOW:183	目標、撃破確認……	목표　격파　확인……
S2M:M10LOW:184	dup=S2M:M07LOW:184	やるね、隊長。	잘하네，　대장．
S2M:M10LOW:185	dup=S2M:M01LOW:185	目標撃破……	목표　격파……
S2M:M10LOW:186	dup=S2M:M07LOW:186	隊長……\n次の指示を……	대장……\n다음　지시를……
S2M:M10LOW:187	dup=S2M:M01LOW:187	これが……ボクらの力……！	이게……　우리　힘……！
S2M:M10LOW:188	dup=S2M:M01LOW:188	そぉら、いくぜ！	자아，　간다！
S2M:M10LOW:189	dup=S2M:M01LOW:189	さぁ、楽しませてくれよ。	자，　즐겁게　해　줘．
S2M:M10LOW:190	dup=S2M:M01LOW:190	勝負は……これからだぜ！	승부는……　지금부터야！
S2M:M10LOW:191	dup=S2M:M01LOW:191	なかなか、\nやるじゃねぇか！	제법이군，\n잘하잖아！
S2M:M10LOW:192	dup=S2M:M01LOW:192	おもしれぇ……	재밌군……
S2M:M10LOW:193	dup=S2M:M01LOW:193	大丈夫か、水狐。	괜찮나，　수호．
S2M:M10LOW:194	dup=S2M:M01LOW:194	華麗に燃やしてあげますよ……	화려하게　태워　드리죠……
S2M:M10LOW:195	dup=S2M:M01LOW:195	覚悟してください。	각오하세요．
S2M:M10LOW:196	dup=S2M:M01LOW:196	あははははは！	아하하하하하！
S2M:M10LOW:197	dup=S2M:M01LOW:197	燃やしつくしてやる！	모조리　태워　주마！
S2M:M10LOW:198	dup=S2M:M01LOW:198	ご……ゴミが……	쓰……　쓰레기가……
S2M:M10LOW:199	dup=S2M:M01LOW:199	私の戦いを見せてあげる。	내　싸움을　보여　주지．
S2M:M10LOW:200	dup=S2M:M01LOW:200	やさしくしてあげるわ。	상냥하게　해　줄게．
S2M:M10LOW:201	dup=S2M:M01LOW:201	ふふふ……負けないわよ。	후후후…　지지　않을　거야．
S2M:M10LOW:202	dup=S2M:M01LOW:202	やるわね。\nさすが華撃団……	잘하네．\n역시　화격단……
S2M:M10LOW:203	dup=S2M:M01LOW:203	くっ……\nこれほどとはね……	큭……\n이　정도일　줄이야……
S2M:M10LOW:204	dup=S2M:M01LOW:204	さぁ、ワシの番じゃな。	자，　내　차례로구나．
S2M:M10LOW:205	dup=S2M:M01LOW:205	ワシの計算にぬかりはないぞ。	내　계산엔　빈틈없다．
S2M:M10LOW:206	dup=S2M:M01LOW:206	こ、このままでは\n終わらぬぞ……	이，　이대로는\n끝나지　않아……
S2M:M10LOW:207	dup=S2M:M01LOW:207	これも計算のうちじゃ。	이것도　계산　안이야．
S2M:M10LOW:208	dup=S2M:M01LOW:208	ぬうっ……\nこれは計算外じゃ……	으으……\n이건　계산　밖이야……
S2M:M10LOW:209	dup=S2M:M01LOW:209	狩りとってやる！	사냥해　주마！
S2M:M10LOW:210	dup=S2M:M01LOW:210	今、楽にしてやるからな。	지금　편하게　해　주마．
S2M:M10LOW:211	dup=S2M:M01LOW:211	ひ、ひねり殺してやる！	비，　비틀어　죽여　주마！
S2M:M10LOW:212	dup=S2M:M01LOW:212	勝ったと思うなよ……	이겼다고　생각하지　마……
S2M:M10LOW:213	dup=S2M:M01LOW:213	まだ、終わりではないぞ！	아직　끝나지　않았다！
S2M:M10LOW:214	dup=S2M:M01LOW:214	終わりにしてやる。	끝내　주마．
S2M:M10LOW:215	dup=S2M:M01LOW:215	いくぞ！　華撃団っ！	간다！　화격단！
S2M:M10LOW:216	dup=S2M:M01LOW:216	まだ、まだだっ！	아직，　아직이다！
S2M:M10LOW:217	dup=S2M:M01LOW:217	腕を上げたな……	실력이　늘었구나……
S2M:M10LOW:218	dup=S2M:M01LOW:218	ぐっ……\nわたしの復讐が……	큭……\n내　복수가……
S2M:M10LOW:219	dup=S2M:M01LOW:219	容赦はせぬぞ……	봐주지　않겠다……
S2M:M10LOW:220	dup=S2M:M01LOW:220	お前たちの罪を知れ……	너희의　죄를　깨달아라……
S2M:M10LOW:221	dup=S2M:M01LOW:221	戦いとはいつも無常だ……	싸움은　언제나　덧없다……
S2M:M10LOW:222	dup=S2M:M01LOW:222	愛は死んだ……	사랑은　죽었다……
S2M:M10LOW:223	dup=S2M:M01LOW:223	ぬぅ……やるな……	으음……　제법이군……
S2M:M10LOW:224	dup=S2M:M01LOW:224	私に触れるな！	나에게　손대지　마！
S2M:M10LOW:225	dup=S2M:M01LOW:225	帝都の恨みは、\nこの程度ではないぞ……	제도의　원한은，\n이　정도가　아니다……
S2M:M10LOW:226	dup=S2M:M01LOW:226	最後に勝つのは……私だ！	최후의　승자는……　나다！
S2M:M10LOW:227	dup=S2M:M01LOW:227	この程度で……ぬうっ！	이　정도로……　으음！
S2M:M10LOW:228	dup=S2M:M01LOW:228	思い上がるな……\n偽善者めっ！	우쭐대지　마……\n위선자　자식！
S2M:M11LOW:0	dup=S2M:M01LOW:0	疾きこと風のごとく……\n移動力重視の作戦だ！	빠르기는　바람처럼……\n이동력　중시　작전이다！
S2M:M11LOW:1	dup=S2M:M01LOW:1	今は、この命令を出している。\n移動力を活かして戦おう。	현재　명령은　이것이다．\n이동력을　살려　싸우자．
S2M:M11LOW:2	dup=S2M:M01LOW:2	花組各員に通達！\n「風」作戦を開始するぞ！	화조　전원에게　통보！\n「풍」　작전　개시다！
S2M:M11LOW:3	dup=S2M:M01LOW:3	林のように心静かに……\n本来の力を引き出すんだ！	숲처럼　마음을　고요히……\n본래의　힘을　끌어내자！
S2M:M11LOW:4	dup=S2M:M01LOW:4	今は、この命令を出している。\n本来の力で敵に立ち向かおう。	현재　명령은　이것이다．\n본래의　힘으로　맞서자．
S2M:M11LOW:5	dup=S2M:M01LOW:5	花組各員に通達！\n「林」作戦を開始するぞ！	화조　전원에게　통보！\n「림」　작전　개시다！
S2M:M11LOW:6	dup=S2M:M01LOW:6	炎のように熱く燃える……\n攻撃力重視の作戦だ！	불처럼　뜨겁게　타오르는……\n공격력　중시　작전이다！
S2M:M11LOW:7	dup=S2M:M01LOW:7	今は、この命令を出している。\n攻撃力を活かして戦おう。	현재　명령은　이것이다．\n공격력을　살려　싸우자．
S2M:M11LOW:8	dup=S2M:M01LOW:8	花組各員に通達！\n「火」作戦を開始するぞ！	화조　전원에게　통보！\n「화」　작전　개시다！
S2M:M11LOW:9	dup=S2M:M01LOW:9	構えること山のごとく……\n防御力重視の作戦だ！	산처럼　굳건히　버티는……\n방어력　중시　작전이다！
S2M:M11LOW:10	dup=S2M:M01LOW:10	今は、この命令を出している。\n防御力を活かして戦おう。	현재　명령은　이것이다．\n방어력을　살려　싸우자．
S2M:M11LOW:11	dup=S2M:M01LOW:11	花組各員に通達！\n「山」作戦を開始するぞ！	화조　전원에게　통보！\n「산」　작전　개시다！
S2M:M11LOW:12	dup=S2M:M01LOW:12	このままの作戦でいくぞ！	이대로　작전을　계속한다！
S2M:M11LOW:13	dup=S2M:M01LOW:13	了解！	알겠습니다！
S2M:M11LOW:14		鬼王のところまで接近して、\n魔神器を取り戻すのよ！\n	귀왕에게　접근해\n마신기를　되찾아！
S2M:M11LOW:15	dup=S2M:M08LOW:15	０メッセージ１－２	０메시지１－２
S2M:M11LOW:16	dup=S2M:M01LOW:16	０メッセージ１－３	０메시지１－３
S2M:M11LOW:17	dup=S2M:M08LOW:17	門の外に出て、\n機を撃破するのよ！	문　밖으로　나가，\n기체를　격파해！
S2M:M11LOW:18	dup=S2M:M08LOW:18	敵の大将、は、\n攻撃回数が多いわ。\n気をつけるのよ！	적장　토는\n공격　횟수가　많아．\n조심해！
S2M:M11LOW:19	dup=S2M:M01LOW:19	０メッセージ２－３	０메시지２－３
S2M:M11LOW:20	dup=S2M:M02LOW:20	大神さん、山崎は強いわ。\n一時撤退しましょう！	야마자키는　강해요．\n일단　후퇴하죠！
S2M:M11LOW:21	dup=S2M:M01LOW:21	０メッセージ３－２	０메시지３－２
S2M:M11LOW:22	dup=S2M:M01LOW:22	０メッセージ３－３	０메시지３－３
S2M:M11LOW:23	dup=S2M:M01LOW:23	花組の隊長、大神一郎。\n高い戦闘力と、\n勇敢な心を持っている。	화조　대장，　오오가미．\n높은　전투력과\n용감한　마음을　지녔다．
S2M:M11LOW:24	dup=S2M:M01LOW:24	北辰一刀流、真宮寺さくら。\n素早い動きで、\n敵を一刀両断する。	북진일도류，　사쿠라．\n빠른　움직임으로\n적을　일도양단한다．
S2M:M11LOW:25	dup=S2M:M01LOW:25	神崎風塵流、神崎すみれ。\n華麗なナギナタの技は、\n見るものの心をもとらえる。	칸자키　풍진류，　스미레．\n화려한　나기나타　기술은\n보는　이의　마음마저　홀려．
S2M:M11LOW:26	dup=S2M:M01LOW:26	射撃手、マリア・タチバナ。\n氷の銃弾は、狙った\n獲物を決して逃さない。	사격수，　마리아．\n얼음　탄환은　노린\n먹이를　놓치지　않는다．
S2M:M11LOW:27	dup=S2M:M01LOW:27	桐島流空手、桐島カンナ。\n圧倒的なパワーで、むらがる\n敵を粉砕する。	가라테의　달인，　칸나．\n압도적　파워로　몰려드는\n적을　분쇄한다．
S2M:M11LOW:28	dup=S2M:M01LOW:28	花組のマスコット、アイリス。\n超能力を使った、\n不思議な攻撃で敵と戦う。	화조의　마스코트，\n아이리스．\n초능력으로　적과　싸운다．
S2M:M11LOW:29	dup=S2M:M01LOW:29	発明家、李紅蘭。\n次々に繰り出す発明品で、\n敵味方をあっといわせるぞ。	발명가，　코란．\n신제품을　잇달아　내놓아\n적과　아군을　놀라게　한다．
S2M:M11LOW:30	dup=S2M:M01LOW:30	元星組隊員、ソレッタ・織姫。\nイタリアンローズの機体に乗り\n赤い貴族と呼ばれている。	전　별조　대원，　오리히메．\n이탈리안　로즈를　타고\n붉은　귀족이라　불린다．
S2M:M11LOW:31	dup=S2M:M01LOW:31	レニ・ミルヒシュトラーセ。\n戦闘のプロとして、正確な\n無駄のない攻撃を行う。	레니　밀히슈트라세．　전투의\n프로답게　정확하고　군더더기\n없는　공격을　한다．
S2M:M11LOW:32	dup=S2M:M05LOW:32	魔操機兵、脇侍・改。\n長剣を装備したものは、\nイ型乙と呼ばれる。	마조기병，　협시・개．\n장검을　장비한　것은\n이형　을이라　부른다．
S2M:M11LOW:33	dup=S2M:M10LOW:33	魔操機兵、脇侍・改。\n戦闘力を高めた状態で、\n量産化に成功した機体。	마조기병，　협시・개．\n전투력을　높인　상태로\n양산에　성공한　기체．
S2M:M11LOW:34		「撃砲」\n旧式の間接砲台。攻撃力は\n高いが、攻撃範囲が狭い。	「격포」\n구식　간접　포대．　공격력은\n높지만　공격　범위가　좁다．
S2M:M11LOW:35	dup=S2M:M05LOW:35	魔操機兵、脇侍・改。\n大砲を装備しているものは、\nハ型と呼ばれる。	마조기병，　협시・개．\n대포를　장비한　것은\n하형이라　부른다．
S2M:M11LOW:36	dup=S2M:M07LOW:36	魔操機兵、脇侍・改。\nロ型脇侍は、イ型脇侍の支援を\n目的として開発されている。	마조기병，　협시・개．\n로형　협시는　이형　협시를\n지원하도록　개발됐다．
S2M:M11LOW:37	dup=S2M:M09LOW:37	魔操機兵、脇侍・改。\n散弾を使用しており、\n１発の威力は比較的小さい。	마조기병，　협시・개．\n산탄을　사용하며　한　발\n위력은　비교적　낮다．
S2M:M11LOW:38	dup=S2M:M09LOW:38	魔操機兵、脇侍・改。\n回復能力を持つこの型は、\nエル特と呼ばれている。	마조기병，　협시・개．\n이　형은　회복　능력이　있어\n엘　특이라　부른다．
S2M:M11LOW:39		「蒸気火箭」\n木喰が創り出した攻撃兵器。\n高い攻撃力を持っている	「증기화전」　모쿠지키가\n만든　공격　병기．　공격력이\n높다．
S2M:M11LOW:40	dup=S2M:M01LOW:40	メッセージ１８	메시지　１８
S2M:M11LOW:41	dup=S2M:M01LOW:41	メッセージ１９	메시지　１９
S2M:M11LOW:42	dup=S2M:M01LOW:42	メッセージ２０	메시지　２０
S2M:M11LOW:43	dup=S2M:M01LOW:43	今のところ、\nかばう必要はなさそうだな。	지금은\n보호할　필요　없어　보이네．
S2M:M11LOW:44	dup=S2M:M01LOW:44	さくらくん……\n君は俺が守る！	사쿠라　군……\n내가　지킬게！
S2M:M11LOW:45	dup=S2M:M01LOW:45	すみれくん……\n君の盾になってもいいかい。	스미레　군……\n네　방패가　되어도　될까？
S2M:M11LOW:46	dup=S2M:M01LOW:46	マリア……\n君の背中を守らせてくれ。	마리아……\n네　뒤를　지키게　해　줘．
S2M:M11LOW:47	dup=S2M:M01LOW:47	カンナ……\n俺は、君を全力で守るぞ！	칸나……　내가　온　힘을\n다해　지키마！
S2M:M11LOW:48	dup=S2M:M01LOW:48	アイリス……\n俺が側にいるから、\n安心していいよ。	아이리스……\n내가　곁에　있으니，\n안심해도　돼．
S2M:M11LOW:49	dup=S2M:M01LOW:49	紅蘭……\nいつだって君を助けにゆくよ。	코란……\n언제든　널　도우러　갈게．
S2M:M11LOW:50	dup=S2M:M01LOW:50	織姫くん……\n苦しいときは、\nいつでも俺を呼んでくれ！	오리히메　군……\n힘들　때는，\n언제든　날　불러！
S2M:M11LOW:51	dup=S2M:M01LOW:51	レニ……\nたまには、\n守られたっていいだろう？	레니……\n가끔은，\n보호받아도　괜찮잖아？
S2M:M11LOW:52	dup=S2M:M01LOW:52	がんばって！　大神さん！	힘내요！　오오가미　씨！
S2M:M11LOW:53	dup=S2M:M01LOW:53	大神さんが頼りです！	오오가미　씨만　믿을게요！
S2M:M11LOW:54	dup=S2M:M01LOW:54	無理しないでください、\n大神さん……	무리하지　마세요，\n오오가미　씨……
S2M:M11LOW:55	dup=S2M:M01LOW:55	がんばります！	힘낼게요！
S2M:M11LOW:56	dup=S2M:M01LOW:56	大神さんのために……\nあたし、やります！	오오가미　씨를　위해……\n제가　할게요！
S2M:M11LOW:57	dup=S2M:M01LOW:57	あたしが\nがんばらなくっちゃ！	제가　힘내야　해요！
S2M:M11LOW:58	dup=S2M:M01LOW:58	あたし……負けないわ……	저…　지지　않을　거예요…
S2M:M11LOW:59	dup=S2M:M01LOW:59	……ありがとうございます。\n大神さん。	……감사합니다．\n오오가미　씨．
S2M:M11LOW:60	dup=S2M:M01LOW:60	大神さんがいてくれるから、\nあたし、がんばれます！	오오가미　씨가　계시니까\n저도　힘낼　수　있어요！
S2M:M11LOW:61	dup=S2M:M01LOW:61	大丈夫ですか……大神さん。	괜찮으세요…　오오가미　씨．
S2M:M11LOW:62	dup=S2M:M01LOW:62	大神さん……\nごめんなさい……	오오가미　씨……\n죄송해요……
S2M:M11LOW:63	dup=S2M:M01LOW:63	ここは大神さんに\nお任せします……\n……ごめんなさい。	여기는　오오가미　씨에게\n맡길게요……\n……죄송해요．
S2M:M11LOW:64	dup=S2M:M01LOW:64	やりましたね、大神さん！	해냈네요，　오오가미　씨！
S2M:M11LOW:65	dup=S2M:M01LOW:65	今日の大神さん、\n一味違いますね。	오늘　오오가미　씨는\n평소와　다르네요．
S2M:M11LOW:66	dup=S2M:M01LOW:66	やりました！	해냈어요！
S2M:M11LOW:67	dup=S2M:M01LOW:67	大神さんのおかげです！	오오가미　씨　덕분이에요！
S2M:M11LOW:68	dup=S2M:M01LOW:68	大神さん……\nあたし、信じています。	오오가미　씨……\n저는　믿고　있어요．
S2M:M11LOW:69	dup=S2M:M01LOW:69	見せ場がきましてよ、少尉。	제　무대네요，　소위님．
S2M:M11LOW:70	dup=S2M:M01LOW:70	がんばってください、\nわたくしのために……	힘내　주세요，\n저를　위해……
S2M:M11LOW:71	dup=S2M:M01LOW:71	無理は禁物ですわ……	무리는　금물이에요……
S2M:M11LOW:72	dup=S2M:M01LOW:72	さあ、いきますわよ！	자，　갑니다！
S2M:M11LOW:73	dup=S2M:M01LOW:73	少尉、わたくしを\n見ていてくださいな。	소위님，\n저를　지켜봐　주세요．
S2M:M11LOW:74	dup=S2M:M01LOW:74	わたくしでなくては\nダメですわね。	저여야만　하겠군요．
S2M:M11LOW:75	dup=S2M:M01LOW:75	こ、この程度で……	이，　이　정도로……
S2M:M11LOW:76	dup=S2M:M01LOW:76	うれしいですわ……\n少尉……	기뻐요……\n소위님……
S2M:M11LOW:77	dup=S2M:M01LOW:77	わたくしを守ることが\nできるのは少尉だけですわ。	저를　지킬　수　있는　건\n소위님뿐이에요．
S2M:M11LOW:78	dup=S2M:M01LOW:78	かっ、身体が勝手に\n動いただけですわ……	몸이　저절로\n움직였을　뿐이에요……
S2M:M11LOW:79	dup=S2M:M01LOW:79	わたくしとしたことが……	저답지　않게……
S2M:M11LOW:80	dup=S2M:M01LOW:80	少尉を……\n……置いてはいけないのに！	소위님을……\n……두고　갈　수는　없는데！
S2M:M11LOW:81	dup=S2M:M01LOW:81	お見事ですわ、少尉。	훌륭해요，　소위님．
S2M:M11LOW:82	dup=S2M:M01LOW:82	りりしいですわよ、少尉。	늠름하시네요，　소위님．
S2M:M11LOW:83	dup=S2M:M01LOW:83	たいしたことありませんわね。	별것도　아니네요．
S2M:M11LOW:84	dup=S2M:M01LOW:84	見てくださいました？　少尉。	보셨나요？　소위님．
S2M:M11LOW:85	dup=S2M:M01LOW:85	んふっ、\nちょろいもんですわね。\nねぇ、少尉……	후훗，\n이　정도야　식은　죽이죠．\n그렇죠，　소위님……
S2M:M11LOW:86	dup=S2M:M01LOW:86	隊長、お願いします。	대장님，　부탁드려요．
S2M:M11LOW:87	dup=S2M:M01LOW:87	隊長……\n信じています。	대장님……\n믿고　있어요．
S2M:M11LOW:88	dup=S2M:M01LOW:88	隊長……\n慎重にいきましょう。	대장님……\n신중하게　가죠．
S2M:M11LOW:89	dup=S2M:M01LOW:89	さぁ、覚悟しなさい。	자，　각오하세요．
S2M:M11LOW:90	dup=S2M:M01LOW:90	私には、隊長が\nついていてくれる……	저에겐　대장님이\n곁에　계시니까……
S2M:M11LOW:91	dup=S2M:M01LOW:91	私がしっかりしなくては……	제가　정신　차려야……
S2M:M11LOW:92	dup=S2M:M01LOW:92	くっ、まだ……やれる！	큭，아직……　할　수　있어！
S2M:M11LOW:93	dup=S2M:M01LOW:93	すいません、隊長。	죄송해요，　대장님．
S2M:M11LOW:94	dup=S2M:M01LOW:94	隊長の背中……\nとても大きく見えます……	대장님　등……\n정말　커　보이네요……
S2M:M11LOW:95	dup=S2M:M01LOW:95	隊長が無事でよかった……	대장님이　무사해서　다행……
S2M:M11LOW:96	dup=S2M:M01LOW:96	隊長……申し訳ありません……	대장님……　죄송해요……
S2M:M11LOW:97	dup=S2M:M01LOW:97	もう少し……\n隊長と共に……	조금만　더……\n대장님과　함께……
S2M:M11LOW:98	dup=S2M:M01LOW:98	やりますね、隊長。	잘하시네요，　대장님．
S2M:M11LOW:99	dup=S2M:M01LOW:99	隊長が\nいてくださってよかった……	대장님이　계셔서　다행……
S2M:M11LOW:100	dup=S2M:M01LOW:100	ふんっ！　この程度……？	흥！　이　정도……？
S2M:M11LOW:101	dup=S2M:M01LOW:101	隊長、すばらしい指揮です！	대장님，　훌륭한　지휘예요！
S2M:M11LOW:102	dup=S2M:M01LOW:102	隊長が、私の力を\n何倍にもしてくれます。	대장님이　제　힘을\n몇　배나　키워　주세요．
S2M:M11LOW:103	dup=S2M:M01LOW:103	やっちまえ！　隊長！	해치워！　대장님！
S2M:M11LOW:104	dup=S2M:M01LOW:104	あたいがついてるぜ、隊長。	내가　곁에　있어，　대장．
S2M:M11LOW:105	dup=S2M:M01LOW:105	隊長の気合を見せてくれ！	대장님，　기합을　보여　줘！
S2M:M11LOW:106	dup=S2M:M01LOW:106	あたいの番だな！	내　차례구나！
S2M:M11LOW:107	dup=S2M:M01LOW:107	みていてくれよなっ！\n隊長！	지켜봐　줘！\n대장！
S2M:M11LOW:108	dup=S2M:M01LOW:108	まとめて面倒みるぜ！	한꺼번에　상대해　주마！
S2M:M11LOW:109	dup=S2M:M01LOW:109	まだまだ、\nどんどんかかってこいっ！	아직　멀었어，\n어서　덤벼！
S2M:M11LOW:110	dup=S2M:M01LOW:110	すまねぇな、隊長。	미안하군，　대장．
S2M:M11LOW:111	dup=S2M:M01LOW:111	へへっ、\n守られるってのも悪くないな。	헤헤，　보호받는　것도\n나쁘지　않군．
S2M:M11LOW:112	dup=S2M:M01LOW:112	へへっ、らしくないぜぇ？\n隊長！	헤헤，　나답지　않지？\n대장！
S2M:M11LOW:113	dup=S2M:M01LOW:113	ちくしょう……\nこんなところで……	젠장……\n이런　곳에서……
S2M:M11LOW:114	dup=S2M:M01LOW:114	隊長、すまない。\nあたいの分まで\nがんばってくれ！	대장，　미안하다．\n내　몫까지\n힘내　줘！
S2M:M11LOW:115	dup=S2M:M01LOW:115	やるじゃねぇか！　隊長！	제법이잖아！　대장！
S2M:M11LOW:116	dup=S2M:M01LOW:116	ほれぼれするぜ！　隊長！	감탄스럽군！　대장！
S2M:M11LOW:117	dup=S2M:M01LOW:117	ざっとこんなもんだぜ！	대충　이　정도지！
S2M:M11LOW:118	dup=S2M:M01LOW:118	へっへーん！\nどうだい！　隊長！	헤헤ー！\n어때！　대장！
S2M:M11LOW:119	dup=S2M:M01LOW:119	誰もあたいたちを\n止められねぇぜ！	아무도　우릴\n막을　수　없어！
S2M:M11LOW:120	dup=S2M:M01LOW:120	がんばろうね、お兄ちゃん。	힘내자，　오빠．
S2M:M11LOW:121	dup=S2M:M01LOW:121	お兄ちゃん、いっけぇー！	오빠，　가ー！
S2M:M11LOW:122	dup=S2M:M01LOW:122	お兄ちゃん……負けないで！	오빠……　지지　마！
S2M:M11LOW:123	dup=S2M:M01LOW:123	アイリス、いきまーす！	아이리스，　갑니다아！
S2M:M11LOW:124	dup=S2M:M01LOW:124	えへへっ、\nアイリスがんばるよ！	에헤헤，\n아이리스　힘낼게！
S2M:M11LOW:125	dup=S2M:M01LOW:125	アイリスが\nがんばらなくちゃ！	아이리스가\n힘내야　해！
S2M:M11LOW:126	dup=S2M:M01LOW:126	アイリス……もうだめ……	아이리스…　이제　안　돼…
S2M:M11LOW:127	dup=S2M:M01LOW:127	アイリスのために\n来てくれたんだぁー！	아이리스를　위해　왔구나ー！
S2M:M11LOW:128	dup=S2M:M01LOW:128	お兄ちゃんは、\n白馬のおうじさまだね！	오빠는\n백마　탄　왕자님이네！
S2M:M11LOW:129	dup=S2M:M01LOW:129	お兄ちゃん……\nアイリスがついてるからね。	오빠……\n아이리스가　곁에　있을게．
S2M:M11LOW:130	dup=S2M:M01LOW:130	あ……止まっちゃった……	아……　멈췄어……
S2M:M11LOW:131	dup=S2M:M01LOW:131	お兄ちゃん……\nごめんね……	오빠……\n미안해……
S2M:M11LOW:132	dup=S2M:M01LOW:132	わーい、やったね！\nお兄ちゃん！	와ー，　해냈다！\n오빠！
S2M:M11LOW:133	dup=S2M:M01LOW:133	お兄ちゃん、\nすごい、すっごーい！	오빠，\n대단해，　정말　대단해ー！
S2M:M11LOW:134	dup=S2M:M01LOW:134	アイリス、すごいでしょ！	아이리스，　대단하지！
S2M:M11LOW:135	dup=S2M:M01LOW:135	ねぇ、ねぇ！\nほめてほめて！	있잖아，　있잖아！\n칭찬해　줘，　칭찬해　줘！
S2M:M11LOW:136	dup=S2M:M01LOW:136	お兄ちゃんがいれば、\nアイリスなんにも恐くないよ！	오빠만　있으면，\n아이리스는　안　무서워！
S2M:M11LOW:137	dup=S2M:M01LOW:137	頼んだで、大神はん。	부탁한다，　오오가미　씨．
S2M:M11LOW:138	dup=S2M:M01LOW:138	ウチらの力、見せたろうで！	우리　힘을　보여　주자！
S2M:M11LOW:139	dup=S2M:M01LOW:139	だ、大丈夫かいな、大神はん。	괜찮나，　오오가미　씨．
S2M:M11LOW:140	dup=S2M:M01LOW:140	ほな、いってみよか！	그럼，　가　볼까！
S2M:M11LOW:141	dup=S2M:M01LOW:141	大神はん、\nウチにまーかしとき！	오오가미　씨，\n나한테　맡겨！
S2M:M11LOW:142	dup=S2M:M01LOW:142	ウチががんばらんと！	내가　힘내야　해！
S2M:M11LOW:143	dup=S2M:M01LOW:143	や、やばいで……	이，　이거　위험해……
S2M:M11LOW:144	dup=S2M:M01LOW:144	お、おおきに、\n大神はん……	고，　고마워，\n오오가미　씨……
S2M:M11LOW:145	dup=S2M:M01LOW:145	もう、そないなことされたら、\nウチ……	그렇게까지　해　주면，\n나……
S2M:M11LOW:146	dup=S2M:M01LOW:146	大神はんがおらんと、\nウチ……こまるんや。	오오가미　씨가　없으면，\n나……　곤란해．
S2M:M11LOW:147	dup=S2M:M01LOW:147	そのへんで、堪忍や……	이쯤에서　봐줘……
S2M:M11LOW:148	dup=S2M:M01LOW:148	大神はん、すんまへん。	오오가미　씨，　미안해．
S2M:M11LOW:149	dup=S2M:M01LOW:149	大神はん、その調子や！	오오가미　씨，　그　기세야！
S2M:M11LOW:150	dup=S2M:M01LOW:150	ええ感じやで！　大神はん！	좋은데！　오오가미　씨！
S2M:M11LOW:151	dup=S2M:M01LOW:151	いっちょあがりや！	한　건　해냈다！
S2M:M11LOW:152	dup=S2M:M01LOW:152	大神はん、\nやったで、ウチ！	오오가미　씨，\n나　해냈어！
S2M:M11LOW:153	dup=S2M:M01LOW:153	ウチらの力を合わせれば、\n千人力や！	우리　힘을　합치면，\n천군만마야！
S2M:M11LOW:154	dup=S2M:M01LOW:154	少尉さん、\nお手並み拝見でーす！	소위님，\n실력을　보여　주세요ー！
S2M:M11LOW:155	dup=S2M:M01LOW:155	早く終わらせて帰りましょー。	빨리　끝내고　돌아가요ー．
S2M:M11LOW:156	dup=S2M:M01LOW:156	ちょっと、\nヤバそうってカンジ！	잠깐，\n좀　위험해　보이는　느낌！
S2M:M11LOW:157	dup=S2M:M01LOW:157	たのしいでーす！	재밌어요ー！
S2M:M11LOW:158	dup=S2M:M01LOW:158	わたしを見ていてくださーい！	저를　지켜봐　주세요ー！
S2M:M11LOW:159	dup=S2M:M10LOW:159	勝手にやらせてもらいまーす！	맘대로　하게　해　주세요ー！
S2M:M11LOW:160	dup=S2M:M01LOW:160	シャワー浴びたいでーす！	샤워하고　싶어요ー！
S2M:M11LOW:161	dup=S2M:M10LOW:161	あはっ！\n少尉さん、サンキュでーす！	아핫！\n소위님，　고마워요ー！
S2M:M11LOW:162	dup=S2M:M01LOW:162	少尉さん、\n無理しなくていいでーす……	소위님，\n무리하지　않아도　돼요……
S2M:M11LOW:163	dup=S2M:M01LOW:163	まったく、\nダメなオトコでーす！	정말이지，\n쓸모없는　남자네요ー！
S2M:M11LOW:164	dup=S2M:M01LOW:164	これ以上はカンベンでーす！	이　이상은　봐주겠어요ー！
S2M:M11LOW:165	dup=S2M:M01LOW:165	もうだめです。\n撤退します……隊長……	이젠　안　돼요．\n후퇴할게요……　대장……
S2M:M11LOW:166	dup=S2M:M01LOW:166	なかなかやるってカンジ！	제법인데요！
S2M:M11LOW:167	dup=S2M:M01LOW:167	少尉さん、\nちょーかっこいいでーす！	소위님，\n정말　멋져요ー！
S2M:M11LOW:168	dup=S2M:M01LOW:168	楽勝でーす！	거뜬해요ー！
S2M:M11LOW:169	dup=S2M:M01LOW:169	うふっ！\n拍手をくださーい！	후훗！\n박수　쳐　주세요ー！
S2M:M11LOW:170	dup=S2M:M01LOW:170	このデュオは最高でーす！	이　듀오는　최고예요ー！
S2M:M11LOW:171	dup=S2M:M01LOW:171	……行動開始。	……행동　개시．
S2M:M11LOW:172	dup=S2M:M07LOW:172	隊長、気を付けて。	대장님，　조심하세요．
S2M:M11LOW:173	dup=S2M:M01LOW:173	……危険だよ。	……위험해．
S2M:M11LOW:174	dup=S2M:M07LOW:174	いくよ！	가자！
S2M:M11LOW:175	dup=S2M:M07LOW:175	指示、よろしく。	지시，　잘　부탁해．
S2M:M11LOW:176	dup=S2M:M08LOW:176	ボクの力で……倒す……	내　힘으로…　쓰러뜨린다…
S2M:M11LOW:177	dup=S2M:M01LOW:177	機体の損傷が激しい……	기체　손상이　심해……
S2M:M11LOW:178	dup=S2M:M01LOW:178	………………	………………
S2M:M11LOW:179	dup=S2M:M07LOW:179	……ありがとう。	…고마워．
S2M:M11LOW:180	dup=S2M:M01LOW:180	隊長……しっかり……	대장……　정신　차려……
S2M:M11LOW:181	dup=S2M:M01LOW:181	一時、撤退……	일단　후퇴……
S2M:M11LOW:182	dup=S2M:M07LOW:182	隊長、\nあとは……よろしく。	대장，\n나머지는……　부탁해．
S2M:M11LOW:183	dup=S2M:M01LOW:183	目標、撃破確認……	목표　격파　확인……
S2M:M11LOW:184	dup=S2M:M07LOW:184	やるね、隊長。	잘하네，　대장．
S2M:M11LOW:185	dup=S2M:M01LOW:185	目標撃破……	목표　격파……
S2M:M11LOW:186	dup=S2M:M07LOW:186	隊長……\n次の指示を……	대장……\n다음　지시를……
S2M:M11LOW:187	dup=S2M:M01LOW:187	これが……ボクらの力……！	이게……　우리　힘……！
S2M:M11LOW:188	dup=S2M:M01LOW:188	そぉら、いくぜ！	자아，　간다！
S2M:M11LOW:189	dup=S2M:M01LOW:189	さぁ、楽しませてくれよ。	자，　즐겁게　해　줘．
S2M:M11LOW:190	dup=S2M:M01LOW:190	勝負は……これからだぜ！	승부는……　지금부터야！
S2M:M11LOW:191	dup=S2M:M01LOW:191	なかなか、\nやるじゃねぇか！	제법이군，\n잘하잖아！
S2M:M11LOW:192	dup=S2M:M01LOW:192	おもしれぇ……	재밌군……
S2M:M11LOW:193	dup=S2M:M01LOW:193	大丈夫か、水狐。	괜찮나，　수호．
S2M:M11LOW:194	dup=S2M:M01LOW:194	華麗に燃やしてあげますよ……	화려하게　태워　드리죠……
S2M:M11LOW:195	dup=S2M:M01LOW:195	覚悟してください。	각오하세요．
S2M:M11LOW:196	dup=S2M:M01LOW:196	あははははは！	아하하하하하！
S2M:M11LOW:197	dup=S2M:M01LOW:197	燃やしつくしてやる！	모조리　태워　주마！
S2M:M11LOW:198	dup=S2M:M01LOW:198	ご……ゴミが……	쓰……　쓰레기가……
S2M:M11LOW:199	dup=S2M:M01LOW:199	私の戦いを見せてあげる。	내　싸움을　보여　주지．
S2M:M11LOW:200	dup=S2M:M01LOW:200	やさしくしてあげるわ。	상냥하게　해　줄게．
S2M:M11LOW:201	dup=S2M:M01LOW:201	ふふふ……負けないわよ。	후후후…　지지　않을　거야．
S2M:M11LOW:202	dup=S2M:M01LOW:202	やるわね。\nさすが華撃団……	잘하네．\n역시　화격단……
S2M:M11LOW:203	dup=S2M:M01LOW:203	くっ……\nこれほどとはね……	큭……\n이　정도일　줄이야……
S2M:M11LOW:204	dup=S2M:M01LOW:204	さぁ、ワシの番じゃな。	자，　내　차례로구나．
S2M:M11LOW:205	dup=S2M:M01LOW:205	ワシの計算にぬかりはないぞ。	내　계산엔　빈틈없다．
S2M:M11LOW:206	dup=S2M:M01LOW:206	こ、このままでは\n終わらぬぞ……	이，　이대로는\n끝나지　않아……
S2M:M11LOW:207	dup=S2M:M01LOW:207	これも計算のうちじゃ。	이것도　계산　안이야．
S2M:M11LOW:208	dup=S2M:M01LOW:208	ぬうっ……\nこれは計算外じゃ……	으으……\n이건　계산　밖이야……
S2M:M11LOW:209	dup=S2M:M01LOW:209	狩りとってやる！	사냥해　주마！
S2M:M11LOW:210	dup=S2M:M01LOW:210	今、楽にしてやるからな。	지금　편하게　해　주마．
S2M:M11LOW:211	dup=S2M:M01LOW:211	ひ、ひねり殺してやる！	비，　비틀어　죽여　주마！
S2M:M11LOW:212	dup=S2M:M01LOW:212	勝ったと思うなよ……	이겼다고　생각하지　마……
S2M:M11LOW:213	dup=S2M:M01LOW:213	まだ、終わりではないぞ！	아직　끝나지　않았다！
S2M:M11LOW:214	dup=S2M:M01LOW:214	終わりにしてやる。	끝내　주마．
S2M:M11LOW:215	dup=S2M:M01LOW:215	いくぞ！　華撃団っ！	간다！　화격단！
S2M:M11LOW:216	dup=S2M:M01LOW:216	まだ、まだだっ！	아직，　아직이다！
S2M:M11LOW:217	dup=S2M:M01LOW:217	腕を上げたな……	실력이　늘었구나……
S2M:M11LOW:218	dup=S2M:M01LOW:218	ぐっ……\nわたしの復讐が……	큭……\n내　복수가……
S2M:M11LOW:219	dup=S2M:M01LOW:219	容赦はせぬぞ……	봐주지　않겠다……
S2M:M11LOW:220	dup=S2M:M01LOW:220	お前たちの罪を知れ……	너희의　죄를　깨달아라……
S2M:M11LOW:221	dup=S2M:M01LOW:221	戦いとはいつも無常だ……	싸움은　언제나　덧없다……
S2M:M11LOW:222	dup=S2M:M01LOW:222	愛は死んだ……	사랑은　죽었다……
S2M:M11LOW:223	dup=S2M:M01LOW:223	ぬぅ……やるな……	으음……　제법이군……
S2M:M11LOW:224	dup=S2M:M01LOW:224	私に触れるな！	나에게　손대지　마！
S2M:M11LOW:225	dup=S2M:M01LOW:225	帝都の恨みは、\nこの程度ではないぞ……	제도의　원한은，\n이　정도가　아니다……
S2M:M11LOW:226	dup=S2M:M01LOW:226	最後に勝つのは……私だ！	최후의　승자는……　나다！
S2M:M11LOW:227	dup=S2M:M01LOW:227	この程度で……ぬうっ！	이　정도로……　으음！
S2M:M11LOW:228	dup=S2M:M01LOW:228	思い上がるな……\n偽善者めっ！	우쭐대지　마……\n위선자　자식！
S2M:M12LOW:0	dup=S2M:M01LOW:0	疾きこと風のごとく……\n移動力重視の作戦だ！	빠르기는　바람처럼……\n이동력　중시　작전이다！
S2M:M12LOW:1	dup=S2M:M01LOW:1	今は、この命令を出している。\n移動力を活かして戦おう。	현재　명령은　이것이다．\n이동력을　살려　싸우자．
S2M:M12LOW:2	dup=S2M:M01LOW:2	花組各員に通達！\n「風」作戦を開始するぞ！	화조　전원에게　통보！\n「풍」　작전　개시다！
S2M:M12LOW:3	dup=S2M:M01LOW:3	林のように心静かに……\n本来の力を引き出すんだ！	숲처럼　마음을　고요히……\n본래의　힘을　끌어내자！
S2M:M12LOW:4	dup=S2M:M01LOW:4	今は、この命令を出している。\n本来の力で敵に立ち向かおう。	현재　명령은　이것이다．\n본래의　힘으로　맞서자．
S2M:M12LOW:5	dup=S2M:M01LOW:5	花組各員に通達！\n「林」作戦を開始するぞ！	화조　전원에게　통보！\n「림」　작전　개시다！
S2M:M12LOW:6	dup=S2M:M01LOW:6	炎のように熱く燃える……\n攻撃力重視の作戦だ！	불처럼　뜨겁게　타오르는……\n공격력　중시　작전이다！
S2M:M12LOW:7	dup=S2M:M01LOW:7	今は、この命令を出している。\n攻撃力を活かして戦おう。	현재　명령은　이것이다．\n공격력을　살려　싸우자．
S2M:M12LOW:8	dup=S2M:M01LOW:8	花組各員に通達！\n「火」作戦を開始するぞ！	화조　전원에게　통보！\n「화」　작전　개시다！
S2M:M12LOW:9	dup=S2M:M01LOW:9	構えること山のごとく……\n防御力重視の作戦だ！	산처럼　굳건히　버티는……\n방어력　중시　작전이다！
S2M:M12LOW:10	dup=S2M:M01LOW:10	今は、この命令を出している。\n防御力を活かして戦おう。	현재　명령은　이것이다．\n방어력을　살려　싸우자．
S2M:M12LOW:11	dup=S2M:M01LOW:11	花組各員に通達！\n「山」作戦を開始するぞ！	화조　전원에게　통보！\n「산」　작전　개시다！
S2M:M12LOW:12	dup=S2M:M01LOW:12	このままの作戦でいくぞ！	이대로　작전을　계속한다！
S2M:M12LOW:13	dup=S2M:M01LOW:13	了解！	알겠습니다！
S2M:M12LOW:14		部屋の奥にある段差に乗れば、\n次の部屋に続く扉が\n開くしくみのようね。	방　안쪽　단차를　밟으면\n다음　방으로　가는　문이\n열리는　구조인　모양이야．
S2M:M12LOW:15		全機、段差上に集結。\n中心部への道をひらくのよ！	전기，　단차　위로　집결．\n중심부로　가는　길을　열자！
S2M:M12LOW:16	dup=S2M:M01LOW:16	０メッセージ１－３	０메시지１－３
S2M:M12LOW:17		門の外に出て、\n土機を撃破するのよ！	문　밖으로　나가，\n토기를　격파해！
S2M:M12LOW:18		敵の大将、土は、\n攻撃回数が多いわ。\n気をつけるのよ！	적장　토지구모는\n공격　횟수가　많아．\n조심해！
S2M:M12LOW:19	dup=S2M:M01LOW:19	０メッセージ２－３	０메시지２－３
S2M:M12LOW:20	dup=S2M:M02LOW:20	大神さん、山崎は強いわ。\n一時撤退しましょう！	야마자키는　강해요．\n일단　후퇴하죠！
S2M:M12LOW:21	dup=S2M:M01LOW:21	０メッセージ３－２	０메시지３－２
S2M:M12LOW:22	dup=S2M:M01LOW:22	０メッセージ３－３	０메시지３－３
S2M:M12LOW:23	dup=S2M:M01LOW:23	花組の隊長、大神一郎。\n高い戦闘力と、\n勇敢な心を持っている。	화조　대장，　오오가미．\n높은　전투력과\n용감한　마음을　지녔다．
S2M:M12LOW:24	dup=S2M:M01LOW:24	北辰一刀流、真宮寺さくら。\n素早い動きで、\n敵を一刀両断する。	북진일도류，　사쿠라．\n빠른　움직임으로\n적을　일도양단한다．
S2M:M12LOW:25	dup=S2M:M01LOW:25	神崎風塵流、神崎すみれ。\n華麗なナギナタの技は、\n見るものの心をもとらえる。	칸자키　풍진류，　스미레．\n화려한　나기나타　기술은\n보는　이의　마음마저　홀려．
S2M:M12LOW:26	dup=S2M:M01LOW:26	射撃手、マリア・タチバナ。\n氷の銃弾は、狙った\n獲物を決して逃さない。	사격수，　마리아．\n얼음　탄환은　노린\n먹이를　놓치지　않는다．
S2M:M12LOW:27	dup=S2M:M01LOW:27	桐島流空手、桐島カンナ。\n圧倒的なパワーで、むらがる\n敵を粉砕する。	가라테의　달인，　칸나．\n압도적　파워로　몰려드는\n적을　분쇄한다．
S2M:M12LOW:28	dup=S2M:M01LOW:28	花組のマスコット、アイリス。\n超能力を使った、\n不思議な攻撃で敵と戦う。	화조의　마스코트，\n아이리스．\n초능력으로　적과　싸운다．
S2M:M12LOW:29	dup=S2M:M01LOW:29	発明家、李紅蘭。\n次々に繰り出す発明品で、\n敵味方をあっといわせるぞ。	발명가，　코란．\n신제품을　잇달아　내놓아\n적과　아군을　놀라게　한다．
S2M:M12LOW:30	dup=S2M:M01LOW:30	元星組隊員、ソレッタ・織姫。\nイタリアンローズの機体に乗り\n赤い貴族と呼ばれている。	전　별조　대원，　오리히메．\n이탈리안　로즈를　타고\n붉은　귀족이라　불린다．
S2M:M12LOW:31	dup=S2M:M01LOW:31	レニ・ミルヒシュトラーセ。\n戦闘のプロとして、正確な\n無駄のない攻撃を行う。	레니　밀히슈트라세．　전투의\n프로답게　정확하고　군더더기\n없는　공격을　한다．
S2M:M12LOW:32		魔操機兵　脇侍・改。\nイ型と同じく、元々は\n実験用に開発された機体。	마조기병　협시・개．\n이형과　마찬가지로　원래\n실험용으로　개발된　기체．
S2M:M12LOW:33	dup=S2M:M10LOW:33	魔操機兵、脇侍・改。\n戦闘力を高めた状態で、\n量産化に成功した機体。	마조기병，　협시・개．\n전투력을　높인　상태로\n양산에　성공한　기체．
S2M:M12LOW:34		魔操機兵、脇侍・改。\nより強力な銃器を持ち、\nロ型乙と呼ばれる。	마조기병，　협시・개．\n더　강한　총기를　지녀\n로형　을이라　부른다．
S2M:M12LOW:35	dup=S2M:M05LOW:35	魔操機兵、脇侍・改。\n大砲を装備しているものは、\nハ型と呼ばれる。	마조기병，　협시・개．\n대포를　장비한　것은\n하형이라　부른다．
S2M:M12LOW:36		魔操機兵、脇侍・改。\nより強力な鉄砲を持ち、遠くを\n狙えるようになった。	마조기병，　협시・개．\n더　강한　총을　지녀　멀리\n조준할　수　있게　됐다．
S2M:M12LOW:37	dup=S2M:M09LOW:37	魔操機兵、脇侍・改。\n散弾を使用しており、\n１発の威力は比較的小さい。	마조기병，　협시・개．\n산탄을　사용하며　한　발\n위력은　비교적　낮다．
S2M:M12LOW:38		魔操機兵、大日剣。\n五行衆、金剛の乗る機体で、\n高い格闘能力を持っている。	마조기병，　대일검．\n오행중　금강이　타는　기체로\n격투　능력이　높다．
S2M:M12LOW:39		魔操機兵、脇侍・改。\n回復能力を持つこの型は、\nエル特と呼ばれる。	마조기병，　협시・개．\n이　형은　회복　능력이　있어\n엘　특이라　부른다．
S2M:M12LOW:40	dup=S2M:M10LOW:37	「黒鬼砲」\n黒鬼会の技術を結集した砲台。\n木喰の最新作である。	「흑귀포」　흑귀회　기술의\n집대성인　포대．　모쿠지키의\n최신작이다．
S2M:M12LOW:41	dup=S2M:M01LOW:41	メッセージ１９	메시지　１９
S2M:M12LOW:42	dup=S2M:M01LOW:42	メッセージ２０	메시지　２０
S2M:M12LOW:43	dup=S2M:M01LOW:43	今のところ、\nかばう必要はなさそうだな。	지금은\n보호할　필요　없어　보이네．
S2M:M12LOW:44	dup=S2M:M01LOW:44	さくらくん……\n君は俺が守る！	사쿠라　군……\n내가　지킬게！
S2M:M12LOW:45	dup=S2M:M01LOW:45	すみれくん……\n君の盾になってもいいかい。	스미레　군……\n네　방패가　되어도　될까？
S2M:M12LOW:46	dup=S2M:M01LOW:46	マリア……\n君の背中を守らせてくれ。	마리아……\n네　뒤를　지키게　해　줘．
S2M:M12LOW:47	dup=S2M:M01LOW:47	カンナ……\n俺は、君を全力で守るぞ！	칸나……　내가　온　힘을\n다해　지키마！
S2M:M12LOW:48	dup=S2M:M01LOW:48	アイリス……\n俺が側にいるから、\n安心していいよ。	아이리스……\n내가　곁에　있으니，\n안심해도　돼．
S2M:M12LOW:49	dup=S2M:M01LOW:49	紅蘭……\nいつだって君を助けにゆくよ。	코란……\n언제든　널　도우러　갈게．
S2M:M12LOW:50	dup=S2M:M01LOW:50	織姫くん……\n苦しいときは、\nいつでも俺を呼んでくれ！	오리히메　군……\n힘들　때는，\n언제든　날　불러！
S2M:M12LOW:51	dup=S2M:M01LOW:51	レニ……\nたまには、\n守られたっていいだろう？	레니……\n가끔은，\n보호받아도　괜찮잖아？
S2M:M12LOW:52	dup=S2M:M01LOW:52	がんばって！　大神さん！	힘내요！　오오가미　씨！
S2M:M12LOW:53	dup=S2M:M01LOW:53	大神さんが頼りです！	오오가미　씨만　믿을게요！
S2M:M12LOW:54	dup=S2M:M01LOW:54	無理しないでください、\n大神さん……	무리하지　마세요，\n오오가미　씨……
S2M:M12LOW:55	dup=S2M:M01LOW:55	がんばります！	힘낼게요！
S2M:M12LOW:56	dup=S2M:M01LOW:56	大神さんのために……\nあたし、やります！	오오가미　씨를　위해……\n제가　할게요！
S2M:M12LOW:57	dup=S2M:M01LOW:57	あたしが\nがんばらなくっちゃ！	제가　힘내야　해요！
S2M:M12LOW:58	dup=S2M:M01LOW:58	あたし……負けないわ……	저…　지지　않을　거예요…
S2M:M12LOW:59	dup=S2M:M01LOW:59	……ありがとうございます。\n大神さん。	……감사합니다．\n오오가미　씨．
S2M:M12LOW:60	dup=S2M:M01LOW:60	大神さんがいてくれるから、\nあたし、がんばれます！	오오가미　씨가　계시니까\n저도　힘낼　수　있어요！
S2M:M12LOW:61	dup=S2M:M01LOW:61	大丈夫ですか……大神さん。	괜찮으세요…　오오가미　씨．
S2M:M12LOW:62	dup=S2M:M01LOW:62	大神さん……\nごめんなさい……	오오가미　씨……\n죄송해요……
S2M:M12LOW:63	dup=S2M:M01LOW:63	ここは大神さんに\nお任せします……\n……ごめんなさい。	여기는　오오가미　씨에게\n맡길게요……\n……죄송해요．
S2M:M12LOW:64	dup=S2M:M01LOW:64	やりましたね、大神さん！	해냈네요，　오오가미　씨！
S2M:M12LOW:65	dup=S2M:M01LOW:65	今日の大神さん、\n一味違いますね。	오늘　오오가미　씨는\n평소와　다르네요．
S2M:M12LOW:66	dup=S2M:M01LOW:66	やりました！	해냈어요！
S2M:M12LOW:67	dup=S2M:M01LOW:67	大神さんのおかげです！	오오가미　씨　덕분이에요！
S2M:M12LOW:68	dup=S2M:M01LOW:68	大神さん……\nあたし、信じています。	오오가미　씨……\n저는　믿고　있어요．
S2M:M12LOW:69	dup=S2M:M01LOW:69	見せ場がきましてよ、少尉。	제　무대네요，　소위님．
S2M:M12LOW:70	dup=S2M:M01LOW:70	がんばってください、\nわたくしのために……	힘내　주세요，\n저를　위해……
S2M:M12LOW:71	dup=S2M:M01LOW:71	無理は禁物ですわ……	무리는　금물이에요……
S2M:M12LOW:72	dup=S2M:M01LOW:72	さあ、いきますわよ！	자，　갑니다！
S2M:M12LOW:73	dup=S2M:M01LOW:73	少尉、わたくしを\n見ていてくださいな。	소위님，\n저를　지켜봐　주세요．
S2M:M12LOW:74	dup=S2M:M01LOW:74	わたくしでなくては\nダメですわね。	저여야만　하겠군요．
S2M:M12LOW:75	dup=S2M:M01LOW:75	こ、この程度で……	이，　이　정도로……
S2M:M12LOW:76	dup=S2M:M01LOW:76	うれしいですわ……\n少尉……	기뻐요……\n소위님……
S2M:M12LOW:77	dup=S2M:M01LOW:77	わたくしを守ることが\nできるのは少尉だけですわ。	저를　지킬　수　있는　건\n소위님뿐이에요．
S2M:M12LOW:78	dup=S2M:M01LOW:78	かっ、身体が勝手に\n動いただけですわ……	몸이　저절로\n움직였을　뿐이에요……
S2M:M12LOW:79	dup=S2M:M01LOW:79	わたくしとしたことが……	저답지　않게……
S2M:M12LOW:80	dup=S2M:M01LOW:80	少尉を……\n……置いてはいけないのに！	소위님을……\n……두고　갈　수는　없는데！
S2M:M12LOW:81	dup=S2M:M01LOW:81	お見事ですわ、少尉。	훌륭해요，　소위님．
S2M:M12LOW:82	dup=S2M:M01LOW:82	りりしいですわよ、少尉。	늠름하시네요，　소위님．
S2M:M12LOW:83	dup=S2M:M01LOW:83	たいしたことありませんわね。	별것도　아니네요．
S2M:M12LOW:84	dup=S2M:M01LOW:84	見てくださいました？　少尉。	보셨나요？　소위님．
S2M:M12LOW:85	dup=S2M:M01LOW:85	んふっ、\nちょろいもんですわね。\nねぇ、少尉……	후훗，\n이　정도야　식은　죽이죠．\n그렇죠，　소위님……
S2M:M12LOW:86	dup=S2M:M01LOW:86	隊長、お願いします。	대장님，　부탁드려요．
S2M:M12LOW:87	dup=S2M:M01LOW:87	隊長……\n信じています。	대장님……\n믿고　있어요．
S2M:M12LOW:88	dup=S2M:M01LOW:88	隊長……\n慎重にいきましょう。	대장님……\n신중하게　가죠．
S2M:M12LOW:89	dup=S2M:M01LOW:89	さぁ、覚悟しなさい。	자，　각오하세요．
S2M:M12LOW:90	dup=S2M:M01LOW:90	私には、隊長が\nついていてくれる……	저에겐　대장님이\n곁에　계시니까……
S2M:M12LOW:91	dup=S2M:M01LOW:91	私がしっかりしなくては……	제가　정신　차려야……
S2M:M12LOW:92	dup=S2M:M01LOW:92	くっ、まだ……やれる！	큭，아직……　할　수　있어！
S2M:M12LOW:93	dup=S2M:M01LOW:93	すいません、隊長。	죄송해요，　대장님．
S2M:M12LOW:94	dup=S2M:M01LOW:94	隊長の背中……\nとても大きく見えます……	대장님　등……\n정말　커　보이네요……
S2M:M12LOW:95	dup=S2M:M01LOW:95	隊長が無事でよかった……	대장님이　무사해서　다행……
S2M:M12LOW:96	dup=S2M:M01LOW:96	隊長……申し訳ありません……	대장님……　죄송해요……
S2M:M12LOW:97	dup=S2M:M01LOW:97	もう少し……\n隊長と共に……	조금만　더……\n대장님과　함께……
S2M:M12LOW:98	dup=S2M:M01LOW:98	やりますね、隊長。	잘하시네요，　대장님．
S2M:M12LOW:99	dup=S2M:M01LOW:99	隊長が\nいてくださってよかった……	대장님이　계셔서　다행……
S2M:M12LOW:100	dup=S2M:M01LOW:100	ふんっ！　この程度……？	흥！　이　정도……？
S2M:M12LOW:101	dup=S2M:M01LOW:101	隊長、すばらしい指揮です！	대장님，　훌륭한　지휘예요！
S2M:M12LOW:102	dup=S2M:M01LOW:102	隊長が、私の力を\n何倍にもしてくれます。	대장님이　제　힘을\n몇　배나　키워　주세요．
S2M:M12LOW:103	dup=S2M:M01LOW:103	やっちまえ！　隊長！	해치워！　대장님！
S2M:M12LOW:104	dup=S2M:M01LOW:104	あたいがついてるぜ、隊長。	내가　곁에　있어，　대장．
S2M:M12LOW:105	dup=S2M:M01LOW:105	隊長の気合を見せてくれ！	대장님，　기합을　보여　줘！
S2M:M12LOW:106	dup=S2M:M01LOW:106	あたいの番だな！	내　차례구나！
S2M:M12LOW:107	dup=S2M:M01LOW:107	みていてくれよなっ！\n隊長！	지켜봐　줘！\n대장！
S2M:M12LOW:108	dup=S2M:M01LOW:108	まとめて面倒みるぜ！	한꺼번에　상대해　주마！
S2M:M12LOW:109	dup=S2M:M01LOW:109	まだまだ、\nどんどんかかってこいっ！	아직　멀었어，\n어서　덤벼！
S2M:M12LOW:110	dup=S2M:M01LOW:110	すまねぇな、隊長。	미안하군，　대장．
S2M:M12LOW:111	dup=S2M:M01LOW:111	へへっ、\n守られるってのも悪くないな。	헤헤，　보호받는　것도\n나쁘지　않군．
S2M:M12LOW:112	dup=S2M:M01LOW:112	へへっ、らしくないぜぇ？\n隊長！	헤헤，　나답지　않지？\n대장！
S2M:M12LOW:113	dup=S2M:M01LOW:113	ちくしょう……\nこんなところで……	젠장……\n이런　곳에서……
S2M:M12LOW:114	dup=S2M:M01LOW:114	隊長、すまない。\nあたいの分まで\nがんばってくれ！	대장，　미안하다．\n내　몫까지\n힘내　줘！
S2M:M12LOW:115	dup=S2M:M01LOW:115	やるじゃねぇか！　隊長！	제법이잖아！　대장！
S2M:M12LOW:116	dup=S2M:M01LOW:116	ほれぼれするぜ！　隊長！	감탄스럽군！　대장！
S2M:M12LOW:117	dup=S2M:M01LOW:117	ざっとこんなもんだぜ！	대충　이　정도지！
S2M:M12LOW:118	dup=S2M:M01LOW:118	へっへーん！\nどうだい！　隊長！	헤헤ー！\n어때！　대장！
S2M:M12LOW:119	dup=S2M:M01LOW:119	誰もあたいたちを\n止められねぇぜ！	아무도　우릴\n막을　수　없어！
S2M:M12LOW:120	dup=S2M:M01LOW:120	がんばろうね、お兄ちゃん。	힘내자，　오빠．
S2M:M12LOW:121	dup=S2M:M01LOW:121	お兄ちゃん、いっけぇー！	오빠，　가ー！
S2M:M12LOW:122	dup=S2M:M01LOW:122	お兄ちゃん……負けないで！	오빠……　지지　마！
S2M:M12LOW:123	dup=S2M:M01LOW:123	アイリス、いきまーす！	아이리스，　갑니다아！
S2M:M12LOW:124	dup=S2M:M01LOW:124	えへへっ、\nアイリスがんばるよ！	에헤헤，\n아이리스　힘낼게！
S2M:M12LOW:125	dup=S2M:M01LOW:125	アイリスが\nがんばらなくちゃ！	아이리스가\n힘내야　해！
S2M:M12LOW:126	dup=S2M:M01LOW:126	アイリス……もうだめ……	아이리스…　이제　안　돼…
S2M:M12LOW:127	dup=S2M:M01LOW:127	アイリスのために\n来てくれたんだぁー！	아이리스를　위해　왔구나ー！
S2M:M12LOW:128	dup=S2M:M01LOW:128	お兄ちゃんは、\n白馬のおうじさまだね！	오빠는\n백마　탄　왕자님이네！
S2M:M12LOW:129	dup=S2M:M01LOW:129	お兄ちゃん……\nアイリスがついてるからね。	오빠……\n아이리스가　곁에　있을게．
S2M:M12LOW:130	dup=S2M:M01LOW:130	あ……止まっちゃった……	아……　멈췄어……
S2M:M12LOW:131	dup=S2M:M01LOW:131	お兄ちゃん……\nごめんね……	오빠……\n미안해……
S2M:M12LOW:132	dup=S2M:M01LOW:132	わーい、やったね！\nお兄ちゃん！	와ー，　해냈다！\n오빠！
S2M:M12LOW:133	dup=S2M:M01LOW:133	お兄ちゃん、\nすごい、すっごーい！	오빠，\n대단해，　정말　대단해ー！
S2M:M12LOW:134	dup=S2M:M01LOW:134	アイリス、すごいでしょ！	아이리스，　대단하지！
S2M:M12LOW:135	dup=S2M:M01LOW:135	ねぇ、ねぇ！\nほめてほめて！	있잖아，　있잖아！\n칭찬해　줘，　칭찬해　줘！
S2M:M12LOW:136	dup=S2M:M01LOW:136	お兄ちゃんがいれば、\nアイリスなんにも恐くないよ！	오빠만　있으면，\n아이리스는　안　무서워！
S2M:M12LOW:137	dup=S2M:M01LOW:137	頼んだで、大神はん。	부탁한다，　오오가미　씨．
S2M:M12LOW:138	dup=S2M:M01LOW:138	ウチらの力、見せたろうで！	우리　힘을　보여　주자！
S2M:M12LOW:139	dup=S2M:M01LOW:139	だ、大丈夫かいな、大神はん。	괜찮나，　오오가미　씨．
S2M:M12LOW:140	dup=S2M:M01LOW:140	ほな、いってみよか！	그럼，　가　볼까！
S2M:M12LOW:141	dup=S2M:M01LOW:141	大神はん、\nウチにまーかしとき！	오오가미　씨，\n나한테　맡겨！
S2M:M12LOW:142	dup=S2M:M01LOW:142	ウチががんばらんと！	내가　힘내야　해！
S2M:M12LOW:143	dup=S2M:M01LOW:143	や、やばいで……	이，　이거　위험해……
S2M:M12LOW:144	dup=S2M:M01LOW:144	お、おおきに、\n大神はん……	고，　고마워，\n오오가미　씨……
S2M:M12LOW:145	dup=S2M:M01LOW:145	もう、そないなことされたら、\nウチ……	그렇게까지　해　주면，\n나……
S2M:M12LOW:146	dup=S2M:M01LOW:146	大神はんがおらんと、\nウチ……こまるんや。	오오가미　씨가　없으면，\n나……　곤란해．
S2M:M12LOW:147	dup=S2M:M01LOW:147	そのへんで、堪忍や……	이쯤에서　봐줘……
S2M:M12LOW:148	dup=S2M:M01LOW:148	大神はん、すんまへん。	오오가미　씨，　미안해．
S2M:M12LOW:149	dup=S2M:M01LOW:149	大神はん、その調子や！	오오가미　씨，　그　기세야！
S2M:M12LOW:150	dup=S2M:M01LOW:150	ええ感じやで！　大神はん！	좋은데！　오오가미　씨！
S2M:M12LOW:151	dup=S2M:M01LOW:151	いっちょあがりや！	한　건　해냈다！
S2M:M12LOW:152	dup=S2M:M01LOW:152	大神はん、\nやったで、ウチ！	오오가미　씨，\n나　해냈어！
S2M:M12LOW:153	dup=S2M:M01LOW:153	ウチらの力を合わせれば、\n千人力や！	우리　힘을　합치면，\n천군만마야！
S2M:M12LOW:154	dup=S2M:M01LOW:154	少尉さん、\nお手並み拝見でーす！	소위님，\n실력을　보여　주세요ー！
S2M:M12LOW:155	dup=S2M:M01LOW:155	早く終わらせて帰りましょー。	빨리　끝내고　돌아가요ー．
S2M:M12LOW:156	dup=S2M:M01LOW:156	ちょっと、\nヤバそうってカンジ！	잠깐，\n좀　위험해　보이는　느낌！
S2M:M12LOW:157	dup=S2M:M01LOW:157	たのしいでーす！	재밌어요ー！
S2M:M12LOW:158	dup=S2M:M01LOW:158	わたしを見ていてくださーい！	저를　지켜봐　주세요ー！
S2M:M12LOW:159	dup=S2M:M10LOW:159	勝手にやらせてもらいまーす！	맘대로　하게　해　주세요ー！
S2M:M12LOW:160	dup=S2M:M01LOW:160	シャワー浴びたいでーす！	샤워하고　싶어요ー！
S2M:M12LOW:161	dup=S2M:M10LOW:161	あはっ！\n少尉さん、サンキュでーす！	아핫！\n소위님，　고마워요ー！
S2M:M12LOW:162	dup=S2M:M01LOW:162	少尉さん、\n無理しなくていいでーす……	소위님，\n무리하지　않아도　돼요……
S2M:M12LOW:163	dup=S2M:M01LOW:163	まったく、\nダメなオトコでーす！	정말이지，\n쓸모없는　남자네요ー！
S2M:M12LOW:164	dup=S2M:M01LOW:164	これ以上はカンベンでーす！	이　이상은　봐주겠어요ー！
S2M:M12LOW:165	dup=S2M:M01LOW:165	もうだめです。\n撤退します……隊長……	이젠　안　돼요．\n후퇴할게요……　대장……
S2M:M12LOW:166	dup=S2M:M01LOW:166	なかなかやるってカンジ！	제법인데요！
S2M:M12LOW:167	dup=S2M:M01LOW:167	少尉さん、\nちょーかっこいいでーす！	소위님，\n정말　멋져요ー！
S2M:M12LOW:168	dup=S2M:M01LOW:168	楽勝でーす！	거뜬해요ー！
S2M:M12LOW:169	dup=S2M:M01LOW:169	うふっ！\n拍手をくださーい！	후훗！\n박수　쳐　주세요ー！
S2M:M12LOW:170	dup=S2M:M01LOW:170	このデュオは最高でーす！	이　듀오는　최고예요ー！
S2M:M12LOW:171	dup=S2M:M01LOW:171	……行動開始。	……행동　개시．
S2M:M12LOW:172	dup=S2M:M07LOW:172	隊長、気を付けて。	대장님，　조심하세요．
S2M:M12LOW:173	dup=S2M:M01LOW:173	……危険だよ。	……위험해．
S2M:M12LOW:174	dup=S2M:M07LOW:174	いくよ！	가자！
S2M:M12LOW:175	dup=S2M:M07LOW:175	指示、よろしく。	지시，　잘　부탁해．
S2M:M12LOW:176	dup=S2M:M08LOW:176	ボクの力で……倒す……	내　힘으로…　쓰러뜨린다…
S2M:M12LOW:177	dup=S2M:M01LOW:177	機体の損傷が激しい……	기체　손상이　심해……
S2M:M12LOW:178	dup=S2M:M01LOW:178	………………	………………
S2M:M12LOW:179	dup=S2M:M07LOW:179	……ありがとう。	…고마워．
S2M:M12LOW:180	dup=S2M:M01LOW:180	隊長……しっかり……	대장……　정신　차려……
S2M:M12LOW:181	dup=S2M:M01LOW:181	一時、撤退……	일단　후퇴……
S2M:M12LOW:182	dup=S2M:M07LOW:182	隊長、\nあとは……よろしく。	대장，\n나머지는……　부탁해．
S2M:M12LOW:183	dup=S2M:M01LOW:183	目標、撃破確認……	목표　격파　확인……
S2M:M12LOW:184	dup=S2M:M07LOW:184	やるね、隊長。	잘하네，　대장．
S2M:M12LOW:185	dup=S2M:M01LOW:185	目標撃破……	목표　격파……
S2M:M12LOW:186	dup=S2M:M07LOW:186	隊長……\n次の指示を……	대장……\n다음　지시를……
S2M:M12LOW:187	dup=S2M:M01LOW:187	これが……ボクらの力……！	이게……　우리　힘……！
S2M:M12LOW:188	dup=S2M:M01LOW:188	そぉら、いくぜ！	자아，　간다！
S2M:M12LOW:189	dup=S2M:M01LOW:189	さぁ、楽しませてくれよ。	자，　즐겁게　해　줘．
S2M:M12LOW:190	dup=S2M:M01LOW:190	勝負は……これからだぜ！	승부는……　지금부터야！
S2M:M12LOW:191	dup=S2M:M01LOW:191	なかなか、\nやるじゃねぇか！	제법이군，\n잘하잖아！
S2M:M12LOW:192	dup=S2M:M01LOW:192	おもしれぇ……	재밌군……
S2M:M12LOW:193	dup=S2M:M01LOW:193	大丈夫か、水狐。	괜찮나，　수호．
S2M:M12LOW:194	dup=S2M:M01LOW:194	華麗に燃やしてあげますよ……	화려하게　태워　드리죠……
S2M:M12LOW:195	dup=S2M:M01LOW:195	覚悟してください。	각오하세요．
S2M:M12LOW:196	dup=S2M:M01LOW:196	あははははは！	아하하하하하！
S2M:M12LOW:197	dup=S2M:M01LOW:197	燃やしつくしてやる！	모조리　태워　주마！
S2M:M12LOW:198	dup=S2M:M01LOW:198	ご……ゴミが……	쓰……　쓰레기가……
S2M:M12LOW:199	dup=S2M:M01LOW:199	私の戦いを見せてあげる。	내　싸움을　보여　주지．
S2M:M12LOW:200	dup=S2M:M01LOW:200	やさしくしてあげるわ。	상냥하게　해　줄게．
S2M:M12LOW:201	dup=S2M:M01LOW:201	ふふふ……負けないわよ。	후후후…　지지　않을　거야．
S2M:M12LOW:202	dup=S2M:M01LOW:202	やるわね。\nさすが華撃団……	잘하네．\n역시　화격단……
S2M:M12LOW:203	dup=S2M:M01LOW:203	くっ……\nこれほどとはね……	큭……\n이　정도일　줄이야……
S2M:M12LOW:204	dup=S2M:M01LOW:204	さぁ、ワシの番じゃな。	자，　내　차례로구나．
S2M:M12LOW:205	dup=S2M:M01LOW:205	ワシの計算にぬかりはないぞ。	내　계산엔　빈틈없다．
S2M:M12LOW:206	dup=S2M:M01LOW:206	こ、このままでは\n終わらぬぞ……	이，　이대로는\n끝나지　않아……
S2M:M12LOW:207	dup=S2M:M01LOW:207	これも計算のうちじゃ。	이것도　계산　안이야．
S2M:M12LOW:208	dup=S2M:M01LOW:208	ぬうっ……\nこれは計算外じゃ……	으으……\n이건　계산　밖이야……
S2M:M12LOW:209	dup=S2M:M01LOW:209	狩りとってやる！	사냥해　주마！
S2M:M12LOW:210	dup=S2M:M01LOW:210	今、楽にしてやるからな。	지금　편하게　해　주마．
S2M:M12LOW:211	dup=S2M:M01LOW:211	ひ、ひねり殺してやる！	비，　비틀어　죽여　주마！
S2M:M12LOW:212	dup=S2M:M01LOW:212	勝ったと思うなよ……	이겼다고　생각하지　마……
S2M:M12LOW:213	dup=S2M:M01LOW:213	まだ、終わりではないぞ！	아직　끝나지　않았다！
S2M:M12LOW:214	dup=S2M:M01LOW:214	終わりにしてやる。	끝내　주마．
S2M:M12LOW:215	dup=S2M:M01LOW:215	いくぞ！　華撃団っ！	간다！　화격단！
S2M:M12LOW:216	dup=S2M:M01LOW:216	まだ、まだだっ！	아직，　아직이다！
S2M:M12LOW:217	dup=S2M:M01LOW:217	腕を上げたな……	실력이　늘었구나……
S2M:M12LOW:218	dup=S2M:M01LOW:218	ぐっ……\nわたしの復讐が……	큭……\n내　복수가……
S2M:M12LOW:219	dup=S2M:M01LOW:219	容赦はせぬぞ……	봐주지　않겠다……
S2M:M12LOW:220	dup=S2M:M01LOW:220	お前たちの罪を知れ……	너희의　죄를　깨달아라……
S2M:M12LOW:221	dup=S2M:M01LOW:221	戦いとはいつも無常だ……	싸움은　언제나　덧없다……
S2M:M12LOW:222	dup=S2M:M01LOW:222	愛は死んだ……	사랑은　죽었다……
S2M:M12LOW:223	dup=S2M:M01LOW:223	ぬぅ……やるな……	으음……　제법이군……
S2M:M12LOW:224	dup=S2M:M01LOW:224	私に触れるな！	나에게　손대지　마！
S2M:M12LOW:225	dup=S2M:M01LOW:225	帝都の恨みは、\nこの程度ではないぞ……	제도의　원한은，\n이　정도가　아니다……
S2M:M12LOW:226	dup=S2M:M01LOW:226	最後に勝つのは……私だ！	최후의　승자는……　나다！
S2M:M12LOW:227	dup=S2M:M01LOW:227	この程度で……ぬうっ！	이　정도로……　으음！
S2M:M12LOW:228	dup=S2M:M01LOW:228	思い上がるな……\n偽善者めっ！	우쭐대지　마……\n위선자　자식！
S2M:M13LOW:0	dup=S2M:M01LOW:0	疾きこと風のごとく……\n移動力重視の作戦だ！	빠르기는　바람처럼……\n이동력　중시　작전이다！
S2M:M13LOW:1	dup=S2M:M01LOW:1	今は、この命令を出している。\n移動力を活かして戦おう。	현재　명령은　이것이다．\n이동력을　살려　싸우자．
S2M:M13LOW:2	dup=S2M:M01LOW:2	花組各員に通達！\n「風」作戦を開始するぞ！	화조　전원에게　통보！\n「풍」　작전　개시다！
S2M:M13LOW:3	dup=S2M:M01LOW:3	林のように心静かに……\n本来の力を引き出すんだ！	숲처럼　마음을　고요히……\n본래의　힘을　끌어내자！
S2M:M13LOW:4	dup=S2M:M01LOW:4	今は、この命令を出している。\n本来の力で敵に立ち向かおう。	현재　명령은　이것이다．\n본래의　힘으로　맞서자．
S2M:M13LOW:5	dup=S2M:M01LOW:5	花組各員に通達！\n「林」作戦を開始するぞ！	화조　전원에게　통보！\n「림」　작전　개시다！
S2M:M13LOW:6	dup=S2M:M01LOW:6	炎のように熱く燃える……\n攻撃力重視の作戦だ！	불처럼　뜨겁게　타오르는……\n공격력　중시　작전이다！
S2M:M13LOW:7	dup=S2M:M01LOW:7	今は、この命令を出している。\n攻撃力を活かして戦おう。	현재　명령은　이것이다．\n공격력을　살려　싸우자．
S2M:M13LOW:8	dup=S2M:M01LOW:8	花組各員に通達！\n「火」作戦を開始するぞ！	화조　전원에게　통보！\n「화」　작전　개시다！
S2M:M13LOW:9	dup=S2M:M01LOW:9	構えること山のごとく……\n防御力重視の作戦だ！	산처럼　굳건히　버티는……\n방어력　중시　작전이다！
S2M:M13LOW:10	dup=S2M:M01LOW:10	今は、この命令を出している。\n防御力を活かして戦おう。	현재　명령은　이것이다．\n방어력을　살려　싸우자．
S2M:M13LOW:11	dup=S2M:M01LOW:11	花組各員に通達！\n「山」作戦を開始するぞ！	화조　전원에게　통보！\n「산」　작전　개시다！
S2M:M13LOW:12	dup=S2M:M01LOW:12	このままの作戦でいくぞ！	이대로　작전을　계속한다！
S2M:M13LOW:13	dup=S2M:M01LOW:13	了解！	알겠습니다！
S2M:M13LOW:14	dup=S2M:M12LOW:14	部屋の奥にある段差に乗れば、\n次の部屋に続く扉が\n開くしくみのようね。	방　안쪽　단차를　밟으면\n다음　방으로　가는　문이\n열리는　구조인　모양이야．
S2M:M13LOW:15	dup=S2M:M12LOW:15	全機、段差上に集結。\n中心部への道をひらくのよ！	전기，　단차　위로　집결．\n중심부로　가는　길을　열자！
S2M:M13LOW:16	dup=S2M:M01LOW:16	０メッセージ１－３	０메시지１－３
S2M:M13LOW:17	dup=S2M:M12LOW:17	門の外に出て、\n土機を撃破するのよ！	문　밖으로　나가，\n토기를　격파해！
S2M:M13LOW:18	dup=S2M:M12LOW:18	敵の大将、土は、\n攻撃回数が多いわ。\n気をつけるのよ！	적장　토지구모는\n공격　횟수가　많아．\n조심해！
S2M:M13LOW:19	dup=S2M:M01LOW:19	０メッセージ２－３	０메시지２－３
S2M:M13LOW:20	dup=S2M:M02LOW:20	大神さん、山崎は強いわ。\n一時撤退しましょう！	야마자키는　강해요．\n일단　후퇴하죠！
S2M:M13LOW:21	dup=S2M:M01LOW:21	０メッセージ３－２	０메시지３－２
S2M:M13LOW:22	dup=S2M:M01LOW:22	０メッセージ３－３	０메시지３－３
S2M:M13LOW:23	dup=S2M:M01LOW:23	花組の隊長、大神一郎。\n高い戦闘力と、\n勇敢な心を持っている。	화조　대장，　오오가미．\n높은　전투력과\n용감한　마음을　지녔다．
S2M:M13LOW:24	dup=S2M:M01LOW:24	北辰一刀流、真宮寺さくら。\n素早い動きで、\n敵を一刀両断する。	북진일도류，　사쿠라．\n빠른　움직임으로\n적을　일도양단한다．
S2M:M13LOW:25	dup=S2M:M01LOW:25	神崎風塵流、神崎すみれ。\n華麗なナギナタの技は、\n見るものの心をもとらえる。	칸자키　풍진류，　스미레．\n화려한　나기나타　기술은\n보는　이의　마음마저　홀려．
S2M:M13LOW:26	dup=S2M:M01LOW:26	射撃手、マリア・タチバナ。\n氷の銃弾は、狙った\n獲物を決して逃さない。	사격수，　마리아．\n얼음　탄환은　노린\n먹이를　놓치지　않는다．
S2M:M13LOW:27	dup=S2M:M01LOW:27	桐島流空手、桐島カンナ。\n圧倒的なパワーで、むらがる\n敵を粉砕する。	가라테의　달인，　칸나．\n압도적　파워로　몰려드는\n적을　분쇄한다．
S2M:M13LOW:28	dup=S2M:M01LOW:28	花組のマスコット、アイリス。\n超能力を使った、\n不思議な攻撃で敵と戦う。	화조의　마스코트，\n아이리스．\n초능력으로　적과　싸운다．
S2M:M13LOW:29	dup=S2M:M01LOW:29	発明家、李紅蘭。\n次々に繰り出す発明品で、\n敵味方をあっといわせるぞ。	발명가，　코란．\n신제품을　잇달아　내놓아\n적과　아군을　놀라게　한다．
S2M:M13LOW:30	dup=S2M:M01LOW:30	元星組隊員、ソレッタ・織姫。\nイタリアンローズの機体に乗り\n赤い貴族と呼ばれている。	전　별조　대원，　오리히메．\n이탈리안　로즈를　타고\n붉은　귀족이라　불린다．
S2M:M13LOW:31	dup=S2M:M01LOW:31	レニ・ミルヒシュトラーセ。\n戦闘のプロとして、正確な\n無駄のない攻撃を行う。	레니　밀히슈트라세．　전투의\n프로답게　정확하고　군더더기\n없는　공격을　한다．
S2M:M13LOW:32		魔操機兵　脇侍・改。\n「イ型甲」と同じく、元々は\n実験用に開発された機体。	마조기병　협시・개．\n이형　갑과　마찬가지로\n실험용으로　개발된　기체．
S2M:M13LOW:33	dup=S2M:M10LOW:33	魔操機兵、脇侍・改。\n戦闘力を高めた状態で、\n量産化に成功した機体。	마조기병，　협시・개．\n전투력을　높인　상태로\n양산에　성공한　기체．
S2M:M13LOW:34		魔操機兵、脇侍・改。\nより強力な銃器を持ち、\nロ型甲と呼ばれる。	마조기병，　협시・개．\n더　강한　총기를　지녀\n로형　갑이라　부른다．
S2M:M13LOW:35	dup=S2M:M05LOW:35	魔操機兵、脇侍・改。\n大砲を装備しているものは、\nハ型と呼ばれる。	마조기병，　협시・개．\n대포를　장비한　것은\n하형이라　부른다．
S2M:M13LOW:36	dup=S2M:M12LOW:36	魔操機兵、脇侍・改。\nより強力な鉄砲を持ち、遠くを\n狙えるようになった。	마조기병，　협시・개．\n더　강한　총을　지녀　멀리\n조준할　수　있게　됐다．
S2M:M13LOW:37	dup=S2M:M09LOW:37	魔操機兵、脇侍・改。\n散弾を使用しており、\n１発の威力は比較的小さい。	마조기병，　협시・개．\n산탄을　사용하며　한　발\n위력은　비교적　낮다．
S2M:M13LOW:38	dup=S2M:M12LOW:38	魔操機兵、大日剣。\n五行衆、金剛の乗る機体で、\n高い格闘能力を持っている。	마조기병，　대일검．\n오행중　금강이　타는　기체로\n격투　능력이　높다．
S2M:M13LOW:39	dup=S2M:M12LOW:39	魔操機兵、脇侍・改。\n回復能力を持つこの型は、\nエル特と呼ばれる。	마조기병，　협시・개．\n이　형은　회복　능력이　있어\n엘　특이라　부른다．
S2M:M13LOW:40	dup=S2M:M01LOW:34	「蒸気火箭」\n木喰が創り出した兵器で、\n高い攻撃力を持っている。	「증기화전」\n모쿠지키가　만든　병기로\n공격력이　높다．
S2M:M13LOW:41	dup=S2M:M01LOW:41	メッセージ１９	메시지　１９
S2M:M13LOW:42	dup=S2M:M01LOW:42	メッセージ２０	메시지　２０
S2M:M13LOW:43	dup=S2M:M01LOW:43	今のところ、\nかばう必要はなさそうだな。	지금은\n보호할　필요　없어　보이네．
S2M:M13LOW:44	dup=S2M:M01LOW:44	さくらくん……\n君は俺が守る！	사쿠라　군……\n내가　지킬게！
S2M:M13LOW:45	dup=S2M:M01LOW:45	すみれくん……\n君の盾になってもいいかい。	스미레　군……\n네　방패가　되어도　될까？
S2M:M13LOW:46	dup=S2M:M01LOW:46	マリア……\n君の背中を守らせてくれ。	마리아……\n네　뒤를　지키게　해　줘．
S2M:M13LOW:47	dup=S2M:M01LOW:47	カンナ……\n俺は、君を全力で守るぞ！	칸나……　내가　온　힘을\n다해　지키마！
S2M:M13LOW:48	dup=S2M:M01LOW:48	アイリス……\n俺が側にいるから、\n安心していいよ。	아이리스……\n내가　곁에　있으니，\n안심해도　돼．
S2M:M13LOW:49	dup=S2M:M01LOW:49	紅蘭……\nいつだって君を助けにゆくよ。	코란……\n언제든　널　도우러　갈게．
S2M:M13LOW:50	dup=S2M:M01LOW:50	織姫くん……\n苦しいときは、\nいつでも俺を呼んでくれ！	오리히메　군……\n힘들　때는，\n언제든　날　불러！
S2M:M13LOW:51	dup=S2M:M01LOW:51	レニ……\nたまには、\n守られたっていいだろう？	레니……\n가끔은，\n보호받아도　괜찮잖아？
S2M:M13LOW:52	dup=S2M:M01LOW:52	がんばって！　大神さん！	힘내요！　오오가미　씨！
S2M:M13LOW:53	dup=S2M:M01LOW:53	大神さんが頼りです！	오오가미　씨만　믿을게요！
S2M:M13LOW:54	dup=S2M:M01LOW:54	無理しないでください、\n大神さん……	무리하지　마세요，\n오오가미　씨……
S2M:M13LOW:55	dup=S2M:M01LOW:55	がんばります！	힘낼게요！
S2M:M13LOW:56	dup=S2M:M01LOW:56	大神さんのために……\nあたし、やります！	오오가미　씨를　위해……\n제가　할게요！
S2M:M13LOW:57	dup=S2M:M01LOW:57	あたしが\nがんばらなくっちゃ！	제가　힘내야　해요！
S2M:M13LOW:58	dup=S2M:M01LOW:58	あたし……負けないわ……	저…　지지　않을　거예요…
S2M:M13LOW:59	dup=S2M:M01LOW:59	……ありがとうございます。\n大神さん。	……감사합니다．\n오오가미　씨．
S2M:M13LOW:60	dup=S2M:M01LOW:60	大神さんがいてくれるから、\nあたし、がんばれます！	오오가미　씨가　계시니까\n저도　힘낼　수　있어요！
S2M:M13LOW:61	dup=S2M:M01LOW:61	大丈夫ですか……大神さん。	괜찮으세요…　오오가미　씨．
S2M:M13LOW:62	dup=S2M:M01LOW:62	大神さん……\nごめんなさい……	오오가미　씨……\n죄송해요……
S2M:M13LOW:63	dup=S2M:M01LOW:63	ここは大神さんに\nお任せします……\n……ごめんなさい。	여기는　오오가미　씨에게\n맡길게요……\n……죄송해요．
S2M:M13LOW:64	dup=S2M:M01LOW:64	やりましたね、大神さん！	해냈네요，　오오가미　씨！
S2M:M13LOW:65	dup=S2M:M01LOW:65	今日の大神さん、\n一味違いますね。	오늘　오오가미　씨는\n평소와　다르네요．
S2M:M13LOW:66	dup=S2M:M01LOW:66	やりました！	해냈어요！
S2M:M13LOW:67	dup=S2M:M01LOW:67	大神さんのおかげです！	오오가미　씨　덕분이에요！
S2M:M13LOW:68	dup=S2M:M01LOW:68	大神さん……\nあたし、信じています。	오오가미　씨……\n저는　믿고　있어요．
S2M:M13LOW:69	dup=S2M:M01LOW:69	見せ場がきましてよ、少尉。	제　무대네요，　소위님．
S2M:M13LOW:70	dup=S2M:M01LOW:70	がんばってください、\nわたくしのために……	힘내　주세요，\n저를　위해……
S2M:M13LOW:71	dup=S2M:M01LOW:71	無理は禁物ですわ……	무리는　금물이에요……
S2M:M13LOW:72	dup=S2M:M01LOW:72	さあ、いきますわよ！	자，　갑니다！
S2M:M13LOW:73	dup=S2M:M01LOW:73	少尉、わたくしを\n見ていてくださいな。	소위님，\n저를　지켜봐　주세요．
S2M:M13LOW:74	dup=S2M:M01LOW:74	わたくしでなくては\nダメですわね。	저여야만　하겠군요．
S2M:M13LOW:75	dup=S2M:M01LOW:75	こ、この程度で……	이，　이　정도로……
S2M:M13LOW:76	dup=S2M:M01LOW:76	うれしいですわ……\n少尉……	기뻐요……\n소위님……
S2M:M13LOW:77	dup=S2M:M01LOW:77	わたくしを守ることが\nできるのは少尉だけですわ。	저를　지킬　수　있는　건\n소위님뿐이에요．
S2M:M13LOW:78	dup=S2M:M01LOW:78	かっ、身体が勝手に\n動いただけですわ……	몸이　저절로\n움직였을　뿐이에요……
S2M:M13LOW:79	dup=S2M:M01LOW:79	わたくしとしたことが……	저답지　않게……
S2M:M13LOW:80	dup=S2M:M01LOW:80	少尉を……\n……置いてはいけないのに！	소위님을……\n……두고　갈　수는　없는데！
S2M:M13LOW:81	dup=S2M:M01LOW:81	お見事ですわ、少尉。	훌륭해요，　소위님．
S2M:M13LOW:82	dup=S2M:M01LOW:82	りりしいですわよ、少尉。	늠름하시네요，　소위님．
S2M:M13LOW:83	dup=S2M:M01LOW:83	たいしたことありませんわね。	별것도　아니네요．
S2M:M13LOW:84	dup=S2M:M01LOW:84	見てくださいました？　少尉。	보셨나요？　소위님．
S2M:M13LOW:85	dup=S2M:M01LOW:85	んふっ、\nちょろいもんですわね。\nねぇ、少尉……	후훗，\n이　정도야　식은　죽이죠．\n그렇죠，　소위님……
S2M:M13LOW:86	dup=S2M:M01LOW:86	隊長、お願いします。	대장님，　부탁드려요．
S2M:M13LOW:87	dup=S2M:M01LOW:87	隊長……\n信じています。	대장님……\n믿고　있어요．
S2M:M13LOW:88	dup=S2M:M01LOW:88	隊長……\n慎重にいきましょう。	대장님……\n신중하게　가죠．
S2M:M13LOW:89	dup=S2M:M01LOW:89	さぁ、覚悟しなさい。	자，　각오하세요．
S2M:M13LOW:90	dup=S2M:M01LOW:90	私には、隊長が\nついていてくれる……	저에겐　대장님이\n곁에　계시니까……
S2M:M13LOW:91	dup=S2M:M01LOW:91	私がしっかりしなくては……	제가　정신　차려야……
S2M:M13LOW:92	dup=S2M:M01LOW:92	くっ、まだ……やれる！	큭，아직……　할　수　있어！
S2M:M13LOW:93	dup=S2M:M01LOW:93	すいません、隊長。	죄송해요，　대장님．
S2M:M13LOW:94	dup=S2M:M01LOW:94	隊長の背中……\nとても大きく見えます……	대장님　등……\n정말　커　보이네요……
S2M:M13LOW:95	dup=S2M:M01LOW:95	隊長が無事でよかった……	대장님이　무사해서　다행……
S2M:M13LOW:96	dup=S2M:M01LOW:96	隊長……申し訳ありません……	대장님……　죄송해요……
S2M:M13LOW:97	dup=S2M:M01LOW:97	もう少し……\n隊長と共に……	조금만　더……\n대장님과　함께……
S2M:M13LOW:98	dup=S2M:M01LOW:98	やりますね、隊長。	잘하시네요，　대장님．
S2M:M13LOW:99	dup=S2M:M01LOW:99	隊長が\nいてくださってよかった……	대장님이　계셔서　다행……
S2M:M13LOW:100	dup=S2M:M01LOW:100	ふんっ！　この程度……？	흥！　이　정도……？
S2M:M13LOW:101	dup=S2M:M01LOW:101	隊長、すばらしい指揮です！	대장님，　훌륭한　지휘예요！
S2M:M13LOW:102	dup=S2M:M01LOW:102	隊長が、私の力を\n何倍にもしてくれます。	대장님이　제　힘을\n몇　배나　키워　주세요．
S2M:M13LOW:103	dup=S2M:M01LOW:103	やっちまえ！　隊長！	해치워！　대장님！
S2M:M13LOW:104	dup=S2M:M01LOW:104	あたいがついてるぜ、隊長。	내가　곁에　있어，　대장．
S2M:M13LOW:105	dup=S2M:M01LOW:105	隊長の気合を見せてくれ！	대장님，　기합을　보여　줘！
S2M:M13LOW:106	dup=S2M:M01LOW:106	あたいの番だな！	내　차례구나！
S2M:M13LOW:107	dup=S2M:M01LOW:107	みていてくれよなっ！\n隊長！	지켜봐　줘！\n대장！
S2M:M13LOW:108	dup=S2M:M01LOW:108	まとめて面倒みるぜ！	한꺼번에　상대해　주마！
S2M:M13LOW:109	dup=S2M:M01LOW:109	まだまだ、\nどんどんかかってこいっ！	아직　멀었어，\n어서　덤벼！
S2M:M13LOW:110	dup=S2M:M01LOW:110	すまねぇな、隊長。	미안하군，　대장．
S2M:M13LOW:111	dup=S2M:M01LOW:111	へへっ、\n守られるってのも悪くないな。	헤헤，　보호받는　것도\n나쁘지　않군．
S2M:M13LOW:112	dup=S2M:M01LOW:112	へへっ、らしくないぜぇ？\n隊長！	헤헤，　나답지　않지？\n대장！
S2M:M13LOW:113	dup=S2M:M01LOW:113	ちくしょう……\nこんなところで……	젠장……\n이런　곳에서……
S2M:M13LOW:114	dup=S2M:M01LOW:114	隊長、すまない。\nあたいの分まで\nがんばってくれ！	대장，　미안하다．\n내　몫까지\n힘내　줘！
S2M:M13LOW:115	dup=S2M:M01LOW:115	やるじゃねぇか！　隊長！	제법이잖아！　대장！
S2M:M13LOW:116	dup=S2M:M01LOW:116	ほれぼれするぜ！　隊長！	감탄스럽군！　대장！
S2M:M13LOW:117	dup=S2M:M01LOW:117	ざっとこんなもんだぜ！	대충　이　정도지！
S2M:M13LOW:118	dup=S2M:M01LOW:118	へっへーん！\nどうだい！　隊長！	헤헤ー！\n어때！　대장！
S2M:M13LOW:119	dup=S2M:M01LOW:119	誰もあたいたちを\n止められねぇぜ！	아무도　우릴\n막을　수　없어！
S2M:M13LOW:120	dup=S2M:M01LOW:120	がんばろうね、お兄ちゃん。	힘내자，　오빠．
S2M:M13LOW:121	dup=S2M:M01LOW:121	お兄ちゃん、いっけぇー！	오빠，　가ー！
S2M:M13LOW:122	dup=S2M:M01LOW:122	お兄ちゃん……負けないで！	오빠……　지지　마！
S2M:M13LOW:123	dup=S2M:M01LOW:123	アイリス、いきまーす！	아이리스，　갑니다아！
S2M:M13LOW:124	dup=S2M:M01LOW:124	えへへっ、\nアイリスがんばるよ！	에헤헤，\n아이리스　힘낼게！
S2M:M13LOW:125	dup=S2M:M01LOW:125	アイリスが\nがんばらなくちゃ！	아이리스가\n힘내야　해！
S2M:M13LOW:126	dup=S2M:M01LOW:126	アイリス……もうだめ……	아이리스…　이제　안　돼…
S2M:M13LOW:127	dup=S2M:M01LOW:127	アイリスのために\n来てくれたんだぁー！	아이리스를　위해　왔구나ー！
S2M:M13LOW:128	dup=S2M:M01LOW:128	お兄ちゃんは、\n白馬のおうじさまだね！	오빠는\n백마　탄　왕자님이네！
S2M:M13LOW:129	dup=S2M:M01LOW:129	お兄ちゃん……\nアイリスがついてるからね。	오빠……\n아이리스가　곁에　있을게．
S2M:M13LOW:130	dup=S2M:M01LOW:130	あ……止まっちゃった……	아……　멈췄어……
S2M:M13LOW:131	dup=S2M:M01LOW:131	お兄ちゃん……\nごめんね……	오빠……\n미안해……
S2M:M13LOW:132	dup=S2M:M01LOW:132	わーい、やったね！\nお兄ちゃん！	와ー，　해냈다！\n오빠！
S2M:M13LOW:133	dup=S2M:M01LOW:133	お兄ちゃん、\nすごい、すっごーい！	오빠，\n대단해，　정말　대단해ー！
S2M:M13LOW:134	dup=S2M:M01LOW:134	アイリス、すごいでしょ！	아이리스，　대단하지！
S2M:M13LOW:135	dup=S2M:M01LOW:135	ねぇ、ねぇ！\nほめてほめて！	있잖아，　있잖아！\n칭찬해　줘，　칭찬해　줘！
S2M:M13LOW:136	dup=S2M:M01LOW:136	お兄ちゃんがいれば、\nアイリスなんにも恐くないよ！	오빠만　있으면，\n아이리스는　안　무서워！
S2M:M13LOW:137	dup=S2M:M01LOW:137	頼んだで、大神はん。	부탁한다，　오오가미　씨．
S2M:M13LOW:138	dup=S2M:M01LOW:138	ウチらの力、見せたろうで！	우리　힘을　보여　주자！
S2M:M13LOW:139	dup=S2M:M01LOW:139	だ、大丈夫かいな、大神はん。	괜찮나，　오오가미　씨．
S2M:M13LOW:140	dup=S2M:M01LOW:140	ほな、いってみよか！	그럼，　가　볼까！
S2M:M13LOW:141	dup=S2M:M01LOW:141	大神はん、\nウチにまーかしとき！	오오가미　씨，\n나한테　맡겨！
S2M:M13LOW:142	dup=S2M:M01LOW:142	ウチががんばらんと！	내가　힘내야　해！
S2M:M13LOW:143	dup=S2M:M01LOW:143	や、やばいで……	이，　이거　위험해……
S2M:M13LOW:144	dup=S2M:M01LOW:144	お、おおきに、\n大神はん……	고，　고마워，\n오오가미　씨……
S2M:M13LOW:145	dup=S2M:M01LOW:145	もう、そないなことされたら、\nウチ……	그렇게까지　해　주면，\n나……
S2M:M13LOW:146	dup=S2M:M01LOW:146	大神はんがおらんと、\nウチ……こまるんや。	오오가미　씨가　없으면，\n나……　곤란해．
S2M:M13LOW:147	dup=S2M:M01LOW:147	そのへんで、堪忍や……	이쯤에서　봐줘……
S2M:M13LOW:148	dup=S2M:M01LOW:148	大神はん、すんまへん。	오오가미　씨，　미안해．
S2M:M13LOW:149	dup=S2M:M01LOW:149	大神はん、その調子や！	오오가미　씨，　그　기세야！
S2M:M13LOW:150	dup=S2M:M01LOW:150	ええ感じやで！　大神はん！	좋은데！　오오가미　씨！
S2M:M13LOW:151	dup=S2M:M01LOW:151	いっちょあがりや！	한　건　해냈다！
S2M:M13LOW:152	dup=S2M:M01LOW:152	大神はん、\nやったで、ウチ！	오오가미　씨，\n나　해냈어！
S2M:M13LOW:153	dup=S2M:M01LOW:153	ウチらの力を合わせれば、\n千人力や！	우리　힘을　합치면，\n천군만마야！
S2M:M13LOW:154	dup=S2M:M01LOW:154	少尉さん、\nお手並み拝見でーす！	소위님，\n실력을　보여　주세요ー！
S2M:M13LOW:155	dup=S2M:M01LOW:155	早く終わらせて帰りましょー。	빨리　끝내고　돌아가요ー．
S2M:M13LOW:156	dup=S2M:M01LOW:156	ちょっと、\nヤバそうってカンジ！	잠깐，\n좀　위험해　보이는　느낌！
S2M:M13LOW:157	dup=S2M:M01LOW:157	たのしいでーす！	재밌어요ー！
S2M:M13LOW:158	dup=S2M:M01LOW:158	わたしを見ていてくださーい！	저를　지켜봐　주세요ー！
S2M:M13LOW:159	dup=S2M:M10LOW:159	勝手にやらせてもらいまーす！	맘대로　하게　해　주세요ー！
S2M:M13LOW:160	dup=S2M:M01LOW:160	シャワー浴びたいでーす！	샤워하고　싶어요ー！
S2M:M13LOW:161	dup=S2M:M10LOW:161	あはっ！\n少尉さん、サンキュでーす！	아핫！\n소위님，　고마워요ー！
S2M:M13LOW:162	dup=S2M:M01LOW:162	少尉さん、\n無理しなくていいでーす……	소위님，\n무리하지　않아도　돼요……
S2M:M13LOW:163	dup=S2M:M01LOW:163	まったく、\nダメなオトコでーす！	정말이지，\n쓸모없는　남자네요ー！
S2M:M13LOW:164	dup=S2M:M01LOW:164	これ以上はカンベンでーす！	이　이상은　봐주겠어요ー！
S2M:M13LOW:165	dup=S2M:M01LOW:165	もうだめです。\n撤退します……隊長……	이젠　안　돼요．\n후퇴할게요……　대장……
S2M:M13LOW:166	dup=S2M:M01LOW:166	なかなかやるってカンジ！	제법인데요！
S2M:M13LOW:167	dup=S2M:M01LOW:167	少尉さん、\nちょーかっこいいでーす！	소위님，\n정말　멋져요ー！
S2M:M13LOW:168	dup=S2M:M01LOW:168	楽勝でーす！	거뜬해요ー！
S2M:M13LOW:169	dup=S2M:M01LOW:169	うふっ！\n拍手をくださーい！	후훗！\n박수　쳐　주세요ー！
S2M:M13LOW:170	dup=S2M:M01LOW:170	このデュオは最高でーす！	이　듀오는　최고예요ー！
S2M:M13LOW:171	dup=S2M:M01LOW:171	……行動開始。	……행동　개시．
S2M:M13LOW:172	dup=S2M:M07LOW:172	隊長、気を付けて。	대장님，　조심하세요．
S2M:M13LOW:173	dup=S2M:M01LOW:173	……危険だよ。	……위험해．
S2M:M13LOW:174	dup=S2M:M07LOW:174	いくよ！	가자！
S2M:M13LOW:175	dup=S2M:M07LOW:175	指示、よろしく。	지시，　잘　부탁해．
S2M:M13LOW:176	dup=S2M:M08LOW:176	ボクの力で……倒す……	내　힘으로…　쓰러뜨린다…
S2M:M13LOW:177	dup=S2M:M01LOW:177	機体の損傷が激しい……	기체　손상이　심해……
S2M:M13LOW:178	dup=S2M:M01LOW:178	………………	………………
S2M:M13LOW:179	dup=S2M:M07LOW:179	……ありがとう。	…고마워．
S2M:M13LOW:180	dup=S2M:M01LOW:180	隊長……しっかり……	대장……　정신　차려……
S2M:M13LOW:181	dup=S2M:M01LOW:181	一時、撤退……	일단　후퇴……
S2M:M13LOW:182	dup=S2M:M07LOW:182	隊長、\nあとは……よろしく。	대장，\n나머지는……　부탁해．
S2M:M13LOW:183	dup=S2M:M01LOW:183	目標、撃破確認……	목표　격파　확인……
S2M:M13LOW:184	dup=S2M:M07LOW:184	やるね、隊長。	잘하네，　대장．
S2M:M13LOW:185	dup=S2M:M01LOW:185	目標撃破……	목표　격파……
S2M:M13LOW:186	dup=S2M:M07LOW:186	隊長……\n次の指示を……	대장……\n다음　지시를……
S2M:M13LOW:187	dup=S2M:M01LOW:187	これが……ボクらの力……！	이게……　우리　힘……！
S2M:M13LOW:188	dup=S2M:M01LOW:188	そぉら、いくぜ！	자아，　간다！
S2M:M13LOW:189	dup=S2M:M01LOW:189	さぁ、楽しませてくれよ。	자，　즐겁게　해　줘．
S2M:M13LOW:190	dup=S2M:M01LOW:190	勝負は……これからだぜ！	승부는……　지금부터야！
S2M:M13LOW:191	dup=S2M:M01LOW:191	なかなか、\nやるじゃねぇか！	제법이군，\n잘하잖아！
S2M:M13LOW:192	dup=S2M:M01LOW:192	おもしれぇ……	재밌군……
S2M:M13LOW:193	dup=S2M:M01LOW:193	大丈夫か、水狐。	괜찮나，　수호．
S2M:M13LOW:194	dup=S2M:M01LOW:194	華麗に燃やしてあげますよ……	화려하게　태워　드리죠……
S2M:M13LOW:195	dup=S2M:M01LOW:195	覚悟してください。	각오하세요．
S2M:M13LOW:196	dup=S2M:M01LOW:196	あははははは！	아하하하하하！
S2M:M13LOW:197	dup=S2M:M01LOW:197	燃やしつくしてやる！	모조리　태워　주마！
S2M:M13LOW:198	dup=S2M:M01LOW:198	ご……ゴミが……	쓰……　쓰레기가……
S2M:M13LOW:199	dup=S2M:M01LOW:199	私の戦いを見せてあげる。	내　싸움을　보여　주지．
S2M:M13LOW:200	dup=S2M:M01LOW:200	やさしくしてあげるわ。	상냥하게　해　줄게．
S2M:M13LOW:201	dup=S2M:M01LOW:201	ふふふ……負けないわよ。	후후후…　지지　않을　거야．
S2M:M13LOW:202	dup=S2M:M01LOW:202	やるわね。\nさすが華撃団……	잘하네．\n역시　화격단……
S2M:M13LOW:203	dup=S2M:M01LOW:203	くっ……\nこれほどとはね……	큭……\n이　정도일　줄이야……
S2M:M13LOW:204	dup=S2M:M01LOW:204	さぁ、ワシの番じゃな。	자，　내　차례로구나．
S2M:M13LOW:205	dup=S2M:M01LOW:205	ワシの計算にぬかりはないぞ。	내　계산엔　빈틈없다．
S2M:M13LOW:206	dup=S2M:M01LOW:206	こ、このままでは\n終わらぬぞ……	이，　이대로는\n끝나지　않아……
S2M:M13LOW:207	dup=S2M:M01LOW:207	これも計算のうちじゃ。	이것도　계산　안이야．
S2M:M13LOW:208	dup=S2M:M01LOW:208	ぬうっ……\nこれは計算外じゃ……	으으……\n이건　계산　밖이야……
S2M:M13LOW:209	dup=S2M:M01LOW:209	狩りとってやる！	사냥해　주마！
S2M:M13LOW:210	dup=S2M:M01LOW:210	今、楽にしてやるからな。	지금　편하게　해　주마．
S2M:M13LOW:211	dup=S2M:M01LOW:211	ひ、ひねり殺してやる！	비，　비틀어　죽여　주마！
S2M:M13LOW:212	dup=S2M:M01LOW:212	勝ったと思うなよ……	이겼다고　생각하지　마……
S2M:M13LOW:213	dup=S2M:M01LOW:213	まだ、終わりではないぞ！	아직　끝나지　않았다！
S2M:M13LOW:214	dup=S2M:M01LOW:214	終わりにしてやる。	끝내　주마．
S2M:M13LOW:215	dup=S2M:M01LOW:215	いくぞ！　華撃団っ！	간다！　화격단！
S2M:M13LOW:216	dup=S2M:M01LOW:216	まだ、まだだっ！	아직，　아직이다！
S2M:M13LOW:217	dup=S2M:M01LOW:217	腕を上げたな……	실력이　늘었구나……
S2M:M13LOW:218	dup=S2M:M01LOW:218	ぐっ……\nわたしの復讐が……	큭……\n내　복수가……
S2M:M13LOW:219	dup=S2M:M01LOW:219	容赦はせぬぞ……	봐주지　않겠다……
S2M:M13LOW:220	dup=S2M:M01LOW:220	お前たちの罪を知れ……	너희의　죄를　깨달아라……
S2M:M13LOW:221	dup=S2M:M01LOW:221	戦いとはいつも無常だ……	싸움은　언제나　덧없다……
S2M:M13LOW:222	dup=S2M:M01LOW:222	愛は死んだ……	사랑은　죽었다……
S2M:M13LOW:223	dup=S2M:M01LOW:223	ぬぅ……やるな……	으음……　제법이군……
S2M:M13LOW:224	dup=S2M:M01LOW:224	私に触れるな！	나에게　손대지　마！
S2M:M13LOW:225	dup=S2M:M01LOW:225	帝都の恨みは、\nこの程度ではないぞ……	제도의　원한은，\n이　정도가　아니다……
S2M:M13LOW:226	dup=S2M:M01LOW:226	最後に勝つのは……私だ！	최후의　승자는……　나다！
S2M:M13LOW:227	dup=S2M:M01LOW:227	この程度で……ぬうっ！	이　정도로……　으음！
S2M:M13LOW:228	dup=S2M:M01LOW:228	思い上がるな……\n偽善者めっ！	우쭐대지　마……\n위선자　자식！
S2M:M15LOW:0	dup=S2M:M01LOW:0	疾きこと風のごとく……\n移動力重視の作戦だ！	빠르기는　바람처럼……\n이동력　중시　작전이다！
S2M:M15LOW:1	dup=S2M:M01LOW:1	今は、この命令を出している。\n移動力を活かして戦おう。	현재　명령은　이것이다．\n이동력을　살려　싸우자．
S2M:M15LOW:2	dup=S2M:M01LOW:2	花組各員に通達！\n「風」作戦を開始するぞ！	화조　전원에게　통보！\n「풍」　작전　개시다！
S2M:M15LOW:3	dup=S2M:M01LOW:3	林のように心静かに……\n本来の力を引き出すんだ！	숲처럼　마음을　고요히……\n본래의　힘을　끌어내자！
S2M:M15LOW:4	dup=S2M:M01LOW:4	今は、この命令を出している。\n本来の力で敵に立ち向かおう。	현재　명령은　이것이다．\n본래의　힘으로　맞서자．
S2M:M15LOW:5	dup=S2M:M01LOW:5	花組各員に通達！\n「林」作戦を開始するぞ！	화조　전원에게　통보！\n「림」　작전　개시다！
S2M:M15LOW:6	dup=S2M:M01LOW:6	炎のように熱く燃える……\n攻撃力重視の作戦だ！	불처럼　뜨겁게　타오르는……\n공격력　중시　작전이다！
S2M:M15LOW:7	dup=S2M:M01LOW:7	今は、この命令を出している。\n攻撃力を活かして戦おう。	현재　명령은　이것이다．\n공격력을　살려　싸우자．
S2M:M15LOW:8	dup=S2M:M01LOW:8	花組各員に通達！\n「火」作戦を開始するぞ！	화조　전원에게　통보！\n「화」　작전　개시다！
S2M:M15LOW:9	dup=S2M:M01LOW:9	構えること山のごとく……\n防御力重視の作戦だ！	산처럼　굳건히　버티는……\n방어력　중시　작전이다！
S2M:M15LOW:10	dup=S2M:M01LOW:10	今は、この命令を出している。\n防御力を活かして戦おう。	현재　명령은　이것이다．\n방어력을　살려　싸우자．
S2M:M15LOW:11	dup=S2M:M01LOW:11	花組各員に通達！\n「山」作戦を開始するぞ！	화조　전원에게　통보！\n「산」　작전　개시다！
S2M:M15LOW:12	dup=S2M:M01LOW:12	このままの作戦でいくぞ！	이대로　작전을　계속한다！
S2M:M15LOW:13	dup=S2M:M01LOW:13	了解！	알겠습니다！
S2M:M15LOW:14		土蜘蛛の乗る魔操機兵、\n「八葉」を撃破して！	토지구모가　탄　마조기병，\n「팔엽」을　격파해！
S2M:M15LOW:15	dup=S2M:M08LOW:15	０メッセージ１－２	０메시지１－２
S2M:M15LOW:16	dup=S2M:M01LOW:16	０メッセージ１－３	０메시지１－３
S2M:M15LOW:17		門の外に出て、\nを撃破するのよ！	문　밖으로　나가서，\n를　격파하는　거야！
S2M:M15LOW:18	dup=S2M:M08LOW:18	敵の大将、は、\n攻撃回数が多いわ。\n気をつけるのよ！	적장　토는\n공격　횟수가　많아．\n조심해！
S2M:M15LOW:19	dup=S2M:M01LOW:19	０メッセージ２－３	０메시지２－３
S2M:M15LOW:20	dup=S2M:M02LOW:20	大神さん、山崎は強いわ。\n一時撤退しましょう！	야마자키는　강해요．\n일단　후퇴하죠！
S2M:M15LOW:21	dup=S2M:M01LOW:21	０メッセージ３－２	０메시지３－２
S2M:M15LOW:22	dup=S2M:M01LOW:22	０メッセージ３－３	０메시지３－３
S2M:M15LOW:23	dup=S2M:M01LOW:23	花組の隊長、大神一郎。\n高い戦闘力と、\n勇敢な心を持っている。	화조　대장，　오오가미．\n높은　전투력과\n용감한　마음을　지녔다．
S2M:M15LOW:24	dup=S2M:M01LOW:24	北辰一刀流、真宮寺さくら。\n素早い動きで、\n敵を一刀両断する。	북진일도류，　사쿠라．\n빠른　움직임으로\n적을　일도양단한다．
S2M:M15LOW:25	dup=S2M:M01LOW:25	神崎風塵流、神崎すみれ。\n華麗なナギナタの技は、\n見るものの心をもとらえる。	칸자키　풍진류，　스미레．\n화려한　나기나타　기술은\n보는　이의　마음마저　홀려．
S2M:M15LOW:26	dup=S2M:M01LOW:26	射撃手、マリア・タチバナ。\n氷の銃弾は、狙った\n獲物を決して逃さない。	사격수，　마리아．\n얼음　탄환은　노린\n먹이를　놓치지　않는다．
S2M:M15LOW:27	dup=S2M:M01LOW:27	桐島流空手、桐島カンナ。\n圧倒的なパワーで、むらがる\n敵を粉砕する。	가라테의　달인，　칸나．\n압도적　파워로　몰려드는\n적을　분쇄한다．
S2M:M15LOW:28	dup=S2M:M01LOW:28	花組のマスコット、アイリス。\n超能力を使った、\n不思議な攻撃で敵と戦う。	화조의　마스코트，\n아이리스．\n초능력으로　적과　싸운다．
S2M:M15LOW:29	dup=S2M:M01LOW:29	発明家、李紅蘭。\n次々に繰り出す発明品で、\n敵味方をあっといわせるぞ。	발명가，　코란．\n신제품을　잇달아　내놓아\n적과　아군을　놀라게　한다．
S2M:M15LOW:30	dup=S2M:M01LOW:30	元星組隊員、ソレッタ・織姫。\nイタリアンローズの機体に乗り\n赤い貴族と呼ばれている。	전　별조　대원，　오리히메．\n이탈리안　로즈를　타고\n붉은　귀족이라　불린다．
S2M:M15LOW:31	dup=S2M:M01LOW:31	レニ・ミルヒシュトラーセ。\n戦闘のプロとして、正確な\n無駄のない攻撃を行う。	레니　밀히슈트라세．　전투의\n프로답게　정확하고　군더더기\n없는　공격을　한다．
S2M:M15LOW:32	dup=S2M:M03LOW:36	魔操機兵「八葉」\n五行衆・土蜘蛛の乗る機体。\n６本の腕で連続攻撃を行う。	마조기병　「팔엽」\n오행중　토지구모의　기체．\n６개　팔로　연속　공격한다．
S2M:M15LOW:33	dup=S2M:M10LOW:33	魔操機兵、脇侍・改。\n戦闘力を高めた状態で、\n量産化に成功した機体。	마조기병，　협시・개．\n전투력을　높인　상태로\n양산에　성공한　기체．
S2M:M15LOW:34		魔操機兵、脇侍・改。\n高性能の銃を装備した型で、\nロ型乙と呼ばれている。	마조기병，　협시・개．\n고성능　총을　장비해\n로형　을이라　부른다．
S2M:M15LOW:35	dup=S2M:M05LOW:35	魔操機兵、脇侍・改。\n大砲を装備しているものは、\nハ型と呼ばれる。	마조기병，　협시・개．\n대포를　장비한　것은\n하형이라　부른다．
S2M:M15LOW:36		魔操機兵、脇侍・改。\n特殊な攻撃範囲を持っており、\nニ型特と呼ばれている。	마조기병，　협시・개．\n특수한　공격　범위를　지녀\n니형　특이라　부른다．
S2M:M15LOW:37	dup=S2M:M09LOW:37	魔操機兵、脇侍・改。\n散弾を使用しており、\n１発の威力は比較的小さい。	마조기병，　협시・개．\n산탄을　사용하며　한　발\n위력은　비교적　낮다．
S2M:M15LOW:38	dup=S2M:M12LOW:38	魔操機兵、大日剣。\n五行衆、金剛の乗る機体で、\n高い格闘能力を持っている。	마조기병，　대일검．\n오행중　금강이　타는　기체로\n격투　능력이　높다．
S2M:M15LOW:39	dup=S2M:M12LOW:39	魔操機兵、脇侍・改。\n回復能力を持つこの型は、\nエル特と呼ばれる。	마조기병，　협시・개．\n이　형은　회복　능력이　있어\n엘　특이라　부른다．
S2M:M15LOW:40	dup=S2M:M01LOW:40	メッセージ１８	메시지　１８
S2M:M15LOW:41	dup=S2M:M01LOW:41	メッセージ１９	메시지　１９
S2M:M15LOW:42	dup=S2M:M01LOW:42	メッセージ２０	메시지　２０
S2M:M15LOW:43	dup=S2M:M01LOW:43	今のところ、\nかばう必要はなさそうだな。	지금은\n보호할　필요　없어　보이네．
S2M:M15LOW:44	dup=S2M:M01LOW:44	さくらくん……\n君は俺が守る！	사쿠라　군……\n내가　지킬게！
S2M:M15LOW:45	dup=S2M:M01LOW:45	すみれくん……\n君の盾になってもいいかい。	스미레　군……\n네　방패가　되어도　될까？
S2M:M15LOW:46	dup=S2M:M01LOW:46	マリア……\n君の背中を守らせてくれ。	마리아……\n네　뒤를　지키게　해　줘．
S2M:M15LOW:47	dup=S2M:M01LOW:47	カンナ……\n俺は、君を全力で守るぞ！	칸나……　내가　온　힘을\n다해　지키마！
S2M:M15LOW:48	dup=S2M:M01LOW:48	アイリス……\n俺が側にいるから、\n安心していいよ。	아이리스……\n내가　곁에　있으니，\n안심해도　돼．
S2M:M15LOW:49	dup=S2M:M01LOW:49	紅蘭……\nいつだって君を助けにゆくよ。	코란……\n언제든　널　도우러　갈게．
S2M:M15LOW:50	dup=S2M:M01LOW:50	織姫くん……\n苦しいときは、\nいつでも俺を呼んでくれ！	오리히메　군……\n힘들　때는，\n언제든　날　불러！
S2M:M15LOW:51	dup=S2M:M01LOW:51	レニ……\nたまには、\n守られたっていいだろう？	레니……\n가끔은，\n보호받아도　괜찮잖아？
S2M:M15LOW:52	dup=S2M:M01LOW:52	がんばって！　大神さん！	힘내요！　오오가미　씨！
S2M:M15LOW:53	dup=S2M:M01LOW:53	大神さんが頼りです！	오오가미　씨만　믿을게요！
S2M:M15LOW:54	dup=S2M:M01LOW:54	無理しないでください、\n大神さん……	무리하지　마세요，\n오오가미　씨……
S2M:M15LOW:55	dup=S2M:M01LOW:55	がんばります！	힘낼게요！
S2M:M15LOW:56	dup=S2M:M01LOW:56	大神さんのために……\nあたし、やります！	오오가미　씨를　위해……\n제가　할게요！
S2M:M15LOW:57	dup=S2M:M01LOW:57	あたしが\nがんばらなくっちゃ！	제가　힘내야　해요！
S2M:M15LOW:58	dup=S2M:M01LOW:58	あたし……負けないわ……	저…　지지　않을　거예요…
S2M:M15LOW:59	dup=S2M:M01LOW:59	……ありがとうございます。\n大神さん。	……감사합니다．\n오오가미　씨．
S2M:M15LOW:60	dup=S2M:M01LOW:60	大神さんがいてくれるから、\nあたし、がんばれます！	오오가미　씨가　계시니까\n저도　힘낼　수　있어요！
S2M:M15LOW:61	dup=S2M:M01LOW:61	大丈夫ですか……大神さん。	괜찮으세요…　오오가미　씨．
S2M:M15LOW:62	dup=S2M:M01LOW:62	大神さん……\nごめんなさい……	오오가미　씨……\n죄송해요……
S2M:M15LOW:63	dup=S2M:M01LOW:63	ここは大神さんに\nお任せします……\n……ごめんなさい。	여기는　오오가미　씨에게\n맡길게요……\n……죄송해요．
S2M:M15LOW:64	dup=S2M:M01LOW:64	やりましたね、大神さん！	해냈네요，　오오가미　씨！
S2M:M15LOW:65	dup=S2M:M01LOW:65	今日の大神さん、\n一味違いますね。	오늘　오오가미　씨는\n평소와　다르네요．
S2M:M15LOW:66	dup=S2M:M01LOW:66	やりました！	해냈어요！
S2M:M15LOW:67	dup=S2M:M01LOW:67	大神さんのおかげです！	오오가미　씨　덕분이에요！
S2M:M15LOW:68	dup=S2M:M01LOW:68	大神さん……\nあたし、信じています。	오오가미　씨……\n저는　믿고　있어요．
S2M:M15LOW:69	dup=S2M:M01LOW:69	見せ場がきましてよ、少尉。	제　무대네요，　소위님．
S2M:M15LOW:70	dup=S2M:M01LOW:70	がんばってください、\nわたくしのために……	힘내　주세요，\n저를　위해……
S2M:M15LOW:71	dup=S2M:M01LOW:71	無理は禁物ですわ……	무리는　금물이에요……
S2M:M15LOW:72	dup=S2M:M01LOW:72	さあ、いきますわよ！	자，　갑니다！
S2M:M15LOW:73	dup=S2M:M01LOW:73	少尉、わたくしを\n見ていてくださいな。	소위님，\n저를　지켜봐　주세요．
S2M:M15LOW:74	dup=S2M:M01LOW:74	わたくしでなくては\nダメですわね。	저여야만　하겠군요．
S2M:M15LOW:75	dup=S2M:M01LOW:75	こ、この程度で……	이，　이　정도로……
S2M:M15LOW:76	dup=S2M:M01LOW:76	うれしいですわ……\n少尉……	기뻐요……\n소위님……
S2M:M15LOW:77	dup=S2M:M01LOW:77	わたくしを守ることが\nできるのは少尉だけですわ。	저를　지킬　수　있는　건\n소위님뿐이에요．
S2M:M15LOW:78	dup=S2M:M01LOW:78	かっ、身体が勝手に\n動いただけですわ……	몸이　저절로\n움직였을　뿐이에요……
S2M:M15LOW:79	dup=S2M:M01LOW:79	わたくしとしたことが……	저답지　않게……
S2M:M15LOW:80	dup=S2M:M01LOW:80	少尉を……\n……置いてはいけないのに！	소위님을……\n……두고　갈　수는　없는데！
S2M:M15LOW:81	dup=S2M:M01LOW:81	お見事ですわ、少尉。	훌륭해요，　소위님．
S2M:M15LOW:82	dup=S2M:M01LOW:82	りりしいですわよ、少尉。	늠름하시네요，　소위님．
S2M:M15LOW:83	dup=S2M:M01LOW:83	たいしたことありませんわね。	별것도　아니네요．
S2M:M15LOW:84	dup=S2M:M01LOW:84	見てくださいました？　少尉。	보셨나요？　소위님．
S2M:M15LOW:85	dup=S2M:M01LOW:85	んふっ、\nちょろいもんですわね。\nねぇ、少尉……	후훗，\n이　정도야　식은　죽이죠．\n그렇죠，　소위님……
S2M:M15LOW:86	dup=S2M:M01LOW:86	隊長、お願いします。	대장님，　부탁드려요．
S2M:M15LOW:87	dup=S2M:M01LOW:87	隊長……\n信じています。	대장님……\n믿고　있어요．
S2M:M15LOW:88	dup=S2M:M01LOW:88	隊長……\n慎重にいきましょう。	대장님……\n신중하게　가죠．
S2M:M15LOW:89	dup=S2M:M01LOW:89	さぁ、覚悟しなさい。	자，　각오하세요．
S2M:M15LOW:90	dup=S2M:M01LOW:90	私には、隊長が\nついていてくれる……	저에겐　대장님이\n곁에　계시니까……
S2M:M15LOW:91	dup=S2M:M01LOW:91	私がしっかりしなくては……	제가　정신　차려야……
S2M:M15LOW:92	dup=S2M:M01LOW:92	くっ、まだ……やれる！	큭，아직……　할　수　있어！
S2M:M15LOW:93	dup=S2M:M01LOW:93	すいません、隊長。	죄송해요，　대장님．
S2M:M15LOW:94	dup=S2M:M01LOW:94	隊長の背中……\nとても大きく見えます……	대장님　등……\n정말　커　보이네요……
S2M:M15LOW:95	dup=S2M:M01LOW:95	隊長が無事でよかった……	대장님이　무사해서　다행……
S2M:M15LOW:96	dup=S2M:M01LOW:96	隊長……申し訳ありません……	대장님……　죄송해요……
S2M:M15LOW:97	dup=S2M:M01LOW:97	もう少し……\n隊長と共に……	조금만　더……\n대장님과　함께……
S2M:M15LOW:98	dup=S2M:M01LOW:98	やりますね、隊長。	잘하시네요，　대장님．
S2M:M15LOW:99	dup=S2M:M01LOW:99	隊長が\nいてくださってよかった……	대장님이　계셔서　다행……
S2M:M15LOW:100	dup=S2M:M01LOW:100	ふんっ！　この程度……？	흥！　이　정도……？
S2M:M15LOW:101	dup=S2M:M01LOW:101	隊長、すばらしい指揮です！	대장님，　훌륭한　지휘예요！
S2M:M15LOW:102	dup=S2M:M01LOW:102	隊長が、私の力を\n何倍にもしてくれます。	대장님이　제　힘을\n몇　배나　키워　주세요．
S2M:M15LOW:103	dup=S2M:M01LOW:103	やっちまえ！　隊長！	해치워！　대장님！
S2M:M15LOW:104	dup=S2M:M01LOW:104	あたいがついてるぜ、隊長。	내가　곁에　있어，　대장．
S2M:M15LOW:105	dup=S2M:M01LOW:105	隊長の気合を見せてくれ！	대장님，　기합을　보여　줘！
S2M:M15LOW:106	dup=S2M:M01LOW:106	あたいの番だな！	내　차례구나！
S2M:M15LOW:107	dup=S2M:M01LOW:107	みていてくれよなっ！\n隊長！	지켜봐　줘！\n대장！
S2M:M15LOW:108	dup=S2M:M01LOW:108	まとめて面倒みるぜ！	한꺼번에　상대해　주마！
S2M:M15LOW:109	dup=S2M:M01LOW:109	まだまだ、\nどんどんかかってこいっ！	아직　멀었어，\n어서　덤벼！
S2M:M15LOW:110	dup=S2M:M01LOW:110	すまねぇな、隊長。	미안하군，　대장．
S2M:M15LOW:111	dup=S2M:M01LOW:111	へへっ、\n守られるってのも悪くないな。	헤헤，　보호받는　것도\n나쁘지　않군．
S2M:M15LOW:112	dup=S2M:M01LOW:112	へへっ、らしくないぜぇ？\n隊長！	헤헤，　나답지　않지？\n대장！
S2M:M15LOW:113	dup=S2M:M01LOW:113	ちくしょう……\nこんなところで……	젠장……\n이런　곳에서……
S2M:M15LOW:114	dup=S2M:M01LOW:114	隊長、すまない。\nあたいの分まで\nがんばってくれ！	대장，　미안하다．\n내　몫까지\n힘내　줘！
S2M:M15LOW:115	dup=S2M:M01LOW:115	やるじゃねぇか！　隊長！	제법이잖아！　대장！
S2M:M15LOW:116	dup=S2M:M01LOW:116	ほれぼれするぜ！　隊長！	감탄스럽군！　대장！
S2M:M15LOW:117	dup=S2M:M01LOW:117	ざっとこんなもんだぜ！	대충　이　정도지！
S2M:M15LOW:118	dup=S2M:M01LOW:118	へっへーん！\nどうだい！　隊長！	헤헤ー！\n어때！　대장！
S2M:M15LOW:119	dup=S2M:M01LOW:119	誰もあたいたちを\n止められねぇぜ！	아무도　우릴\n막을　수　없어！
S2M:M15LOW:120	dup=S2M:M01LOW:120	がんばろうね、お兄ちゃん。	힘내자，　오빠．
S2M:M15LOW:121	dup=S2M:M01LOW:121	お兄ちゃん、いっけぇー！	오빠，　가ー！
S2M:M15LOW:122	dup=S2M:M01LOW:122	お兄ちゃん……負けないで！	오빠……　지지　마！
S2M:M15LOW:123	dup=S2M:M01LOW:123	アイリス、いきまーす！	아이리스，　갑니다아！
S2M:M15LOW:124	dup=S2M:M01LOW:124	えへへっ、\nアイリスがんばるよ！	에헤헤，\n아이리스　힘낼게！
S2M:M15LOW:125	dup=S2M:M01LOW:125	アイリスが\nがんばらなくちゃ！	아이리스가\n힘내야　해！
S2M:M15LOW:126	dup=S2M:M01LOW:126	アイリス……もうだめ……	아이리스…　이제　안　돼…
S2M:M15LOW:127	dup=S2M:M01LOW:127	アイリスのために\n来てくれたんだぁー！	아이리스를　위해　왔구나ー！
S2M:M15LOW:128	dup=S2M:M01LOW:128	お兄ちゃんは、\n白馬のおうじさまだね！	오빠는\n백마　탄　왕자님이네！
S2M:M15LOW:129	dup=S2M:M01LOW:129	お兄ちゃん……\nアイリスがついてるからね。	오빠……\n아이리스가　곁에　있을게．
S2M:M15LOW:130	dup=S2M:M01LOW:130	あ……止まっちゃった……	아……　멈췄어……
S2M:M15LOW:131	dup=S2M:M01LOW:131	お兄ちゃん……\nごめんね……	오빠……\n미안해……
S2M:M15LOW:132	dup=S2M:M01LOW:132	わーい、やったね！\nお兄ちゃん！	와ー，　해냈다！\n오빠！
S2M:M15LOW:133	dup=S2M:M01LOW:133	お兄ちゃん、\nすごい、すっごーい！	오빠，\n대단해，　정말　대단해ー！
S2M:M15LOW:134	dup=S2M:M01LOW:134	アイリス、すごいでしょ！	아이리스，　대단하지！
S2M:M15LOW:135	dup=S2M:M01LOW:135	ねぇ、ねぇ！\nほめてほめて！	있잖아，　있잖아！\n칭찬해　줘，　칭찬해　줘！
S2M:M15LOW:136	dup=S2M:M01LOW:136	お兄ちゃんがいれば、\nアイリスなんにも恐くないよ！	오빠만　있으면，\n아이리스는　안　무서워！
S2M:M15LOW:137	dup=S2M:M01LOW:137	頼んだで、大神はん。	부탁한다，　오오가미　씨．
S2M:M15LOW:138	dup=S2M:M01LOW:138	ウチらの力、見せたろうで！	우리　힘을　보여　주자！
S2M:M15LOW:139	dup=S2M:M01LOW:139	だ、大丈夫かいな、大神はん。	괜찮나，　오오가미　씨．
S2M:M15LOW:140	dup=S2M:M01LOW:140	ほな、いってみよか！	그럼，　가　볼까！
S2M:M15LOW:141	dup=S2M:M01LOW:141	大神はん、\nウチにまーかしとき！	오오가미　씨，\n나한테　맡겨！
S2M:M15LOW:142	dup=S2M:M01LOW:142	ウチががんばらんと！	내가　힘내야　해！
S2M:M15LOW:143	dup=S2M:M01LOW:143	や、やばいで……	이，　이거　위험해……
S2M:M15LOW:144	dup=S2M:M01LOW:144	お、おおきに、\n大神はん……	고，　고마워，\n오오가미　씨……
S2M:M15LOW:145	dup=S2M:M01LOW:145	もう、そないなことされたら、\nウチ……	그렇게까지　해　주면，\n나……
S2M:M15LOW:146	dup=S2M:M01LOW:146	大神はんがおらんと、\nウチ……こまるんや。	오오가미　씨가　없으면，\n나……　곤란해．
S2M:M15LOW:147	dup=S2M:M01LOW:147	そのへんで、堪忍や……	이쯤에서　봐줘……
S2M:M15LOW:148	dup=S2M:M01LOW:148	大神はん、すんまへん。	오오가미　씨，　미안해．
S2M:M15LOW:149	dup=S2M:M01LOW:149	大神はん、その調子や！	오오가미　씨，　그　기세야！
S2M:M15LOW:150	dup=S2M:M01LOW:150	ええ感じやで！　大神はん！	좋은데！　오오가미　씨！
S2M:M15LOW:151	dup=S2M:M01LOW:151	いっちょあがりや！	한　건　해냈다！
S2M:M15LOW:152	dup=S2M:M01LOW:152	大神はん、\nやったで、ウチ！	오오가미　씨，\n나　해냈어！
S2M:M15LOW:153	dup=S2M:M01LOW:153	ウチらの力を合わせれば、\n千人力や！	우리　힘을　합치면，\n천군만마야！
S2M:M15LOW:154	dup=S2M:M01LOW:154	少尉さん、\nお手並み拝見でーす！	소위님，\n실력을　보여　주세요ー！
S2M:M15LOW:155	dup=S2M:M01LOW:155	早く終わらせて帰りましょー。	빨리　끝내고　돌아가요ー．
S2M:M15LOW:156	dup=S2M:M01LOW:156	ちょっと、\nヤバそうってカンジ！	잠깐，\n좀　위험해　보이는　느낌！
S2M:M15LOW:157	dup=S2M:M01LOW:157	たのしいでーす！	재밌어요ー！
S2M:M15LOW:158	dup=S2M:M01LOW:158	わたしを見ていてくださーい！	저를　지켜봐　주세요ー！
S2M:M15LOW:159	dup=S2M:M10LOW:159	勝手にやらせてもらいまーす！	맘대로　하게　해　주세요ー！
S2M:M15LOW:160	dup=S2M:M01LOW:160	シャワー浴びたいでーす！	샤워하고　싶어요ー！
S2M:M15LOW:161	dup=S2M:M10LOW:161	あはっ！\n少尉さん、サンキュでーす！	아핫！\n소위님，　고마워요ー！
S2M:M15LOW:162	dup=S2M:M01LOW:162	少尉さん、\n無理しなくていいでーす……	소위님，\n무리하지　않아도　돼요……
S2M:M15LOW:163	dup=S2M:M01LOW:163	まったく、\nダメなオトコでーす！	정말이지，\n쓸모없는　남자네요ー！
S2M:M15LOW:164	dup=S2M:M01LOW:164	これ以上はカンベンでーす！	이　이상은　봐주겠어요ー！
S2M:M15LOW:165	dup=S2M:M01LOW:165	もうだめです。\n撤退します……隊長……	이젠　안　돼요．\n후퇴할게요……　대장……
S2M:M15LOW:166	dup=S2M:M01LOW:166	なかなかやるってカンジ！	제법인데요！
S2M:M15LOW:167	dup=S2M:M01LOW:167	少尉さん、\nちょーかっこいいでーす！	소위님，\n정말　멋져요ー！
S2M:M15LOW:168	dup=S2M:M01LOW:168	楽勝でーす！	거뜬해요ー！
S2M:M15LOW:169	dup=S2M:M01LOW:169	うふっ！\n拍手をくださーい！	후훗！\n박수　쳐　주세요ー！
S2M:M15LOW:170	dup=S2M:M01LOW:170	このデュオは最高でーす！	이　듀오는　최고예요ー！
S2M:M15LOW:171	dup=S2M:M01LOW:171	……行動開始。	……행동　개시．
S2M:M15LOW:172	dup=S2M:M07LOW:172	隊長、気を付けて。	대장님，　조심하세요．
S2M:M15LOW:173	dup=S2M:M01LOW:173	……危険だよ。	……위험해．
S2M:M15LOW:174	dup=S2M:M07LOW:174	いくよ！	가자！
S2M:M15LOW:175	dup=S2M:M07LOW:175	指示、よろしく。	지시，　잘　부탁해．
S2M:M15LOW:176	dup=S2M:M08LOW:176	ボクの力で……倒す……	내　힘으로…　쓰러뜨린다…
S2M:M15LOW:177	dup=S2M:M01LOW:177	機体の損傷が激しい……	기체　손상이　심해……
S2M:M15LOW:178	dup=S2M:M01LOW:178	………………	………………
S2M:M15LOW:179	dup=S2M:M07LOW:179	……ありがとう。	…고마워．
S2M:M15LOW:180	dup=S2M:M01LOW:180	隊長……しっかり……	대장……　정신　차려……
S2M:M15LOW:181	dup=S2M:M01LOW:181	一時、撤退……	일단　후퇴……
S2M:M15LOW:182	dup=S2M:M07LOW:182	隊長、\nあとは……よろしく。	대장，\n나머지는……　부탁해．
S2M:M15LOW:183	dup=S2M:M01LOW:183	目標、撃破確認……	목표　격파　확인……
S2M:M15LOW:184	dup=S2M:M07LOW:184	やるね、隊長。	잘하네，　대장．
S2M:M15LOW:185	dup=S2M:M01LOW:185	目標撃破……	목표　격파……
S2M:M15LOW:186	dup=S2M:M07LOW:186	隊長……\n次の指示を……	대장……\n다음　지시를……
S2M:M15LOW:187	dup=S2M:M01LOW:187	これが……ボクらの力……！	이게……　우리　힘……！
S2M:M15LOW:188	dup=S2M:M01LOW:188	そぉら、いくぜ！	자아，　간다！
S2M:M15LOW:189	dup=S2M:M01LOW:189	さぁ、楽しませてくれよ。	자，　즐겁게　해　줘．
S2M:M15LOW:190	dup=S2M:M01LOW:190	勝負は……これからだぜ！	승부는……　지금부터야！
S2M:M15LOW:191	dup=S2M:M01LOW:191	なかなか、\nやるじゃねぇか！	제법이군，\n잘하잖아！
S2M:M15LOW:192	dup=S2M:M01LOW:192	おもしれぇ……	재밌군……
S2M:M15LOW:193	dup=S2M:M01LOW:193	大丈夫か、水狐。	괜찮나，　수호．
S2M:M15LOW:194	dup=S2M:M01LOW:194	華麗に燃やしてあげますよ……	화려하게　태워　드리죠……
S2M:M15LOW:195	dup=S2M:M01LOW:195	覚悟してください。	각오하세요．
S2M:M15LOW:196	dup=S2M:M01LOW:196	あははははは！	아하하하하하！
S2M:M15LOW:197	dup=S2M:M01LOW:197	燃やしつくしてやる！	모조리　태워　주마！
S2M:M15LOW:198	dup=S2M:M01LOW:198	ご……ゴミが……	쓰……　쓰레기가……
S2M:M15LOW:199	dup=S2M:M01LOW:199	私の戦いを見せてあげる。	내　싸움을　보여　주지．
S2M:M15LOW:200	dup=S2M:M01LOW:200	やさしくしてあげるわ。	상냥하게　해　줄게．
S2M:M15LOW:201	dup=S2M:M01LOW:201	ふふふ……負けないわよ。	후후후…　지지　않을　거야．
S2M:M15LOW:202	dup=S2M:M01LOW:202	やるわね。\nさすが華撃団……	잘하네．\n역시　화격단……
S2M:M15LOW:203	dup=S2M:M01LOW:203	くっ……\nこれほどとはね……	큭……\n이　정도일　줄이야……
S2M:M15LOW:204	dup=S2M:M01LOW:204	さぁ、ワシの番じゃな。	자，　내　차례로구나．
S2M:M15LOW:205	dup=S2M:M01LOW:205	ワシの計算にぬかりはないぞ。	내　계산엔　빈틈없다．
S2M:M15LOW:206	dup=S2M:M01LOW:206	こ、このままでは\n終わらぬぞ……	이，　이대로는\n끝나지　않아……
S2M:M15LOW:207	dup=S2M:M01LOW:207	これも計算のうちじゃ。	이것도　계산　안이야．
S2M:M15LOW:208	dup=S2M:M01LOW:208	ぬうっ……\nこれは計算外じゃ……	으으……\n이건　계산　밖이야……
S2M:M15LOW:209	dup=S2M:M01LOW:209	狩りとってやる！	사냥해　주마！
S2M:M15LOW:210	dup=S2M:M01LOW:210	今、楽にしてやるからな。	지금　편하게　해　주마．
S2M:M15LOW:211	dup=S2M:M01LOW:211	ひ、ひねり殺してやる！	비，　비틀어　죽여　주마！
S2M:M15LOW:212	dup=S2M:M01LOW:212	勝ったと思うなよ……	이겼다고　생각하지　마……
S2M:M15LOW:213	dup=S2M:M01LOW:213	まだ、終わりではないぞ！	아직　끝나지　않았다！
S2M:M15LOW:214	dup=S2M:M01LOW:214	終わりにしてやる。	끝내　주마．
S2M:M15LOW:215	dup=S2M:M01LOW:215	いくぞ！　華撃団っ！	간다！　화격단！
S2M:M15LOW:216	dup=S2M:M01LOW:216	まだ、まだだっ！	아직，　아직이다！
S2M:M15LOW:217	dup=S2M:M01LOW:217	腕を上げたな……	실력이　늘었구나……
S2M:M15LOW:218	dup=S2M:M01LOW:218	ぐっ……\nわたしの復讐が……	큭……\n내　복수가……
S2M:M15LOW:219	dup=S2M:M01LOW:219	容赦はせぬぞ……	봐주지　않겠다……
S2M:M15LOW:220	dup=S2M:M01LOW:220	お前たちの罪を知れ……	너희의　죄를　깨달아라……
S2M:M15LOW:221	dup=S2M:M01LOW:221	戦いとはいつも無常だ……	싸움은　언제나　덧없다……
S2M:M15LOW:222	dup=S2M:M01LOW:222	愛は死んだ……	사랑은　죽었다……
S2M:M15LOW:223	dup=S2M:M01LOW:223	ぬぅ……やるな……	으음……　제법이군……
S2M:M15LOW:224	dup=S2M:M01LOW:224	私に触れるな！	나에게　손대지　마！
S2M:M15LOW:225	dup=S2M:M01LOW:225	帝都の恨みは、\nこの程度ではないぞ……	제도의　원한은，\n이　정도가　아니다……
S2M:M15LOW:226	dup=S2M:M01LOW:226	最後に勝つのは……私だ！	최후의　승자는……　나다！
S2M:M15LOW:227	dup=S2M:M01LOW:227	この程度で……ぬうっ！	이　정도로……　으음！
S2M:M15LOW:228	dup=S2M:M01LOW:228	思い上がるな……\n偽善者めっ！	우쭐대지　마……\n위선자　자식！
S2M:M16LOW:0	dup=S2M:M01LOW:0	疾きこと風のごとく……\n移動力重視の作戦だ！	빠르기는　바람처럼……\n이동력　중시　작전이다！
S2M:M16LOW:1	dup=S2M:M01LOW:1	今は、この命令を出している。\n移動力を活かして戦おう。	현재　명령은　이것이다．\n이동력을　살려　싸우자．
S2M:M16LOW:2	dup=S2M:M01LOW:2	花組各員に通達！\n「風」作戦を開始するぞ！	화조　전원에게　통보！\n「풍」　작전　개시다！
S2M:M16LOW:3	dup=S2M:M01LOW:3	林のように心静かに……\n本来の力を引き出すんだ！	숲처럼　마음을　고요히……\n본래의　힘을　끌어내자！
S2M:M16LOW:4	dup=S2M:M01LOW:4	今は、この命令を出している。\n本来の力で敵に立ち向かおう。	현재　명령은　이것이다．\n본래의　힘으로　맞서자．
S2M:M16LOW:5	dup=S2M:M01LOW:5	花組各員に通達！\n「林」作戦を開始するぞ！	화조　전원에게　통보！\n「림」　작전　개시다！
S2M:M16LOW:6	dup=S2M:M01LOW:6	炎のように熱く燃える……\n攻撃力重視の作戦だ！	불처럼　뜨겁게　타오르는……\n공격력　중시　작전이다！
S2M:M16LOW:7	dup=S2M:M01LOW:7	今は、この命令を出している。\n攻撃力を活かして戦おう。	현재　명령은　이것이다．\n공격력을　살려　싸우자．
S2M:M16LOW:8	dup=S2M:M01LOW:8	花組各員に通達！\n「火」作戦を開始するぞ！	화조　전원에게　통보！\n「화」　작전　개시다！
S2M:M16LOW:9	dup=S2M:M01LOW:9	構えること山のごとく……\n防御力重視の作戦だ！	산처럼　굳건히　버티는……\n방어력　중시　작전이다！
S2M:M16LOW:10	dup=S2M:M01LOW:10	今は、この命令を出している。\n防御力を活かして戦おう。	현재　명령은　이것이다．\n방어력을　살려　싸우자．
S2M:M16LOW:11	dup=S2M:M01LOW:11	花組各員に通達！\n「山」作戦を開始するぞ！	화조　전원에게　통보！\n「산」　작전　개시다！
S2M:M16LOW:12	dup=S2M:M01LOW:12	このままの作戦でいくぞ！	이대로　작전을　계속한다！
S2M:M16LOW:13	dup=S2M:M01LOW:13	了解！	알겠습니다！
S2M:M16LOW:14		黒鬼会の本拠地だけあって\n敵も次々に襲ってくるわ。	흑귀회　본거지답게\n적도　계속　몰려와．
S2M:M16LOW:15		最下層にたどりつくまで、\nなんとかもちこたえて！	최하층에　도달할　때까지\n어떻게든　버텨！
S2M:M16LOW:16	dup=S2M:M01LOW:16	０メッセージ１－３	０메시지１－３
S2M:M16LOW:17	dup=S2M:M12LOW:17	門の外に出て、\n土機を撃破するのよ！	문　밖으로　나가，\n토기를　격파해！
S2M:M16LOW:18	dup=S2M:M12LOW:18	敵の大将、土は、\n攻撃回数が多いわ。\n気をつけるのよ！	적장　토지구모는\n공격　횟수가　많아．\n조심해！
S2M:M16LOW:19	dup=S2M:M01LOW:19	０メッセージ２－３	０메시지２－３
S2M:M16LOW:20	dup=S2M:M02LOW:20	大神さん、山崎は強いわ。\n一時撤退しましょう！	야마자키는　강해요．\n일단　후퇴하죠！
S2M:M16LOW:21	dup=S2M:M01LOW:21	０メッセージ３－２	０메시지３－２
S2M:M16LOW:22	dup=S2M:M01LOW:22	０メッセージ３－３	０메시지３－３
S2M:M16LOW:23	dup=S2M:M01LOW:23	花組の隊長、大神一郎。\n高い戦闘力と、\n勇敢な心を持っている。	화조　대장，　오오가미．\n높은　전투력과\n용감한　마음을　지녔다．
S2M:M16LOW:24	dup=S2M:M01LOW:24	北辰一刀流、真宮寺さくら。\n素早い動きで、\n敵を一刀両断する。	북진일도류，　사쿠라．\n빠른　움직임으로\n적을　일도양단한다．
S2M:M16LOW:25	dup=S2M:M01LOW:25	神崎風塵流、神崎すみれ。\n華麗なナギナタの技は、\n見るものの心をもとらえる。	칸자키　풍진류，　스미레．\n화려한　나기나타　기술은\n보는　이의　마음마저　홀려．
S2M:M16LOW:26	dup=S2M:M01LOW:26	射撃手、マリア・タチバナ。\n氷の銃弾は、狙った\n獲物を決して逃さない。	사격수，　마리아．\n얼음　탄환은　노린\n먹이를　놓치지　않는다．
S2M:M16LOW:27	dup=S2M:M01LOW:27	桐島流空手、桐島カンナ。\n圧倒的なパワーで、むらがる\n敵を粉砕する。	가라테의　달인，　칸나．\n압도적　파워로　몰려드는\n적을　분쇄한다．
S2M:M16LOW:28	dup=S2M:M01LOW:28	花組のマスコット、アイリス。\n超能力を使った、\n不思議な攻撃で敵と戦う。	화조의　마스코트，\n아이리스．\n초능력으로　적과　싸운다．
S2M:M16LOW:29	dup=S2M:M01LOW:29	発明家、李紅蘭。\n次々に繰り出す発明品で、\n敵味方をあっといわせるぞ。	발명가，　코란．\n신제품을　잇달아　내놓아\n적과　아군을　놀라게　한다．
S2M:M16LOW:30	dup=S2M:M01LOW:30	元星組隊員、ソレッタ・織姫。\nイタリアンローズの機体に乗り\n赤い貴族と呼ばれている。	전　별조　대원，　오리히메．\n이탈리안　로즈를　타고\n붉은　귀족이라　불린다．
S2M:M16LOW:31	dup=S2M:M01LOW:31	レニ・ミルヒシュトラーセ。\n戦闘のプロとして、正確な\n無駄のない攻撃を行う。	레니　밀히슈트라세．　전투의\n프로답게　정확하고　군더더기\n없는　공격을　한다．
S2M:M16LOW:32	dup=S2M:M05LOW:32	魔操機兵、脇侍・改。\n長剣を装備したものは、\nイ型乙と呼ばれる。	마조기병，　협시・개．\n장검을　장비한　것은\n이형　을이라　부른다．
S2M:M16LOW:33	dup=S2M:M10LOW:33	魔操機兵、脇侍・改。\n戦闘力を高めた状態で、\n量産化に成功した機体。	마조기병，　협시・개．\n전투력을　높인　상태로\n양산에　성공한　기체．
S2M:M16LOW:34		「雷撃砲」\n旧式の間接砲台。攻撃力は\n高いが、攻撃範囲が狭い。	「뇌격포」\n구식　간접　포대．　공격력은\n높지만　공격　범위가　좁다．
S2M:M16LOW:35	dup=S2M:M05LOW:35	魔操機兵、脇侍・改。\n大砲を装備しているものは、\nハ型と呼ばれる。	마조기병，　협시・개．\n대포를　장비한　것은\n하형이라　부른다．
S2M:M16LOW:36	dup=S2M:M12LOW:36	魔操機兵、脇侍・改。\nより強力な鉄砲を持ち、遠くを\n狙えるようになった。	마조기병，　협시・개．\n더　강한　총을　지녀　멀리\n조준할　수　있게　됐다．
S2M:M16LOW:37	dup=S2M:M09LOW:37	魔操機兵、脇侍・改。\n散弾を使用しており、\n１発の威力は比較的小さい。	마조기병，　협시・개．\n산탄을　사용하며　한　발\n위력은　비교적　낮다．
S2M:M16LOW:38	dup=S2M:M09LOW:38	魔操機兵、脇侍・改。\n回復能力を持つこの型は、\nエル特と呼ばれている。	마조기병，　협시・개．\n이　형은　회복　능력이　있어\n엘　특이라　부른다．
S2M:M16LOW:39		魔操機兵、脇侍・改。\n独特の攻撃範囲を持ち、\n周りにいるものをなぎ払う。	마조기병，　협시・개．\n독특한　공격　범위로\n주변을　휩쓴다．
S2M:M16LOW:40	dup=S2M:M01LOW:40	メッセージ１８	메시지　１８
S2M:M16LOW:41	dup=S2M:M01LOW:41	メッセージ１９	메시지　１９
S2M:M16LOW:42	dup=S2M:M01LOW:42	メッセージ２０	메시지　２０
S2M:M16LOW:43	dup=S2M:M01LOW:43	今のところ、\nかばう必要はなさそうだな。	지금은\n보호할　필요　없어　보이네．
S2M:M16LOW:44	dup=S2M:M01LOW:44	さくらくん……\n君は俺が守る！	사쿠라　군……\n내가　지킬게！
S2M:M16LOW:45	dup=S2M:M01LOW:45	すみれくん……\n君の盾になってもいいかい。	스미레　군……\n네　방패가　되어도　될까？
S2M:M16LOW:46	dup=S2M:M01LOW:46	マリア……\n君の背中を守らせてくれ。	마리아……\n네　뒤를　지키게　해　줘．
S2M:M16LOW:47	dup=S2M:M01LOW:47	カンナ……\n俺は、君を全力で守るぞ！	칸나……　내가　온　힘을\n다해　지키마！
S2M:M16LOW:48	dup=S2M:M01LOW:48	アイリス……\n俺が側にいるから、\n安心していいよ。	아이리스……\n내가　곁에　있으니，\n안심해도　돼．
S2M:M16LOW:49	dup=S2M:M01LOW:49	紅蘭……\nいつだって君を助けにゆくよ。	코란……\n언제든　널　도우러　갈게．
S2M:M16LOW:50	dup=S2M:M01LOW:50	織姫くん……\n苦しいときは、\nいつでも俺を呼んでくれ！	오리히메　군……\n힘들　때는，\n언제든　날　불러！
S2M:M16LOW:51	dup=S2M:M01LOW:51	レニ……\nたまには、\n守られたっていいだろう？	레니……\n가끔은，\n보호받아도　괜찮잖아？
S2M:M16LOW:52	dup=S2M:M01LOW:52	がんばって！　大神さん！	힘내요！　오오가미　씨！
S2M:M16LOW:53	dup=S2M:M01LOW:53	大神さんが頼りです！	오오가미　씨만　믿을게요！
S2M:M16LOW:54	dup=S2M:M01LOW:54	無理しないでください、\n大神さん……	무리하지　마세요，\n오오가미　씨……
S2M:M16LOW:55	dup=S2M:M01LOW:55	がんばります！	힘낼게요！
S2M:M16LOW:56	dup=S2M:M01LOW:56	大神さんのために……\nあたし、やります！	오오가미　씨를　위해……\n제가　할게요！
S2M:M16LOW:57	dup=S2M:M01LOW:57	あたしが\nがんばらなくっちゃ！	제가　힘내야　해요！
S2M:M16LOW:58	dup=S2M:M01LOW:58	あたし……負けないわ……	저…　지지　않을　거예요…
S2M:M16LOW:59	dup=S2M:M01LOW:59	……ありがとうございます。\n大神さん。	……감사합니다．\n오오가미　씨．
S2M:M16LOW:60	dup=S2M:M01LOW:60	大神さんがいてくれるから、\nあたし、がんばれます！	오오가미　씨가　계시니까\n저도　힘낼　수　있어요！
S2M:M16LOW:61	dup=S2M:M01LOW:61	大丈夫ですか……大神さん。	괜찮으세요…　오오가미　씨．
S2M:M16LOW:62	dup=S2M:M01LOW:62	大神さん……\nごめんなさい……	오오가미　씨……\n죄송해요……
S2M:M16LOW:63	dup=S2M:M01LOW:63	ここは大神さんに\nお任せします……\n……ごめんなさい。	여기는　오오가미　씨에게\n맡길게요……\n……죄송해요．
S2M:M16LOW:64	dup=S2M:M01LOW:64	やりましたね、大神さん！	해냈네요，　오오가미　씨！
S2M:M16LOW:65	dup=S2M:M01LOW:65	今日の大神さん、\n一味違いますね。	오늘　오오가미　씨는\n평소와　다르네요．
S2M:M16LOW:66	dup=S2M:M01LOW:66	やりました！	해냈어요！
S2M:M16LOW:67	dup=S2M:M01LOW:67	大神さんのおかげです！	오오가미　씨　덕분이에요！
S2M:M16LOW:68	dup=S2M:M01LOW:68	大神さん……\nあたし、信じています。	오오가미　씨……\n저는　믿고　있어요．
S2M:M16LOW:69	dup=S2M:M01LOW:69	見せ場がきましてよ、少尉。	제　무대네요，　소위님．
S2M:M16LOW:70	dup=S2M:M01LOW:70	がんばってください、\nわたくしのために……	힘내　주세요，\n저를　위해……
S2M:M16LOW:71	dup=S2M:M01LOW:71	無理は禁物ですわ……	무리는　금물이에요……
S2M:M16LOW:72	dup=S2M:M01LOW:72	さあ、いきますわよ！	자，　갑니다！
S2M:M16LOW:73	dup=S2M:M01LOW:73	少尉、わたくしを\n見ていてくださいな。	소위님，\n저를　지켜봐　주세요．
S2M:M16LOW:74	dup=S2M:M01LOW:74	わたくしでなくては\nダメですわね。	저여야만　하겠군요．
S2M:M16LOW:75	dup=S2M:M01LOW:75	こ、この程度で……	이，　이　정도로……
S2M:M16LOW:76	dup=S2M:M01LOW:76	うれしいですわ……\n少尉……	기뻐요……\n소위님……
S2M:M16LOW:77	dup=S2M:M01LOW:77	わたくしを守ることが\nできるのは少尉だけですわ。	저를　지킬　수　있는　건\n소위님뿐이에요．
S2M:M16LOW:78	dup=S2M:M01LOW:78	かっ、身体が勝手に\n動いただけですわ……	몸이　저절로\n움직였을　뿐이에요……
S2M:M16LOW:79	dup=S2M:M01LOW:79	わたくしとしたことが……	저답지　않게……
S2M:M16LOW:80	dup=S2M:M01LOW:80	少尉を……\n……置いてはいけないのに！	소위님을……\n……두고　갈　수는　없는데！
S2M:M16LOW:81	dup=S2M:M01LOW:81	お見事ですわ、少尉。	훌륭해요，　소위님．
S2M:M16LOW:82	dup=S2M:M01LOW:82	りりしいですわよ、少尉。	늠름하시네요，　소위님．
S2M:M16LOW:83	dup=S2M:M01LOW:83	たいしたことありませんわね。	별것도　아니네요．
S2M:M16LOW:84	dup=S2M:M01LOW:84	見てくださいました？　少尉。	보셨나요？　소위님．
S2M:M16LOW:85	dup=S2M:M01LOW:85	んふっ、\nちょろいもんですわね。\nねぇ、少尉……	후훗，\n이　정도야　식은　죽이죠．\n그렇죠，　소위님……
S2M:M16LOW:86	dup=S2M:M01LOW:86	隊長、お願いします。	대장님，　부탁드려요．
S2M:M16LOW:87	dup=S2M:M01LOW:87	隊長……\n信じています。	대장님……\n믿고　있어요．
S2M:M16LOW:88	dup=S2M:M01LOW:88	隊長……\n慎重にいきましょう。	대장님……\n신중하게　가죠．
S2M:M16LOW:89	dup=S2M:M01LOW:89	さぁ、覚悟しなさい。	자，　각오하세요．
S2M:M16LOW:90	dup=S2M:M01LOW:90	私には、隊長が\nついていてくれる……	저에겐　대장님이\n곁에　계시니까……
S2M:M16LOW:91	dup=S2M:M01LOW:91	私がしっかりしなくては……	제가　정신　차려야……
S2M:M16LOW:92	dup=S2M:M01LOW:92	くっ、まだ……やれる！	큭，아직……　할　수　있어！
S2M:M16LOW:93	dup=S2M:M01LOW:93	すいません、隊長。	죄송해요，　대장님．
S2M:M16LOW:94	dup=S2M:M01LOW:94	隊長の背中……\nとても大きく見えます……	대장님　등……\n정말　커　보이네요……
S2M:M16LOW:95	dup=S2M:M01LOW:95	隊長が無事でよかった……	대장님이　무사해서　다행……
S2M:M16LOW:96	dup=S2M:M01LOW:96	隊長……申し訳ありません……	대장님……　죄송해요……
S2M:M16LOW:97	dup=S2M:M01LOW:97	もう少し……\n隊長と共に……	조금만　더……\n대장님과　함께……
S2M:M16LOW:98	dup=S2M:M01LOW:98	やりますね、隊長。	잘하시네요，　대장님．
S2M:M16LOW:99	dup=S2M:M01LOW:99	隊長が\nいてくださってよかった……	대장님이　계셔서　다행……
S2M:M16LOW:100	dup=S2M:M01LOW:100	ふんっ！　この程度……？	흥！　이　정도……？
S2M:M16LOW:101	dup=S2M:M01LOW:101	隊長、すばらしい指揮です！	대장님，　훌륭한　지휘예요！
S2M:M16LOW:102	dup=S2M:M01LOW:102	隊長が、私の力を\n何倍にもしてくれます。	대장님이　제　힘을\n몇　배나　키워　주세요．
S2M:M16LOW:103	dup=S2M:M01LOW:103	やっちまえ！　隊長！	해치워！　대장님！
S2M:M16LOW:104	dup=S2M:M01LOW:104	あたいがついてるぜ、隊長。	내가　곁에　있어，　대장．
S2M:M16LOW:105	dup=S2M:M01LOW:105	隊長の気合を見せてくれ！	대장님，　기합을　보여　줘！
S2M:M16LOW:106	dup=S2M:M01LOW:106	あたいの番だな！	내　차례구나！
S2M:M16LOW:107	dup=S2M:M01LOW:107	みていてくれよなっ！\n隊長！	지켜봐　줘！\n대장！
S2M:M16LOW:108	dup=S2M:M01LOW:108	まとめて面倒みるぜ！	한꺼번에　상대해　주마！
S2M:M16LOW:109	dup=S2M:M01LOW:109	まだまだ、\nどんどんかかってこいっ！	아직　멀었어，\n어서　덤벼！
S2M:M16LOW:110	dup=S2M:M01LOW:110	すまねぇな、隊長。	미안하군，　대장．
S2M:M16LOW:111	dup=S2M:M01LOW:111	へへっ、\n守られるってのも悪くないな。	헤헤，　보호받는　것도\n나쁘지　않군．
S2M:M16LOW:112	dup=S2M:M01LOW:112	へへっ、らしくないぜぇ？\n隊長！	헤헤，　나답지　않지？\n대장！
S2M:M16LOW:113	dup=S2M:M01LOW:113	ちくしょう……\nこんなところで……	젠장……\n이런　곳에서……
S2M:M16LOW:114	dup=S2M:M01LOW:114	隊長、すまない。\nあたいの分まで\nがんばってくれ！	대장，　미안하다．\n내　몫까지\n힘내　줘！
S2M:M16LOW:115	dup=S2M:M01LOW:115	やるじゃねぇか！　隊長！	제법이잖아！　대장！
S2M:M16LOW:116	dup=S2M:M01LOW:116	ほれぼれするぜ！　隊長！	감탄스럽군！　대장！
S2M:M16LOW:117	dup=S2M:M01LOW:117	ざっとこんなもんだぜ！	대충　이　정도지！
S2M:M16LOW:118	dup=S2M:M01LOW:118	へっへーん！\nどうだい！　隊長！	헤헤ー！\n어때！　대장！
S2M:M16LOW:119	dup=S2M:M01LOW:119	誰もあたいたちを\n止められねぇぜ！	아무도　우릴\n막을　수　없어！
S2M:M16LOW:120	dup=S2M:M01LOW:120	がんばろうね、お兄ちゃん。	힘내자，　오빠．
S2M:M16LOW:121	dup=S2M:M01LOW:121	お兄ちゃん、いっけぇー！	오빠，　가ー！
S2M:M16LOW:122	dup=S2M:M01LOW:122	お兄ちゃん……負けないで！	오빠……　지지　마！
S2M:M16LOW:123	dup=S2M:M01LOW:123	アイリス、いきまーす！	아이리스，　갑니다아！
S2M:M16LOW:124	dup=S2M:M01LOW:124	えへへっ、\nアイリスがんばるよ！	에헤헤，\n아이리스　힘낼게！
S2M:M16LOW:125	dup=S2M:M01LOW:125	アイリスが\nがんばらなくちゃ！	아이리스가\n힘내야　해！
S2M:M16LOW:126	dup=S2M:M01LOW:126	アイリス……もうだめ……	아이리스…　이제　안　돼…
S2M:M16LOW:127	dup=S2M:M01LOW:127	アイリスのために\n来てくれたんだぁー！	아이리스를　위해　왔구나ー！
S2M:M16LOW:128	dup=S2M:M01LOW:128	お兄ちゃんは、\n白馬のおうじさまだね！	오빠는\n백마　탄　왕자님이네！
S2M:M16LOW:129	dup=S2M:M01LOW:129	お兄ちゃん……\nアイリスがついてるからね。	오빠……\n아이리스가　곁에　있을게．
S2M:M16LOW:130	dup=S2M:M01LOW:130	あ……止まっちゃった……	아……　멈췄어……
S2M:M16LOW:131	dup=S2M:M01LOW:131	お兄ちゃん……\nごめんね……	오빠……\n미안해……
S2M:M16LOW:132	dup=S2M:M01LOW:132	わーい、やったね！\nお兄ちゃん！	와ー，　해냈다！\n오빠！
S2M:M16LOW:133	dup=S2M:M01LOW:133	お兄ちゃん、\nすごい、すっごーい！	오빠，\n대단해，　정말　대단해ー！
S2M:M16LOW:134	dup=S2M:M01LOW:134	アイリス、すごいでしょ！	아이리스，　대단하지！
S2M:M16LOW:135	dup=S2M:M01LOW:135	ねぇ、ねぇ！\nほめてほめて！	있잖아，　있잖아！\n칭찬해　줘，　칭찬해　줘！
S2M:M16LOW:136	dup=S2M:M01LOW:136	お兄ちゃんがいれば、\nアイリスなんにも恐くないよ！	오빠만　있으면，\n아이리스는　안　무서워！
S2M:M16LOW:137	dup=S2M:M01LOW:137	頼んだで、大神はん。	부탁한다，　오오가미　씨．
S2M:M16LOW:138	dup=S2M:M01LOW:138	ウチらの力、見せたろうで！	우리　힘을　보여　주자！
S2M:M16LOW:139	dup=S2M:M01LOW:139	だ、大丈夫かいな、大神はん。	괜찮나，　오오가미　씨．
S2M:M16LOW:140	dup=S2M:M01LOW:140	ほな、いってみよか！	그럼，　가　볼까！
S2M:M16LOW:141	dup=S2M:M01LOW:141	大神はん、\nウチにまーかしとき！	오오가미　씨，\n나한테　맡겨！
S2M:M16LOW:142	dup=S2M:M01LOW:142	ウチががんばらんと！	내가　힘내야　해！
S2M:M16LOW:143	dup=S2M:M01LOW:143	や、やばいで……	이，　이거　위험해……
S2M:M16LOW:144	dup=S2M:M01LOW:144	お、おおきに、\n大神はん……	고，　고마워，\n오오가미　씨……
S2M:M16LOW:145	dup=S2M:M01LOW:145	もう、そないなことされたら、\nウチ……	그렇게까지　해　주면，\n나……
S2M:M16LOW:146	dup=S2M:M01LOW:146	大神はんがおらんと、\nウチ……こまるんや。	오오가미　씨가　없으면，\n나……　곤란해．
S2M:M16LOW:147	dup=S2M:M01LOW:147	そのへんで、堪忍や……	이쯤에서　봐줘……
S2M:M16LOW:148	dup=S2M:M01LOW:148	大神はん、すんまへん。	오오가미　씨，　미안해．
S2M:M16LOW:149	dup=S2M:M01LOW:149	大神はん、その調子や！	오오가미　씨，　그　기세야！
S2M:M16LOW:150	dup=S2M:M01LOW:150	ええ感じやで！　大神はん！	좋은데！　오오가미　씨！
S2M:M16LOW:151	dup=S2M:M01LOW:151	いっちょあがりや！	한　건　해냈다！
S2M:M16LOW:152	dup=S2M:M01LOW:152	大神はん、\nやったで、ウチ！	오오가미　씨，\n나　해냈어！
S2M:M16LOW:153	dup=S2M:M01LOW:153	ウチらの力を合わせれば、\n千人力や！	우리　힘을　합치면，\n천군만마야！
S2M:M16LOW:154	dup=S2M:M01LOW:154	少尉さん、\nお手並み拝見でーす！	소위님，\n실력을　보여　주세요ー！
S2M:M16LOW:155	dup=S2M:M01LOW:155	早く終わらせて帰りましょー。	빨리　끝내고　돌아가요ー．
S2M:M16LOW:156	dup=S2M:M01LOW:156	ちょっと、\nヤバそうってカンジ！	잠깐，\n좀　위험해　보이는　느낌！
S2M:M16LOW:157	dup=S2M:M01LOW:157	たのしいでーす！	재밌어요ー！
S2M:M16LOW:158	dup=S2M:M01LOW:158	わたしを見ていてくださーい！	저를　지켜봐　주세요ー！
S2M:M16LOW:159	dup=S2M:M10LOW:159	勝手にやらせてもらいまーす！	맘대로　하게　해　주세요ー！
S2M:M16LOW:160	dup=S2M:M01LOW:160	シャワー浴びたいでーす！	샤워하고　싶어요ー！
S2M:M16LOW:161	dup=S2M:M10LOW:161	あはっ！\n少尉さん、サンキュでーす！	아핫！\n소위님，　고마워요ー！
S2M:M16LOW:162	dup=S2M:M01LOW:162	少尉さん、\n無理しなくていいでーす……	소위님，\n무리하지　않아도　돼요……
S2M:M16LOW:163	dup=S2M:M01LOW:163	まったく、\nダメなオトコでーす！	정말이지，\n쓸모없는　남자네요ー！
S2M:M16LOW:164	dup=S2M:M01LOW:164	これ以上はカンベンでーす！	이　이상은　봐주겠어요ー！
S2M:M16LOW:165	dup=S2M:M01LOW:165	もうだめです。\n撤退します……隊長……	이젠　안　돼요．\n후퇴할게요……　대장……
S2M:M16LOW:166	dup=S2M:M01LOW:166	なかなかやるってカンジ！	제법인데요！
S2M:M16LOW:167	dup=S2M:M01LOW:167	少尉さん、\nちょーかっこいいでーす！	소위님，\n정말　멋져요ー！
S2M:M16LOW:168	dup=S2M:M01LOW:168	楽勝でーす！	거뜬해요ー！
S2M:M16LOW:169	dup=S2M:M01LOW:169	うふっ！\n拍手をくださーい！	후훗！\n박수　쳐　주세요ー！
S2M:M16LOW:170	dup=S2M:M01LOW:170	このデュオは最高でーす！	이　듀오는　최고예요ー！
S2M:M16LOW:171	dup=S2M:M01LOW:171	……行動開始。	……행동　개시．
S2M:M16LOW:172	dup=S2M:M07LOW:172	隊長、気を付けて。	대장님，　조심하세요．
S2M:M16LOW:173	dup=S2M:M01LOW:173	……危険だよ。	……위험해．
S2M:M16LOW:174	dup=S2M:M07LOW:174	いくよ！	가자！
S2M:M16LOW:175	dup=S2M:M07LOW:175	指示、よろしく。	지시，　잘　부탁해．
S2M:M16LOW:176	dup=S2M:M08LOW:176	ボクの力で……倒す……	내　힘으로…　쓰러뜨린다…
S2M:M16LOW:177	dup=S2M:M01LOW:177	機体の損傷が激しい……	기체　손상이　심해……
S2M:M16LOW:178	dup=S2M:M01LOW:178	………………	………………
S2M:M16LOW:179	dup=S2M:M07LOW:179	……ありがとう。	…고마워．
S2M:M16LOW:180	dup=S2M:M01LOW:180	隊長……しっかり……	대장……　정신　차려……
S2M:M16LOW:181	dup=S2M:M01LOW:181	一時、撤退……	일단　후퇴……
S2M:M16LOW:182	dup=S2M:M07LOW:182	隊長、\nあとは……よろしく。	대장，\n나머지는……　부탁해．
S2M:M16LOW:183	dup=S2M:M01LOW:183	目標、撃破確認……	목표　격파　확인……
S2M:M16LOW:184	dup=S2M:M07LOW:184	やるね、隊長。	잘하네，　대장．
S2M:M16LOW:185	dup=S2M:M01LOW:185	目標撃破……	목표　격파……
S2M:M16LOW:186	dup=S2M:M07LOW:186	隊長……\n次の指示を……	대장……\n다음　지시를……
S2M:M16LOW:187	dup=S2M:M01LOW:187	これが……ボクらの力……！	이게……　우리　힘……！
S2M:M16LOW:188	dup=S2M:M01LOW:188	そぉら、いくぜ！	자아，　간다！
S2M:M16LOW:189	dup=S2M:M01LOW:189	さぁ、楽しませてくれよ。	자，　즐겁게　해　줘．
S2M:M16LOW:190	dup=S2M:M01LOW:190	勝負は……これからだぜ！	승부는……　지금부터야！
S2M:M16LOW:191	dup=S2M:M01LOW:191	なかなか、\nやるじゃねぇか！	제법이군，\n잘하잖아！
S2M:M16LOW:192	dup=S2M:M01LOW:192	おもしれぇ……	재밌군……
S2M:M16LOW:193	dup=S2M:M01LOW:193	大丈夫か、水狐。	괜찮나，　수호．
S2M:M16LOW:194	dup=S2M:M01LOW:194	華麗に燃やしてあげますよ……	화려하게　태워　드리죠……
S2M:M16LOW:195	dup=S2M:M01LOW:195	覚悟してください。	각오하세요．
S2M:M16LOW:196	dup=S2M:M01LOW:196	あははははは！	아하하하하하！
S2M:M16LOW:197	dup=S2M:M01LOW:197	燃やしつくしてやる！	모조리　태워　주마！
S2M:M16LOW:198	dup=S2M:M01LOW:198	ご……ゴミが……	쓰……　쓰레기가……
S2M:M16LOW:199	dup=S2M:M01LOW:199	私の戦いを見せてあげる。	내　싸움을　보여　주지．
S2M:M16LOW:200	dup=S2M:M01LOW:200	やさしくしてあげるわ。	상냥하게　해　줄게．
S2M:M16LOW:201	dup=S2M:M01LOW:201	ふふふ……負けないわよ。	후후후…　지지　않을　거야．
S2M:M16LOW:202	dup=S2M:M01LOW:202	やるわね。\nさすが華撃団……	잘하네．\n역시　화격단……
S2M:M16LOW:203	dup=S2M:M01LOW:203	くっ……\nこれほどとはね……	큭……\n이　정도일　줄이야……
S2M:M16LOW:204	dup=S2M:M01LOW:204	さぁ、ワシの番じゃな。	자，　내　차례로구나．
S2M:M16LOW:205	dup=S2M:M01LOW:205	ワシの計算にぬかりはないぞ。	내　계산엔　빈틈없다．
S2M:M16LOW:206	dup=S2M:M01LOW:206	こ、このままでは\n終わらぬぞ……	이，　이대로는\n끝나지　않아……
S2M:M16LOW:207	dup=S2M:M01LOW:207	これも計算のうちじゃ。	이것도　계산　안이야．
S2M:M16LOW:208	dup=S2M:M01LOW:208	ぬうっ……\nこれは計算外じゃ……	으으……\n이건　계산　밖이야……
S2M:M16LOW:209	dup=S2M:M01LOW:209	狩りとってやる！	사냥해　주마！
S2M:M16LOW:210	dup=S2M:M01LOW:210	今、楽にしてやるからな。	지금　편하게　해　주마．
S2M:M16LOW:211	dup=S2M:M01LOW:211	ひ、ひねり殺してやる！	비，　비틀어　죽여　주마！
S2M:M16LOW:212	dup=S2M:M01LOW:212	勝ったと思うなよ……	이겼다고　생각하지　마……
S2M:M16LOW:213	dup=S2M:M01LOW:213	まだ、終わりではないぞ！	아직　끝나지　않았다！
S2M:M16LOW:214	dup=S2M:M01LOW:214	終わりにしてやる。	끝내　주마．
S2M:M16LOW:215	dup=S2M:M01LOW:215	いくぞ！　華撃団っ！	간다！　화격단！
S2M:M16LOW:216	dup=S2M:M01LOW:216	まだ、まだだっ！	아직，　아직이다！
S2M:M16LOW:217	dup=S2M:M01LOW:217	腕を上げたな……	실력이　늘었구나……
S2M:M16LOW:218	dup=S2M:M01LOW:218	ぐっ……\nわたしの復讐が……	큭……\n내　복수가……
S2M:M16LOW:219	dup=S2M:M01LOW:219	容赦はせぬぞ……	봐주지　않겠다……
S2M:M16LOW:220	dup=S2M:M01LOW:220	お前たちの罪を知れ……	너희의　죄를　깨달아라……
S2M:M16LOW:221	dup=S2M:M01LOW:221	戦いとはいつも無常だ……	싸움은　언제나　덧없다……
S2M:M16LOW:222	dup=S2M:M01LOW:222	愛は死んだ……	사랑은　죽었다……
S2M:M16LOW:223	dup=S2M:M01LOW:223	ぬぅ……やるな……	으음……　제법이군……
S2M:M16LOW:224	dup=S2M:M01LOW:224	私に触れるな！	나에게　손대지　마！
S2M:M16LOW:225	dup=S2M:M01LOW:225	帝都の恨みは、\nこの程度ではないぞ……	제도의　원한은，\n이　정도가　아니다……
S2M:M16LOW:226	dup=S2M:M01LOW:226	最後に勝つのは……私だ！	최후의　승자는……　나다！
S2M:M16LOW:227	dup=S2M:M01LOW:227	この程度で……ぬうっ！	이　정도로……　으음！
S2M:M16LOW:228	dup=S2M:M01LOW:228	思い上がるな……\n偽善者めっ！	우쭐대지　마……\n위선자　자식！
S2M:M17LOW:0	dup=S2M:M01LOW:0	疾きこと風のごとく……\n移動力重視の作戦だ！	빠르기는　바람처럼……\n이동력　중시　작전이다！
S2M:M17LOW:1	dup=S2M:M01LOW:1	今は、この命令を出している。\n移動力を活かして戦おう。	현재　명령은　이것이다．\n이동력을　살려　싸우자．
S2M:M17LOW:2	dup=S2M:M01LOW:2	花組各員に通達！\n「風」作戦を開始するぞ！	화조　전원에게　통보！\n「풍」　작전　개시다！
S2M:M17LOW:3	dup=S2M:M01LOW:3	林のように心静かに……\n本来の力を引き出すんだ！	숲처럼　마음을　고요히……\n본래의　힘을　끌어내자！
S2M:M17LOW:4	dup=S2M:M01LOW:4	今は、この命令を出している。\n本来の力で敵に立ち向かおう。	현재　명령은　이것이다．\n본래의　힘으로　맞서자．
S2M:M17LOW:5	dup=S2M:M01LOW:5	花組各員に通達！\n「林」作戦を開始するぞ！	화조　전원에게　통보！\n「림」　작전　개시다！
S2M:M17LOW:6	dup=S2M:M01LOW:6	炎のように熱く燃える……\n攻撃力重視の作戦だ！	불처럼　뜨겁게　타오르는……\n공격력　중시　작전이다！
S2M:M17LOW:7	dup=S2M:M01LOW:7	今は、この命令を出している。\n攻撃力を活かして戦おう。	현재　명령은　이것이다．\n공격력을　살려　싸우자．
S2M:M17LOW:8	dup=S2M:M01LOW:8	花組各員に通達！\n「火」作戦を開始するぞ！	화조　전원에게　통보！\n「화」　작전　개시다！
S2M:M17LOW:9	dup=S2M:M01LOW:9	構えること山のごとく……\n防御力重視の作戦だ！	산처럼　굳건히　버티는……\n방어력　중시　작전이다！
S2M:M17LOW:10	dup=S2M:M01LOW:10	今は、この命令を出している。\n防御力を活かして戦おう。	현재　명령은　이것이다．\n방어력을　살려　싸우자．
S2M:M17LOW:11	dup=S2M:M01LOW:11	花組各員に通達！\n「山」作戦を開始するぞ！	화조　전원에게　통보！\n「산」　작전　개시다！
S2M:M17LOW:12	dup=S2M:M01LOW:12	このままの作戦でいくぞ！	이대로　작전을　계속한다！
S2M:M17LOW:13	dup=S2M:M01LOW:13	了解！	알겠습니다！
S2M:M17LOW:14		鬼王の乗る魔操機兵、\n「闇神威」を破壊して！	귀왕이　탄　마조기병，\n「암신위」를　파괴해！
S2M:M17LOW:15	dup=S2M:M08LOW:15	０メッセージ１－２	０메시지１－２
S2M:M17LOW:16	dup=S2M:M01LOW:16	０メッセージ１－３	０메시지１－３
S2M:M17LOW:17	dup=S2M:M12LOW:17	門の外に出て、\n土機を撃破するのよ！	문　밖으로　나가，\n토기를　격파해！
S2M:M17LOW:18	dup=S2M:M12LOW:18	敵の大将、土は、\n攻撃回数が多いわ。\n気をつけるのよ！	적장　토지구모는\n공격　횟수가　많아．\n조심해！
S2M:M17LOW:19	dup=S2M:M01LOW:19	０メッセージ２－３	０메시지２－３
S2M:M17LOW:20	dup=S2M:M02LOW:20	大神さん、山崎は強いわ。\n一時撤退しましょう！	야마자키는　강해요．\n일단　후퇴하죠！
S2M:M17LOW:21	dup=S2M:M01LOW:21	０メッセージ３－２	０메시지３－２
S2M:M17LOW:22	dup=S2M:M01LOW:22	０メッセージ３－３	０메시지３－３
S2M:M17LOW:23	dup=S2M:M01LOW:23	花組の隊長、大神一郎。\n高い戦闘力と、\n勇敢な心を持っている。	화조　대장，　오오가미．\n높은　전투력과\n용감한　마음을　지녔다．
S2M:M17LOW:24	dup=S2M:M01LOW:24	北辰一刀流、真宮寺さくら。\n素早い動きで、\n敵を一刀両断する。	북진일도류，　사쿠라．\n빠른　움직임으로\n적을　일도양단한다．
S2M:M17LOW:25	dup=S2M:M01LOW:25	神崎風塵流、神崎すみれ。\n華麗なナギナタの技は、\n見るものの心をもとらえる。	칸자키　풍진류，　스미레．\n화려한　나기나타　기술은\n보는　이의　마음마저　홀려．
S2M:M17LOW:26	dup=S2M:M01LOW:26	射撃手、マリア・タチバナ。\n氷の銃弾は、狙った\n獲物を決して逃さない。	사격수，　마리아．\n얼음　탄환은　노린\n먹이를　놓치지　않는다．
S2M:M17LOW:27	dup=S2M:M01LOW:27	桐島流空手、桐島カンナ。\n圧倒的なパワーで、むらがる\n敵を粉砕する。	가라테의　달인，　칸나．\n압도적　파워로　몰려드는\n적을　분쇄한다．
S2M:M17LOW:28	dup=S2M:M01LOW:28	花組のマスコット、アイリス。\n超能力を使った、\n不思議な攻撃で敵と戦う。	화조의　마스코트，\n아이리스．\n초능력으로　적과　싸운다．
S2M:M17LOW:29	dup=S2M:M01LOW:29	発明家、李紅蘭。\n次々に繰り出す発明品で、\n敵味方をあっといわせるぞ。	발명가，　코란．\n신제품을　잇달아　내놓아\n적과　아군을　놀라게　한다．
S2M:M17LOW:30	dup=S2M:M01LOW:30	元星組隊員、ソレッタ・織姫。\nイタリアンローズの機体に乗り\n赤い貴族と呼ばれている。	전　별조　대원，　오리히메．\n이탈리안　로즈를　타고\n붉은　귀족이라　불린다．
S2M:M17LOW:31	dup=S2M:M01LOW:31	レニ・ミルヒシュトラーセ。\n戦闘のプロとして、正確な\n無駄のない攻撃を行う。	레니　밀히슈트라세．　전투의\n프로답게　정확하고　군더더기\n없는　공격을　한다．
S2M:M17LOW:32	dup=S2M:M05LOW:32	魔操機兵、脇侍・改。\n長剣を装備したものは、\nイ型乙と呼ばれる。	마조기병，　협시・개．\n장검을　장비한　것은\n이형　을이라　부른다．
S2M:M17LOW:33	dup=S2M:M10LOW:33	魔操機兵、脇侍・改。\n戦闘力を高めた状態で、\n量産化に成功した機体。	마조기병，　협시・개．\n전투력을　높인　상태로\n양산에　성공한　기체．
S2M:M17LOW:34		魔操機兵、脇侍・改。\n支援用の、強力な機体だが、\n開発が難しく、数が少ない。	마조기병，　협시・개．\n지원용　강력　기체지만\n개발이　어려워　수가　적다．
S2M:M17LOW:35	dup=S2M:M05LOW:35	魔操機兵、脇侍・改。\n大砲を装備しているものは、\nハ型と呼ばれる。	마조기병，　협시・개．\n대포를　장비한　것은\n하형이라　부른다．
S2M:M17LOW:36	dup=S2M:M05LOW:35	魔操機兵、脇侍・改。\n大砲を装備しているものは、\nハ型と呼ばれる。	마조기병，　협시・개．\n대포를　장비한　것은\n하형이라　부른다．
S2M:M17LOW:37	dup=S2M:M09LOW:37	魔操機兵、脇侍・改。\n散弾を使用しており、\n１発の威力は比較的小さい。	마조기병，　협시・개．\n산탄을　사용하며　한　발\n위력은　비교적　낮다．
S2M:M17LOW:38		魔操機兵「闇神威」\n鬼王の力により、大幅に\n性能が上昇している。	마조기병　「암신위」\n귀왕의　힘으로　성능이\n대폭　상승했다．
S2M:M17LOW:39	dup=S2M:M01LOW:34	「蒸気火箭」\n木喰が創り出した兵器で、\n高い攻撃力を持っている。	「증기화전」\n모쿠지키가　만든　병기로\n공격력이　높다．
S2M:M17LOW:40	dup=S2M:M05LOW:40	魔操機兵、脇侍・改。\n独特の攻撃範囲を持ち、\nニ型特と呼ばれる。	마조기병，　협시・개．\n독특한　공격　범위를　지녀\n니형　특이라　부른다．
S2M:M17LOW:41	dup=S2M:M01LOW:41	メッセージ１９	메시지　１９
S2M:M17LOW:42	dup=S2M:M01LOW:42	メッセージ２０	메시지　２０
S2M:M17LOW:43	dup=S2M:M01LOW:43	今のところ、\nかばう必要はなさそうだな。	지금은\n보호할　필요　없어　보이네．
S2M:M17LOW:44	dup=S2M:M01LOW:44	さくらくん……\n君は俺が守る！	사쿠라　군……\n내가　지킬게！
S2M:M17LOW:45	dup=S2M:M01LOW:45	すみれくん……\n君の盾になってもいいかい。	스미레　군……\n네　방패가　되어도　될까？
S2M:M17LOW:46	dup=S2M:M01LOW:46	マリア……\n君の背中を守らせてくれ。	마리아……\n네　뒤를　지키게　해　줘．
S2M:M17LOW:47	dup=S2M:M01LOW:47	カンナ……\n俺は、君を全力で守るぞ！	칸나……　내가　온　힘을\n다해　지키마！
S2M:M17LOW:48	dup=S2M:M01LOW:48	アイリス……\n俺が側にいるから、\n安心していいよ。	아이리스……\n내가　곁에　있으니，\n안심해도　돼．
S2M:M17LOW:49	dup=S2M:M01LOW:49	紅蘭……\nいつだって君を助けにゆくよ。	코란……\n언제든　널　도우러　갈게．
S2M:M17LOW:50	dup=S2M:M01LOW:50	織姫くん……\n苦しいときは、\nいつでも俺を呼んでくれ！	오리히메　군……\n힘들　때는，\n언제든　날　불러！
S2M:M17LOW:51	dup=S2M:M01LOW:51	レニ……\nたまには、\n守られたっていいだろう？	레니……\n가끔은，\n보호받아도　괜찮잖아？
S2M:M17LOW:52	dup=S2M:M01LOW:52	がんばって！　大神さん！	힘내요！　오오가미　씨！
S2M:M17LOW:53	dup=S2M:M01LOW:53	大神さんが頼りです！	오오가미　씨만　믿을게요！
S2M:M17LOW:54	dup=S2M:M01LOW:54	無理しないでください、\n大神さん……	무리하지　마세요，\n오오가미　씨……
S2M:M17LOW:55	dup=S2M:M01LOW:55	がんばります！	힘낼게요！
S2M:M17LOW:56	dup=S2M:M01LOW:56	大神さんのために……\nあたし、やります！	오오가미　씨를　위해……\n제가　할게요！
S2M:M17LOW:57	dup=S2M:M01LOW:57	あたしが\nがんばらなくっちゃ！	제가　힘내야　해요！
S2M:M17LOW:58	dup=S2M:M01LOW:58	あたし……負けないわ……	저…　지지　않을　거예요…
S2M:M17LOW:59	dup=S2M:M01LOW:59	……ありがとうございます。\n大神さん。	……감사합니다．\n오오가미　씨．
S2M:M17LOW:60	dup=S2M:M01LOW:60	大神さんがいてくれるから、\nあたし、がんばれます！	오오가미　씨가　계시니까\n저도　힘낼　수　있어요！
S2M:M17LOW:61	dup=S2M:M01LOW:61	大丈夫ですか……大神さん。	괜찮으세요…　오오가미　씨．
S2M:M17LOW:62	dup=S2M:M01LOW:62	大神さん……\nごめんなさい……	오오가미　씨……\n죄송해요……
S2M:M17LOW:63	dup=S2M:M01LOW:63	ここは大神さんに\nお任せします……\n……ごめんなさい。	여기는　오오가미　씨에게\n맡길게요……\n……죄송해요．
S2M:M17LOW:64	dup=S2M:M01LOW:64	やりましたね、大神さん！	해냈네요，　오오가미　씨！
S2M:M17LOW:65	dup=S2M:M01LOW:65	今日の大神さん、\n一味違いますね。	오늘　오오가미　씨는\n평소와　다르네요．
S2M:M17LOW:66	dup=S2M:M01LOW:66	やりました！	해냈어요！
S2M:M17LOW:67	dup=S2M:M01LOW:67	大神さんのおかげです！	오오가미　씨　덕분이에요！
S2M:M17LOW:68	dup=S2M:M01LOW:68	大神さん……\nあたし、信じています。	오오가미　씨……\n저는　믿고　있어요．
S2M:M17LOW:69	dup=S2M:M01LOW:69	見せ場がきましてよ、少尉。	제　무대네요，　소위님．
S2M:M17LOW:70	dup=S2M:M01LOW:70	がんばってください、\nわたくしのために……	힘내　주세요，\n저를　위해……
S2M:M17LOW:71	dup=S2M:M01LOW:71	無理は禁物ですわ……	무리는　금물이에요……
S2M:M17LOW:72	dup=S2M:M01LOW:72	さあ、いきますわよ！	자，　갑니다！
S2M:M17LOW:73	dup=S2M:M01LOW:73	少尉、わたくしを\n見ていてくださいな。	소위님，\n저를　지켜봐　주세요．
S2M:M17LOW:74	dup=S2M:M01LOW:74	わたくしでなくては\nダメですわね。	저여야만　하겠군요．
S2M:M17LOW:75	dup=S2M:M01LOW:75	こ、この程度で……	이，　이　정도로……
S2M:M17LOW:76	dup=S2M:M01LOW:76	うれしいですわ……\n少尉……	기뻐요……\n소위님……
S2M:M17LOW:77	dup=S2M:M01LOW:77	わたくしを守ることが\nできるのは少尉だけですわ。	저를　지킬　수　있는　건\n소위님뿐이에요．
S2M:M17LOW:78	dup=S2M:M01LOW:78	かっ、身体が勝手に\n動いただけですわ……	몸이　저절로\n움직였을　뿐이에요……
S2M:M17LOW:79	dup=S2M:M01LOW:79	わたくしとしたことが……	저답지　않게……
S2M:M17LOW:80	dup=S2M:M01LOW:80	少尉を……\n……置いてはいけないのに！	소위님을……\n……두고　갈　수는　없는데！
S2M:M17LOW:81	dup=S2M:M01LOW:81	お見事ですわ、少尉。	훌륭해요，　소위님．
S2M:M17LOW:82	dup=S2M:M01LOW:82	りりしいですわよ、少尉。	늠름하시네요，　소위님．
S2M:M17LOW:83	dup=S2M:M01LOW:83	たいしたことありませんわね。	별것도　아니네요．
S2M:M17LOW:84	dup=S2M:M01LOW:84	見てくださいました？　少尉。	보셨나요？　소위님．
S2M:M17LOW:85	dup=S2M:M01LOW:85	んふっ、\nちょろいもんですわね。\nねぇ、少尉……	후훗，\n이　정도야　식은　죽이죠．\n그렇죠，　소위님……
S2M:M17LOW:86	dup=S2M:M01LOW:86	隊長、お願いします。	대장님，　부탁드려요．
S2M:M17LOW:87	dup=S2M:M01LOW:87	隊長……\n信じています。	대장님……\n믿고　있어요．
S2M:M17LOW:88	dup=S2M:M01LOW:88	隊長……\n慎重にいきましょう。	대장님……\n신중하게　가죠．
S2M:M17LOW:89	dup=S2M:M01LOW:89	さぁ、覚悟しなさい。	자，　각오하세요．
S2M:M17LOW:90	dup=S2M:M01LOW:90	私には、隊長が\nついていてくれる……	저에겐　대장님이\n곁에　계시니까……
S2M:M17LOW:91	dup=S2M:M01LOW:91	私がしっかりしなくては……	제가　정신　차려야……
S2M:M17LOW:92	dup=S2M:M01LOW:92	くっ、まだ……やれる！	큭，아직……　할　수　있어！
S2M:M17LOW:93	dup=S2M:M01LOW:93	すいません、隊長。	죄송해요，　대장님．
S2M:M17LOW:94	dup=S2M:M01LOW:94	隊長の背中……\nとても大きく見えます……	대장님　등……\n정말　커　보이네요……
S2M:M17LOW:95	dup=S2M:M01LOW:95	隊長が無事でよかった……	대장님이　무사해서　다행……
S2M:M17LOW:96	dup=S2M:M01LOW:96	隊長……申し訳ありません……	대장님……　죄송해요……
S2M:M17LOW:97	dup=S2M:M01LOW:97	もう少し……\n隊長と共に……	조금만　더……\n대장님과　함께……
S2M:M17LOW:98	dup=S2M:M01LOW:98	やりますね、隊長。	잘하시네요，　대장님．
S2M:M17LOW:99	dup=S2M:M01LOW:99	隊長が\nいてくださってよかった……	대장님이　계셔서　다행……
S2M:M17LOW:100	dup=S2M:M01LOW:100	ふんっ！　この程度……？	흥！　이　정도……？
S2M:M17LOW:101	dup=S2M:M01LOW:101	隊長、すばらしい指揮です！	대장님，　훌륭한　지휘예요！
S2M:M17LOW:102	dup=S2M:M01LOW:102	隊長が、私の力を\n何倍にもしてくれます。	대장님이　제　힘을\n몇　배나　키워　주세요．
S2M:M17LOW:103	dup=S2M:M01LOW:103	やっちまえ！　隊長！	해치워！　대장님！
S2M:M17LOW:104	dup=S2M:M01LOW:104	あたいがついてるぜ、隊長。	내가　곁에　있어，　대장．
S2M:M17LOW:105	dup=S2M:M01LOW:105	隊長の気合を見せてくれ！	대장님，　기합을　보여　줘！
S2M:M17LOW:106	dup=S2M:M01LOW:106	あたいの番だな！	내　차례구나！
S2M:M17LOW:107	dup=S2M:M01LOW:107	みていてくれよなっ！\n隊長！	지켜봐　줘！\n대장！
S2M:M17LOW:108	dup=S2M:M01LOW:108	まとめて面倒みるぜ！	한꺼번에　상대해　주마！
S2M:M17LOW:109	dup=S2M:M01LOW:109	まだまだ、\nどんどんかかってこいっ！	아직　멀었어，\n어서　덤벼！
S2M:M17LOW:110	dup=S2M:M01LOW:110	すまねぇな、隊長。	미안하군，　대장．
S2M:M17LOW:111	dup=S2M:M01LOW:111	へへっ、\n守られるってのも悪くないな。	헤헤，　보호받는　것도\n나쁘지　않군．
S2M:M17LOW:112	dup=S2M:M01LOW:112	へへっ、らしくないぜぇ？\n隊長！	헤헤，　나답지　않지？\n대장！
S2M:M17LOW:113	dup=S2M:M01LOW:113	ちくしょう……\nこんなところで……	젠장……\n이런　곳에서……
S2M:M17LOW:114	dup=S2M:M01LOW:114	隊長、すまない。\nあたいの分まで\nがんばってくれ！	대장，　미안하다．\n내　몫까지\n힘내　줘！
S2M:M17LOW:115	dup=S2M:M01LOW:115	やるじゃねぇか！　隊長！	제법이잖아！　대장！
S2M:M17LOW:116	dup=S2M:M01LOW:116	ほれぼれするぜ！　隊長！	감탄스럽군！　대장！
S2M:M17LOW:117	dup=S2M:M01LOW:117	ざっとこんなもんだぜ！	대충　이　정도지！
S2M:M17LOW:118	dup=S2M:M01LOW:118	へっへーん！\nどうだい！　隊長！	헤헤ー！\n어때！　대장！
S2M:M17LOW:119	dup=S2M:M01LOW:119	誰もあたいたちを\n止められねぇぜ！	아무도　우릴\n막을　수　없어！
S2M:M17LOW:120	dup=S2M:M01LOW:120	がんばろうね、お兄ちゃん。	힘내자，　오빠．
S2M:M17LOW:121	dup=S2M:M01LOW:121	お兄ちゃん、いっけぇー！	오빠，　가ー！
S2M:M17LOW:122	dup=S2M:M01LOW:122	お兄ちゃん……負けないで！	오빠……　지지　마！
S2M:M17LOW:123	dup=S2M:M01LOW:123	アイリス、いきまーす！	아이리스，　갑니다아！
S2M:M17LOW:124	dup=S2M:M01LOW:124	えへへっ、\nアイリスがんばるよ！	에헤헤，\n아이리스　힘낼게！
S2M:M17LOW:125	dup=S2M:M01LOW:125	アイリスが\nがんばらなくちゃ！	아이리스가\n힘내야　해！
S2M:M17LOW:126	dup=S2M:M01LOW:126	アイリス……もうだめ……	아이리스…　이제　안　돼…
S2M:M17LOW:127	dup=S2M:M01LOW:127	アイリスのために\n来てくれたんだぁー！	아이리스를　위해　왔구나ー！
S2M:M17LOW:128	dup=S2M:M01LOW:128	お兄ちゃんは、\n白馬のおうじさまだね！	오빠는\n백마　탄　왕자님이네！
S2M:M17LOW:129	dup=S2M:M01LOW:129	お兄ちゃん……\nアイリスがついてるからね。	오빠……\n아이리스가　곁에　있을게．
S2M:M17LOW:130	dup=S2M:M01LOW:130	あ……止まっちゃった……	아……　멈췄어……
S2M:M17LOW:131	dup=S2M:M01LOW:131	お兄ちゃん……\nごめんね……	오빠……\n미안해……
S2M:M17LOW:132	dup=S2M:M01LOW:132	わーい、やったね！\nお兄ちゃん！	와ー，　해냈다！\n오빠！
S2M:M17LOW:133	dup=S2M:M01LOW:133	お兄ちゃん、\nすごい、すっごーい！	오빠，\n대단해，　정말　대단해ー！
S2M:M17LOW:134	dup=S2M:M01LOW:134	アイリス、すごいでしょ！	아이리스，　대단하지！
S2M:M17LOW:135	dup=S2M:M01LOW:135	ねぇ、ねぇ！\nほめてほめて！	있잖아，　있잖아！\n칭찬해　줘，　칭찬해　줘！
S2M:M17LOW:136	dup=S2M:M01LOW:136	お兄ちゃんがいれば、\nアイリスなんにも恐くないよ！	오빠만　있으면，\n아이리스는　안　무서워！
S2M:M17LOW:137	dup=S2M:M01LOW:137	頼んだで、大神はん。	부탁한다，　오오가미　씨．
S2M:M17LOW:138	dup=S2M:M01LOW:138	ウチらの力、見せたろうで！	우리　힘을　보여　주자！
S2M:M17LOW:139	dup=S2M:M01LOW:139	だ、大丈夫かいな、大神はん。	괜찮나，　오오가미　씨．
S2M:M17LOW:140	dup=S2M:M01LOW:140	ほな、いってみよか！	그럼，　가　볼까！
S2M:M17LOW:141	dup=S2M:M01LOW:141	大神はん、\nウチにまーかしとき！	오오가미　씨，\n나한테　맡겨！
S2M:M17LOW:142	dup=S2M:M01LOW:142	ウチががんばらんと！	내가　힘내야　해！
S2M:M17LOW:143	dup=S2M:M01LOW:143	や、やばいで……	이，　이거　위험해……
S2M:M17LOW:144	dup=S2M:M01LOW:144	お、おおきに、\n大神はん……	고，　고마워，\n오오가미　씨……
S2M:M17LOW:145	dup=S2M:M01LOW:145	もう、そないなことされたら、\nウチ……	그렇게까지　해　주면，\n나……
S2M:M17LOW:146	dup=S2M:M01LOW:146	大神はんがおらんと、\nウチ……こまるんや。	오오가미　씨가　없으면，\n나……　곤란해．
S2M:M17LOW:147	dup=S2M:M01LOW:147	そのへんで、堪忍や……	이쯤에서　봐줘……
S2M:M17LOW:148	dup=S2M:M01LOW:148	大神はん、すんまへん。	오오가미　씨，　미안해．
S2M:M17LOW:149	dup=S2M:M01LOW:149	大神はん、その調子や！	오오가미　씨，　그　기세야！
S2M:M17LOW:150	dup=S2M:M01LOW:150	ええ感じやで！　大神はん！	좋은데！　오오가미　씨！
S2M:M17LOW:151	dup=S2M:M01LOW:151	いっちょあがりや！	한　건　해냈다！
S2M:M17LOW:152	dup=S2M:M01LOW:152	大神はん、\nやったで、ウチ！	오오가미　씨，\n나　해냈어！
S2M:M17LOW:153	dup=S2M:M01LOW:153	ウチらの力を合わせれば、\n千人力や！	우리　힘을　합치면，\n천군만마야！
S2M:M17LOW:154	dup=S2M:M01LOW:154	少尉さん、\nお手並み拝見でーす！	소위님，\n실력을　보여　주세요ー！
S2M:M17LOW:155	dup=S2M:M01LOW:155	早く終わらせて帰りましょー。	빨리　끝내고　돌아가요ー．
S2M:M17LOW:156	dup=S2M:M01LOW:156	ちょっと、\nヤバそうってカンジ！	잠깐，\n좀　위험해　보이는　느낌！
S2M:M17LOW:157	dup=S2M:M01LOW:157	たのしいでーす！	재밌어요ー！
S2M:M17LOW:158	dup=S2M:M01LOW:158	わたしを見ていてくださーい！	저를　지켜봐　주세요ー！
S2M:M17LOW:159	dup=S2M:M10LOW:159	勝手にやらせてもらいまーす！	맘대로　하게　해　주세요ー！
S2M:M17LOW:160	dup=S2M:M01LOW:160	シャワー浴びたいでーす！	샤워하고　싶어요ー！
S2M:M17LOW:161	dup=S2M:M10LOW:161	あはっ！\n少尉さん、サンキュでーす！	아핫！\n소위님，　고마워요ー！
S2M:M17LOW:162	dup=S2M:M01LOW:162	少尉さん、\n無理しなくていいでーす……	소위님，\n무리하지　않아도　돼요……
S2M:M17LOW:163	dup=S2M:M01LOW:163	まったく、\nダメなオトコでーす！	정말이지，\n쓸모없는　남자네요ー！
S2M:M17LOW:164	dup=S2M:M01LOW:164	これ以上はカンベンでーす！	이　이상은　봐주겠어요ー！
S2M:M17LOW:165	dup=S2M:M01LOW:165	もうだめです。\n撤退します……隊長……	이젠　안　돼요．\n후퇴할게요……　대장……
S2M:M17LOW:166	dup=S2M:M01LOW:166	なかなかやるってカンジ！	제법인데요！
S2M:M17LOW:167	dup=S2M:M01LOW:167	少尉さん、\nちょーかっこいいでーす！	소위님，\n정말　멋져요ー！
S2M:M17LOW:168	dup=S2M:M01LOW:168	楽勝でーす！	거뜬해요ー！
S2M:M17LOW:169	dup=S2M:M01LOW:169	うふっ！\n拍手をくださーい！	후훗！\n박수　쳐　주세요ー！
S2M:M17LOW:170	dup=S2M:M01LOW:170	このデュオは最高でーす！	이　듀오는　최고예요ー！
S2M:M17LOW:171	dup=S2M:M01LOW:171	……行動開始。	……행동　개시．
S2M:M17LOW:172	dup=S2M:M07LOW:172	隊長、気を付けて。	대장님，　조심하세요．
S2M:M17LOW:173	dup=S2M:M01LOW:173	……危険だよ。	……위험해．
S2M:M17LOW:174	dup=S2M:M07LOW:174	いくよ！	가자！
S2M:M17LOW:175	dup=S2M:M07LOW:175	指示、よろしく。	지시，　잘　부탁해．
S2M:M17LOW:176	dup=S2M:M08LOW:176	ボクの力で……倒す……	내　힘으로…　쓰러뜨린다…
S2M:M17LOW:177	dup=S2M:M01LOW:177	機体の損傷が激しい……	기체　손상이　심해……
S2M:M17LOW:178	dup=S2M:M01LOW:178	………………	………………
S2M:M17LOW:179	dup=S2M:M07LOW:179	……ありがとう。	…고마워．
S2M:M17LOW:180	dup=S2M:M01LOW:180	隊長……しっかり……	대장……　정신　차려……
S2M:M17LOW:181	dup=S2M:M01LOW:181	一時、撤退……	일단　후퇴……
S2M:M17LOW:182	dup=S2M:M07LOW:182	隊長、\nあとは……よろしく。	대장，\n나머지는……　부탁해．
S2M:M17LOW:183	dup=S2M:M01LOW:183	目標、撃破確認……	목표　격파　확인……
S2M:M17LOW:184	dup=S2M:M07LOW:184	やるね、隊長。	잘하네，　대장．
S2M:M17LOW:185	dup=S2M:M01LOW:185	目標撃破……	목표　격파……
S2M:M17LOW:186	dup=S2M:M07LOW:186	隊長……\n次の指示を……	대장……\n다음　지시를……
S2M:M17LOW:187	dup=S2M:M01LOW:187	これが……ボクらの力……！	이게……　우리　힘……！
S2M:M17LOW:188	dup=S2M:M01LOW:188	そぉら、いくぜ！	자아，　간다！
S2M:M17LOW:189	dup=S2M:M01LOW:189	さぁ、楽しませてくれよ。	자，　즐겁게　해　줘．
S2M:M17LOW:190	dup=S2M:M01LOW:190	勝負は……これからだぜ！	승부는……　지금부터야！
S2M:M17LOW:191	dup=S2M:M01LOW:191	なかなか、\nやるじゃねぇか！	제법이군，\n잘하잖아！
S2M:M17LOW:192	dup=S2M:M01LOW:192	おもしれぇ……	재밌군……
S2M:M17LOW:193	dup=S2M:M01LOW:193	大丈夫か、水狐。	괜찮나，　수호．
S2M:M17LOW:194	dup=S2M:M01LOW:194	華麗に燃やしてあげますよ……	화려하게　태워　드리죠……
S2M:M17LOW:195	dup=S2M:M01LOW:195	覚悟してください。	각오하세요．
S2M:M17LOW:196	dup=S2M:M01LOW:196	あははははは！	아하하하하하！
S2M:M17LOW:197	dup=S2M:M01LOW:197	燃やしつくしてやる！	모조리　태워　주마！
S2M:M17LOW:198	dup=S2M:M01LOW:198	ご……ゴミが……	쓰……　쓰레기가……
S2M:M17LOW:199	dup=S2M:M01LOW:199	私の戦いを見せてあげる。	내　싸움을　보여　주지．
S2M:M17LOW:200	dup=S2M:M01LOW:200	やさしくしてあげるわ。	상냥하게　해　줄게．
S2M:M17LOW:201	dup=S2M:M01LOW:201	ふふふ……負けないわよ。	후후후…　지지　않을　거야．
S2M:M17LOW:202	dup=S2M:M01LOW:202	やるわね。\nさすが華撃団……	잘하네．\n역시　화격단……
S2M:M17LOW:203	dup=S2M:M01LOW:203	くっ……\nこれほどとはね……	큭……\n이　정도일　줄이야……
S2M:M17LOW:204	dup=S2M:M01LOW:204	さぁ、ワシの番じゃな。	자，　내　차례로구나．
S2M:M17LOW:205	dup=S2M:M01LOW:205	ワシの計算にぬかりはないぞ。	내　계산엔　빈틈없다．
S2M:M17LOW:206	dup=S2M:M01LOW:206	こ、このままでは\n終わらぬぞ……	이，　이대로는\n끝나지　않아……
S2M:M17LOW:207	dup=S2M:M01LOW:207	これも計算のうちじゃ。	이것도　계산　안이야．
S2M:M17LOW:208	dup=S2M:M01LOW:208	ぬうっ……\nこれは計算外じゃ……	으으……\n이건　계산　밖이야……
S2M:M17LOW:209	dup=S2M:M01LOW:209	狩りとってやる！	사냥해　주마！
S2M:M17LOW:210	dup=S2M:M01LOW:210	今、楽にしてやるからな。	지금　편하게　해　주마．
S2M:M17LOW:211	dup=S2M:M01LOW:211	ひ、ひねり殺してやる！	비，　비틀어　죽여　주마！
S2M:M17LOW:212	dup=S2M:M01LOW:212	勝ったと思うなよ……	이겼다고　생각하지　마……
S2M:M17LOW:213	dup=S2M:M01LOW:213	まだ、終わりではないぞ！	아직　끝나지　않았다！
S2M:M17LOW:214	dup=S2M:M01LOW:214	終わりにしてやる。	끝내　주마．
S2M:M17LOW:215	dup=S2M:M01LOW:215	いくぞ！　華撃団っ！	간다！　화격단！
S2M:M17LOW:216	dup=S2M:M01LOW:216	まだ、まだだっ！	아직，　아직이다！
S2M:M17LOW:217	dup=S2M:M01LOW:217	腕を上げたな……	실력이　늘었구나……
S2M:M17LOW:218	dup=S2M:M01LOW:218	ぐっ……\nわたしの復讐が……	큭……\n내　복수가……
S2M:M17LOW:219	dup=S2M:M01LOW:219	容赦はせぬぞ……	봐주지　않겠다……
S2M:M17LOW:220	dup=S2M:M01LOW:220	お前たちの罪を知れ……	너희의　죄를　깨달아라……
S2M:M17LOW:221	dup=S2M:M01LOW:221	戦いとはいつも無常だ……	싸움은　언제나　덧없다……
S2M:M17LOW:222	dup=S2M:M01LOW:222	愛は死んだ……	사랑은　죽었다……
S2M:M17LOW:223	dup=S2M:M01LOW:223	ぬぅ……やるな……	으음……　제법이군……
S2M:M17LOW:224	dup=S2M:M01LOW:224	私に触れるな！	나에게　손대지　마！
S2M:M17LOW:225	dup=S2M:M01LOW:225	帝都の恨みは、\nこの程度ではないぞ……	제도의　원한은，\n이　정도가　아니다……
S2M:M17LOW:226	dup=S2M:M01LOW:226	最後に勝つのは……私だ！	최후의　승자는……　나다！
S2M:M17LOW:227	dup=S2M:M01LOW:227	この程度で……ぬうっ！	이　정도로……　으음！
S2M:M17LOW:228	dup=S2M:M01LOW:228	思い上がるな……\n偽善者めっ！	우쭐대지　마……\n위선자　자식！
S2M:M18LOW:0	dup=S2M:M01LOW:0	疾きこと風のごとく……\n移動力重視の作戦だ！	빠르기는　바람처럼……\n이동력　중시　작전이다！
S2M:M18LOW:1	dup=S2M:M01LOW:1	今は、この命令を出している。\n移動力を活かして戦おう。	현재　명령은　이것이다．\n이동력을　살려　싸우자．
S2M:M18LOW:2	dup=S2M:M01LOW:2	花組各員に通達！\n「風」作戦を開始するぞ！	화조　전원에게　통보！\n「풍」　작전　개시다！
S2M:M18LOW:3	dup=S2M:M01LOW:3	林のように心静かに……\n本来の力を引き出すんだ！	숲처럼　마음을　고요히……\n본래의　힘을　끌어내자！
S2M:M18LOW:4	dup=S2M:M01LOW:4	今は、この命令を出している。\n本来の力で敵に立ち向かおう。	현재　명령은　이것이다．\n본래의　힘으로　맞서자．
S2M:M18LOW:5	dup=S2M:M01LOW:5	花組各員に通達！\n「林」作戦を開始するぞ！	화조　전원에게　통보！\n「림」　작전　개시다！
S2M:M18LOW:6	dup=S2M:M01LOW:6	炎のように熱く燃える……\n攻撃力重視の作戦だ！	불처럼　뜨겁게　타오르는……\n공격력　중시　작전이다！
S2M:M18LOW:7	dup=S2M:M01LOW:7	今は、この命令を出している。\n攻撃力を活かして戦おう。	현재　명령은　이것이다．\n공격력을　살려　싸우자．
S2M:M18LOW:8	dup=S2M:M01LOW:8	花組各員に通達！\n「火」作戦を開始するぞ！	화조　전원에게　통보！\n「화」　작전　개시다！
S2M:M18LOW:9	dup=S2M:M01LOW:9	構えること山のごとく……\n防御力重視の作戦だ！	산처럼　굳건히　버티는……\n방어력　중시　작전이다！
S2M:M18LOW:10	dup=S2M:M01LOW:10	今は、この命令を出している。\n防御力を活かして戦おう。	현재　명령은　이것이다．\n방어력을　살려　싸우자．
S2M:M18LOW:11	dup=S2M:M01LOW:11	花組各員に通達！\n「山」作戦を開始するぞ！	화조　전원에게　통보！\n「산」　작전　개시다！
S2M:M18LOW:12	dup=S2M:M01LOW:12	このままの作戦でいくぞ！	이대로　작전을　계속한다！
S2M:M18LOW:13	dup=S2M:M01LOW:13	了解！	알겠습니다！
S2M:M18LOW:14		先に出撃したみんなが、\n結界に囚われてしまったわ。	먼저　출격한　모두가\n결계에　갇혀　버렸어．
S2M:M18LOW:15		結界の力は小さいものだから\n天武で助けることが\nできるはずよ。	결계의　힘은　약하니\n텐부로　구할　수\n있을　거야．
S2M:M18LOW:16		花組のみんなを救出しながら\n降魔兵器を全滅させて！	화조　모두를　구출하면서\n강마　병기를　전멸시켜！
S2M:M18LOW:17	dup=S2M:M12LOW:17	門の外に出て、\n土機を撃破するのよ！	문　밖으로　나가，\n토기를　격파해！
S2M:M18LOW:18	dup=S2M:M12LOW:18	敵の大将、土は、\n攻撃回数が多いわ。\n気をつけるのよ！	적장　토지구모는\n공격　횟수가　많아．\n조심해！
S2M:M18LOW:19	dup=S2M:M01LOW:19	０メッセージ２－３	０메시지２－３
S2M:M18LOW:20	dup=S2M:M02LOW:20	大神さん、山崎は強いわ。\n一時撤退しましょう！	야마자키는　강해요．\n일단　후퇴하죠！
S2M:M18LOW:21	dup=S2M:M01LOW:21	０メッセージ３－２	０메시지３－２
S2M:M18LOW:22	dup=S2M:M01LOW:22	０メッセージ３－３	０메시지３－３
S2M:M18LOW:23	dup=S2M:M01LOW:23	花組の隊長、大神一郎。\n高い戦闘力と、\n勇敢な心を持っている。	화조　대장，　오오가미．\n높은　전투력과\n용감한　마음을　지녔다．
S2M:M18LOW:24	dup=S2M:M01LOW:24	北辰一刀流、真宮寺さくら。\n素早い動きで、\n敵を一刀両断する。	북진일도류，　사쿠라．\n빠른　움직임으로\n적을　일도양단한다．
S2M:M18LOW:25	dup=S2M:M01LOW:25	神崎風塵流、神崎すみれ。\n華麗なナギナタの技は、\n見るものの心をもとらえる。	칸자키　풍진류，　스미레．\n화려한　나기나타　기술은\n보는　이의　마음마저　홀려．
S2M:M18LOW:26	dup=S2M:M01LOW:26	射撃手、マリア・タチバナ。\n氷の銃弾は、狙った\n獲物を決して逃さない。	사격수，　마리아．\n얼음　탄환은　노린\n먹이를　놓치지　않는다．
S2M:M18LOW:27	dup=S2M:M01LOW:27	桐島流空手、桐島カンナ。\n圧倒的なパワーで、むらがる\n敵を粉砕する。	가라테의　달인，　칸나．\n압도적　파워로　몰려드는\n적을　분쇄한다．
S2M:M18LOW:28	dup=S2M:M01LOW:28	花組のマスコット、アイリス。\n超能力を使った、\n不思議な攻撃で敵と戦う。	화조의　마스코트，\n아이리스．\n초능력으로　적과　싸운다．
S2M:M18LOW:29	dup=S2M:M01LOW:29	発明家、李紅蘭。\n次々に繰り出す発明品で、\n敵味方をあっといわせるぞ。	발명가，　코란．\n신제품을　잇달아　내놓아\n적과　아군을　놀라게　한다．
S2M:M18LOW:30	dup=S2M:M01LOW:30	元星組隊員、ソレッタ・織姫。\nイタリアンローズの機体に乗り\n赤い貴族と呼ばれている。	전　별조　대원，　오리히메．\n이탈리안　로즈를　타고\n붉은　귀족이라　불린다．
S2M:M18LOW:31	dup=S2M:M01LOW:31	レニ・ミルヒシュトラーセ。\n戦闘のプロとして、正確な\n無駄のない攻撃を行う。	레니　밀히슈트라세．　전투의\n프로답게　정확하고　군더더기\n없는　공격을　한다．
S2M:M18LOW:32		近接戦闘専用の降魔兵器。\n特別な武装を持たず、\n噛み付きによる攻撃を行う。	근접　전용　강마　병기．\n특수　무장은　없고\n물어뜯어　공격한다．
S2M:M18LOW:33		支援用降魔兵器。\n羽の部分を武器化し、\n間接攻撃を可能にした。	지원용　강마　병기．\n날개를　무기로　삼아\n간접　공격이　가능하다．
S2M:M18LOW:34	dup=S2M:M17LOW:34	魔操機兵、脇侍・改。\n支援用の、強力な機体だが、\n開発が難しく、数が少ない。	마조기병，　협시・개．\n지원용　강력　기체지만\n개발이　어려워　수가　적다．
S2M:M18LOW:35	dup=S2M:M05LOW:35	魔操機兵、脇侍・改。\n大砲を装備しているものは、\nハ型と呼ばれる。	마조기병，　협시・개．\n대포를　장비한　것은\n하형이라　부른다．
S2M:M18LOW:36		魔操機兵、脇侍・改。\nより強力な鉄砲を持ち、\nロ型乙と呼ばれる。	마조기병，　협시・개．\n더　강한　총을　지녀\n로형　을이라　부른다．
S2M:M18LOW:37	dup=S2M:M09LOW:37	魔操機兵、脇侍・改。\n散弾を使用しており、\n１発の威力は比較的小さい。	마조기병，　협시・개．\n산탄을　사용하며　한　발\n위력은　비교적　낮다．
S2M:M18LOW:38	dup=S2M:M09LOW:38	魔操機兵、脇侍・改。\n回復能力を持つこの型は、\nエル特と呼ばれている。	마조기병，　협시・개．\n이　형은　회복　능력이　있어\n엘　특이라　부른다．
S2M:M18LOW:39	dup=S2M:M05LOW:40	魔操機兵、脇侍・改。\n独特の攻撃範囲を持ち、\nニ型特と呼ばれる。	마조기병，　협시・개．\n독특한　공격　범위를　지녀\n니형　특이라　부른다．
S2M:M18LOW:40	dup=S2M:M01LOW:40	メッセージ１８	메시지　１８
S2M:M18LOW:41	dup=S2M:M01LOW:41	メッセージ１９	메시지　１９
S2M:M18LOW:42	dup=S2M:M01LOW:42	メッセージ２０	메시지　２０
S2M:M18LOW:43	dup=S2M:M01LOW:43	今のところ、\nかばう必要はなさそうだな。	지금은\n보호할　필요　없어　보이네．
S2M:M18LOW:44	dup=S2M:M01LOW:44	さくらくん……\n君は俺が守る！	사쿠라　군……\n내가　지킬게！
S2M:M18LOW:45	dup=S2M:M01LOW:45	すみれくん……\n君の盾になってもいいかい。	스미레　군……\n네　방패가　되어도　될까？
S2M:M18LOW:46	dup=S2M:M01LOW:46	マリア……\n君の背中を守らせてくれ。	마리아……\n네　뒤를　지키게　해　줘．
S2M:M18LOW:47	dup=S2M:M01LOW:47	カンナ……\n俺は、君を全力で守るぞ！	칸나……　내가　온　힘을\n다해　지키마！
S2M:M18LOW:48	dup=S2M:M01LOW:48	アイリス……\n俺が側にいるから、\n安心していいよ。	아이리스……\n내가　곁에　있으니，\n안심해도　돼．
S2M:M18LOW:49	dup=S2M:M01LOW:49	紅蘭……\nいつだって君を助けにゆくよ。	코란……\n언제든　널　도우러　갈게．
S2M:M18LOW:50	dup=S2M:M01LOW:50	織姫くん……\n苦しいときは、\nいつでも俺を呼んでくれ！	오리히메　군……\n힘들　때는，\n언제든　날　불러！
S2M:M18LOW:51	dup=S2M:M01LOW:51	レニ……\nたまには、\n守られたっていいだろう？	레니……\n가끔은，\n보호받아도　괜찮잖아？
S2M:M18LOW:52	dup=S2M:M01LOW:52	がんばって！　大神さん！	힘내요！　오오가미　씨！
S2M:M18LOW:53	dup=S2M:M01LOW:53	大神さんが頼りです！	오오가미　씨만　믿을게요！
S2M:M18LOW:54	dup=S2M:M01LOW:54	無理しないでください、\n大神さん……	무리하지　마세요，\n오오가미　씨……
S2M:M18LOW:55	dup=S2M:M01LOW:55	がんばります！	힘낼게요！
S2M:M18LOW:56	dup=S2M:M01LOW:56	大神さんのために……\nあたし、やります！	오오가미　씨를　위해……\n제가　할게요！
S2M:M18LOW:57	dup=S2M:M01LOW:57	あたしが\nがんばらなくっちゃ！	제가　힘내야　해요！
S2M:M18LOW:58	dup=S2M:M01LOW:58	あたし……負けないわ……	저…　지지　않을　거예요…
S2M:M18LOW:59	dup=S2M:M01LOW:59	……ありがとうございます。\n大神さん。	……감사합니다．\n오오가미　씨．
S2M:M18LOW:60	dup=S2M:M01LOW:60	大神さんがいてくれるから、\nあたし、がんばれます！	오오가미　씨가　계시니까\n저도　힘낼　수　있어요！
S2M:M18LOW:61	dup=S2M:M01LOW:61	大丈夫ですか……大神さん。	괜찮으세요…　오오가미　씨．
S2M:M18LOW:62	dup=S2M:M01LOW:62	大神さん……\nごめんなさい……	오오가미　씨……\n죄송해요……
S2M:M18LOW:63	dup=S2M:M01LOW:63	ここは大神さんに\nお任せします……\n……ごめんなさい。	여기는　오오가미　씨에게\n맡길게요……\n……죄송해요．
S2M:M18LOW:64	dup=S2M:M01LOW:64	やりましたね、大神さん！	해냈네요，　오오가미　씨！
S2M:M18LOW:65	dup=S2M:M01LOW:65	今日の大神さん、\n一味違いますね。	오늘　오오가미　씨는\n평소와　다르네요．
S2M:M18LOW:66	dup=S2M:M01LOW:66	やりました！	해냈어요！
S2M:M18LOW:67	dup=S2M:M01LOW:67	大神さんのおかげです！	오오가미　씨　덕분이에요！
S2M:M18LOW:68	dup=S2M:M01LOW:68	大神さん……\nあたし、信じています。	오오가미　씨……\n저는　믿고　있어요．
S2M:M18LOW:69	dup=S2M:M01LOW:69	見せ場がきましてよ、少尉。	제　무대네요，　소위님．
S2M:M18LOW:70	dup=S2M:M01LOW:70	がんばってください、\nわたくしのために……	힘내　주세요，\n저를　위해……
S2M:M18LOW:71	dup=S2M:M01LOW:71	無理は禁物ですわ……	무리는　금물이에요……
S2M:M18LOW:72	dup=S2M:M01LOW:72	さあ、いきますわよ！	자，　갑니다！
S2M:M18LOW:73	dup=S2M:M01LOW:73	少尉、わたくしを\n見ていてくださいな。	소위님，\n저를　지켜봐　주세요．
S2M:M18LOW:74	dup=S2M:M01LOW:74	わたくしでなくては\nダメですわね。	저여야만　하겠군요．
S2M:M18LOW:75	dup=S2M:M01LOW:75	こ、この程度で……	이，　이　정도로……
S2M:M18LOW:76	dup=S2M:M01LOW:76	うれしいですわ……\n少尉……	기뻐요……\n소위님……
S2M:M18LOW:77	dup=S2M:M01LOW:77	わたくしを守ることが\nできるのは少尉だけですわ。	저를　지킬　수　있는　건\n소위님뿐이에요．
S2M:M18LOW:78	dup=S2M:M01LOW:78	かっ、身体が勝手に\n動いただけですわ……	몸이　저절로\n움직였을　뿐이에요……
S2M:M18LOW:79	dup=S2M:M01LOW:79	わたくしとしたことが……	저답지　않게……
S2M:M18LOW:80	dup=S2M:M01LOW:80	少尉を……\n……置いてはいけないのに！	소위님을……\n……두고　갈　수는　없는데！
S2M:M18LOW:81	dup=S2M:M01LOW:81	お見事ですわ、少尉。	훌륭해요，　소위님．
S2M:M18LOW:82	dup=S2M:M01LOW:82	りりしいですわよ、少尉。	늠름하시네요，　소위님．
S2M:M18LOW:83	dup=S2M:M01LOW:83	たいしたことありませんわね。	별것도　아니네요．
S2M:M18LOW:84	dup=S2M:M01LOW:84	見てくださいました？　少尉。	보셨나요？　소위님．
S2M:M18LOW:85	dup=S2M:M03LOW:85	んふっ、\nちょろいもんですわ。\nねぇ、少尉……	후훗，\n이　정도야　식은　죽이죠．\n그렇죠，　소위님……
S2M:M18LOW:86	dup=S2M:M01LOW:86	隊長、お願いします。	대장님，　부탁드려요．
S2M:M18LOW:87	dup=S2M:M01LOW:87	隊長……\n信じています。	대장님……\n믿고　있어요．
S2M:M18LOW:88	dup=S2M:M01LOW:88	隊長……\n慎重にいきましょう。	대장님……\n신중하게　가죠．
S2M:M18LOW:89	dup=S2M:M01LOW:89	さぁ、覚悟しなさい。	자，　각오하세요．
S2M:M18LOW:90	dup=S2M:M01LOW:90	私には、隊長が\nついていてくれる……	저에겐　대장님이\n곁에　계시니까……
S2M:M18LOW:91	dup=S2M:M01LOW:91	私がしっかりしなくては……	제가　정신　차려야……
S2M:M18LOW:92	dup=S2M:M01LOW:92	くっ、まだ……やれる！	큭，아직……　할　수　있어！
S2M:M18LOW:93	dup=S2M:M01LOW:93	すいません、隊長。	죄송해요，　대장님．
S2M:M18LOW:94	dup=S2M:M01LOW:94	隊長の背中……\nとても大きく見えます……	대장님　등……\n정말　커　보이네요……
S2M:M18LOW:95	dup=S2M:M01LOW:95	隊長が無事でよかった……	대장님이　무사해서　다행……
S2M:M18LOW:96	dup=S2M:M01LOW:96	隊長……申し訳ありません……	대장님……　죄송해요……
S2M:M18LOW:97	dup=S2M:M01LOW:97	もう少し……\n隊長と共に……	조금만　더……\n대장님과　함께……
S2M:M18LOW:98	dup=S2M:M01LOW:98	やりますね、隊長。	잘하시네요，　대장님．
S2M:M18LOW:99	dup=S2M:M01LOW:99	隊長が\nいてくださってよかった……	대장님이　계셔서　다행……
S2M:M18LOW:100	dup=S2M:M01LOW:100	ふんっ！　この程度……？	흥！　이　정도……？
S2M:M18LOW:101	dup=S2M:M01LOW:101	隊長、すばらしい指揮です！	대장님，　훌륭한　지휘예요！
S2M:M18LOW:102	dup=S2M:M01LOW:102	隊長が、私の力を\n何倍にもしてくれます。	대장님이　제　힘을\n몇　배나　키워　주세요．
S2M:M18LOW:103	dup=S2M:M01LOW:103	やっちまえ！　隊長！	해치워！　대장님！
S2M:M18LOW:104	dup=S2M:M01LOW:104	あたいがついてるぜ、隊長。	내가　곁에　있어，　대장．
S2M:M18LOW:105	dup=S2M:M01LOW:105	隊長の気合を見せてくれ！	대장님，　기합을　보여　줘！
S2M:M18LOW:106	dup=S2M:M01LOW:106	あたいの番だな！	내　차례구나！
S2M:M18LOW:107	dup=S2M:M01LOW:107	みていてくれよなっ！\n隊長！	지켜봐　줘！\n대장！
S2M:M18LOW:108	dup=S2M:M01LOW:108	まとめて面倒みるぜ！	한꺼번에　상대해　주마！
S2M:M18LOW:109	dup=S2M:M01LOW:109	まだまだ、\nどんどんかかってこいっ！	아직　멀었어，\n어서　덤벼！
S2M:M18LOW:110	dup=S2M:M01LOW:110	すまねぇな、隊長。	미안하군，　대장．
S2M:M18LOW:111	dup=S2M:M01LOW:111	へへっ、\n守られるってのも悪くないな。	헤헤，　보호받는　것도\n나쁘지　않군．
S2M:M18LOW:112	dup=S2M:M01LOW:112	へへっ、らしくないぜぇ？\n隊長！	헤헤，　나답지　않지？\n대장！
S2M:M18LOW:113	dup=S2M:M01LOW:113	ちくしょう……\nこんなところで……	젠장……\n이런　곳에서……
S2M:M18LOW:114	dup=S2M:M01LOW:114	隊長、すまない。\nあたいの分まで\nがんばってくれ！	대장，　미안하다．\n내　몫까지\n힘내　줘！
S2M:M18LOW:115	dup=S2M:M01LOW:115	やるじゃねぇか！　隊長！	제법이잖아！　대장！
S2M:M18LOW:116	dup=S2M:M01LOW:116	ほれぼれするぜ！　隊長！	감탄스럽군！　대장！
S2M:M18LOW:117	dup=S2M:M01LOW:117	ざっとこんなもんだぜ！	대충　이　정도지！
S2M:M18LOW:118	dup=S2M:M01LOW:118	へっへーん！\nどうだい！　隊長！	헤헤ー！\n어때！　대장！
S2M:M18LOW:119	dup=S2M:M01LOW:119	誰もあたいたちを\n止められねぇぜ！	아무도　우릴\n막을　수　없어！
S2M:M18LOW:120	dup=S2M:M01LOW:120	がんばろうね、お兄ちゃん。	힘내자，　오빠．
S2M:M18LOW:121	dup=S2M:M01LOW:121	お兄ちゃん、いっけぇー！	오빠，　가ー！
S2M:M18LOW:122	dup=S2M:M01LOW:122	お兄ちゃん……負けないで！	오빠……　지지　마！
S2M:M18LOW:123	dup=S2M:M01LOW:123	アイリス、いきまーす！	아이리스，　갑니다아！
S2M:M18LOW:124	dup=S2M:M01LOW:124	えへへっ、\nアイリスがんばるよ！	에헤헤，\n아이리스　힘낼게！
S2M:M18LOW:125	dup=S2M:M01LOW:125	アイリスが\nがんばらなくちゃ！	아이리스가\n힘내야　해！
S2M:M18LOW:126	dup=S2M:M01LOW:126	アイリス……もうだめ……	아이리스…　이제　안　돼…
S2M:M18LOW:127	dup=S2M:M01LOW:127	アイリスのために\n来てくれたんだぁー！	아이리스를　위해　왔구나ー！
S2M:M18LOW:128	dup=S2M:M01LOW:128	お兄ちゃんは、\n白馬のおうじさまだね！	오빠는\n백마　탄　왕자님이네！
S2M:M18LOW:129	dup=S2M:M01LOW:129	お兄ちゃん……\nアイリスがついてるからね。	오빠……\n아이리스가　곁에　있을게．
S2M:M18LOW:130	dup=S2M:M01LOW:130	あ……止まっちゃった……	아……　멈췄어……
S2M:M18LOW:131	dup=S2M:M01LOW:131	お兄ちゃん……\nごめんね……	오빠……\n미안해……
S2M:M18LOW:132	dup=S2M:M01LOW:132	わーい、やったね！\nお兄ちゃん！	와ー，　해냈다！\n오빠！
S2M:M18LOW:133	dup=S2M:M01LOW:133	お兄ちゃん、\nすごい、すっごーい！	오빠，\n대단해，　정말　대단해ー！
S2M:M18LOW:134	dup=S2M:M01LOW:134	アイリス、すごいでしょ！	아이리스，　대단하지！
S2M:M18LOW:135	dup=S2M:M01LOW:135	ねぇ、ねぇ！\nほめてほめて！	있잖아，　있잖아！\n칭찬해　줘，　칭찬해　줘！
S2M:M18LOW:136	dup=S2M:M01LOW:136	お兄ちゃんがいれば、\nアイリスなんにも恐くないよ！	오빠만　있으면，\n아이리스는　안　무서워！
S2M:M18LOW:137	dup=S2M:M01LOW:137	頼んだで、大神はん。	부탁한다，　오오가미　씨．
S2M:M18LOW:138	dup=S2M:M01LOW:138	ウチらの力、見せたろうで！	우리　힘을　보여　주자！
S2M:M18LOW:139	dup=S2M:M01LOW:139	だ、大丈夫かいな、大神はん。	괜찮나，　오오가미　씨．
S2M:M18LOW:140	dup=S2M:M01LOW:140	ほな、いってみよか！	그럼，　가　볼까！
S2M:M18LOW:141	dup=S2M:M01LOW:141	大神はん、\nウチにまーかしとき！	오오가미　씨，\n나한테　맡겨！
S2M:M18LOW:142	dup=S2M:M01LOW:142	ウチががんばらんと！	내가　힘내야　해！
S2M:M18LOW:143	dup=S2M:M01LOW:143	や、やばいで……	이，　이거　위험해……
S2M:M18LOW:144	dup=S2M:M01LOW:144	お、おおきに、\n大神はん……	고，　고마워，\n오오가미　씨……
S2M:M18LOW:145	dup=S2M:M01LOW:145	もう、そないなことされたら、\nウチ……	그렇게까지　해　주면，\n나……
S2M:M18LOW:146	dup=S2M:M01LOW:146	大神はんがおらんと、\nウチ……こまるんや。	오오가미　씨가　없으면，\n나……　곤란해．
S2M:M18LOW:147	dup=S2M:M01LOW:147	そのへんで、堪忍や……	이쯤에서　봐줘……
S2M:M18LOW:148	dup=S2M:M01LOW:148	大神はん、すんまへん。	오오가미　씨，　미안해．
S2M:M18LOW:149	dup=S2M:M01LOW:149	大神はん、その調子や！	오오가미　씨，　그　기세야！
S2M:M18LOW:150	dup=S2M:M01LOW:150	ええ感じやで！　大神はん！	좋은데！　오오가미　씨！
S2M:M18LOW:151	dup=S2M:M01LOW:151	いっちょあがりや！	한　건　해냈다！
S2M:M18LOW:152	dup=S2M:M01LOW:152	大神はん、\nやったで、ウチ！	오오가미　씨，\n나　해냈어！
S2M:M18LOW:153	dup=S2M:M01LOW:153	ウチらの力を合わせれば、\n千人力や！	우리　힘을　합치면，\n천군만마야！
S2M:M18LOW:154	dup=S2M:M01LOW:154	少尉さん、\nお手並み拝見でーす！	소위님，\n실력을　보여　주세요ー！
S2M:M18LOW:155	dup=S2M:M01LOW:155	早く終わらせて帰りましょー。	빨리　끝내고　돌아가요ー．
S2M:M18LOW:156	dup=S2M:M01LOW:156	ちょっと、\nヤバそうってカンジ！	잠깐，\n좀　위험해　보이는　느낌！
S2M:M18LOW:157	dup=S2M:M01LOW:157	たのしいでーす！	재밌어요ー！
S2M:M18LOW:158	dup=S2M:M01LOW:158	わたしを見ていてくださーい！	저를　지켜봐　주세요ー！
S2M:M18LOW:159	dup=S2M:M10LOW:159	勝手にやらせてもらいまーす！	맘대로　하게　해　주세요ー！
S2M:M18LOW:160	dup=S2M:M01LOW:160	シャワー浴びたいでーす！	샤워하고　싶어요ー！
S2M:M18LOW:161	dup=S2M:M10LOW:161	あはっ！\n少尉さん、サンキュでーす！	아핫！\n소위님，　고마워요ー！
S2M:M18LOW:162	dup=S2M:M01LOW:162	少尉さん、\n無理しなくていいでーす……	소위님，\n무리하지　않아도　돼요……
S2M:M18LOW:163	dup=S2M:M01LOW:163	まったく、\nダメなオトコでーす！	정말이지，\n쓸모없는　남자네요ー！
S2M:M18LOW:164	dup=S2M:M01LOW:164	これ以上はカンベンでーす！	이　이상은　봐주겠어요ー！
S2M:M18LOW:165	dup=S2M:M01LOW:165	もうだめです。\n撤退します……隊長……	이젠　안　돼요．\n후퇴할게요……　대장……
S2M:M18LOW:166	dup=S2M:M01LOW:166	なかなかやるってカンジ！	제법인데요！
S2M:M18LOW:167	dup=S2M:M01LOW:167	少尉さん、\nちょーかっこいいでーす！	소위님，\n정말　멋져요ー！
S2M:M18LOW:168	dup=S2M:M01LOW:168	楽勝でーす！	거뜬해요ー！
S2M:M18LOW:169	dup=S2M:M01LOW:169	うふっ！\n拍手をくださーい！	후훗！\n박수　쳐　주세요ー！
S2M:M18LOW:170	dup=S2M:M01LOW:170	このデュオは最高でーす！	이　듀오는　최고예요ー！
S2M:M18LOW:171	dup=S2M:M01LOW:171	……行動開始。	……행동　개시．
S2M:M18LOW:172	dup=S2M:M07LOW:172	隊長、気を付けて。	대장님，　조심하세요．
S2M:M18LOW:173	dup=S2M:M01LOW:173	……危険だよ。	……위험해．
S2M:M18LOW:174	dup=S2M:M07LOW:174	いくよ！	가자！
S2M:M18LOW:175	dup=S2M:M07LOW:175	指示、よろしく。	지시，　잘　부탁해．
S2M:M18LOW:176	dup=S2M:M08LOW:176	ボクの力で……倒す……	내　힘으로…　쓰러뜨린다…
S2M:M18LOW:177	dup=S2M:M01LOW:177	機体の損傷が激しい……	기체　손상이　심해……
S2M:M18LOW:178	dup=S2M:M01LOW:178	………………	………………
S2M:M18LOW:179	dup=S2M:M07LOW:179	……ありがとう。	…고마워．
S2M:M18LOW:180	dup=S2M:M01LOW:180	隊長……しっかり……	대장……　정신　차려……
S2M:M18LOW:181	dup=S2M:M01LOW:181	一時、撤退……	일단　후퇴……
S2M:M18LOW:182	dup=S2M:M07LOW:182	隊長、\nあとは……よろしく。	대장，\n나머지는……　부탁해．
S2M:M18LOW:183	dup=S2M:M01LOW:183	目標、撃破確認……	목표　격파　확인……
S2M:M18LOW:184	dup=S2M:M07LOW:184	やるね、隊長。	잘하네，　대장．
S2M:M18LOW:185	dup=S2M:M01LOW:185	目標撃破……	목표　격파……
S2M:M18LOW:186	dup=S2M:M07LOW:186	隊長……\n次の指示を……	대장……\n다음　지시를……
S2M:M18LOW:187	dup=S2M:M01LOW:187	これが……ボクらの力……！	이게……　우리　힘……！
S2M:M18LOW:188	dup=S2M:M01LOW:188	そぉら、いくぜ！	자아，　간다！
S2M:M18LOW:189	dup=S2M:M01LOW:189	さぁ、楽しませてくれよ。	자，　즐겁게　해　줘．
S2M:M18LOW:190	dup=S2M:M01LOW:190	勝負は……これからだぜ！	승부는……　지금부터야！
S2M:M18LOW:191	dup=S2M:M01LOW:191	なかなか、\nやるじゃねぇか！	제법이군，\n잘하잖아！
S2M:M18LOW:192	dup=S2M:M01LOW:192	おもしれぇ……	재밌군……
S2M:M18LOW:193	dup=S2M:M01LOW:193	大丈夫か、水狐。	괜찮나，　수호．
S2M:M18LOW:194	dup=S2M:M01LOW:194	華麗に燃やしてあげますよ……	화려하게　태워　드리죠……
S2M:M18LOW:195	dup=S2M:M01LOW:195	覚悟してください。	각오하세요．
S2M:M18LOW:196	dup=S2M:M01LOW:196	あははははは！	아하하하하하！
S2M:M18LOW:197	dup=S2M:M01LOW:197	燃やしつくしてやる！	모조리　태워　주마！
S2M:M18LOW:198	dup=S2M:M01LOW:198	ご……ゴミが……	쓰……　쓰레기가……
S2M:M18LOW:199	dup=S2M:M01LOW:199	私の戦いを見せてあげる。	내　싸움을　보여　주지．
S2M:M18LOW:200	dup=S2M:M01LOW:200	やさしくしてあげるわ。	상냥하게　해　줄게．
S2M:M18LOW:201	dup=S2M:M01LOW:201	ふふふ……負けないわよ。	후후후…　지지　않을　거야．
S2M:M18LOW:202	dup=S2M:M01LOW:202	やるわね。\nさすが華撃団……	잘하네．\n역시　화격단……
S2M:M18LOW:203	dup=S2M:M01LOW:203	くっ……\nこれほどとはね……	큭……\n이　정도일　줄이야……
S2M:M18LOW:204	dup=S2M:M01LOW:204	さぁ、ワシの番じゃな。	자，　내　차례로구나．
S2M:M18LOW:205	dup=S2M:M01LOW:205	ワシの計算にぬかりはないぞ。	내　계산엔　빈틈없다．
S2M:M18LOW:206	dup=S2M:M01LOW:206	こ、このままでは\n終わらぬぞ……	이，　이대로는\n끝나지　않아……
S2M:M18LOW:207	dup=S2M:M01LOW:207	これも計算のうちじゃ。	이것도　계산　안이야．
S2M:M18LOW:208	dup=S2M:M01LOW:208	ぬうっ……\nこれは計算外じゃ……	으으……\n이건　계산　밖이야……
S2M:M18LOW:209	dup=S2M:M01LOW:209	狩りとってやる！	사냥해　주마！
S2M:M18LOW:210	dup=S2M:M01LOW:210	今、楽にしてやるからな。	지금　편하게　해　주마．
S2M:M18LOW:211	dup=S2M:M01LOW:211	ひ、ひねり殺してやる！	비，　비틀어　죽여　주마！
S2M:M18LOW:212	dup=S2M:M01LOW:212	勝ったと思うなよ……	이겼다고　생각하지　마……
S2M:M18LOW:213	dup=S2M:M01LOW:213	まだ、終わりではないぞ！	아직　끝나지　않았다！
S2M:M18LOW:214	dup=S2M:M01LOW:214	終わりにしてやる。	끝내　주마．
S2M:M18LOW:215	dup=S2M:M01LOW:215	いくぞ！　華撃団っ！	간다！　화격단！
S2M:M18LOW:216	dup=S2M:M01LOW:216	まだ、まだだっ！	아직，　아직이다！
S2M:M18LOW:217	dup=S2M:M01LOW:217	腕を上げたな……	실력이　늘었구나……
S2M:M18LOW:218	dup=S2M:M01LOW:218	ぐっ……\nわたしの復讐が……	큭……\n내　복수가……
S2M:M18LOW:219	dup=S2M:M01LOW:219	容赦はせぬぞ……	봐주지　않겠다……
S2M:M18LOW:220	dup=S2M:M01LOW:220	お前たちの罪を知れ……	너희의　죄를　깨달아라……
S2M:M18LOW:221	dup=S2M:M01LOW:221	戦いとはいつも無常だ……	싸움은　언제나　덧없다……
S2M:M18LOW:222	dup=S2M:M01LOW:222	愛は死んだ……	사랑은　죽었다……
S2M:M18LOW:223	dup=S2M:M01LOW:223	ぬぅ……やるな……	으음……　제법이군……
S2M:M18LOW:224	dup=S2M:M01LOW:224	私に触れるな！	나에게　손대지　마！
S2M:M18LOW:225	dup=S2M:M01LOW:225	帝都の恨みは、\nこの程度ではないぞ……	제도의　원한은，\n이　정도가　아니다……
S2M:M18LOW:226	dup=S2M:M01LOW:226	最後に勝つのは……私だ！	최후의　승자는……　나다！
S2M:M18LOW:227	dup=S2M:M01LOW:227	この程度で……ぬうっ！	이　정도로……　으음！
S2M:M18LOW:228	dup=S2M:M01LOW:228	思い上がるな……\n偽善者めっ！	우쭐대지　마……\n위선자　자식！
S2M:M19LOW:0	dup=S2M:M01LOW:0	疾きこと風のごとく……\n移動力重視の作戦だ！	빠르기는　바람처럼……\n이동력　중시　작전이다！
S2M:M19LOW:1	dup=S2M:M01LOW:1	今は、この命令を出している。\n移動力を活かして戦おう。	현재　명령은　이것이다．\n이동력을　살려　싸우자．
S2M:M19LOW:2	dup=S2M:M01LOW:2	花組各員に通達！\n「風」作戦を開始するぞ！	화조　전원에게　통보！\n「풍」　작전　개시다！
S2M:M19LOW:3	dup=S2M:M01LOW:3	林のように心静かに……\n本来の力を引き出すんだ！	숲처럼　마음을　고요히……\n본래의　힘을　끌어내자！
S2M:M19LOW:4	dup=S2M:M01LOW:4	今は、この命令を出している。\n本来の力で敵に立ち向かおう。	현재　명령은　이것이다．\n본래의　힘으로　맞서자．
S2M:M19LOW:5	dup=S2M:M01LOW:5	花組各員に通達！\n「林」作戦を開始するぞ！	화조　전원에게　통보！\n「림」　작전　개시다！
S2M:M19LOW:6	dup=S2M:M01LOW:6	炎のように熱く燃える……\n攻撃力重視の作戦だ！	불처럼　뜨겁게　타오르는……\n공격력　중시　작전이다！
S2M:M19LOW:7	dup=S2M:M01LOW:7	今は、この命令を出している。\n攻撃力を活かして戦おう。	현재　명령은　이것이다．\n공격력을　살려　싸우자．
S2M:M19LOW:8	dup=S2M:M01LOW:8	花組各員に通達！\n「火」作戦を開始するぞ！	화조　전원에게　통보！\n「화」　작전　개시다！
S2M:M19LOW:9	dup=S2M:M01LOW:9	構えること山のごとく……\n防御力重視の作戦だ！	산처럼　굳건히　버티는……\n방어력　중시　작전이다！
S2M:M19LOW:10	dup=S2M:M01LOW:10	今は、この命令を出している。\n防御力を活かして戦おう。	현재　명령은　이것이다．\n방어력을　살려　싸우자．
S2M:M19LOW:11	dup=S2M:M01LOW:11	花組各員に通達！\n「山」作戦を開始するぞ！	화조　전원에게　통보！\n「산」　작전　개시다！
S2M:M19LOW:12	dup=S2M:M01LOW:12	このままの作戦でいくぞ！	이대로　작전을　계속한다！
S2M:M19LOW:13	dup=S2M:M01LOW:13	了解！	알겠습니다！
S2M:M19LOW:14		敵はミカサの機関部を\n狙ってきているようね。	적이　미카사　기관부를\n노리는　모양이야．
S2M:M19LOW:15		機関部が全部壊されると、\nいかにミカサといえども、\n墜落してしまうわ。	기관부가　전부　부서지면\n아무리　미카사라도\n추락하고　말아．
S2M:M19LOW:16		機関部を守りながら、\nミカサに侵入した降魔兵器を\nすべて撃破して！	기관부를　지키면서\n미카사　안의　강마　병기를\n모두　격파해！
S2M:M19LOW:17	dup=S2M:M12LOW:17	門の外に出て、\n土機を撃破するのよ！	문　밖으로　나가，\n토기를　격파해！
S2M:M19LOW:18	dup=S2M:M12LOW:18	敵の大将、土は、\n攻撃回数が多いわ。\n気をつけるのよ！	적장　토지구모는\n공격　횟수가　많아．\n조심해！
S2M:M19LOW:19	dup=S2M:M01LOW:19	０メッセージ２－３	０메시지２－３
S2M:M19LOW:20	dup=S2M:M02LOW:20	大神さん、山崎は強いわ。\n一時撤退しましょう！	야마자키는　강해요．\n일단　후퇴하죠！
S2M:M19LOW:21	dup=S2M:M01LOW:21	０メッセージ３－２	０메시지３－２
S2M:M19LOW:22	dup=S2M:M01LOW:22	０メッセージ３－３	０메시지３－３
S2M:M19LOW:23	dup=S2M:M01LOW:23	花組の隊長、大神一郎。\n高い戦闘力と、\n勇敢な心を持っている。	화조　대장，　오오가미．\n높은　전투력과\n용감한　마음을　지녔다．
S2M:M19LOW:24	dup=S2M:M01LOW:24	北辰一刀流、真宮寺さくら。\n素早い動きで、\n敵を一刀両断する。	북진일도류，　사쿠라．\n빠른　움직임으로\n적을　일도양단한다．
S2M:M19LOW:25	dup=S2M:M01LOW:25	神崎風塵流、神崎すみれ。\n華麗なナギナタの技は、\n見るものの心をもとらえる。	칸자키　풍진류，　스미레．\n화려한　나기나타　기술은\n보는　이의　마음마저　홀려．
S2M:M19LOW:26	dup=S2M:M01LOW:26	射撃手、マリア・タチバナ。\n氷の銃弾は、狙った\n獲物を決して逃さない。	사격수，　마리아．\n얼음　탄환은　노린\n먹이를　놓치지　않는다．
S2M:M19LOW:27	dup=S2M:M01LOW:27	桐島流空手、桐島カンナ。\n圧倒的なパワーで、むらがる\n敵を粉砕する。	가라테의　달인，　칸나．\n압도적　파워로　몰려드는\n적을　분쇄한다．
S2M:M19LOW:28	dup=S2M:M01LOW:28	花組のマスコット、アイリス。\n超能力を使った、\n不思議な攻撃で敵と戦う。	화조의　마스코트，\n아이리스．\n초능력으로　적과　싸운다．
S2M:M19LOW:29	dup=S2M:M01LOW:29	発明家、李紅蘭。\n次々に繰り出す発明品で、\n敵味方をあっといわせるぞ。	발명가，　코란．\n신제품을　잇달아　내놓아\n적과　아군을　놀라게　한다．
S2M:M19LOW:30	dup=S2M:M01LOW:30	元星組隊員、ソレッタ・織姫。\nイタリアンローズの機体に乗り\n赤い貴族と呼ばれている。	전　별조　대원，　오리히메．\n이탈리안　로즈를　타고\n붉은　귀족이라　불린다．
S2M:M19LOW:31	dup=S2M:M01LOW:31	レニ・ミルヒシュトラーセ。\n戦闘のプロとして、正確な\n無駄のない攻撃を行う。	레니　밀히슈트라세．　전투의\n프로답게　정확하고　군더더기\n없는　공격을　한다．
S2M:M19LOW:32	dup=S2M:M18LOW:32	近接戦闘専用の降魔兵器。\n特別な武装を持たず、\n噛み付きによる攻撃を行う。	근접　전용　강마　병기．\n특수　무장은　없고\n물어뜯어　공격한다．
S2M:M19LOW:33	dup=S2M:M18LOW:33	支援用降魔兵器。\n羽の部分を武器化し、\n間接攻撃を可能にした。	지원용　강마　병기．\n날개를　무기로　삼아\n간접　공격이　가능하다．
S2M:M19LOW:34		降魔兵器「万雷」\n木喰の残したデータにより\n完成した、接近戦用降魔。	강마　병기　「만뢰」\n모쿠지키가　남긴　데이터로\n완성한　근접전용　강마．
S2M:M19LOW:35		降魔兵器「烈風」\n黒鬼会により改造された、\n遠距離支援用降魔。	강마　병기　「열풍」\n흑귀회가　개조한\n원거리　지원용　강마．
S2M:M19LOW:36		回復用降魔兵器。\n降魔の力を活性化させる、\n回復能力を持つ。	회복용　강마　병기．\n강마의　힘을　활성화하는\n회복　능력을　지닌다．
S2M:M19LOW:37	dup=S2M:M09LOW:37	魔操機兵、脇侍・改。\n散弾を使用しており、\n１発の威力は比較的小さい。	마조기병，　협시・개．\n산탄을　사용하며　한　발\n위력은　비교적　낮다．
S2M:M19LOW:38	dup=S2M:M09LOW:38	魔操機兵、脇侍・改。\n回復能力を持つこの型は、\nエル特と呼ばれている。	마조기병，　협시・개．\n이　형은　회복　능력이　있어\n엘　특이라　부른다．
S2M:M19LOW:39	dup=S2M:M05LOW:40	魔操機兵、脇侍・改。\n独特の攻撃範囲を持ち、\nニ型特と呼ばれる。	마조기병，　협시・개．\n독특한　공격　범위를　지녀\n니형　특이라　부른다．
S2M:M19LOW:40	dup=S2M:M01LOW:40	メッセージ１８	메시지　１８
S2M:M19LOW:41	dup=S2M:M01LOW:41	メッセージ１９	메시지　１９
S2M:M19LOW:42	dup=S2M:M01LOW:42	メッセージ２０	메시지　２０
S2M:M19LOW:43	dup=S2M:M01LOW:43	今のところ、\nかばう必要はなさそうだな。	지금은\n보호할　필요　없어　보이네．
S2M:M19LOW:44	dup=S2M:M01LOW:44	さくらくん……\n君は俺が守る！	사쿠라　군……\n내가　지킬게！
S2M:M19LOW:45	dup=S2M:M01LOW:45	すみれくん……\n君の盾になってもいいかい。	스미레　군……\n네　방패가　되어도　될까？
S2M:M19LOW:46	dup=S2M:M01LOW:46	マリア……\n君の背中を守らせてくれ。	마리아……\n네　뒤를　지키게　해　줘．
S2M:M19LOW:47	dup=S2M:M01LOW:47	カンナ……\n俺は、君を全力で守るぞ！	칸나……　내가　온　힘을\n다해　지키마！
S2M:M19LOW:48	dup=S2M:M01LOW:48	アイリス……\n俺が側にいるから、\n安心していいよ。	아이리스……\n내가　곁에　있으니，\n안심해도　돼．
S2M:M19LOW:49	dup=S2M:M01LOW:49	紅蘭……\nいつだって君を助けにゆくよ。	코란……\n언제든　널　도우러　갈게．
S2M:M19LOW:50	dup=S2M:M01LOW:50	織姫くん……\n苦しいときは、\nいつでも俺を呼んでくれ！	오리히메　군……\n힘들　때는，\n언제든　날　불러！
S2M:M19LOW:51	dup=S2M:M01LOW:51	レニ……\nたまには、\n守られたっていいだろう？	레니……\n가끔은，\n보호받아도　괜찮잖아？
S2M:M19LOW:52	dup=S2M:M01LOW:52	がんばって！　大神さん！	힘내요！　오오가미　씨！
S2M:M19LOW:53	dup=S2M:M01LOW:53	大神さんが頼りです！	오오가미　씨만　믿을게요！
S2M:M19LOW:54	dup=S2M:M01LOW:54	無理しないでください、\n大神さん……	무리하지　마세요，\n오오가미　씨……
S2M:M19LOW:55	dup=S2M:M01LOW:55	がんばります！	힘낼게요！
S2M:M19LOW:56	dup=S2M:M01LOW:56	大神さんのために……\nあたし、やります！	오오가미　씨를　위해……\n제가　할게요！
S2M:M19LOW:57	dup=S2M:M01LOW:57	あたしが\nがんばらなくっちゃ！	제가　힘내야　해요！
S2M:M19LOW:58	dup=S2M:M01LOW:58	あたし……負けないわ……	저…　지지　않을　거예요…
S2M:M19LOW:59	dup=S2M:M01LOW:59	……ありがとうございます。\n大神さん。	……감사합니다．\n오오가미　씨．
S2M:M19LOW:60	dup=S2M:M01LOW:60	大神さんがいてくれるから、\nあたし、がんばれます！	오오가미　씨가　계시니까\n저도　힘낼　수　있어요！
S2M:M19LOW:61	dup=S2M:M01LOW:61	大丈夫ですか……大神さん。	괜찮으세요…　오오가미　씨．
S2M:M19LOW:62	dup=S2M:M01LOW:62	大神さん……\nごめんなさい……	오오가미　씨……\n죄송해요……
S2M:M19LOW:63	dup=S2M:M01LOW:63	ここは大神さんに\nお任せします……\n……ごめんなさい。	여기는　오오가미　씨에게\n맡길게요……\n……죄송해요．
S2M:M19LOW:64	dup=S2M:M01LOW:64	やりましたね、大神さん！	해냈네요，　오오가미　씨！
S2M:M19LOW:65	dup=S2M:M01LOW:65	今日の大神さん、\n一味違いますね。	오늘　오오가미　씨는\n평소와　다르네요．
S2M:M19LOW:66	dup=S2M:M01LOW:66	やりました！	해냈어요！
S2M:M19LOW:67	dup=S2M:M01LOW:67	大神さんのおかげです！	오오가미　씨　덕분이에요！
S2M:M19LOW:68	dup=S2M:M01LOW:68	大神さん……\nあたし、信じています。	오오가미　씨……\n저는　믿고　있어요．
S2M:M19LOW:69	dup=S2M:M01LOW:69	見せ場がきましてよ、少尉。	제　무대네요，　소위님．
S2M:M19LOW:70	dup=S2M:M01LOW:70	がんばってください、\nわたくしのために……	힘내　주세요，\n저를　위해……
S2M:M19LOW:71	dup=S2M:M01LOW:71	無理は禁物ですわ……	무리는　금물이에요……
S2M:M19LOW:72	dup=S2M:M01LOW:72	さあ、いきますわよ！	자，　갑니다！
S2M:M19LOW:73	dup=S2M:M01LOW:73	少尉、わたくしを\n見ていてくださいな。	소위님，\n저를　지켜봐　주세요．
S2M:M19LOW:74	dup=S2M:M01LOW:74	わたくしでなくては\nダメですわね。	저여야만　하겠군요．
S2M:M19LOW:75	dup=S2M:M01LOW:75	こ、この程度で……	이，　이　정도로……
S2M:M19LOW:76	dup=S2M:M01LOW:76	うれしいですわ……\n少尉……	기뻐요……\n소위님……
S2M:M19LOW:77	dup=S2M:M01LOW:77	わたくしを守ることが\nできるのは少尉だけですわ。	저를　지킬　수　있는　건\n소위님뿐이에요．
S2M:M19LOW:78	dup=S2M:M01LOW:78	かっ、身体が勝手に\n動いただけですわ……	몸이　저절로\n움직였을　뿐이에요……
S2M:M19LOW:79	dup=S2M:M01LOW:79	わたくしとしたことが……	저답지　않게……
S2M:M19LOW:80	dup=S2M:M01LOW:80	少尉を……\n……置いてはいけないのに！	소위님을……\n……두고　갈　수는　없는데！
S2M:M19LOW:81	dup=S2M:M01LOW:81	お見事ですわ、少尉。	훌륭해요，　소위님．
S2M:M19LOW:82	dup=S2M:M01LOW:82	りりしいですわよ、少尉。	늠름하시네요，　소위님．
S2M:M19LOW:83	dup=S2M:M01LOW:83	たいしたことありませんわね。	별것도　아니네요．
S2M:M19LOW:84	dup=S2M:M01LOW:84	見てくださいました？　少尉。	보셨나요？　소위님．
S2M:M19LOW:85	dup=S2M:M03LOW:85	んふっ、\nちょろいもんですわ。\nねぇ、少尉……	후훗，\n이　정도야　식은　죽이죠．\n그렇죠，　소위님……
S2M:M19LOW:86	dup=S2M:M01LOW:86	隊長、お願いします。	대장님，　부탁드려요．
S2M:M19LOW:87	dup=S2M:M01LOW:87	隊長……\n信じています。	대장님……\n믿고　있어요．
S2M:M19LOW:88	dup=S2M:M01LOW:88	隊長……\n慎重にいきましょう。	대장님……\n신중하게　가죠．
S2M:M19LOW:89	dup=S2M:M01LOW:89	さぁ、覚悟しなさい。	자，　각오하세요．
S2M:M19LOW:90	dup=S2M:M01LOW:90	私には、隊長が\nついていてくれる……	저에겐　대장님이\n곁에　계시니까……
S2M:M19LOW:91	dup=S2M:M01LOW:91	私がしっかりしなくては……	제가　정신　차려야……
S2M:M19LOW:92	dup=S2M:M01LOW:92	くっ、まだ……やれる！	큭，아직……　할　수　있어！
S2M:M19LOW:93	dup=S2M:M01LOW:93	すいません、隊長。	죄송해요，　대장님．
S2M:M19LOW:94	dup=S2M:M01LOW:94	隊長の背中……\nとても大きく見えます……	대장님　등……\n정말　커　보이네요……
S2M:M19LOW:95	dup=S2M:M01LOW:95	隊長が無事でよかった……	대장님이　무사해서　다행……
S2M:M19LOW:96	dup=S2M:M01LOW:96	隊長……申し訳ありません……	대장님……　죄송해요……
S2M:M19LOW:97	dup=S2M:M01LOW:97	もう少し……\n隊長と共に……	조금만　더……\n대장님과　함께……
S2M:M19LOW:98	dup=S2M:M01LOW:98	やりますね、隊長。	잘하시네요，　대장님．
S2M:M19LOW:99	dup=S2M:M01LOW:99	隊長が\nいてくださってよかった……	대장님이　계셔서　다행……
S2M:M19LOW:100	dup=S2M:M01LOW:100	ふんっ！　この程度……？	흥！　이　정도……？
S2M:M19LOW:101	dup=S2M:M01LOW:101	隊長、すばらしい指揮です！	대장님，　훌륭한　지휘예요！
S2M:M19LOW:102	dup=S2M:M01LOW:102	隊長が、私の力を\n何倍にもしてくれます。	대장님이　제　힘을\n몇　배나　키워　주세요．
S2M:M19LOW:103	dup=S2M:M01LOW:103	やっちまえ！　隊長！	해치워！　대장님！
S2M:M19LOW:104	dup=S2M:M01LOW:104	あたいがついてるぜ、隊長。	내가　곁에　있어，　대장．
S2M:M19LOW:105	dup=S2M:M01LOW:105	隊長の気合を見せてくれ！	대장님，　기합을　보여　줘！
S2M:M19LOW:106	dup=S2M:M01LOW:106	あたいの番だな！	내　차례구나！
S2M:M19LOW:107	dup=S2M:M01LOW:107	みていてくれよなっ！\n隊長！	지켜봐　줘！\n대장！
S2M:M19LOW:108	dup=S2M:M01LOW:108	まとめて面倒みるぜ！	한꺼번에　상대해　주마！
S2M:M19LOW:109	dup=S2M:M01LOW:109	まだまだ、\nどんどんかかってこいっ！	아직　멀었어，\n어서　덤벼！
S2M:M19LOW:110	dup=S2M:M01LOW:110	すまねぇな、隊長。	미안하군，　대장．
S2M:M19LOW:111	dup=S2M:M01LOW:111	へへっ、\n守られるってのも悪くないな。	헤헤，　보호받는　것도\n나쁘지　않군．
S2M:M19LOW:112	dup=S2M:M01LOW:112	へへっ、らしくないぜぇ？\n隊長！	헤헤，　나답지　않지？\n대장！
S2M:M19LOW:113	dup=S2M:M01LOW:113	ちくしょう……\nこんなところで……	젠장……\n이런　곳에서……
S2M:M19LOW:114	dup=S2M:M01LOW:114	隊長、すまない。\nあたいの分まで\nがんばってくれ！	대장，　미안하다．\n내　몫까지\n힘내　줘！
S2M:M19LOW:115	dup=S2M:M01LOW:115	やるじゃねぇか！　隊長！	제법이잖아！　대장！
S2M:M19LOW:116	dup=S2M:M01LOW:116	ほれぼれするぜ！　隊長！	감탄스럽군！　대장！
S2M:M19LOW:117	dup=S2M:M01LOW:117	ざっとこんなもんだぜ！	대충　이　정도지！
S2M:M19LOW:118	dup=S2M:M01LOW:118	へっへーん！\nどうだい！　隊長！	헤헤ー！\n어때！　대장！
S2M:M19LOW:119	dup=S2M:M01LOW:119	誰もあたいたちを\n止められねぇぜ！	아무도　우릴\n막을　수　없어！
S2M:M19LOW:120	dup=S2M:M01LOW:120	がんばろうね、お兄ちゃん。	힘내자，　오빠．
S2M:M19LOW:121	dup=S2M:M01LOW:121	お兄ちゃん、いっけぇー！	오빠，　가ー！
S2M:M19LOW:122	dup=S2M:M01LOW:122	お兄ちゃん……負けないで！	오빠……　지지　마！
S2M:M19LOW:123	dup=S2M:M01LOW:123	アイリス、いきまーす！	아이리스，　갑니다아！
S2M:M19LOW:124	dup=S2M:M01LOW:124	えへへっ、\nアイリスがんばるよ！	에헤헤，\n아이리스　힘낼게！
S2M:M19LOW:125	dup=S2M:M01LOW:125	アイリスが\nがんばらなくちゃ！	아이리스가\n힘내야　해！
S2M:M19LOW:126	dup=S2M:M01LOW:126	アイリス……もうだめ……	아이리스…　이제　안　돼…
S2M:M19LOW:127	dup=S2M:M01LOW:127	アイリスのために\n来てくれたんだぁー！	아이리스를　위해　왔구나ー！
S2M:M19LOW:128	dup=S2M:M01LOW:128	お兄ちゃんは、\n白馬のおうじさまだね！	오빠는\n백마　탄　왕자님이네！
S2M:M19LOW:129	dup=S2M:M01LOW:129	お兄ちゃん……\nアイリスがついてるからね。	오빠……\n아이리스가　곁에　있을게．
S2M:M19LOW:130	dup=S2M:M01LOW:130	あ……止まっちゃった……	아……　멈췄어……
S2M:M19LOW:131	dup=S2M:M01LOW:131	お兄ちゃん……\nごめんね……	오빠……\n미안해……
S2M:M19LOW:132	dup=S2M:M01LOW:132	わーい、やったね！\nお兄ちゃん！	와ー，　해냈다！\n오빠！
S2M:M19LOW:133	dup=S2M:M01LOW:133	お兄ちゃん、\nすごい、すっごーい！	오빠，\n대단해，　정말　대단해ー！
S2M:M19LOW:134	dup=S2M:M01LOW:134	アイリス、すごいでしょ！	아이리스，　대단하지！
S2M:M19LOW:135	dup=S2M:M01LOW:135	ねぇ、ねぇ！\nほめてほめて！	있잖아，　있잖아！\n칭찬해　줘，　칭찬해　줘！
S2M:M19LOW:136	dup=S2M:M01LOW:136	お兄ちゃんがいれば、\nアイリスなんにも恐くないよ！	오빠만　있으면，\n아이리스는　안　무서워！
S2M:M19LOW:137	dup=S2M:M01LOW:137	頼んだで、大神はん。	부탁한다，　오오가미　씨．
S2M:M19LOW:138	dup=S2M:M01LOW:138	ウチらの力、見せたろうで！	우리　힘을　보여　주자！
S2M:M19LOW:139	dup=S2M:M01LOW:139	だ、大丈夫かいな、大神はん。	괜찮나，　오오가미　씨．
S2M:M19LOW:140	dup=S2M:M01LOW:140	ほな、いってみよか！	그럼，　가　볼까！
S2M:M19LOW:141	dup=S2M:M01LOW:141	大神はん、\nウチにまーかしとき！	오오가미　씨，\n나한테　맡겨！
S2M:M19LOW:142	dup=S2M:M01LOW:142	ウチががんばらんと！	내가　힘내야　해！
S2M:M19LOW:143	dup=S2M:M01LOW:143	や、やばいで……	이，　이거　위험해……
S2M:M19LOW:144	dup=S2M:M01LOW:144	お、おおきに、\n大神はん……	고，　고마워，\n오오가미　씨……
S2M:M19LOW:145	dup=S2M:M01LOW:145	もう、そないなことされたら、\nウチ……	그렇게까지　해　주면，\n나……
S2M:M19LOW:146	dup=S2M:M01LOW:146	大神はんがおらんと、\nウチ……こまるんや。	오오가미　씨가　없으면，\n나……　곤란해．
S2M:M19LOW:147	dup=S2M:M01LOW:147	そのへんで、堪忍や……	이쯤에서　봐줘……
S2M:M19LOW:148	dup=S2M:M01LOW:148	大神はん、すんまへん。	오오가미　씨，　미안해．
S2M:M19LOW:149	dup=S2M:M01LOW:149	大神はん、その調子や！	오오가미　씨，　그　기세야！
S2M:M19LOW:150	dup=S2M:M01LOW:150	ええ感じやで！　大神はん！	좋은데！　오오가미　씨！
S2M:M19LOW:151	dup=S2M:M01LOW:151	いっちょあがりや！	한　건　해냈다！
S2M:M19LOW:152	dup=S2M:M01LOW:152	大神はん、\nやったで、ウチ！	오오가미　씨，\n나　해냈어！
S2M:M19LOW:153	dup=S2M:M01LOW:153	ウチらの力を合わせれば、\n千人力や！	우리　힘을　합치면，\n천군만마야！
S2M:M19LOW:154	dup=S2M:M01LOW:154	少尉さん、\nお手並み拝見でーす！	소위님，\n실력을　보여　주세요ー！
S2M:M19LOW:155	dup=S2M:M01LOW:155	早く終わらせて帰りましょー。	빨리　끝내고　돌아가요ー．
S2M:M19LOW:156	dup=S2M:M01LOW:156	ちょっと、\nヤバそうってカンジ！	잠깐，\n좀　위험해　보이는　느낌！
S2M:M19LOW:157	dup=S2M:M01LOW:157	たのしいでーす！	재밌어요ー！
S2M:M19LOW:158	dup=S2M:M01LOW:158	わたしを見ていてくださーい！	저를　지켜봐　주세요ー！
S2M:M19LOW:159	dup=S2M:M10LOW:159	勝手にやらせてもらいまーす！	맘대로　하게　해　주세요ー！
S2M:M19LOW:160	dup=S2M:M01LOW:160	シャワー浴びたいでーす！	샤워하고　싶어요ー！
S2M:M19LOW:161	dup=S2M:M10LOW:161	あはっ！\n少尉さん、サンキュでーす！	아핫！\n소위님，　고마워요ー！
S2M:M19LOW:162	dup=S2M:M01LOW:162	少尉さん、\n無理しなくていいでーす……	소위님，\n무리하지　않아도　돼요……
S2M:M19LOW:163	dup=S2M:M01LOW:163	まったく、\nダメなオトコでーす！	정말이지，\n쓸모없는　남자네요ー！
S2M:M19LOW:164	dup=S2M:M01LOW:164	これ以上はカンベンでーす！	이　이상은　봐주겠어요ー！
S2M:M19LOW:165	dup=S2M:M01LOW:165	もうだめです。\n撤退します……隊長……	이젠　안　돼요．\n후퇴할게요……　대장……
S2M:M19LOW:166	dup=S2M:M01LOW:166	なかなかやるってカンジ！	제법인데요！
S2M:M19LOW:167	dup=S2M:M01LOW:167	少尉さん、\nちょーかっこいいでーす！	소위님，\n정말　멋져요ー！
S2M:M19LOW:168	dup=S2M:M01LOW:168	楽勝でーす！	거뜬해요ー！
S2M:M19LOW:169	dup=S2M:M01LOW:169	うふっ！\n拍手をくださーい！	후훗！\n박수　쳐　주세요ー！
S2M:M19LOW:170	dup=S2M:M01LOW:170	このデュオは最高でーす！	이　듀오는　최고예요ー！
S2M:M19LOW:171	dup=S2M:M01LOW:171	……行動開始。	……행동　개시．
S2M:M19LOW:172	dup=S2M:M07LOW:172	隊長、気を付けて。	대장님，　조심하세요．
S2M:M19LOW:173	dup=S2M:M01LOW:173	……危険だよ。	……위험해．
S2M:M19LOW:174	dup=S2M:M07LOW:174	いくよ！	가자！
S2M:M19LOW:175	dup=S2M:M07LOW:175	指示、よろしく。	지시，　잘　부탁해．
S2M:M19LOW:176	dup=S2M:M08LOW:176	ボクの力で……倒す……	내　힘으로…　쓰러뜨린다…
S2M:M19LOW:177	dup=S2M:M01LOW:177	機体の損傷が激しい……	기체　손상이　심해……
S2M:M19LOW:178	dup=S2M:M01LOW:178	………………	………………
S2M:M19LOW:179	dup=S2M:M07LOW:179	……ありがとう。	…고마워．
S2M:M19LOW:180	dup=S2M:M01LOW:180	隊長……しっかり……	대장……　정신　차려……
S2M:M19LOW:181	dup=S2M:M01LOW:181	一時、撤退……	일단　후퇴……
S2M:M19LOW:182	dup=S2M:M07LOW:182	隊長、\nあとは……よろしく。	대장，\n나머지는……　부탁해．
S2M:M19LOW:183	dup=S2M:M01LOW:183	目標、撃破確認……	목표　격파　확인……
S2M:M19LOW:184	dup=S2M:M07LOW:184	やるね、隊長。	잘하네，　대장．
S2M:M19LOW:185	dup=S2M:M01LOW:185	目標撃破……	목표　격파……
S2M:M19LOW:186	dup=S2M:M07LOW:186	隊長……\n次の指示を……	대장……\n다음　지시를……
S2M:M19LOW:187	dup=S2M:M01LOW:187	これが……ボクらの力……！	이게……　우리　힘……！
S2M:M19LOW:188	dup=S2M:M01LOW:188	そぉら、いくぜ！	자아，　간다！
S2M:M19LOW:189	dup=S2M:M01LOW:189	さぁ、楽しませてくれよ。	자，　즐겁게　해　줘．
S2M:M19LOW:190	dup=S2M:M01LOW:190	勝負は……これからだぜ！	승부는……　지금부터야！
S2M:M19LOW:191	dup=S2M:M01LOW:191	なかなか、\nやるじゃねぇか！	제법이군，\n잘하잖아！
S2M:M19LOW:192	dup=S2M:M01LOW:192	おもしれぇ……	재밌군……
S2M:M19LOW:193	dup=S2M:M01LOW:193	大丈夫か、水狐。	괜찮나，　수호．
S2M:M19LOW:194	dup=S2M:M01LOW:194	華麗に燃やしてあげますよ……	화려하게　태워　드리죠……
S2M:M19LOW:195	dup=S2M:M01LOW:195	覚悟してください。	각오하세요．
S2M:M19LOW:196	dup=S2M:M01LOW:196	あははははは！	아하하하하하！
S2M:M19LOW:197	dup=S2M:M01LOW:197	燃やしつくしてやる！	모조리　태워　주마！
S2M:M19LOW:198	dup=S2M:M01LOW:198	ご……ゴミが……	쓰……　쓰레기가……
S2M:M19LOW:199	dup=S2M:M01LOW:199	私の戦いを見せてあげる。	내　싸움을　보여　주지．
S2M:M19LOW:200	dup=S2M:M01LOW:200	やさしくしてあげるわ。	상냥하게　해　줄게．
S2M:M19LOW:201	dup=S2M:M01LOW:201	ふふふ……負けないわよ。	후후후…　지지　않을　거야．
S2M:M19LOW:202	dup=S2M:M01LOW:202	やるわね。\nさすが華撃団……	잘하네．\n역시　화격단……
S2M:M19LOW:203	dup=S2M:M01LOW:203	くっ……\nこれほどとはね……	큭……\n이　정도일　줄이야……
S2M:M19LOW:204	dup=S2M:M01LOW:204	さぁ、ワシの番じゃな。	자，　내　차례로구나．
S2M:M19LOW:205	dup=S2M:M01LOW:205	ワシの計算にぬかりはないぞ。	내　계산엔　빈틈없다．
S2M:M19LOW:206	dup=S2M:M01LOW:206	こ、このままでは\n終わらぬぞ……	이，　이대로는\n끝나지　않아……
S2M:M19LOW:207	dup=S2M:M01LOW:207	これも計算のうちじゃ。	이것도　계산　안이야．
S2M:M19LOW:208	dup=S2M:M01LOW:208	ぬうっ……\nこれは計算外じゃ……	으으……\n이건　계산　밖이야……
S2M:M19LOW:209	dup=S2M:M01LOW:209	狩りとってやる！	사냥해　주마！
S2M:M19LOW:210	dup=S2M:M01LOW:210	今、楽にしてやるからな。	지금　편하게　해　주마．
S2M:M19LOW:211	dup=S2M:M01LOW:211	ひ、ひねり殺してやる！	비，　비틀어　죽여　주마！
S2M:M19LOW:212	dup=S2M:M01LOW:212	勝ったと思うなよ……	이겼다고　생각하지　마……
S2M:M19LOW:213	dup=S2M:M01LOW:213	まだ、終わりではないぞ！	아직　끝나지　않았다！
S2M:M19LOW:214	dup=S2M:M01LOW:214	終わりにしてやる。	끝내　주마．
S2M:M19LOW:215	dup=S2M:M01LOW:215	いくぞ！　華撃団っ！	간다！　화격단！
S2M:M19LOW:216	dup=S2M:M01LOW:216	まだ、まだだっ！	아직，　아직이다！
S2M:M19LOW:217	dup=S2M:M01LOW:217	腕を上げたな……	실력이　늘었구나……
S2M:M19LOW:218	dup=S2M:M01LOW:218	ぐっ……\nわたしの復讐が……	큭……\n내　복수가……
S2M:M19LOW:219	dup=S2M:M01LOW:219	容赦はせぬぞ……	봐주지　않겠다……
S2M:M19LOW:220	dup=S2M:M01LOW:220	お前たちの罪を知れ……	너희의　죄를　깨달아라……
S2M:M19LOW:221	dup=S2M:M01LOW:221	戦いとはいつも無常だ……	싸움은　언제나　덧없다……
S2M:M19LOW:222	dup=S2M:M01LOW:222	愛は死んだ……	사랑은　죽었다……
S2M:M19LOW:223	dup=S2M:M01LOW:223	ぬぅ……やるな……	으음……　제법이군……
S2M:M19LOW:224	dup=S2M:M01LOW:224	私に触れるな！	나에게　손대지　마！
S2M:M19LOW:225	dup=S2M:M01LOW:225	帝都の恨みは、\nこの程度ではないぞ……	제도의　원한은，\n이　정도가　아니다……
S2M:M19LOW:226	dup=S2M:M01LOW:226	最後に勝つのは……私だ！	최후의　승자는……　나다！
S2M:M19LOW:227	dup=S2M:M01LOW:227	この程度で……ぬうっ！	이　정도로……　으음！
S2M:M19LOW:228	dup=S2M:M01LOW:228	思い上がるな……\n偽善者めっ！	우쭐대지　마……\n위선자　자식！
S2M:M20LOW:0	dup=S2M:M01LOW:0	疾きこと風のごとく……\n移動力重視の作戦だ！	빠르기는　바람처럼……\n이동력　중시　작전이다！
S2M:M20LOW:1	dup=S2M:M01LOW:1	今は、この命令を出している。\n移動力を活かして戦おう。	현재　명령은　이것이다．\n이동력을　살려　싸우자．
S2M:M20LOW:2	dup=S2M:M01LOW:2	花組各員に通達！\n「風」作戦を開始するぞ！	화조　전원에게　통보！\n「풍」　작전　개시다！
S2M:M20LOW:3	dup=S2M:M01LOW:3	林のように心静かに……\n本来の力を引き出すんだ！	숲처럼　마음을　고요히……\n본래의　힘을　끌어내자！
S2M:M20LOW:4	dup=S2M:M01LOW:4	今は、この命令を出している。\n本来の力で敵に立ち向かおう。	현재　명령은　이것이다．\n본래의　힘으로　맞서자．
S2M:M20LOW:5	dup=S2M:M01LOW:5	花組各員に通達！\n「林」作戦を開始するぞ！	화조　전원에게　통보！\n「림」　작전　개시다！
S2M:M20LOW:6	dup=S2M:M01LOW:6	炎のように熱く燃える……\n攻撃力重視の作戦だ！	불처럼　뜨겁게　타오르는……\n공격력　중시　작전이다！
S2M:M20LOW:7	dup=S2M:M01LOW:7	今は、この命令を出している。\n攻撃力を活かして戦おう。	현재　명령은　이것이다．\n공격력을　살려　싸우자．
S2M:M20LOW:8	dup=S2M:M01LOW:8	花組各員に通達！\n「火」作戦を開始するぞ！	화조　전원에게　통보！\n「화」　작전　개시다！
S2M:M20LOW:9	dup=S2M:M01LOW:9	構えること山のごとく……\n防御力重視の作戦だ！	산처럼　굳건히　버티는……\n방어력　중시　작전이다！
S2M:M20LOW:10	dup=S2M:M01LOW:10	今は、この命令を出している。\n防御力を活かして戦おう。	현재　명령은　이것이다．\n방어력을　살려　싸우자．
S2M:M20LOW:11	dup=S2M:M01LOW:11	花組各員に通達！\n「山」作戦を開始するぞ！	화조　전원에게　통보！\n「산」　작전　개시다！
S2M:M20LOW:12	dup=S2M:M01LOW:12	このままの作戦でいくぞ！	이대로　작전을　계속한다！
S2M:M20LOW:13	dup=S2M:M01LOW:13	了解！	알겠습니다！
S2M:M20LOW:14		敵、降魔兵器、ミカサに接近！\n狙いは、この方向からいくと\nミカサの中央通気口です！	적　강마，　미카사에　접근！\n이　방향의　목표는\n미카사　중앙　통풍구예요！
S2M:M20LOW:15		花組「天武」は、甲板に出撃。\n中央通気口を防衛しながら\n飛来する降魔を撃破して！	화조　「텐부」，갑판　출격．\n중앙　통풍구를　지키며\n날아오는　강마를　격파해！
S2M:M20LOW:16		私たちも高射砲で援護します！\n私たち帝国華撃団、全員の力で\n武蔵にたどり着きましょう！	저희도　고사포로　지원해요！\n제국화격단　전원의　힘으로\n무사시까지　가요！
S2M:M20LOW:17	dup=S2M:M12LOW:17	門の外に出て、\n土機を撃破するのよ！	문　밖으로　나가，\n토기를　격파해！
S2M:M20LOW:18	dup=S2M:M12LOW:18	敵の大将、土は、\n攻撃回数が多いわ。\n気をつけるのよ！	적장　토지구모는\n공격　횟수가　많아．\n조심해！
S2M:M20LOW:19	dup=S2M:M01LOW:19	０メッセージ２－３	０메시지２－３
S2M:M20LOW:20	dup=S2M:M02LOW:20	大神さん、山崎は強いわ。\n一時撤退しましょう！	야마자키는　강해요．\n일단　후퇴하죠！
S2M:M20LOW:21	dup=S2M:M01LOW:21	０メッセージ３－２	０메시지３－２
S2M:M20LOW:22	dup=S2M:M01LOW:22	０メッセージ３－３	０메시지３－３
S2M:M20LOW:23	dup=S2M:M01LOW:23	花組の隊長、大神一郎。\n高い戦闘力と、\n勇敢な心を持っている。	화조　대장，　오오가미．\n높은　전투력과\n용감한　마음을　지녔다．
S2M:M20LOW:24	dup=S2M:M01LOW:24	北辰一刀流、真宮寺さくら。\n素早い動きで、\n敵を一刀両断する。	북진일도류，　사쿠라．\n빠른　움직임으로\n적을　일도양단한다．
S2M:M20LOW:25	dup=S2M:M01LOW:25	神崎風塵流、神崎すみれ。\n華麗なナギナタの技は、\n見るものの心をもとらえる。	칸자키　풍진류，　스미레．\n화려한　나기나타　기술은\n보는　이의　마음마저　홀려．
S2M:M20LOW:26	dup=S2M:M01LOW:26	射撃手、マリア・タチバナ。\n氷の銃弾は、狙った\n獲物を決して逃さない。	사격수，　마리아．\n얼음　탄환은　노린\n먹이를　놓치지　않는다．
S2M:M20LOW:27	dup=S2M:M01LOW:27	桐島流空手、桐島カンナ。\n圧倒的なパワーで、むらがる\n敵を粉砕する。	가라테의　달인，　칸나．\n압도적　파워로　몰려드는\n적을　분쇄한다．
S2M:M20LOW:28	dup=S2M:M01LOW:28	花組のマスコット、アイリス。\n超能力を使った、\n不思議な攻撃で敵と戦う。	화조의　마스코트，\n아이리스．\n초능력으로　적과　싸운다．
S2M:M20LOW:29	dup=S2M:M01LOW:29	発明家、李紅蘭。\n次々に繰り出す発明品で、\n敵味方をあっといわせるぞ。	발명가，　코란．\n신제품을　잇달아　내놓아\n적과　아군을　놀라게　한다．
S2M:M20LOW:30	dup=S2M:M01LOW:30	元星組隊員、ソレッタ・織姫。\nイタリアンローズの機体に乗り\n赤い貴族と呼ばれている。	전　별조　대원，　오리히메．\n이탈리안　로즈를　타고\n붉은　귀족이라　불린다．
S2M:M20LOW:31	dup=S2M:M01LOW:31	レニ・ミルヒシュトラーセ。\n戦闘のプロとして、正確な\n無駄のない攻撃を行う。	레니　밀히슈트라세．　전투의\n프로답게　정확하고　군더더기\n없는　공격을　한다．
S2M:M20LOW:32	dup=S2M:M18LOW:32	近接戦闘専用の降魔兵器。\n特別な武装を持たず、\n噛み付きによる攻撃を行う。	근접　전용　강마　병기．\n특수　무장은　없고\n물어뜯어　공격한다．
S2M:M20LOW:33	dup=S2M:M18LOW:33	支援用降魔兵器。\n羽の部分を武器化し、\n間接攻撃を可能にした。	지원용　강마　병기．\n날개를　무기로　삼아\n간접　공격이　가능하다．
S2M:M20LOW:34	dup=S2M:M19LOW:34	降魔兵器「万雷」\n木喰の残したデータにより\n完成した、接近戦用降魔。	강마　병기　「만뢰」\n모쿠지키가　남긴　데이터로\n완성한　근접전용　강마．
S2M:M20LOW:35	dup=S2M:M19LOW:35	降魔兵器「烈風」\n黒鬼会により改造された、\n遠距離支援用降魔。	강마　병기　「열풍」\n흑귀회가　개조한\n원거리　지원용　강마．
S2M:M20LOW:36	dup=S2M:M19LOW:36	回復用降魔兵器。\n降魔の力を活性化させる、\n回復能力を持つ。	회복용　강마　병기．\n강마의　힘을　활성화하는\n회복　능력을　지닌다．
S2M:M20LOW:37		降魔兵器「烈風」\n射程距離・攻撃力を重視した\n設計になっている。	강마　병기　「열풍」\n사거리・공격력　중시형으로\n설계됐다．
S2M:M20LOW:38		重爆用降魔兵器。\n散弾が胎内に装填されており、\n口から発射される。	중폭격용　강마　병기．\n산탄을　내부에　장전해\n입에서　발사한다．
S2M:M20LOW:39	dup=S2M:M05LOW:40	魔操機兵、脇侍・改。\n独特の攻撃範囲を持ち、\nニ型特と呼ばれる。	마조기병，　협시・개．\n독특한　공격　범위를　지녀\n니형　특이라　부른다．
S2M:M20LOW:40	dup=S2M:M01LOW:40	メッセージ１８	메시지　１８
S2M:M20LOW:41	dup=S2M:M01LOW:41	メッセージ１９	메시지　１９
S2M:M20LOW:42	dup=S2M:M01LOW:42	メッセージ２０	메시지　２０
S2M:M20LOW:43	dup=S2M:M01LOW:43	今のところ、\nかばう必要はなさそうだな。	지금은\n보호할　필요　없어　보이네．
S2M:M20LOW:44	dup=S2M:M01LOW:44	さくらくん……\n君は俺が守る！	사쿠라　군……\n내가　지킬게！
S2M:M20LOW:45	dup=S2M:M01LOW:45	すみれくん……\n君の盾になってもいいかい。	스미레　군……\n네　방패가　되어도　될까？
S2M:M20LOW:46	dup=S2M:M01LOW:46	マリア……\n君の背中を守らせてくれ。	마리아……\n네　뒤를　지키게　해　줘．
S2M:M20LOW:47	dup=S2M:M01LOW:47	カンナ……\n俺は、君を全力で守るぞ！	칸나……　내가　온　힘을\n다해　지키마！
S2M:M20LOW:48	dup=S2M:M01LOW:48	アイリス……\n俺が側にいるから、\n安心していいよ。	아이리스……\n내가　곁에　있으니，\n안심해도　돼．
S2M:M20LOW:49	dup=S2M:M01LOW:49	紅蘭……\nいつだって君を助けにゆくよ。	코란……\n언제든　널　도우러　갈게．
S2M:M20LOW:50	dup=S2M:M01LOW:50	織姫くん……\n苦しいときは、\nいつでも俺を呼んでくれ！	오리히메　군……\n힘들　때는，\n언제든　날　불러！
S2M:M20LOW:51	dup=S2M:M01LOW:51	レニ……\nたまには、\n守られたっていいだろう？	레니……\n가끔은，\n보호받아도　괜찮잖아？
S2M:M20LOW:52	dup=S2M:M01LOW:52	がんばって！　大神さん！	힘내요！　오오가미　씨！
S2M:M20LOW:53	dup=S2M:M01LOW:53	大神さんが頼りです！	오오가미　씨만　믿을게요！
S2M:M20LOW:54	dup=S2M:M01LOW:54	無理しないでください、\n大神さん……	무리하지　마세요，\n오오가미　씨……
S2M:M20LOW:55	dup=S2M:M01LOW:55	がんばります！	힘낼게요！
S2M:M20LOW:56	dup=S2M:M01LOW:56	大神さんのために……\nあたし、やります！	오오가미　씨를　위해……\n제가　할게요！
S2M:M20LOW:57	dup=S2M:M01LOW:57	あたしが\nがんばらなくっちゃ！	제가　힘내야　해요！
S2M:M20LOW:58	dup=S2M:M01LOW:58	あたし……負けないわ……	저…　지지　않을　거예요…
S2M:M20LOW:59	dup=S2M:M01LOW:59	……ありがとうございます。\n大神さん。	……감사합니다．\n오오가미　씨．
S2M:M20LOW:60	dup=S2M:M01LOW:60	大神さんがいてくれるから、\nあたし、がんばれます！	오오가미　씨가　계시니까\n저도　힘낼　수　있어요！
S2M:M20LOW:61	dup=S2M:M01LOW:61	大丈夫ですか……大神さん。	괜찮으세요…　오오가미　씨．
S2M:M20LOW:62	dup=S2M:M01LOW:62	大神さん……\nごめんなさい……	오오가미　씨……\n죄송해요……
S2M:M20LOW:63	dup=S2M:M01LOW:63	ここは大神さんに\nお任せします……\n……ごめんなさい。	여기는　오오가미　씨에게\n맡길게요……\n……죄송해요．
S2M:M20LOW:64	dup=S2M:M01LOW:64	やりましたね、大神さん！	해냈네요，　오오가미　씨！
S2M:M20LOW:65	dup=S2M:M01LOW:65	今日の大神さん、\n一味違いますね。	오늘　오오가미　씨는\n평소와　다르네요．
S2M:M20LOW:66	dup=S2M:M01LOW:66	やりました！	해냈어요！
S2M:M20LOW:67	dup=S2M:M01LOW:67	大神さんのおかげです！	오오가미　씨　덕분이에요！
S2M:M20LOW:68	dup=S2M:M01LOW:68	大神さん……\nあたし、信じています。	오오가미　씨……\n저는　믿고　있어요．
S2M:M20LOW:69	dup=S2M:M01LOW:69	見せ場がきましてよ、少尉。	제　무대네요，　소위님．
S2M:M20LOW:70	dup=S2M:M01LOW:70	がんばってください、\nわたくしのために……	힘내　주세요，\n저를　위해……
S2M:M20LOW:71	dup=S2M:M01LOW:71	無理は禁物ですわ……	무리는　금물이에요……
S2M:M20LOW:72	dup=S2M:M01LOW:72	さあ、いきますわよ！	자，　갑니다！
S2M:M20LOW:73	dup=S2M:M01LOW:73	少尉、わたくしを\n見ていてくださいな。	소위님，\n저를　지켜봐　주세요．
S2M:M20LOW:74	dup=S2M:M01LOW:74	わたくしでなくては\nダメですわね。	저여야만　하겠군요．
S2M:M20LOW:75	dup=S2M:M01LOW:75	こ、この程度で……	이，　이　정도로……
S2M:M20LOW:76	dup=S2M:M01LOW:76	うれしいですわ……\n少尉……	기뻐요……\n소위님……
S2M:M20LOW:77	dup=S2M:M01LOW:77	わたくしを守ることが\nできるのは少尉だけですわ。	저를　지킬　수　있는　건\n소위님뿐이에요．
S2M:M20LOW:78	dup=S2M:M01LOW:78	かっ、身体が勝手に\n動いただけですわ……	몸이　저절로\n움직였을　뿐이에요……
S2M:M20LOW:79	dup=S2M:M01LOW:79	わたくしとしたことが……	저답지　않게……
S2M:M20LOW:80	dup=S2M:M01LOW:80	少尉を……\n……置いてはいけないのに！	소위님을……\n……두고　갈　수는　없는데！
S2M:M20LOW:81	dup=S2M:M01LOW:81	お見事ですわ、少尉。	훌륭해요，　소위님．
S2M:M20LOW:82	dup=S2M:M01LOW:82	りりしいですわよ、少尉。	늠름하시네요，　소위님．
S2M:M20LOW:83	dup=S2M:M01LOW:83	たいしたことありませんわね。	별것도　아니네요．
S2M:M20LOW:84	dup=S2M:M01LOW:84	見てくださいました？　少尉。	보셨나요？　소위님．
S2M:M20LOW:85	dup=S2M:M03LOW:85	んふっ、\nちょろいもんですわ。\nねぇ、少尉……	후훗，\n이　정도야　식은　죽이죠．\n그렇죠，　소위님……
S2M:M20LOW:86	dup=S2M:M01LOW:86	隊長、お願いします。	대장님，　부탁드려요．
S2M:M20LOW:87	dup=S2M:M01LOW:87	隊長……\n信じています。	대장님……\n믿고　있어요．
S2M:M20LOW:88	dup=S2M:M01LOW:88	隊長……\n慎重にいきましょう。	대장님……\n신중하게　가죠．
S2M:M20LOW:89	dup=S2M:M01LOW:89	さぁ、覚悟しなさい。	자，　각오하세요．
S2M:M20LOW:90	dup=S2M:M01LOW:90	私には、隊長が\nついていてくれる……	저에겐　대장님이\n곁에　계시니까……
S2M:M20LOW:91	dup=S2M:M01LOW:91	私がしっかりしなくては……	제가　정신　차려야……
S2M:M20LOW:92	dup=S2M:M01LOW:92	くっ、まだ……やれる！	큭，아직……　할　수　있어！
S2M:M20LOW:93	dup=S2M:M01LOW:93	すいません、隊長。	죄송해요，　대장님．
S2M:M20LOW:94	dup=S2M:M01LOW:94	隊長の背中……\nとても大きく見えます……	대장님　등……\n정말　커　보이네요……
S2M:M20LOW:95	dup=S2M:M01LOW:95	隊長が無事でよかった……	대장님이　무사해서　다행……
S2M:M20LOW:96	dup=S2M:M01LOW:96	隊長……申し訳ありません……	대장님……　죄송해요……
S2M:M20LOW:97	dup=S2M:M01LOW:97	もう少し……\n隊長と共に……	조금만　더……\n대장님과　함께……
S2M:M20LOW:98	dup=S2M:M01LOW:98	やりますね、隊長。	잘하시네요，　대장님．
S2M:M20LOW:99	dup=S2M:M01LOW:99	隊長が\nいてくださってよかった……	대장님이　계셔서　다행……
S2M:M20LOW:100	dup=S2M:M01LOW:100	ふんっ！　この程度……？	흥！　이　정도……？
S2M:M20LOW:101	dup=S2M:M01LOW:101	隊長、すばらしい指揮です！	대장님，　훌륭한　지휘예요！
S2M:M20LOW:102	dup=S2M:M01LOW:102	隊長が、私の力を\n何倍にもしてくれます。	대장님이　제　힘을\n몇　배나　키워　주세요．
S2M:M20LOW:103	dup=S2M:M01LOW:103	やっちまえ！　隊長！	해치워！　대장님！
S2M:M20LOW:104	dup=S2M:M01LOW:104	あたいがついてるぜ、隊長。	내가　곁에　있어，　대장．
S2M:M20LOW:105	dup=S2M:M01LOW:105	隊長の気合を見せてくれ！	대장님，　기합을　보여　줘！
S2M:M20LOW:106	dup=S2M:M01LOW:106	あたいの番だな！	내　차례구나！
S2M:M20LOW:107	dup=S2M:M01LOW:107	みていてくれよなっ！\n隊長！	지켜봐　줘！\n대장！
S2M:M20LOW:108	dup=S2M:M01LOW:108	まとめて面倒みるぜ！	한꺼번에　상대해　주마！
S2M:M20LOW:109	dup=S2M:M01LOW:109	まだまだ、\nどんどんかかってこいっ！	아직　멀었어，\n어서　덤벼！
S2M:M20LOW:110	dup=S2M:M01LOW:110	すまねぇな、隊長。	미안하군，　대장．
S2M:M20LOW:111	dup=S2M:M01LOW:111	へへっ、\n守られるってのも悪くないな。	헤헤，　보호받는　것도\n나쁘지　않군．
S2M:M20LOW:112	dup=S2M:M01LOW:112	へへっ、らしくないぜぇ？\n隊長！	헤헤，　나답지　않지？\n대장！
S2M:M20LOW:113	dup=S2M:M01LOW:113	ちくしょう……\nこんなところで……	젠장……\n이런　곳에서……
S2M:M20LOW:114	dup=S2M:M01LOW:114	隊長、すまない。\nあたいの分まで\nがんばってくれ！	대장，　미안하다．\n내　몫까지\n힘내　줘！
S2M:M20LOW:115	dup=S2M:M01LOW:115	やるじゃねぇか！　隊長！	제법이잖아！　대장！
S2M:M20LOW:116	dup=S2M:M01LOW:116	ほれぼれするぜ！　隊長！	감탄스럽군！　대장！
S2M:M20LOW:117	dup=S2M:M01LOW:117	ざっとこんなもんだぜ！	대충　이　정도지！
S2M:M20LOW:118	dup=S2M:M01LOW:118	へっへーん！\nどうだい！　隊長！	헤헤ー！\n어때！　대장！
S2M:M20LOW:119	dup=S2M:M01LOW:119	誰もあたいたちを\n止められねぇぜ！	아무도　우릴\n막을　수　없어！
S2M:M20LOW:120	dup=S2M:M01LOW:120	がんばろうね、お兄ちゃん。	힘내자，　오빠．
S2M:M20LOW:121	dup=S2M:M01LOW:121	お兄ちゃん、いっけぇー！	오빠，　가ー！
S2M:M20LOW:122	dup=S2M:M01LOW:122	お兄ちゃん……負けないで！	오빠……　지지　마！
S2M:M20LOW:123	dup=S2M:M01LOW:123	アイリス、いきまーす！	아이리스，　갑니다아！
S2M:M20LOW:124	dup=S2M:M01LOW:124	えへへっ、\nアイリスがんばるよ！	에헤헤，\n아이리스　힘낼게！
S2M:M20LOW:125	dup=S2M:M01LOW:125	アイリスが\nがんばらなくちゃ！	아이리스가\n힘내야　해！
S2M:M20LOW:126	dup=S2M:M01LOW:126	アイリス……もうだめ……	아이리스…　이제　안　돼…
S2M:M20LOW:127	dup=S2M:M01LOW:127	アイリスのために\n来てくれたんだぁー！	아이리스를　위해　왔구나ー！
S2M:M20LOW:128	dup=S2M:M01LOW:128	お兄ちゃんは、\n白馬のおうじさまだね！	오빠는\n백마　탄　왕자님이네！
S2M:M20LOW:129	dup=S2M:M01LOW:129	お兄ちゃん……\nアイリスがついてるからね。	오빠……\n아이리스가　곁에　있을게．
S2M:M20LOW:130	dup=S2M:M01LOW:130	あ……止まっちゃった……	아……　멈췄어……
S2M:M20LOW:131	dup=S2M:M01LOW:131	お兄ちゃん……\nごめんね……	오빠……\n미안해……
S2M:M20LOW:132	dup=S2M:M01LOW:132	わーい、やったね！\nお兄ちゃん！	와ー，　해냈다！\n오빠！
S2M:M20LOW:133	dup=S2M:M01LOW:133	お兄ちゃん、\nすごい、すっごーい！	오빠，\n대단해，　정말　대단해ー！
S2M:M20LOW:134	dup=S2M:M01LOW:134	アイリス、すごいでしょ！	아이리스，　대단하지！
S2M:M20LOW:135	dup=S2M:M01LOW:135	ねぇ、ねぇ！\nほめてほめて！	있잖아，　있잖아！\n칭찬해　줘，　칭찬해　줘！
S2M:M20LOW:136	dup=S2M:M01LOW:136	お兄ちゃんがいれば、\nアイリスなんにも恐くないよ！	오빠만　있으면，\n아이리스는　안　무서워！
S2M:M20LOW:137	dup=S2M:M01LOW:137	頼んだで、大神はん。	부탁한다，　오오가미　씨．
S2M:M20LOW:138	dup=S2M:M01LOW:138	ウチらの力、見せたろうで！	우리　힘을　보여　주자！
S2M:M20LOW:139	dup=S2M:M01LOW:139	だ、大丈夫かいな、大神はん。	괜찮나，　오오가미　씨．
S2M:M20LOW:140	dup=S2M:M01LOW:140	ほな、いってみよか！	그럼，　가　볼까！
S2M:M20LOW:141	dup=S2M:M01LOW:141	大神はん、\nウチにまーかしとき！	오오가미　씨，\n나한테　맡겨！
S2M:M20LOW:142	dup=S2M:M01LOW:142	ウチががんばらんと！	내가　힘내야　해！
S2M:M20LOW:143	dup=S2M:M01LOW:143	や、やばいで……	이，　이거　위험해……
S2M:M20LOW:144	dup=S2M:M01LOW:144	お、おおきに、\n大神はん……	고，　고마워，\n오오가미　씨……
S2M:M20LOW:145	dup=S2M:M01LOW:145	もう、そないなことされたら、\nウチ……	그렇게까지　해　주면，\n나……
S2M:M20LOW:146	dup=S2M:M01LOW:146	大神はんがおらんと、\nウチ……こまるんや。	오오가미　씨가　없으면，\n나……　곤란해．
S2M:M20LOW:147	dup=S2M:M01LOW:147	そのへんで、堪忍や……	이쯤에서　봐줘……
S2M:M20LOW:148	dup=S2M:M01LOW:148	大神はん、すんまへん。	오오가미　씨，　미안해．
S2M:M20LOW:149	dup=S2M:M01LOW:149	大神はん、その調子や！	오오가미　씨，　그　기세야！
S2M:M20LOW:150	dup=S2M:M01LOW:150	ええ感じやで！　大神はん！	좋은데！　오오가미　씨！
S2M:M20LOW:151	dup=S2M:M01LOW:151	いっちょあがりや！	한　건　해냈다！
S2M:M20LOW:152	dup=S2M:M01LOW:152	大神はん、\nやったで、ウチ！	오오가미　씨，\n나　해냈어！
S2M:M20LOW:153	dup=S2M:M01LOW:153	ウチらの力を合わせれば、\n千人力や！	우리　힘을　합치면，\n천군만마야！
S2M:M20LOW:154	dup=S2M:M01LOW:154	少尉さん、\nお手並み拝見でーす！	소위님，\n실력을　보여　주세요ー！
S2M:M20LOW:155	dup=S2M:M01LOW:155	早く終わらせて帰りましょー。	빨리　끝내고　돌아가요ー．
S2M:M20LOW:156	dup=S2M:M01LOW:156	ちょっと、\nヤバそうってカンジ！	잠깐，\n좀　위험해　보이는　느낌！
S2M:M20LOW:157	dup=S2M:M01LOW:157	たのしいでーす！	재밌어요ー！
S2M:M20LOW:158	dup=S2M:M01LOW:158	わたしを見ていてくださーい！	저를　지켜봐　주세요ー！
S2M:M20LOW:159	dup=S2M:M10LOW:159	勝手にやらせてもらいまーす！	맘대로　하게　해　주세요ー！
S2M:M20LOW:160	dup=S2M:M01LOW:160	シャワー浴びたいでーす！	샤워하고　싶어요ー！
S2M:M20LOW:161	dup=S2M:M10LOW:161	あはっ！\n少尉さん、サンキュでーす！	아핫！\n소위님，　고마워요ー！
S2M:M20LOW:162	dup=S2M:M01LOW:162	少尉さん、\n無理しなくていいでーす……	소위님，\n무리하지　않아도　돼요……
S2M:M20LOW:163	dup=S2M:M01LOW:163	まったく、\nダメなオトコでーす！	정말이지，\n쓸모없는　남자네요ー！
S2M:M20LOW:164	dup=S2M:M01LOW:164	これ以上はカンベンでーす！	이　이상은　봐주겠어요ー！
S2M:M20LOW:165	dup=S2M:M01LOW:165	もうだめです。\n撤退します……隊長……	이젠　안　돼요．\n후퇴할게요……　대장……
S2M:M20LOW:166	dup=S2M:M01LOW:166	なかなかやるってカンジ！	제법인데요！
S2M:M20LOW:167	dup=S2M:M01LOW:167	少尉さん、\nちょーかっこいいでーす！	소위님，\n정말　멋져요ー！
S2M:M20LOW:168	dup=S2M:M01LOW:168	楽勝でーす！	거뜬해요ー！
S2M:M20LOW:169	dup=S2M:M01LOW:169	うふっ！\n拍手をくださーい！	후훗！\n박수　쳐　주세요ー！
S2M:M20LOW:170	dup=S2M:M01LOW:170	このデュオは最高でーす！	이　듀오는　최고예요ー！
S2M:M20LOW:171	dup=S2M:M01LOW:171	……行動開始。	……행동　개시．
S2M:M20LOW:172	dup=S2M:M07LOW:172	隊長、気を付けて。	대장님，　조심하세요．
S2M:M20LOW:173	dup=S2M:M01LOW:173	……危険だよ。	……위험해．
S2M:M20LOW:174	dup=S2M:M07LOW:174	いくよ！	가자！
S2M:M20LOW:175	dup=S2M:M07LOW:175	指示、よろしく。	지시，　잘　부탁해．
S2M:M20LOW:176	dup=S2M:M08LOW:176	ボクの力で……倒す……	내　힘으로…　쓰러뜨린다…
S2M:M20LOW:177	dup=S2M:M01LOW:177	機体の損傷が激しい……	기체　손상이　심해……
S2M:M20LOW:178	dup=S2M:M01LOW:178	………………	………………
S2M:M20LOW:179	dup=S2M:M07LOW:179	……ありがとう。	…고마워．
S2M:M20LOW:180	dup=S2M:M01LOW:180	隊長……しっかり……	대장……　정신　차려……
S2M:M20LOW:181	dup=S2M:M01LOW:181	一時、撤退……	일단　후퇴……
S2M:M20LOW:182	dup=S2M:M07LOW:182	隊長、\nあとは……よろしく。	대장，\n나머지는……　부탁해．
S2M:M20LOW:183	dup=S2M:M01LOW:183	目標、撃破確認……	목표　격파　확인……
S2M:M20LOW:184	dup=S2M:M07LOW:184	やるね、隊長。	잘하네，　대장．
S2M:M20LOW:185	dup=S2M:M01LOW:185	目標撃破……	목표　격파……
S2M:M20LOW:186	dup=S2M:M07LOW:186	隊長……\n次の指示を……	대장……\n다음　지시를……
S2M:M20LOW:187	dup=S2M:M01LOW:187	これが……ボクらの力……！	이게……　우리　힘……！
S2M:M20LOW:188	dup=S2M:M01LOW:188	そぉら、いくぜ！	자아，　간다！
S2M:M20LOW:189	dup=S2M:M01LOW:189	さぁ、楽しませてくれよ。	자，　즐겁게　해　줘．
S2M:M20LOW:190	dup=S2M:M01LOW:190	勝負は……これからだぜ！	승부는……　지금부터야！
S2M:M20LOW:191	dup=S2M:M01LOW:191	なかなか、\nやるじゃねぇか！	제법이군，\n잘하잖아！
S2M:M20LOW:192	dup=S2M:M01LOW:192	おもしれぇ……	재밌군……
S2M:M20LOW:193	dup=S2M:M01LOW:193	大丈夫か、水狐。	괜찮나，　수호．
S2M:M20LOW:194	dup=S2M:M01LOW:194	華麗に燃やしてあげますよ……	화려하게　태워　드리죠……
S2M:M20LOW:195	dup=S2M:M01LOW:195	覚悟してください。	각오하세요．
S2M:M20LOW:196	dup=S2M:M01LOW:196	あははははは！	아하하하하하！
S2M:M20LOW:197	dup=S2M:M01LOW:197	燃やしつくしてやる！	모조리　태워　주마！
S2M:M20LOW:198	dup=S2M:M01LOW:198	ご……ゴミが……	쓰……　쓰레기가……
S2M:M20LOW:199	dup=S2M:M01LOW:199	私の戦いを見せてあげる。	내　싸움을　보여　주지．
S2M:M20LOW:200	dup=S2M:M01LOW:200	やさしくしてあげるわ。	상냥하게　해　줄게．
S2M:M20LOW:201	dup=S2M:M01LOW:201	ふふふ……負けないわよ。	후후후…　지지　않을　거야．
S2M:M20LOW:202	dup=S2M:M01LOW:202	やるわね。\nさすが華撃団……	잘하네．\n역시　화격단……
S2M:M20LOW:203	dup=S2M:M01LOW:203	くっ……\nこれほどとはね……	큭……\n이　정도일　줄이야……
S2M:M20LOW:204	dup=S2M:M01LOW:204	さぁ、ワシの番じゃな。	자，　내　차례로구나．
S2M:M20LOW:205	dup=S2M:M01LOW:205	ワシの計算にぬかりはないぞ。	내　계산엔　빈틈없다．
S2M:M20LOW:206	dup=S2M:M01LOW:206	こ、このままでは\n終わらぬぞ……	이，　이대로는\n끝나지　않아……
S2M:M20LOW:207	dup=S2M:M01LOW:207	これも計算のうちじゃ。	이것도　계산　안이야．
S2M:M20LOW:208	dup=S2M:M01LOW:208	ぬうっ……\nこれは計算外じゃ……	으으……\n이건　계산　밖이야……
S2M:M20LOW:209	dup=S2M:M01LOW:209	狩りとってやる！	사냥해　주마！
S2M:M20LOW:210	dup=S2M:M01LOW:210	今、楽にしてやるからな。	지금　편하게　해　주마．
S2M:M20LOW:211	dup=S2M:M01LOW:211	ひ、ひねり殺してやる！	비，　비틀어　죽여　주마！
S2M:M20LOW:212	dup=S2M:M01LOW:212	勝ったと思うなよ……	이겼다고　생각하지　마……
S2M:M20LOW:213	dup=S2M:M01LOW:213	まだ、終わりではないぞ！	아직　끝나지　않았다！
S2M:M20LOW:214	dup=S2M:M01LOW:214	終わりにしてやる。	끝내　주마．
S2M:M20LOW:215	dup=S2M:M01LOW:215	いくぞ！　華撃団っ！	간다！　화격단！
S2M:M20LOW:216	dup=S2M:M01LOW:216	まだ、まだだっ！	아직，　아직이다！
S2M:M20LOW:217	dup=S2M:M01LOW:217	腕を上げたな……	실력이　늘었구나……
S2M:M20LOW:218	dup=S2M:M01LOW:218	ぐっ……\nわたしの復讐が……	큭……\n내　복수가……
S2M:M20LOW:219	dup=S2M:M01LOW:219	容赦はせぬぞ……	봐주지　않겠다……
S2M:M20LOW:220	dup=S2M:M01LOW:220	お前たちの罪を知れ……	너희의　죄를　깨달아라……
S2M:M20LOW:221	dup=S2M:M01LOW:221	戦いとはいつも無常だ……	싸움은　언제나　덧없다……
S2M:M20LOW:222	dup=S2M:M01LOW:222	愛は死んだ……	사랑은　죽었다……
S2M:M20LOW:223	dup=S2M:M01LOW:223	ぬぅ……やるな……	으음……　제법이군……
S2M:M20LOW:224	dup=S2M:M01LOW:224	私に触れるな！	나에게　손대지　마！
S2M:M20LOW:225	dup=S2M:M01LOW:225	帝都の恨みは、\nこの程度ではないぞ……	제도의　원한은，\n이　정도가　아니다……
S2M:M20LOW:226	dup=S2M:M01LOW:226	最後に勝つのは……私だ！	최후의　승자는……　나다！
S2M:M20LOW:227	dup=S2M:M01LOW:227	この程度で……ぬうっ！	이　정도로……　으음！
S2M:M20LOW:228	dup=S2M:M01LOW:228	思い上がるな……\n偽善者めっ！	우쭐대지　마……\n위선자　자식！
S2M:M21LOW:0	dup=S2M:M01LOW:0	疾きこと風のごとく……\n移動力重視の作戦だ！	빠르기는　바람처럼……\n이동력　중시　작전이다！
S2M:M21LOW:1	dup=S2M:M01LOW:1	今は、この命令を出している。\n移動力を活かして戦おう。	현재　명령은　이것이다．\n이동력을　살려　싸우자．
S2M:M21LOW:2	dup=S2M:M01LOW:2	花組各員に通達！\n「風」作戦を開始するぞ！	화조　전원에게　통보！\n「풍」　작전　개시다！
S2M:M21LOW:3	dup=S2M:M01LOW:3	林のように心静かに……\n本来の力を引き出すんだ！	숲처럼　마음을　고요히……\n본래의　힘을　끌어내자！
S2M:M21LOW:4	dup=S2M:M01LOW:4	今は、この命令を出している。\n本来の力で敵に立ち向かおう。	현재　명령은　이것이다．\n본래의　힘으로　맞서자．
S2M:M21LOW:5	dup=S2M:M01LOW:5	花組各員に通達！\n「林」作戦を開始するぞ！	화조　전원에게　통보！\n「림」　작전　개시다！
S2M:M21LOW:6	dup=S2M:M01LOW:6	炎のように熱く燃える……\n攻撃力重視の作戦だ！	불처럼　뜨겁게　타오르는……\n공격력　중시　작전이다！
S2M:M21LOW:7	dup=S2M:M01LOW:7	今は、この命令を出している。\n攻撃力を活かして戦おう。	현재　명령은　이것이다．\n공격력을　살려　싸우자．
S2M:M21LOW:8	dup=S2M:M01LOW:8	花組各員に通達！\n「火」作戦を開始するぞ！	화조　전원에게　통보！\n「화」　작전　개시다！
S2M:M21LOW:9	dup=S2M:M01LOW:9	構えること山のごとく……\n防御力重視の作戦だ！	산처럼　굳건히　버티는……\n방어력　중시　작전이다！
S2M:M21LOW:10	dup=S2M:M01LOW:10	今は、この命令を出している。\n防御力を活かして戦おう。	현재　명령은　이것이다．\n방어력을　살려　싸우자．
S2M:M21LOW:11	dup=S2M:M01LOW:11	花組各員に通達！\n「山」作戦を開始するぞ！	화조　전원에게　통보！\n「산」　작전　개시다！
S2M:M21LOW:12	dup=S2M:M01LOW:12	このままの作戦でいくぞ！	이대로　작전을　계속한다！
S2M:M21LOW:13	dup=S2M:M01LOW:13	了解！	알겠습니다！
S2M:M21LOW:14		「武蔵」の深部に進むには、\nこの場の敵をすべて\n撃破する必要がありそうだ。	「무사시」　심부로　가려면\n이곳의　적을　모두\n격파해야　할　것　같아．
S2M:M21LOW:15		降魔兵器を倒すのに加えて、\n砲台、魔来器も破壊するぞ！\n	강마　병기뿐　아니라\n포대와　마래기도　파괴하자！
S2M:M21LOW:16	dup=S2M:M01LOW:16	０メッセージ１－３	０메시지１－３
S2M:M21LOW:17	dup=S2M:M12LOW:17	門の外に出て、\n土機を撃破するのよ！	문　밖으로　나가，\n토기를　격파해！
S2M:M21LOW:18	dup=S2M:M12LOW:18	敵の大将、土は、\n攻撃回数が多いわ。\n気をつけるのよ！	적장　토지구모는\n공격　횟수가　많아．\n조심해！
S2M:M21LOW:19	dup=S2M:M01LOW:19	０メッセージ２－３	０메시지２－３
S2M:M21LOW:20	dup=S2M:M02LOW:20	大神さん、山崎は強いわ。\n一時撤退しましょう！	야마자키는　강해요．\n일단　후퇴하죠！
S2M:M21LOW:21	dup=S2M:M01LOW:21	０メッセージ３－２	０메시지３－２
S2M:M21LOW:22	dup=S2M:M01LOW:22	０メッセージ３－３	０메시지３－３
S2M:M21LOW:23	dup=S2M:M01LOW:23	花組の隊長、大神一郎。\n高い戦闘力と、\n勇敢な心を持っている。	화조　대장，　오오가미．\n높은　전투력과\n용감한　마음을　지녔다．
S2M:M21LOW:24	dup=S2M:M01LOW:24	北辰一刀流、真宮寺さくら。\n素早い動きで、\n敵を一刀両断する。	북진일도류，　사쿠라．\n빠른　움직임으로\n적을　일도양단한다．
S2M:M21LOW:25	dup=S2M:M01LOW:25	神崎風塵流、神崎すみれ。\n華麗なナギナタの技は、\n見るものの心をもとらえる。	칸자키　풍진류，　스미레．\n화려한　나기나타　기술은\n보는　이의　마음마저　홀려．
S2M:M21LOW:26	dup=S2M:M01LOW:26	射撃手、マリア・タチバナ。\n氷の銃弾は、狙った\n獲物を決して逃さない。	사격수，　마리아．\n얼음　탄환은　노린\n먹이를　놓치지　않는다．
S2M:M21LOW:27	dup=S2M:M01LOW:27	桐島流空手、桐島カンナ。\n圧倒的なパワーで、むらがる\n敵を粉砕する。	가라테의　달인，　칸나．\n압도적　파워로　몰려드는\n적을　분쇄한다．
S2M:M21LOW:28	dup=S2M:M01LOW:28	花組のマスコット、アイリス。\n超能力を使った、\n不思議な攻撃で敵と戦う。	화조의　마스코트，\n아이리스．\n초능력으로　적과　싸운다．
S2M:M21LOW:29	dup=S2M:M01LOW:29	発明家、李紅蘭。\n次々に繰り出す発明品で、\n敵味方をあっといわせるぞ。	발명가，　코란．\n신제품을　잇달아　내놓아\n적과　아군을　놀라게　한다．
S2M:M21LOW:30	dup=S2M:M01LOW:30	元星組隊員、ソレッタ・織姫。\nイタリアンローズの機体に乗り\n赤い貴族と呼ばれている。	전　별조　대원，　오리히메．\n이탈리안　로즈를　타고\n붉은　귀족이라　불린다．
S2M:M21LOW:31	dup=S2M:M01LOW:31	レニ・ミルヒシュトラーセ。\n戦闘のプロとして、正確な\n無駄のない攻撃を行う。	레니　밀히슈트라세．　전투의\n프로답게　정확하고　군더더기\n없는　공격을　한다．
S2M:M21LOW:32		近接戦闘専用の降魔兵器。\n「万雷」を基盤に、\n戦闘能力を向上させた機体。	근접　전용　강마　병기．\n「만뢰」를　바탕으로\n전투　능력을　높인　기체．
S2M:M21LOW:33		近接攻撃用、降魔兵器。\n武蔵の力により「万雷」の\n破壊力が強化されている。	근접　공격용　강마　병기．\n무사시의　힘으로　「만뢰」의\n파괴력이　강화됐다．
S2M:M21LOW:34		降魔兵器「界雷」\n木喰の残したデータにより\n完成した、接近戦用降魔。	강마　병기　「계뢰」\n모쿠지키가　남긴　데이터로\n완성한　근접전용　강마．
S2M:M21LOW:35		支援用降魔兵器。\n「烈風」の強化発展型で、\n攻撃力が重視されている。	지원용　강마　병기．\n「열풍」의　강화　발전형으로\n공격력을　중시한다．
S2M:M21LOW:36	dup=S2M:M19LOW:36	回復用降魔兵器。\n降魔の力を活性化させる、\n回復能力を持つ。	회복용　강마　병기．\n강마의　힘을　활성화하는\n회복　능력을　지닌다．
S2M:M21LOW:37	dup=S2M:M21LOW:35	支援用降魔兵器。\n「烈風」の強化発展型で、\n攻撃力が重視されている。	지원용　강마　병기．\n「열풍」의　강화　발전형으로\n공격력을　중시한다．
S2M:M21LOW:38		降魔兵器「稲妻」\n降魔兵器の力を活性化させる\n回復用降魔。	강마　병기　「번개」\n강마의　힘을　활성화하는\n회복용　강마．
S2M:M21LOW:39		「次元砲」\n広い攻撃範囲を持ち、\n進入者を確実にしとめる。	「차원포」\n넓은　공격　범위를　지녀\n침입자를　확실히　처치한다．
S2M:M21LOW:40		「魔来器」\n次々と降魔兵器を生み出す、\n降魔製造工場。	「마래기」\n잇달아　강마　병기를　만드는\n강마　제조　공장．
S2M:M21LOW:41	dup=S2M:M01LOW:41	メッセージ１９	메시지　１９
S2M:M21LOW:42	dup=S2M:M01LOW:42	メッセージ２０	메시지　２０
S2M:M21LOW:43	dup=S2M:M01LOW:43	今のところ、\nかばう必要はなさそうだな。	지금은\n보호할　필요　없어　보이네．
S2M:M21LOW:44	dup=S2M:M01LOW:44	さくらくん……\n君は俺が守る！	사쿠라　군……\n내가　지킬게！
S2M:M21LOW:45	dup=S2M:M01LOW:45	すみれくん……\n君の盾になってもいいかい。	스미레　군……\n네　방패가　되어도　될까？
S2M:M21LOW:46	dup=S2M:M01LOW:46	マリア……\n君の背中を守らせてくれ。	마리아……\n네　뒤를　지키게　해　줘．
S2M:M21LOW:47	dup=S2M:M01LOW:47	カンナ……\n俺は、君を全力で守るぞ！	칸나……　내가　온　힘을\n다해　지키마！
S2M:M21LOW:48	dup=S2M:M01LOW:48	アイリス……\n俺が側にいるから、\n安心していいよ。	아이리스……\n내가　곁에　있으니，\n안심해도　돼．
S2M:M21LOW:49	dup=S2M:M01LOW:49	紅蘭……\nいつだって君を助けにゆくよ。	코란……\n언제든　널　도우러　갈게．
S2M:M21LOW:50	dup=S2M:M01LOW:50	織姫くん……\n苦しいときは、\nいつでも俺を呼んでくれ！	오리히메　군……\n힘들　때는，\n언제든　날　불러！
S2M:M21LOW:51	dup=S2M:M01LOW:51	レニ……\nたまには、\n守られたっていいだろう？	레니……\n가끔은，\n보호받아도　괜찮잖아？
S2M:M21LOW:52	dup=S2M:M01LOW:52	がんばって！　大神さん！	힘내요！　오오가미　씨！
S2M:M21LOW:53	dup=S2M:M01LOW:53	大神さんが頼りです！	오오가미　씨만　믿을게요！
S2M:M21LOW:54	dup=S2M:M01LOW:54	無理しないでください、\n大神さん……	무리하지　마세요，\n오오가미　씨……
S2M:M21LOW:55	dup=S2M:M01LOW:55	がんばります！	힘낼게요！
S2M:M21LOW:56	dup=S2M:M01LOW:56	大神さんのために……\nあたし、やります！	오오가미　씨를　위해……\n제가　할게요！
S2M:M21LOW:57	dup=S2M:M01LOW:57	あたしが\nがんばらなくっちゃ！	제가　힘내야　해요！
S2M:M21LOW:58	dup=S2M:M01LOW:58	あたし……負けないわ……	저…　지지　않을　거예요…
S2M:M21LOW:59	dup=S2M:M01LOW:59	……ありがとうございます。\n大神さん。	……감사합니다．\n오오가미　씨．
S2M:M21LOW:60	dup=S2M:M01LOW:60	大神さんがいてくれるから、\nあたし、がんばれます！	오오가미　씨가　계시니까\n저도　힘낼　수　있어요！
S2M:M21LOW:61	dup=S2M:M01LOW:61	大丈夫ですか……大神さん。	괜찮으세요…　오오가미　씨．
S2M:M21LOW:62	dup=S2M:M01LOW:62	大神さん……\nごめんなさい……	오오가미　씨……\n죄송해요……
S2M:M21LOW:63	dup=S2M:M01LOW:63	ここは大神さんに\nお任せします……\n……ごめんなさい。	여기는　오오가미　씨에게\n맡길게요……\n……죄송해요．
S2M:M21LOW:64	dup=S2M:M01LOW:64	やりましたね、大神さん！	해냈네요，　오오가미　씨！
S2M:M21LOW:65	dup=S2M:M01LOW:65	今日の大神さん、\n一味違いますね。	오늘　오오가미　씨는\n평소와　다르네요．
S2M:M21LOW:66	dup=S2M:M01LOW:66	やりました！	해냈어요！
S2M:M21LOW:67	dup=S2M:M01LOW:67	大神さんのおかげです！	오오가미　씨　덕분이에요！
S2M:M21LOW:68	dup=S2M:M01LOW:68	大神さん……\nあたし、信じています。	오오가미　씨……\n저는　믿고　있어요．
S2M:M21LOW:69	dup=S2M:M01LOW:69	見せ場がきましてよ、少尉。	제　무대네요，　소위님．
S2M:M21LOW:70	dup=S2M:M01LOW:70	がんばってください、\nわたくしのために……	힘내　주세요，\n저를　위해……
S2M:M21LOW:71	dup=S2M:M01LOW:71	無理は禁物ですわ……	무리는　금물이에요……
S2M:M21LOW:72	dup=S2M:M01LOW:72	さあ、いきますわよ！	자，　갑니다！
S2M:M21LOW:73	dup=S2M:M01LOW:73	少尉、わたくしを\n見ていてくださいな。	소위님，\n저를　지켜봐　주세요．
S2M:M21LOW:74	dup=S2M:M01LOW:74	わたくしでなくては\nダメですわね。	저여야만　하겠군요．
S2M:M21LOW:75	dup=S2M:M01LOW:75	こ、この程度で……	이，　이　정도로……
S2M:M21LOW:76	dup=S2M:M01LOW:76	うれしいですわ……\n少尉……	기뻐요……\n소위님……
S2M:M21LOW:77	dup=S2M:M01LOW:77	わたくしを守ることが\nできるのは少尉だけですわ。	저를　지킬　수　있는　건\n소위님뿐이에요．
S2M:M21LOW:78	dup=S2M:M01LOW:78	かっ、身体が勝手に\n動いただけですわ……	몸이　저절로\n움직였을　뿐이에요……
S2M:M21LOW:79	dup=S2M:M01LOW:79	わたくしとしたことが……	저답지　않게……
S2M:M21LOW:80	dup=S2M:M01LOW:80	少尉を……\n……置いてはいけないのに！	소위님을……\n……두고　갈　수는　없는데！
S2M:M21LOW:81	dup=S2M:M01LOW:81	お見事ですわ、少尉。	훌륭해요，　소위님．
S2M:M21LOW:82	dup=S2M:M01LOW:82	りりしいですわよ、少尉。	늠름하시네요，　소위님．
S2M:M21LOW:83	dup=S2M:M01LOW:83	たいしたことありませんわね。	별것도　아니네요．
S2M:M21LOW:84	dup=S2M:M01LOW:84	見てくださいました？　少尉。	보셨나요？　소위님．
S2M:M21LOW:85	dup=S2M:M03LOW:85	んふっ、\nちょろいもんですわ。\nねぇ、少尉……	후훗，\n이　정도야　식은　죽이죠．\n그렇죠，　소위님……
S2M:M21LOW:86	dup=S2M:M01LOW:86	隊長、お願いします。	대장님，　부탁드려요．
S2M:M21LOW:87	dup=S2M:M01LOW:87	隊長……\n信じています。	대장님……\n믿고　있어요．
S2M:M21LOW:88	dup=S2M:M01LOW:88	隊長……\n慎重にいきましょう。	대장님……\n신중하게　가죠．
S2M:M21LOW:89	dup=S2M:M01LOW:89	さぁ、覚悟しなさい。	자，　각오하세요．
S2M:M21LOW:90	dup=S2M:M01LOW:90	私には、隊長が\nついていてくれる……	저에겐　대장님이\n곁에　계시니까……
S2M:M21LOW:91	dup=S2M:M01LOW:91	私がしっかりしなくては……	제가　정신　차려야……
S2M:M21LOW:92	dup=S2M:M01LOW:92	くっ、まだ……やれる！	큭，아직……　할　수　있어！
S2M:M21LOW:93	dup=S2M:M01LOW:93	すいません、隊長。	죄송해요，　대장님．
S2M:M21LOW:94	dup=S2M:M01LOW:94	隊長の背中……\nとても大きく見えます……	대장님　등……\n정말　커　보이네요……
S2M:M21LOW:95	dup=S2M:M01LOW:95	隊長が無事でよかった……	대장님이　무사해서　다행……
S2M:M21LOW:96	dup=S2M:M01LOW:96	隊長……申し訳ありません……	대장님……　죄송해요……
S2M:M21LOW:97	dup=S2M:M01LOW:97	もう少し……\n隊長と共に……	조금만　더……\n대장님과　함께……
S2M:M21LOW:98	dup=S2M:M01LOW:98	やりますね、隊長。	잘하시네요，　대장님．
S2M:M21LOW:99	dup=S2M:M01LOW:99	隊長が\nいてくださってよかった……	대장님이　계셔서　다행……
S2M:M21LOW:100	dup=S2M:M01LOW:100	ふんっ！　この程度……？	흥！　이　정도……？
S2M:M21LOW:101	dup=S2M:M01LOW:101	隊長、すばらしい指揮です！	대장님，　훌륭한　지휘예요！
S2M:M21LOW:102	dup=S2M:M01LOW:102	隊長が、私の力を\n何倍にもしてくれます。	대장님이　제　힘을\n몇　배나　키워　주세요．
S2M:M21LOW:103	dup=S2M:M01LOW:103	やっちまえ！　隊長！	해치워！　대장님！
S2M:M21LOW:104	dup=S2M:M01LOW:104	あたいがついてるぜ、隊長。	내가　곁에　있어，　대장．
S2M:M21LOW:105	dup=S2M:M01LOW:105	隊長の気合を見せてくれ！	대장님，　기합을　보여　줘！
S2M:M21LOW:106	dup=S2M:M01LOW:106	あたいの番だな！	내　차례구나！
S2M:M21LOW:107	dup=S2M:M01LOW:107	みていてくれよなっ！\n隊長！	지켜봐　줘！\n대장！
S2M:M21LOW:108	dup=S2M:M01LOW:108	まとめて面倒みるぜ！	한꺼번에　상대해　주마！
S2M:M21LOW:109	dup=S2M:M01LOW:109	まだまだ、\nどんどんかかってこいっ！	아직　멀었어，\n어서　덤벼！
S2M:M21LOW:110	dup=S2M:M01LOW:110	すまねぇな、隊長。	미안하군，　대장．
S2M:M21LOW:111	dup=S2M:M01LOW:111	へへっ、\n守られるってのも悪くないな。	헤헤，　보호받는　것도\n나쁘지　않군．
S2M:M21LOW:112	dup=S2M:M01LOW:112	へへっ、らしくないぜぇ？\n隊長！	헤헤，　나답지　않지？\n대장！
S2M:M21LOW:113	dup=S2M:M01LOW:113	ちくしょう……\nこんなところで……	젠장……\n이런　곳에서……
S2M:M21LOW:114	dup=S2M:M01LOW:114	隊長、すまない。\nあたいの分まで\nがんばってくれ！	대장，　미안하다．\n내　몫까지\n힘내　줘！
S2M:M21LOW:115	dup=S2M:M01LOW:115	やるじゃねぇか！　隊長！	제법이잖아！　대장！
S2M:M21LOW:116	dup=S2M:M01LOW:116	ほれぼれするぜ！　隊長！	감탄스럽군！　대장！
S2M:M21LOW:117	dup=S2M:M01LOW:117	ざっとこんなもんだぜ！	대충　이　정도지！
S2M:M21LOW:118	dup=S2M:M01LOW:118	へっへーん！\nどうだい！　隊長！	헤헤ー！\n어때！　대장！
S2M:M21LOW:119	dup=S2M:M01LOW:119	誰もあたいたちを\n止められねぇぜ！	아무도　우릴\n막을　수　없어！
S2M:M21LOW:120	dup=S2M:M01LOW:120	がんばろうね、お兄ちゃん。	힘내자，　오빠．
S2M:M21LOW:121	dup=S2M:M01LOW:121	お兄ちゃん、いっけぇー！	오빠，　가ー！
S2M:M21LOW:122	dup=S2M:M01LOW:122	お兄ちゃん……負けないで！	오빠……　지지　마！
S2M:M21LOW:123	dup=S2M:M01LOW:123	アイリス、いきまーす！	아이리스，　갑니다아！
S2M:M21LOW:124	dup=S2M:M01LOW:124	えへへっ、\nアイリスがんばるよ！	에헤헤，\n아이리스　힘낼게！
S2M:M21LOW:125	dup=S2M:M01LOW:125	アイリスが\nがんばらなくちゃ！	아이리스가\n힘내야　해！
S2M:M21LOW:126	dup=S2M:M01LOW:126	アイリス……もうだめ……	아이리스…　이제　안　돼…
S2M:M21LOW:127	dup=S2M:M01LOW:127	アイリスのために\n来てくれたんだぁー！	아이리스를　위해　왔구나ー！
S2M:M21LOW:128	dup=S2M:M01LOW:128	お兄ちゃんは、\n白馬のおうじさまだね！	오빠는\n백마　탄　왕자님이네！
S2M:M21LOW:129	dup=S2M:M01LOW:129	お兄ちゃん……\nアイリスがついてるからね。	오빠……\n아이리스가　곁에　있을게．
S2M:M21LOW:130	dup=S2M:M01LOW:130	あ……止まっちゃった……	아……　멈췄어……
S2M:M21LOW:131	dup=S2M:M01LOW:131	お兄ちゃん……\nごめんね……	오빠……\n미안해……
S2M:M21LOW:132	dup=S2M:M01LOW:132	わーい、やったね！\nお兄ちゃん！	와ー，　해냈다！\n오빠！
S2M:M21LOW:133	dup=S2M:M01LOW:133	お兄ちゃん、\nすごい、すっごーい！	오빠，\n대단해，　정말　대단해ー！
S2M:M21LOW:134	dup=S2M:M01LOW:134	アイリス、すごいでしょ！	아이리스，　대단하지！
S2M:M21LOW:135	dup=S2M:M01LOW:135	ねぇ、ねぇ！\nほめてほめて！	있잖아，　있잖아！\n칭찬해　줘，　칭찬해　줘！
S2M:M21LOW:136	dup=S2M:M01LOW:136	お兄ちゃんがいれば、\nアイリスなんにも恐くないよ！	오빠만　있으면，\n아이리스는　안　무서워！
S2M:M21LOW:137	dup=S2M:M01LOW:137	頼んだで、大神はん。	부탁한다，　오오가미　씨．
S2M:M21LOW:138	dup=S2M:M01LOW:138	ウチらの力、見せたろうで！	우리　힘을　보여　주자！
S2M:M21LOW:139	dup=S2M:M01LOW:139	だ、大丈夫かいな、大神はん。	괜찮나，　오오가미　씨．
S2M:M21LOW:140	dup=S2M:M01LOW:140	ほな、いってみよか！	그럼，　가　볼까！
S2M:M21LOW:141	dup=S2M:M01LOW:141	大神はん、\nウチにまーかしとき！	오오가미　씨，\n나한테　맡겨！
S2M:M21LOW:142	dup=S2M:M01LOW:142	ウチががんばらんと！	내가　힘내야　해！
S2M:M21LOW:143	dup=S2M:M01LOW:143	や、やばいで……	이，　이거　위험해……
S2M:M21LOW:144	dup=S2M:M01LOW:144	お、おおきに、\n大神はん……	고，　고마워，\n오오가미　씨……
S2M:M21LOW:145	dup=S2M:M01LOW:145	もう、そないなことされたら、\nウチ……	그렇게까지　해　주면，\n나……
S2M:M21LOW:146	dup=S2M:M01LOW:146	大神はんがおらんと、\nウチ……こまるんや。	오오가미　씨가　없으면，\n나……　곤란해．
S2M:M21LOW:147	dup=S2M:M01LOW:147	そのへんで、堪忍や……	이쯤에서　봐줘……
S2M:M21LOW:148	dup=S2M:M01LOW:148	大神はん、すんまへん。	오오가미　씨，　미안해．
S2M:M21LOW:149	dup=S2M:M01LOW:149	大神はん、その調子や！	오오가미　씨，　그　기세야！
S2M:M21LOW:150	dup=S2M:M01LOW:150	ええ感じやで！　大神はん！	좋은데！　오오가미　씨！
S2M:M21LOW:151	dup=S2M:M01LOW:151	いっちょあがりや！	한　건　해냈다！
S2M:M21LOW:152	dup=S2M:M01LOW:152	大神はん、\nやったで、ウチ！	오오가미　씨，\n나　해냈어！
S2M:M21LOW:153	dup=S2M:M01LOW:153	ウチらの力を合わせれば、\n千人力や！	우리　힘을　합치면，\n천군만마야！
S2M:M21LOW:154	dup=S2M:M01LOW:154	少尉さん、\nお手並み拝見でーす！	소위님，\n실력을　보여　주세요ー！
S2M:M21LOW:155	dup=S2M:M01LOW:155	早く終わらせて帰りましょー。	빨리　끝내고　돌아가요ー．
S2M:M21LOW:156	dup=S2M:M01LOW:156	ちょっと、\nヤバそうってカンジ！	잠깐，\n좀　위험해　보이는　느낌！
S2M:M21LOW:157	dup=S2M:M01LOW:157	たのしいでーす！	재밌어요ー！
S2M:M21LOW:158	dup=S2M:M01LOW:158	わたしを見ていてくださーい！	저를　지켜봐　주세요ー！
S2M:M21LOW:159	dup=S2M:M10LOW:159	勝手にやらせてもらいまーす！	맘대로　하게　해　주세요ー！
S2M:M21LOW:160	dup=S2M:M01LOW:160	シャワー浴びたいでーす！	샤워하고　싶어요ー！
S2M:M21LOW:161	dup=S2M:M10LOW:161	あはっ！\n少尉さん、サンキュでーす！	아핫！\n소위님，　고마워요ー！
S2M:M21LOW:162	dup=S2M:M01LOW:162	少尉さん、\n無理しなくていいでーす……	소위님，\n무리하지　않아도　돼요……
S2M:M21LOW:163	dup=S2M:M01LOW:163	まったく、\nダメなオトコでーす！	정말이지，\n쓸모없는　남자네요ー！
S2M:M21LOW:164	dup=S2M:M01LOW:164	これ以上はカンベンでーす！	이　이상은　봐주겠어요ー！
S2M:M21LOW:165	dup=S2M:M01LOW:165	もうだめです。\n撤退します……隊長……	이젠　안　돼요．\n후퇴할게요……　대장……
S2M:M21LOW:166	dup=S2M:M01LOW:166	なかなかやるってカンジ！	제법인데요！
S2M:M21LOW:167	dup=S2M:M01LOW:167	少尉さん、\nちょーかっこいいでーす！	소위님，\n정말　멋져요ー！
S2M:M21LOW:168	dup=S2M:M01LOW:168	楽勝でーす！	거뜬해요ー！
S2M:M21LOW:169	dup=S2M:M01LOW:169	うふっ！\n拍手をくださーい！	후훗！\n박수　쳐　주세요ー！
S2M:M21LOW:170	dup=S2M:M01LOW:170	このデュオは最高でーす！	이　듀오는　최고예요ー！
S2M:M21LOW:171	dup=S2M:M01LOW:171	……行動開始。	……행동　개시．
S2M:M21LOW:172	dup=S2M:M07LOW:172	隊長、気を付けて。	대장님，　조심하세요．
S2M:M21LOW:173	dup=S2M:M01LOW:173	……危険だよ。	……위험해．
S2M:M21LOW:174	dup=S2M:M07LOW:174	いくよ！	가자！
S2M:M21LOW:175	dup=S2M:M07LOW:175	指示、よろしく。	지시，　잘　부탁해．
S2M:M21LOW:176	dup=S2M:M08LOW:176	ボクの力で……倒す……	내　힘으로…　쓰러뜨린다…
S2M:M21LOW:177	dup=S2M:M01LOW:177	機体の損傷が激しい……	기체　손상이　심해……
S2M:M21LOW:178	dup=S2M:M01LOW:178	………………	………………
S2M:M21LOW:179	dup=S2M:M07LOW:179	……ありがとう。	…고마워．
S2M:M21LOW:180	dup=S2M:M01LOW:180	隊長……しっかり……	대장……　정신　차려……
S2M:M21LOW:181	dup=S2M:M01LOW:181	一時、撤退……	일단　후퇴……
S2M:M21LOW:182	dup=S2M:M07LOW:182	隊長、\nあとは……よろしく。	대장，\n나머지는……　부탁해．
S2M:M21LOW:183	dup=S2M:M01LOW:183	目標、撃破確認……	목표　격파　확인……
S2M:M21LOW:184	dup=S2M:M07LOW:184	やるね、隊長。	잘하네，　대장．
S2M:M21LOW:185	dup=S2M:M01LOW:185	目標撃破……	목표　격파……
S2M:M21LOW:186	dup=S2M:M07LOW:186	隊長……\n次の指示を……	대장……\n다음　지시를……
S2M:M21LOW:187	dup=S2M:M01LOW:187	これが……ボクらの力……！	이게……　우리　힘……！
S2M:M21LOW:188	dup=S2M:M01LOW:188	そぉら、いくぜ！	자아，　간다！
S2M:M21LOW:189	dup=S2M:M01LOW:189	さぁ、楽しませてくれよ。	자，　즐겁게　해　줘．
S2M:M21LOW:190	dup=S2M:M01LOW:190	勝負は……これからだぜ！	승부는……　지금부터야！
S2M:M21LOW:191	dup=S2M:M01LOW:191	なかなか、\nやるじゃねぇか！	제법이군，\n잘하잖아！
S2M:M21LOW:192	dup=S2M:M01LOW:192	おもしれぇ……	재밌군……
S2M:M21LOW:193	dup=S2M:M01LOW:193	大丈夫か、水狐。	괜찮나，　수호．
S2M:M21LOW:194	dup=S2M:M01LOW:194	華麗に燃やしてあげますよ……	화려하게　태워　드리죠……
S2M:M21LOW:195	dup=S2M:M01LOW:195	覚悟してください。	각오하세요．
S2M:M21LOW:196	dup=S2M:M01LOW:196	あははははは！	아하하하하하！
S2M:M21LOW:197	dup=S2M:M01LOW:197	燃やしつくしてやる！	모조리　태워　주마！
S2M:M21LOW:198	dup=S2M:M01LOW:198	ご……ゴミが……	쓰……　쓰레기가……
S2M:M21LOW:199	dup=S2M:M01LOW:199	私の戦いを見せてあげる。	내　싸움을　보여　주지．
S2M:M21LOW:200	dup=S2M:M01LOW:200	やさしくしてあげるわ。	상냥하게　해　줄게．
S2M:M21LOW:201	dup=S2M:M01LOW:201	ふふふ……負けないわよ。	후후후…　지지　않을　거야．
S2M:M21LOW:202	dup=S2M:M01LOW:202	やるわね。\nさすが華撃団……	잘하네．\n역시　화격단……
S2M:M21LOW:203	dup=S2M:M01LOW:203	くっ……\nこれほどとはね……	큭……\n이　정도일　줄이야……
S2M:M21LOW:204	dup=S2M:M01LOW:204	さぁ、ワシの番じゃな。	자，　내　차례로구나．
S2M:M21LOW:205	dup=S2M:M01LOW:205	ワシの計算にぬかりはないぞ。	내　계산엔　빈틈없다．
S2M:M21LOW:206	dup=S2M:M01LOW:206	こ、このままでは\n終わらぬぞ……	이，　이대로는\n끝나지　않아……
S2M:M21LOW:207	dup=S2M:M01LOW:207	これも計算のうちじゃ。	이것도　계산　안이야．
S2M:M21LOW:208	dup=S2M:M01LOW:208	ぬうっ……\nこれは計算外じゃ……	으으……\n이건　계산　밖이야……
S2M:M21LOW:209	dup=S2M:M01LOW:209	狩りとってやる！	사냥해　주마！
S2M:M21LOW:210	dup=S2M:M01LOW:210	今、楽にしてやるからな。	지금　편하게　해　주마．
S2M:M21LOW:211	dup=S2M:M01LOW:211	ひ、ひねり殺してやる！	비，　비틀어　죽여　주마！
S2M:M21LOW:212	dup=S2M:M01LOW:212	勝ったと思うなよ……	이겼다고　생각하지　마……
S2M:M21LOW:213	dup=S2M:M01LOW:213	まだ、終わりではないぞ！	아직　끝나지　않았다！
S2M:M21LOW:214	dup=S2M:M01LOW:214	終わりにしてやる。	끝내　주마．
S2M:M21LOW:215	dup=S2M:M01LOW:215	いくぞ！　華撃団っ！	간다！　화격단！
S2M:M21LOW:216	dup=S2M:M01LOW:216	まだ、まだだっ！	아직，　아직이다！
S2M:M21LOW:217	dup=S2M:M01LOW:217	腕を上げたな……	실력이　늘었구나……
S2M:M21LOW:218	dup=S2M:M01LOW:218	ぐっ……\nわたしの復讐が……	큭……\n내　복수가……
S2M:M21LOW:219	dup=S2M:M01LOW:219	容赦はせぬぞ……	봐주지　않겠다……
S2M:M21LOW:220	dup=S2M:M01LOW:220	お前たちの罪を知れ……	너희의　죄를　깨달아라……
S2M:M21LOW:221	dup=S2M:M01LOW:221	戦いとはいつも無常だ……	싸움은　언제나　덧없다……
S2M:M21LOW:222	dup=S2M:M01LOW:222	愛は死んだ……	사랑은　죽었다……
S2M:M21LOW:223	dup=S2M:M01LOW:223	ぬぅ……やるな……	으음……　제법이군……
S2M:M21LOW:224	dup=S2M:M01LOW:224	私に触れるな！	나에게　손대지　마！
S2M:M21LOW:225	dup=S2M:M01LOW:225	帝都の恨みは、\nこの程度ではないぞ……	제도의　원한은，\n이　정도가　아니다……
S2M:M21LOW:226	dup=S2M:M01LOW:226	最後に勝つのは……私だ！	최후의　승자는……　나다！
S2M:M21LOW:227	dup=S2M:M01LOW:227	この程度で……ぬうっ！	이　정도로……　으음！
S2M:M21LOW:228	dup=S2M:M01LOW:228	思い上がるな……\n偽善者めっ！	우쭐대지　마……\n위선자　자식！
S2M:M22LOW:0	dup=S2M:M01LOW:0	疾きこと風のごとく……\n移動力重視の作戦だ！	빠르기는　바람처럼……\n이동력　중시　작전이다！
S2M:M22LOW:1	dup=S2M:M01LOW:1	今は、この命令を出している。\n移動力を活かして戦おう。	현재　명령은　이것이다．\n이동력을　살려　싸우자．
S2M:M22LOW:2	dup=S2M:M01LOW:2	花組各員に通達！\n「風」作戦を開始するぞ！	화조　전원에게　통보！\n「풍」　작전　개시다！
S2M:M22LOW:3	dup=S2M:M01LOW:3	林のように心静かに……\n本来の力を引き出すんだ！	숲처럼　마음을　고요히……\n본래의　힘을　끌어내자！
S2M:M22LOW:4	dup=S2M:M01LOW:4	今は、この命令を出している。\n本来の力で敵に立ち向かおう。	현재　명령은　이것이다．\n본래의　힘으로　맞서자．
S2M:M22LOW:5	dup=S2M:M01LOW:5	花組各員に通達！\n「林」作戦を開始するぞ！	화조　전원에게　통보！\n「림」　작전　개시다！
S2M:M22LOW:6	dup=S2M:M01LOW:6	炎のように熱く燃える……\n攻撃力重視の作戦だ！	불처럼　뜨겁게　타오르는……\n공격력　중시　작전이다！
S2M:M22LOW:7	dup=S2M:M01LOW:7	今は、この命令を出している。\n攻撃力を活かして戦おう。	현재　명령은　이것이다．\n공격력을　살려　싸우자．
S2M:M22LOW:8	dup=S2M:M01LOW:8	花組各員に通達！\n「火」作戦を開始するぞ！	화조　전원에게　통보！\n「화」　작전　개시다！
S2M:M22LOW:9	dup=S2M:M01LOW:9	構えること山のごとく……\n防御力重視の作戦だ！	산처럼　굳건히　버티는……\n방어력　중시　작전이다！
S2M:M22LOW:10	dup=S2M:M01LOW:10	今は、この命令を出している。\n防御力を活かして戦おう。	현재　명령은　이것이다．\n방어력을　살려　싸우자．
S2M:M22LOW:11	dup=S2M:M01LOW:11	花組各員に通達！\n「山」作戦を開始するぞ！	화조　전원에게　통보！\n「산」　작전　개시다！
S2M:M22LOW:12	dup=S2M:M01LOW:12	このままの作戦でいくぞ！	이대로　작전을　계속한다！
S2M:M22LOW:13	dup=S2M:M01LOW:13	了解！	알겠습니다！
S2M:M22LOW:14		花組各員に通達！\n武蔵の心臓部に進むため、\n「闇神威」を撃破する！	화조　전원에게　통보！\n무사시　심장부로　가기　위해\n「암신위」를　격파한다！
S2M:M22LOW:15		０メッセー２－１	０메시지２－１
S2M:M22LOW:16	dup=S2M:M01LOW:19	０メッセージ２－３	０메시지２－３
S2M:M22LOW:17	dup=S2M:M12LOW:17	門の外に出て、\n土機を撃破するのよ！	문　밖으로　나가，\n토기를　격파해！
S2M:M22LOW:18	dup=S2M:M12LOW:18	敵の大将、土は、\n攻撃回数が多いわ。\n気をつけるのよ！	적장　토지구모는\n공격　횟수가　많아．\n조심해！
S2M:M22LOW:19	dup=S2M:M01LOW:19	０メッセージ２－３	０메시지２－３
S2M:M22LOW:20	dup=S2M:M02LOW:20	大神さん、山崎は強いわ。\n一時撤退しましょう！	야마자키는　강해요．\n일단　후퇴하죠！
S2M:M22LOW:21	dup=S2M:M01LOW:21	０メッセージ３－２	０메시지３－２
S2M:M22LOW:22	dup=S2M:M01LOW:22	０メッセージ３－３	０메시지３－３
S2M:M22LOW:23	dup=S2M:M01LOW:23	花組の隊長、大神一郎。\n高い戦闘力と、\n勇敢な心を持っている。	화조　대장，　오오가미．\n높은　전투력과\n용감한　마음을　지녔다．
S2M:M22LOW:24	dup=S2M:M01LOW:24	北辰一刀流、真宮寺さくら。\n素早い動きで、\n敵を一刀両断する。	북진일도류，　사쿠라．\n빠른　움직임으로\n적을　일도양단한다．
S2M:M22LOW:25	dup=S2M:M01LOW:25	神崎風塵流、神崎すみれ。\n華麗なナギナタの技は、\n見るものの心をもとらえる。	칸자키　풍진류，　스미레．\n화려한　나기나타　기술은\n보는　이의　마음마저　홀려．
S2M:M22LOW:26	dup=S2M:M01LOW:26	射撃手、マリア・タチバナ。\n氷の銃弾は、狙った\n獲物を決して逃さない。	사격수，　마리아．\n얼음　탄환은　노린\n먹이를　놓치지　않는다．
S2M:M22LOW:27	dup=S2M:M01LOW:27	桐島流空手、桐島カンナ。\n圧倒的なパワーで、むらがる\n敵を粉砕する。	가라테의　달인，　칸나．\n압도적　파워로　몰려드는\n적을　분쇄한다．
S2M:M22LOW:28	dup=S2M:M01LOW:28	花組のマスコット、アイリス。\n超能力を使った、\n不思議な攻撃で敵と戦う。	화조의　마스코트，\n아이리스．\n초능력으로　적과　싸운다．
S2M:M22LOW:29	dup=S2M:M01LOW:29	発明家、李紅蘭。\n次々に繰り出す発明品で、\n敵味方をあっといわせるぞ。	발명가，　코란．\n신제품을　잇달아　내놓아\n적과　아군을　놀라게　한다．
S2M:M22LOW:30	dup=S2M:M01LOW:30	元星組隊員、ソレッタ・織姫。\nイタリアンローズの機体に乗り\n赤い貴族と呼ばれている。	전　별조　대원，　오리히메．\n이탈리안　로즈를　타고\n붉은　귀족이라　불린다．
S2M:M22LOW:31	dup=S2M:M01LOW:31	レニ・ミルヒシュトラーセ。\n戦闘のプロとして、正確な\n無駄のない攻撃を行う。	레니　밀히슈트라세．　전투의\n프로답게　정확하고　군더더기\n없는　공격을　한다．
S2M:M22LOW:32	dup=S2M:M21LOW:32	近接戦闘専用の降魔兵器。\n「万雷」を基盤に、\n戦闘能力を向上させた機体。	근접　전용　강마　병기．\n「만뢰」를　바탕으로\n전투　능력을　높인　기체．
S2M:M22LOW:33	dup=S2M:M21LOW:35	支援用降魔兵器。\n「烈風」の強化発展型で、\n攻撃力が重視されている。	지원용　강마　병기．\n「열풍」의　강화　발전형으로\n공격력을　중시한다．
S2M:M22LOW:34		降魔兵器「界雷」\n木喰の残したデータにより\n戦闘力を最大に引き出した。	강마　병기　「계뢰」\n모쿠지키가　남긴　데이터로\n전투력을　최대한　끌어냈다．
S2M:M22LOW:35		降魔兵器\n黒鬼会により改造された、\n遠距離支援用降魔。	강마　병기\n흑귀회가　개조한\n원거리　지원용　강마．
S2M:M22LOW:36	dup=S2M:M19LOW:36	回復用降魔兵器。\n降魔の力を活性化させる、\n回復能力を持つ。	회복용　강마　병기．\n강마의　힘을　활성화하는\n회복　능력을　지닌다．
S2M:M22LOW:37		降魔兵器「驟雨」\n雨のような手数で攻撃を行う。\n機動力も高い。	강마　병기　「취우」\n비처럼　공격을　퍼붓는다．\n기동력도　높다．
S2M:M22LOW:38		重爆用降魔兵器。\n長射程と攻撃力をあわせ持つ、\n優れた機体になっている。	중폭격용　강마　병기．\n긴　사거리와　높은　공격력의\n우수한　기체다．
S2M:M22LOW:39		降魔兵器「竜光」\n複数の敵に被害を与える目的で\n設計されている。	강마　병기　「용광」\n여러　적에게　피해를　주도록\n설계됐다．
S2M:M22LOW:40		魔操機兵「闇神威」\n剣術の奥義「桜花放神」を使う\n黒鬼会の切り札。	마조기병　「암신위」\n「앵화방신」을　쓰는\n흑귀회의　비장의　수．
S2M:M22LOW:41		「円空」\n木喰の開発した支援兵器。\n闇神威用に改造されている。	「엔쿠」　모쿠지키가　개발한\n지원　병기．　암신위용으로\n개조됐다．
S2M:M22LOW:42		「火乱」\n火車の考案した支援兵器。\n闇神威用に改造されている。	「화란」\n카샤가　고안한　지원　병기．\n암신위용으로　개조됐다．
S2M:M22LOW:43	dup=S2M:M01LOW:43	今のところ、\nかばう必要はなさそうだな。	지금은\n보호할　필요　없어　보이네．
S2M:M22LOW:44	dup=S2M:M01LOW:44	さくらくん……\n君は俺が守る！	사쿠라　군……\n내가　지킬게！
S2M:M22LOW:45	dup=S2M:M01LOW:45	すみれくん……\n君の盾になってもいいかい。	스미레　군……\n네　방패가　되어도　될까？
S2M:M22LOW:46	dup=S2M:M01LOW:46	マリア……\n君の背中を守らせてくれ。	마리아……\n네　뒤를　지키게　해　줘．
S2M:M22LOW:47	dup=S2M:M01LOW:47	カンナ……\n俺は、君を全力で守るぞ！	칸나……　내가　온　힘을\n다해　지키마！
S2M:M22LOW:48	dup=S2M:M01LOW:48	アイリス……\n俺が側にいるから、\n安心していいよ。	아이리스……\n내가　곁에　있으니，\n안심해도　돼．
S2M:M22LOW:49	dup=S2M:M01LOW:49	紅蘭……\nいつだって君を助けにゆくよ。	코란……\n언제든　널　도우러　갈게．
S2M:M22LOW:50	dup=S2M:M01LOW:50	織姫くん……\n苦しいときは、\nいつでも俺を呼んでくれ！	오리히메　군……\n힘들　때는，\n언제든　날　불러！
S2M:M22LOW:51	dup=S2M:M01LOW:51	レニ……\nたまには、\n守られたっていいだろう？	레니……\n가끔은，\n보호받아도　괜찮잖아？
S2M:M22LOW:52	dup=S2M:M01LOW:52	がんばって！　大神さん！	힘내요！　오오가미　씨！
S2M:M22LOW:53	dup=S2M:M01LOW:53	大神さんが頼りです！	오오가미　씨만　믿을게요！
S2M:M22LOW:54	dup=S2M:M01LOW:54	無理しないでください、\n大神さん……	무리하지　마세요，\n오오가미　씨……
S2M:M22LOW:55	dup=S2M:M01LOW:55	がんばります！	힘낼게요！
S2M:M22LOW:56	dup=S2M:M01LOW:56	大神さんのために……\nあたし、やります！	오오가미　씨를　위해……\n제가　할게요！
S2M:M22LOW:57	dup=S2M:M01LOW:57	あたしが\nがんばらなくっちゃ！	제가　힘내야　해요！
S2M:M22LOW:58	dup=S2M:M01LOW:58	あたし……負けないわ……	저…　지지　않을　거예요…
S2M:M22LOW:59	dup=S2M:M01LOW:59	……ありがとうございます。\n大神さん。	……감사합니다．\n오오가미　씨．
S2M:M22LOW:60	dup=S2M:M01LOW:60	大神さんがいてくれるから、\nあたし、がんばれます！	오오가미　씨가　계시니까\n저도　힘낼　수　있어요！
S2M:M22LOW:61	dup=S2M:M01LOW:61	大丈夫ですか……大神さん。	괜찮으세요…　오오가미　씨．
S2M:M22LOW:62	dup=S2M:M01LOW:62	大神さん……\nごめんなさい……	오오가미　씨……\n죄송해요……
S2M:M22LOW:63	dup=S2M:M01LOW:63	ここは大神さんに\nお任せします……\n……ごめんなさい。	여기는　오오가미　씨에게\n맡길게요……\n……죄송해요．
S2M:M22LOW:64	dup=S2M:M01LOW:64	やりましたね、大神さん！	해냈네요，　오오가미　씨！
S2M:M22LOW:65	dup=S2M:M01LOW:65	今日の大神さん、\n一味違いますね。	오늘　오오가미　씨는\n평소와　다르네요．
S2M:M22LOW:66	dup=S2M:M01LOW:66	やりました！	해냈어요！
S2M:M22LOW:67	dup=S2M:M01LOW:67	大神さんのおかげです！	오오가미　씨　덕분이에요！
S2M:M22LOW:68	dup=S2M:M01LOW:68	大神さん……\nあたし、信じています。	오오가미　씨……\n저는　믿고　있어요．
S2M:M22LOW:69	dup=S2M:M01LOW:69	見せ場がきましてよ、少尉。	제　무대네요，　소위님．
S2M:M22LOW:70	dup=S2M:M01LOW:70	がんばってください、\nわたくしのために……	힘내　주세요，\n저를　위해……
S2M:M22LOW:71	dup=S2M:M01LOW:71	無理は禁物ですわ……	무리는　금물이에요……
S2M:M22LOW:72	dup=S2M:M01LOW:72	さあ、いきますわよ！	자，　갑니다！
S2M:M22LOW:73	dup=S2M:M01LOW:73	少尉、わたくしを\n見ていてくださいな。	소위님，\n저를　지켜봐　주세요．
S2M:M22LOW:74	dup=S2M:M01LOW:74	わたくしでなくては\nダメですわね。	저여야만　하겠군요．
S2M:M22LOW:75	dup=S2M:M01LOW:75	こ、この程度で……	이，　이　정도로……
S2M:M22LOW:76	dup=S2M:M01LOW:76	うれしいですわ……\n少尉……	기뻐요……\n소위님……
S2M:M22LOW:77	dup=S2M:M01LOW:77	わたくしを守ることが\nできるのは少尉だけですわ。	저를　지킬　수　있는　건\n소위님뿐이에요．
S2M:M22LOW:78	dup=S2M:M01LOW:78	かっ、身体が勝手に\n動いただけですわ……	몸이　저절로\n움직였을　뿐이에요……
S2M:M22LOW:79	dup=S2M:M01LOW:79	わたくしとしたことが……	저답지　않게……
S2M:M22LOW:80	dup=S2M:M01LOW:80	少尉を……\n……置いてはいけないのに！	소위님을……\n……두고　갈　수는　없는데！
S2M:M22LOW:81	dup=S2M:M01LOW:81	お見事ですわ、少尉。	훌륭해요，　소위님．
S2M:M22LOW:82	dup=S2M:M01LOW:82	りりしいですわよ、少尉。	늠름하시네요，　소위님．
S2M:M22LOW:83	dup=S2M:M01LOW:83	たいしたことありませんわね。	별것도　아니네요．
S2M:M22LOW:84	dup=S2M:M01LOW:84	見てくださいました？　少尉。	보셨나요？　소위님．
S2M:M22LOW:85	dup=S2M:M03LOW:85	んふっ、\nちょろいもんですわ。\nねぇ、少尉……	후훗，\n이　정도야　식은　죽이죠．\n그렇죠，　소위님……
S2M:M22LOW:86	dup=S2M:M01LOW:86	隊長、お願いします。	대장님，　부탁드려요．
S2M:M22LOW:87	dup=S2M:M01LOW:87	隊長……\n信じています。	대장님……\n믿고　있어요．
S2M:M22LOW:88	dup=S2M:M01LOW:88	隊長……\n慎重にいきましょう。	대장님……\n신중하게　가죠．
S2M:M22LOW:89	dup=S2M:M01LOW:89	さぁ、覚悟しなさい。	자，　각오하세요．
S2M:M22LOW:90	dup=S2M:M01LOW:90	私には、隊長が\nついていてくれる……	저에겐　대장님이\n곁에　계시니까……
S2M:M22LOW:91	dup=S2M:M01LOW:91	私がしっかりしなくては……	제가　정신　차려야……
S2M:M22LOW:92	dup=S2M:M01LOW:92	くっ、まだ……やれる！	큭，아직……　할　수　있어！
S2M:M22LOW:93	dup=S2M:M01LOW:93	すいません、隊長。	죄송해요，　대장님．
S2M:M22LOW:94	dup=S2M:M01LOW:94	隊長の背中……\nとても大きく見えます……	대장님　등……\n정말　커　보이네요……
S2M:M22LOW:95	dup=S2M:M01LOW:95	隊長が無事でよかった……	대장님이　무사해서　다행……
S2M:M22LOW:96	dup=S2M:M01LOW:96	隊長……申し訳ありません……	대장님……　죄송해요……
S2M:M22LOW:97	dup=S2M:M01LOW:97	もう少し……\n隊長と共に……	조금만　더……\n대장님과　함께……
S2M:M22LOW:98	dup=S2M:M01LOW:98	やりますね、隊長。	잘하시네요，　대장님．
S2M:M22LOW:99	dup=S2M:M01LOW:99	隊長が\nいてくださってよかった……	대장님이　계셔서　다행……
S2M:M22LOW:100	dup=S2M:M01LOW:100	ふんっ！　この程度……？	흥！　이　정도……？
S2M:M22LOW:101	dup=S2M:M01LOW:101	隊長、すばらしい指揮です！	대장님，　훌륭한　지휘예요！
S2M:M22LOW:102	dup=S2M:M01LOW:102	隊長が、私の力を\n何倍にもしてくれます。	대장님이　제　힘을\n몇　배나　키워　주세요．
S2M:M22LOW:103	dup=S2M:M01LOW:103	やっちまえ！　隊長！	해치워！　대장님！
S2M:M22LOW:104	dup=S2M:M01LOW:104	あたいがついてるぜ、隊長。	내가　곁에　있어，　대장．
S2M:M22LOW:105	dup=S2M:M01LOW:105	隊長の気合を見せてくれ！	대장님，　기합을　보여　줘！
S2M:M22LOW:106	dup=S2M:M01LOW:106	あたいの番だな！	내　차례구나！
S2M:M22LOW:107	dup=S2M:M01LOW:107	みていてくれよなっ！\n隊長！	지켜봐　줘！\n대장！
S2M:M22LOW:108	dup=S2M:M01LOW:108	まとめて面倒みるぜ！	한꺼번에　상대해　주마！
S2M:M22LOW:109	dup=S2M:M01LOW:109	まだまだ、\nどんどんかかってこいっ！	아직　멀었어，\n어서　덤벼！
S2M:M22LOW:110	dup=S2M:M01LOW:110	すまねぇな、隊長。	미안하군，　대장．
S2M:M22LOW:111	dup=S2M:M01LOW:111	へへっ、\n守られるってのも悪くないな。	헤헤，　보호받는　것도\n나쁘지　않군．
S2M:M22LOW:112	dup=S2M:M01LOW:112	へへっ、らしくないぜぇ？\n隊長！	헤헤，　나답지　않지？\n대장！
S2M:M22LOW:113	dup=S2M:M01LOW:113	ちくしょう……\nこんなところで……	젠장……\n이런　곳에서……
S2M:M22LOW:114	dup=S2M:M01LOW:114	隊長、すまない。\nあたいの分まで\nがんばってくれ！	대장，　미안하다．\n내　몫까지\n힘내　줘！
S2M:M22LOW:115	dup=S2M:M01LOW:115	やるじゃねぇか！　隊長！	제법이잖아！　대장！
S2M:M22LOW:116	dup=S2M:M01LOW:116	ほれぼれするぜ！　隊長！	감탄스럽군！　대장！
S2M:M22LOW:117	dup=S2M:M01LOW:117	ざっとこんなもんだぜ！	대충　이　정도지！
S2M:M22LOW:118	dup=S2M:M01LOW:118	へっへーん！\nどうだい！　隊長！	헤헤ー！\n어때！　대장！
S2M:M22LOW:119	dup=S2M:M01LOW:119	誰もあたいたちを\n止められねぇぜ！	아무도　우릴\n막을　수　없어！
S2M:M22LOW:120	dup=S2M:M01LOW:120	がんばろうね、お兄ちゃん。	힘내자，　오빠．
S2M:M22LOW:121	dup=S2M:M01LOW:121	お兄ちゃん、いっけぇー！	오빠，　가ー！
S2M:M22LOW:122	dup=S2M:M01LOW:122	お兄ちゃん……負けないで！	오빠……　지지　마！
S2M:M22LOW:123	dup=S2M:M01LOW:123	アイリス、いきまーす！	아이리스，　갑니다아！
S2M:M22LOW:124	dup=S2M:M01LOW:124	えへへっ、\nアイリスがんばるよ！	에헤헤，\n아이리스　힘낼게！
S2M:M22LOW:125	dup=S2M:M01LOW:125	アイリスが\nがんばらなくちゃ！	아이리스가\n힘내야　해！
S2M:M22LOW:126	dup=S2M:M01LOW:126	アイリス……もうだめ……	아이리스…　이제　안　돼…
S2M:M22LOW:127	dup=S2M:M01LOW:127	アイリスのために\n来てくれたんだぁー！	아이리스를　위해　왔구나ー！
S2M:M22LOW:128	dup=S2M:M01LOW:128	お兄ちゃんは、\n白馬のおうじさまだね！	오빠는\n백마　탄　왕자님이네！
S2M:M22LOW:129	dup=S2M:M01LOW:129	お兄ちゃん……\nアイリスがついてるからね。	오빠……\n아이리스가　곁에　있을게．
S2M:M22LOW:130	dup=S2M:M01LOW:130	あ……止まっちゃった……	아……　멈췄어……
S2M:M22LOW:131	dup=S2M:M01LOW:131	お兄ちゃん……\nごめんね……	오빠……\n미안해……
S2M:M22LOW:132	dup=S2M:M01LOW:132	わーい、やったね！\nお兄ちゃん！	와ー，　해냈다！\n오빠！
S2M:M22LOW:133	dup=S2M:M01LOW:133	お兄ちゃん、\nすごい、すっごーい！	오빠，\n대단해，　정말　대단해ー！
S2M:M22LOW:134	dup=S2M:M01LOW:134	アイリス、すごいでしょ！	아이리스，　대단하지！
S2M:M22LOW:135	dup=S2M:M01LOW:135	ねぇ、ねぇ！\nほめてほめて！	있잖아，　있잖아！\n칭찬해　줘，　칭찬해　줘！
S2M:M22LOW:136	dup=S2M:M01LOW:136	お兄ちゃんがいれば、\nアイリスなんにも恐くないよ！	오빠만　있으면，\n아이리스는　안　무서워！
S2M:M22LOW:137	dup=S2M:M01LOW:137	頼んだで、大神はん。	부탁한다，　오오가미　씨．
S2M:M22LOW:138	dup=S2M:M01LOW:138	ウチらの力、見せたろうで！	우리　힘을　보여　주자！
S2M:M22LOW:139	dup=S2M:M01LOW:139	だ、大丈夫かいな、大神はん。	괜찮나，　오오가미　씨．
S2M:M22LOW:140	dup=S2M:M01LOW:140	ほな、いってみよか！	그럼，　가　볼까！
S2M:M22LOW:141	dup=S2M:M01LOW:141	大神はん、\nウチにまーかしとき！	오오가미　씨，\n나한테　맡겨！
S2M:M22LOW:142	dup=S2M:M01LOW:142	ウチががんばらんと！	내가　힘내야　해！
S2M:M22LOW:143	dup=S2M:M01LOW:143	や、やばいで……	이，　이거　위험해……
S2M:M22LOW:144	dup=S2M:M01LOW:144	お、おおきに、\n大神はん……	고，　고마워，\n오오가미　씨……
S2M:M22LOW:145	dup=S2M:M01LOW:145	もう、そないなことされたら、\nウチ……	그렇게까지　해　주면，\n나……
S2M:M22LOW:146	dup=S2M:M01LOW:146	大神はんがおらんと、\nウチ……こまるんや。	오오가미　씨가　없으면，\n나……　곤란해．
S2M:M22LOW:147	dup=S2M:M01LOW:147	そのへんで、堪忍や……	이쯤에서　봐줘……
S2M:M22LOW:148	dup=S2M:M01LOW:148	大神はん、すんまへん。	오오가미　씨，　미안해．
S2M:M22LOW:149	dup=S2M:M01LOW:149	大神はん、その調子や！	오오가미　씨，　그　기세야！
S2M:M22LOW:150	dup=S2M:M01LOW:150	ええ感じやで！　大神はん！	좋은데！　오오가미　씨！
S2M:M22LOW:151	dup=S2M:M01LOW:151	いっちょあがりや！	한　건　해냈다！
S2M:M22LOW:152	dup=S2M:M01LOW:152	大神はん、\nやったで、ウチ！	오오가미　씨，\n나　해냈어！
S2M:M22LOW:153	dup=S2M:M01LOW:153	ウチらの力を合わせれば、\n千人力や！	우리　힘을　합치면，\n천군만마야！
S2M:M22LOW:154	dup=S2M:M01LOW:154	少尉さん、\nお手並み拝見でーす！	소위님，\n실력을　보여　주세요ー！
S2M:M22LOW:155	dup=S2M:M01LOW:155	早く終わらせて帰りましょー。	빨리　끝내고　돌아가요ー．
S2M:M22LOW:156	dup=S2M:M01LOW:156	ちょっと、\nヤバそうってカンジ！	잠깐，\n좀　위험해　보이는　느낌！
S2M:M22LOW:157	dup=S2M:M01LOW:157	たのしいでーす！	재밌어요ー！
S2M:M22LOW:158	dup=S2M:M01LOW:158	わたしを見ていてくださーい！	저를　지켜봐　주세요ー！
S2M:M22LOW:159	dup=S2M:M10LOW:159	勝手にやらせてもらいまーす！	맘대로　하게　해　주세요ー！
S2M:M22LOW:160	dup=S2M:M01LOW:160	シャワー浴びたいでーす！	샤워하고　싶어요ー！
S2M:M22LOW:161	dup=S2M:M10LOW:161	あはっ！\n少尉さん、サンキュでーす！	아핫！\n소위님，　고마워요ー！
S2M:M22LOW:162	dup=S2M:M01LOW:162	少尉さん、\n無理しなくていいでーす……	소위님，\n무리하지　않아도　돼요……
S2M:M22LOW:163	dup=S2M:M01LOW:163	まったく、\nダメなオトコでーす！	정말이지，\n쓸모없는　남자네요ー！
S2M:M22LOW:164	dup=S2M:M01LOW:164	これ以上はカンベンでーす！	이　이상은　봐주겠어요ー！
S2M:M22LOW:165	dup=S2M:M01LOW:165	もうだめです。\n撤退します……隊長……	이젠　안　돼요．\n후퇴할게요……　대장……
S2M:M22LOW:166	dup=S2M:M01LOW:166	なかなかやるってカンジ！	제법인데요！
S2M:M22LOW:167	dup=S2M:M01LOW:167	少尉さん、\nちょーかっこいいでーす！	소위님，\n정말　멋져요ー！
S2M:M22LOW:168	dup=S2M:M01LOW:168	楽勝でーす！	거뜬해요ー！
S2M:M22LOW:169	dup=S2M:M01LOW:169	うふっ！\n拍手をくださーい！	후훗！\n박수　쳐　주세요ー！
S2M:M22LOW:170	dup=S2M:M01LOW:170	このデュオは最高でーす！	이　듀오는　최고예요ー！
S2M:M22LOW:171	dup=S2M:M01LOW:171	……行動開始。	……행동　개시．
S2M:M22LOW:172	dup=S2M:M07LOW:172	隊長、気を付けて。	대장님，　조심하세요．
S2M:M22LOW:173	dup=S2M:M01LOW:173	……危険だよ。	……위험해．
S2M:M22LOW:174	dup=S2M:M07LOW:174	いくよ！	가자！
S2M:M22LOW:175	dup=S2M:M07LOW:175	指示、よろしく。	지시，　잘　부탁해．
S2M:M22LOW:176	dup=S2M:M08LOW:176	ボクの力で……倒す……	내　힘으로…　쓰러뜨린다…
S2M:M22LOW:177	dup=S2M:M01LOW:177	機体の損傷が激しい……	기체　손상이　심해……
S2M:M22LOW:178	dup=S2M:M01LOW:178	………………	………………
S2M:M22LOW:179	dup=S2M:M07LOW:179	……ありがとう。	…고마워．
S2M:M22LOW:180	dup=S2M:M01LOW:180	隊長……しっかり……	대장……　정신　차려……
S2M:M22LOW:181	dup=S2M:M01LOW:181	一時、撤退……	일단　후퇴……
S2M:M22LOW:182	dup=S2M:M07LOW:182	隊長、\nあとは……よろしく。	대장，\n나머지는……　부탁해．
S2M:M22LOW:183	dup=S2M:M01LOW:183	目標、撃破確認……	목표　격파　확인……
S2M:M22LOW:184	dup=S2M:M07LOW:184	やるね、隊長。	잘하네，　대장．
S2M:M22LOW:185	dup=S2M:M01LOW:185	目標撃破……	목표　격파……
S2M:M22LOW:186	dup=S2M:M07LOW:186	隊長……\n次の指示を……	대장……\n다음　지시를……
S2M:M22LOW:187	dup=S2M:M01LOW:187	これが……ボクらの力……！	이게……　우리　힘……！
S2M:M22LOW:188	dup=S2M:M01LOW:188	そぉら、いくぜ！	자아，　간다！
S2M:M22LOW:189	dup=S2M:M01LOW:189	さぁ、楽しませてくれよ。	자，　즐겁게　해　줘．
S2M:M22LOW:190	dup=S2M:M01LOW:190	勝負は……これからだぜ！	승부는……　지금부터야！
S2M:M22LOW:191	dup=S2M:M01LOW:191	なかなか、\nやるじゃねぇか！	제법이군，\n잘하잖아！
S2M:M22LOW:192	dup=S2M:M01LOW:192	おもしれぇ……	재밌군……
S2M:M22LOW:193	dup=S2M:M01LOW:193	大丈夫か、水狐。	괜찮나，　수호．
S2M:M22LOW:194	dup=S2M:M01LOW:194	華麗に燃やしてあげますよ……	화려하게　태워　드리죠……
S2M:M22LOW:195	dup=S2M:M01LOW:195	覚悟してください。	각오하세요．
S2M:M22LOW:196	dup=S2M:M01LOW:196	あははははは！	아하하하하하！
S2M:M22LOW:197	dup=S2M:M01LOW:197	燃やしつくしてやる！	모조리　태워　주마！
S2M:M22LOW:198	dup=S2M:M01LOW:198	ご……ゴミが……	쓰……　쓰레기가……
S2M:M22LOW:199	dup=S2M:M01LOW:199	私の戦いを見せてあげる。	내　싸움을　보여　주지．
S2M:M22LOW:200	dup=S2M:M01LOW:200	やさしくしてあげるわ。	상냥하게　해　줄게．
S2M:M22LOW:201	dup=S2M:M01LOW:201	ふふふ……負けないわよ。	후후후…　지지　않을　거야．
S2M:M22LOW:202	dup=S2M:M01LOW:202	やるわね。\nさすが華撃団……	잘하네．\n역시　화격단……
S2M:M22LOW:203	dup=S2M:M01LOW:203	くっ……\nこれほどとはね……	큭……\n이　정도일　줄이야……
S2M:M22LOW:204	dup=S2M:M01LOW:204	さぁ、ワシの番じゃな。	자，　내　차례로구나．
S2M:M22LOW:205	dup=S2M:M01LOW:205	ワシの計算にぬかりはないぞ。	내　계산엔　빈틈없다．
S2M:M22LOW:206	dup=S2M:M01LOW:206	こ、このままでは\n終わらぬぞ……	이，　이대로는\n끝나지　않아……
S2M:M22LOW:207	dup=S2M:M01LOW:207	これも計算のうちじゃ。	이것도　계산　안이야．
S2M:M22LOW:208	dup=S2M:M01LOW:208	ぬうっ……\nこれは計算外じゃ……	으으……\n이건　계산　밖이야……
S2M:M22LOW:209	dup=S2M:M01LOW:209	狩りとってやる！	사냥해　주마！
S2M:M22LOW:210	dup=S2M:M01LOW:210	今、楽にしてやるからな。	지금　편하게　해　주마．
S2M:M22LOW:211	dup=S2M:M01LOW:211	ひ、ひねり殺してやる！	비，　비틀어　죽여　주마！
S2M:M22LOW:212	dup=S2M:M01LOW:212	勝ったと思うなよ……	이겼다고　생각하지　마……
S2M:M22LOW:213	dup=S2M:M01LOW:213	まだ、終わりではないぞ！	아직　끝나지　않았다！
S2M:M22LOW:214	dup=S2M:M01LOW:214	終わりにしてやる。	끝내　주마．
S2M:M22LOW:215	dup=S2M:M01LOW:215	いくぞ！　華撃団っ！	간다！　화격단！
S2M:M22LOW:216	dup=S2M:M01LOW:216	まだ、まだだっ！	아직，　아직이다！
S2M:M22LOW:217	dup=S2M:M01LOW:217	腕を上げたな……	실력이　늘었구나……
S2M:M22LOW:218	dup=S2M:M01LOW:218	ぐっ……\nわたしの復讐が……	큭……\n내　복수가……
S2M:M22LOW:219	dup=S2M:M01LOW:219	容赦はせぬぞ……	봐주지　않겠다……
S2M:M22LOW:220	dup=S2M:M01LOW:220	お前たちの罪を知れ……	너희의　죄를　깨달아라……
S2M:M22LOW:221	dup=S2M:M01LOW:221	戦いとはいつも無常だ……	싸움은　언제나　덧없다……
S2M:M22LOW:222	dup=S2M:M01LOW:222	愛は死んだ……	사랑은　죽었다……
S2M:M22LOW:223	dup=S2M:M01LOW:223	ぬぅ……やるな……	으음……　제법이군……
S2M:M22LOW:224	dup=S2M:M01LOW:224	私に触れるな！	나에게　손대지　마！
S2M:M22LOW:225	dup=S2M:M01LOW:225	帝都の恨みは、\nこの程度ではないぞ……	제도의　원한은，\n이　정도가　아니다……
S2M:M22LOW:226	dup=S2M:M01LOW:226	最後に勝つのは……私だ！	최후의　승자는……　나다！
S2M:M22LOW:227	dup=S2M:M01LOW:227	この程度で……ぬうっ！	이　정도로……　으음！
S2M:M22LOW:228	dup=S2M:M01LOW:228	思い上がるな……\n偽善者めっ！	우쭐대지　마……\n위선자　자식！
S2M:M23LOW:0	dup=S2M:M01LOW:0	疾きこと風のごとく……\n移動力重視の作戦だ！	빠르기는　바람처럼……\n이동력　중시　작전이다！
S2M:M23LOW:1	dup=S2M:M01LOW:1	今は、この命令を出している。\n移動力を活かして戦おう。	현재　명령은　이것이다．\n이동력을　살려　싸우자．
S2M:M23LOW:2	dup=S2M:M01LOW:2	花組各員に通達！\n「風」作戦を開始するぞ！	화조　전원에게　통보！\n「풍」　작전　개시다！
S2M:M23LOW:3	dup=S2M:M01LOW:3	林のように心静かに……\n本来の力を引き出すんだ！	숲처럼　마음을　고요히……\n본래의　힘을　끌어내자！
S2M:M23LOW:4	dup=S2M:M01LOW:4	今は、この命令を出している。\n本来の力で敵に立ち向かおう。	현재　명령은　이것이다．\n본래의　힘으로　맞서자．
S2M:M23LOW:5	dup=S2M:M01LOW:5	花組各員に通達！\n「林」作戦を開始するぞ！	화조　전원에게　통보！\n「림」　작전　개시다！
S2M:M23LOW:6	dup=S2M:M01LOW:6	炎のように熱く燃える……\n攻撃力重視の作戦だ！	불처럼　뜨겁게　타오르는……\n공격력　중시　작전이다！
S2M:M23LOW:7	dup=S2M:M01LOW:7	今は、この命令を出している。\n攻撃力を活かして戦おう。	현재　명령은　이것이다．\n공격력을　살려　싸우자．
S2M:M23LOW:8	dup=S2M:M01LOW:8	花組各員に通達！\n「火」作戦を開始するぞ！	화조　전원에게　통보！\n「화」　작전　개시다！
S2M:M23LOW:9	dup=S2M:M01LOW:9	構えること山のごとく……\n防御力重視の作戦だ！	산처럼　굳건히　버티는……\n방어력　중시　작전이다！
S2M:M23LOW:10	dup=S2M:M01LOW:10	今は、この命令を出している。\n防御力を活かして戦おう。	현재　명령은　이것이다．\n방어력을　살려　싸우자．
S2M:M23LOW:11	dup=S2M:M01LOW:11	花組各員に通達！\n「山」作戦を開始するぞ！	화조　전원에게　통보！\n「산」　작전　개시다！
S2M:M23LOW:12	dup=S2M:M01LOW:12	このままの作戦でいくぞ！	이대로　작전을　계속한다！
S2M:M23LOW:13	dup=S2M:M01LOW:13	了解！	알겠습니다！
S2M:M23LOW:14		あの柱が武蔵の心臓部か……	저　기둥이　무사시의　핵……
S2M:M23LOW:15		武蔵が完全に力を取り戻したら\n帝都は、完全に\n破壊されてしまうだろう。	무사시가　힘을　되찾기　전에\n제도가　완전히\n파괴되고　말　거야．
S2M:M23LOW:16		その前に、俺達の力で\nすべての柱を破壊するぞ！\nみんな、ここが正念場だ！	그　전에　우리　힘으로\n모든　기둥을　부수자！\n다들，　지금이　고비다！
S2M:M23LOW:17	dup=S2M:M08LOW:17	門の外に出て、\n機を撃破するのよ！	문　밖으로　나가，\n기체를　격파해！
S2M:M23LOW:18	dup=S2M:M08LOW:18	敵の大将、は、\n攻撃回数が多いわ。\n気をつけるのよ！	적장　토는\n공격　횟수가　많아．\n조심해！
S2M:M23LOW:19	dup=S2M:M01LOW:19	０メッセージ２－３	０메시지２－３
S2M:M23LOW:20	dup=S2M:M02LOW:20	大神さん、山崎は強いわ。\n一時撤退しましょう！	야마자키는　강해요．\n일단　후퇴하죠！
S2M:M23LOW:21	dup=S2M:M01LOW:21	０メッセージ３－２	０메시지３－２
S2M:M23LOW:22	dup=S2M:M01LOW:22	０メッセージ３－３	０메시지３－３
S2M:M23LOW:23	dup=S2M:M01LOW:23	花組の隊長、大神一郎。\n高い戦闘力と、\n勇敢な心を持っている。	화조　대장，　오오가미．\n높은　전투력과\n용감한　마음을　지녔다．
S2M:M23LOW:24	dup=S2M:M01LOW:24	北辰一刀流、真宮寺さくら。\n素早い動きで、\n敵を一刀両断する。	북진일도류，　사쿠라．\n빠른　움직임으로\n적을　일도양단한다．
S2M:M23LOW:25	dup=S2M:M01LOW:25	神崎風塵流、神崎すみれ。\n華麗なナギナタの技は、\n見るものの心をもとらえる。	칸자키　풍진류，　스미레．\n화려한　나기나타　기술은\n보는　이의　마음마저　홀려．
S2M:M23LOW:26	dup=S2M:M01LOW:26	射撃手、マリア・タチバナ。\n氷の銃弾は、狙った\n獲物を決して逃さない。	사격수，　마리아．\n얼음　탄환은　노린\n먹이를　놓치지　않는다．
S2M:M23LOW:27	dup=S2M:M01LOW:27	桐島流空手、桐島カンナ。\n圧倒的なパワーで、むらがる\n敵を粉砕する。	가라테의　달인，　칸나．\n압도적　파워로　몰려드는\n적을　분쇄한다．
S2M:M23LOW:28	dup=S2M:M01LOW:28	花組のマスコット、アイリス。\n超能力を使った、\n不思議な攻撃で敵と戦う。	화조의　마스코트，\n아이리스．\n초능력으로　적과　싸운다．
S2M:M23LOW:29	dup=S2M:M01LOW:29	発明家、李紅蘭。\n次々に繰り出す発明品で、\n敵味方をあっといわせるぞ。	발명가，　코란．\n신제품을　잇달아　내놓아\n적과　아군을　놀라게　한다．
S2M:M23LOW:30	dup=S2M:M01LOW:30	元星組隊員、ソレッタ・織姫。\nイタリアンローズの機体に乗り\n赤い貴族と呼ばれている。	전　별조　대원，　오리히메．\n이탈리안　로즈를　타고\n붉은　귀족이라　불린다．
S2M:M23LOW:31	dup=S2M:M01LOW:31	レニ・ミルヒシュトラーセ。\n戦闘のプロとして、正確な\n無駄のない攻撃を行う。	레니　밀히슈트라세．　전투의\n프로답게　정확하고　군더더기\n없는　공격을　한다．
S2M:M23LOW:32	dup=S2M:M21LOW:32	近接戦闘専用の降魔兵器。\n「万雷」を基盤に、\n戦闘能力を向上させた機体。	근접　전용　강마　병기．\n「만뢰」를　바탕으로\n전투　능력을　높인　기체．
S2M:M23LOW:33		降魔兵器「颶風」\n射程距離を重視しており、\n他の能力は比較的低い。	강마　병기　「구풍」\n사거리　중시형으로，\n다른　능력은　비교적　낮다．
S2M:M23LOW:34	dup=S2M:M22LOW:34	降魔兵器「界雷」\n木喰の残したデータにより\n戦闘力を最大に引き出した。	강마　병기　「계뢰」\n모쿠지키가　남긴　데이터로\n전투력을　최대한　끌어냈다．
S2M:M23LOW:35		降魔兵器「竜光」\nバランスの取れた性能を持つ、\n降魔兵器の最高傑作。	강마　병기　「용광」\n균형　잡힌　성능의\n강마　병기　최고　걸작．
S2M:M23LOW:36	dup=S2M:M19LOW:36	回復用降魔兵器。\n降魔の力を活性化させる、\n回復能力を持つ。	회복용　강마　병기．\n강마의　힘을　활성화하는\n회복　능력을　지닌다．
S2M:M23LOW:37		降魔兵器「稲妻」\n回復能力を有するだけでなく、\n機動力も高い。	강마　병기　「번개」\n회복　능력뿐　아니라\n기동력도　높다．
S2M:M23LOW:38	dup=S2M:M22LOW:38	重爆用降魔兵器。\n長射程と攻撃力をあわせ持つ、\n優れた機体になっている。	중폭격용　강마　병기．\n긴　사거리와　높은　공격력의\n우수한　기체다．
S2M:M23LOW:39	dup=S2M:M23LOW:35	降魔兵器「竜光」\nバランスの取れた性能を持つ、\n降魔兵器の最高傑作。	강마　병기　「용광」\n균형　잡힌　성능의\n강마　병기　최고　걸작．
S2M:M23LOW:40	dup=S2M:M01LOW:40	メッセージ１８	메시지　１８
S2M:M23LOW:41	dup=S2M:M01LOW:41	メッセージ１９	메시지　１９
S2M:M23LOW:42	dup=S2M:M01LOW:42	メッセージ２０	메시지　２０
S2M:M23LOW:43	dup=S2M:M01LOW:43	今のところ、\nかばう必要はなさそうだな。	지금은\n보호할　필요　없어　보이네．
S2M:M23LOW:44	dup=S2M:M01LOW:44	さくらくん……\n君は俺が守る！	사쿠라　군……\n내가　지킬게！
S2M:M23LOW:45	dup=S2M:M01LOW:45	すみれくん……\n君の盾になってもいいかい。	스미레　군……\n네　방패가　되어도　될까？
S2M:M23LOW:46	dup=S2M:M01LOW:46	マリア……\n君の背中を守らせてくれ。	마리아……\n네　뒤를　지키게　해　줘．
S2M:M23LOW:47	dup=S2M:M01LOW:47	カンナ……\n俺は、君を全力で守るぞ！	칸나……　내가　온　힘을\n다해　지키마！
S2M:M23LOW:48	dup=S2M:M01LOW:48	アイリス……\n俺が側にいるから、\n安心していいよ。	아이리스……\n내가　곁에　있으니，\n안심해도　돼．
S2M:M23LOW:49	dup=S2M:M01LOW:49	紅蘭……\nいつだって君を助けにゆくよ。	코란……\n언제든　널　도우러　갈게．
S2M:M23LOW:50	dup=S2M:M01LOW:50	織姫くん……\n苦しいときは、\nいつでも俺を呼んでくれ！	오리히메　군……\n힘들　때는，\n언제든　날　불러！
S2M:M23LOW:51	dup=S2M:M01LOW:51	レニ……\nたまには、\n守られたっていいだろう？	레니……\n가끔은，\n보호받아도　괜찮잖아？
S2M:M23LOW:52	dup=S2M:M01LOW:52	がんばって！　大神さん！	힘내요！　오오가미　씨！
S2M:M23LOW:53	dup=S2M:M01LOW:53	大神さんが頼りです！	오오가미　씨만　믿을게요！
S2M:M23LOW:54	dup=S2M:M01LOW:54	無理しないでください、\n大神さん……	무리하지　마세요，\n오오가미　씨……
S2M:M23LOW:55	dup=S2M:M01LOW:55	がんばります！	힘낼게요！
S2M:M23LOW:56	dup=S2M:M01LOW:56	大神さんのために……\nあたし、やります！	오오가미　씨를　위해……\n제가　할게요！
S2M:M23LOW:57	dup=S2M:M01LOW:57	あたしが\nがんばらなくっちゃ！	제가　힘내야　해요！
S2M:M23LOW:58	dup=S2M:M01LOW:58	あたし……負けないわ……	저…　지지　않을　거예요…
S2M:M23LOW:59	dup=S2M:M01LOW:59	……ありがとうございます。\n大神さん。	……감사합니다．\n오오가미　씨．
S2M:M23LOW:60	dup=S2M:M01LOW:60	大神さんがいてくれるから、\nあたし、がんばれます！	오오가미　씨가　계시니까\n저도　힘낼　수　있어요！
S2M:M23LOW:61	dup=S2M:M01LOW:61	大丈夫ですか……大神さん。	괜찮으세요…　오오가미　씨．
S2M:M23LOW:62	dup=S2M:M01LOW:62	大神さん……\nごめんなさい……	오오가미　씨……\n죄송해요……
S2M:M23LOW:63	dup=S2M:M01LOW:63	ここは大神さんに\nお任せします……\n……ごめんなさい。	여기는　오오가미　씨에게\n맡길게요……\n……죄송해요．
S2M:M23LOW:64	dup=S2M:M01LOW:64	やりましたね、大神さん！	해냈네요，　오오가미　씨！
S2M:M23LOW:65	dup=S2M:M01LOW:65	今日の大神さん、\n一味違いますね。	오늘　오오가미　씨는\n평소와　다르네요．
S2M:M23LOW:66	dup=S2M:M01LOW:66	やりました！	해냈어요！
S2M:M23LOW:67	dup=S2M:M01LOW:67	大神さんのおかげです！	오오가미　씨　덕분이에요！
S2M:M23LOW:68	dup=S2M:M01LOW:68	大神さん……\nあたし、信じています。	오오가미　씨……\n저는　믿고　있어요．
S2M:M23LOW:69	dup=S2M:M01LOW:69	見せ場がきましてよ、少尉。	제　무대네요，　소위님．
S2M:M23LOW:70	dup=S2M:M01LOW:70	がんばってください、\nわたくしのために……	힘내　주세요，\n저를　위해……
S2M:M23LOW:71	dup=S2M:M01LOW:71	無理は禁物ですわ……	무리는　금물이에요……
S2M:M23LOW:72	dup=S2M:M01LOW:72	さあ、いきますわよ！	자，　갑니다！
S2M:M23LOW:73	dup=S2M:M01LOW:73	少尉、わたくしを\n見ていてくださいな。	소위님，\n저를　지켜봐　주세요．
S2M:M23LOW:74	dup=S2M:M01LOW:74	わたくしでなくては\nダメですわね。	저여야만　하겠군요．
S2M:M23LOW:75	dup=S2M:M01LOW:75	こ、この程度で……	이，　이　정도로……
S2M:M23LOW:76	dup=S2M:M01LOW:76	うれしいですわ……\n少尉……	기뻐요……\n소위님……
S2M:M23LOW:77	dup=S2M:M01LOW:77	わたくしを守ることが\nできるのは少尉だけですわ。	저를　지킬　수　있는　건\n소위님뿐이에요．
S2M:M23LOW:78	dup=S2M:M01LOW:78	かっ、身体が勝手に\n動いただけですわ……	몸이　저절로\n움직였을　뿐이에요……
S2M:M23LOW:79	dup=S2M:M01LOW:79	わたくしとしたことが……	저답지　않게……
S2M:M23LOW:80	dup=S2M:M01LOW:80	少尉を……\n……置いてはいけないのに！	소위님을……\n……두고　갈　수는　없는데！
S2M:M23LOW:81	dup=S2M:M01LOW:81	お見事ですわ、少尉。	훌륭해요，　소위님．
S2M:M23LOW:82	dup=S2M:M01LOW:82	りりしいですわよ、少尉。	늠름하시네요，　소위님．
S2M:M23LOW:83	dup=S2M:M01LOW:83	たいしたことありませんわね。	별것도　아니네요．
S2M:M23LOW:84	dup=S2M:M01LOW:84	見てくださいました？　少尉。	보셨나요？　소위님．
S2M:M23LOW:85	dup=S2M:M03LOW:85	んふっ、\nちょろいもんですわ。\nねぇ、少尉……	후훗，\n이　정도야　식은　죽이죠．\n그렇죠，　소위님……
S2M:M23LOW:86	dup=S2M:M01LOW:86	隊長、お願いします。	대장님，　부탁드려요．
S2M:M23LOW:87	dup=S2M:M01LOW:87	隊長……\n信じています。	대장님……\n믿고　있어요．
S2M:M23LOW:88	dup=S2M:M01LOW:88	隊長……\n慎重にいきましょう。	대장님……\n신중하게　가죠．
S2M:M23LOW:89	dup=S2M:M01LOW:89	さぁ、覚悟しなさい。	자，　각오하세요．
S2M:M23LOW:90	dup=S2M:M01LOW:90	私には、隊長が\nついていてくれる……	저에겐　대장님이\n곁에　계시니까……
S2M:M23LOW:91	dup=S2M:M01LOW:91	私がしっかりしなくては……	제가　정신　차려야……
S2M:M23LOW:92	dup=S2M:M01LOW:92	くっ、まだ……やれる！	큭，아직……　할　수　있어！
S2M:M23LOW:93	dup=S2M:M01LOW:93	すいません、隊長。	죄송해요，　대장님．
S2M:M23LOW:94	dup=S2M:M01LOW:94	隊長の背中……\nとても大きく見えます……	대장님　등……\n정말　커　보이네요……
S2M:M23LOW:95	dup=S2M:M01LOW:95	隊長が無事でよかった……	대장님이　무사해서　다행……
S2M:M23LOW:96	dup=S2M:M01LOW:96	隊長……申し訳ありません……	대장님……　죄송해요……
S2M:M23LOW:97	dup=S2M:M01LOW:97	もう少し……\n隊長と共に……	조금만　더……\n대장님과　함께……
S2M:M23LOW:98	dup=S2M:M01LOW:98	やりますね、隊長。	잘하시네요，　대장님．
S2M:M23LOW:99	dup=S2M:M01LOW:99	隊長が\nいてくださってよかった……	대장님이　계셔서　다행……
S2M:M23LOW:100	dup=S2M:M01LOW:100	ふんっ！　この程度……？	흥！　이　정도……？
S2M:M23LOW:101	dup=S2M:M01LOW:101	隊長、すばらしい指揮です！	대장님，　훌륭한　지휘예요！
S2M:M23LOW:102	dup=S2M:M01LOW:102	隊長が、私の力を\n何倍にもしてくれます。	대장님이　제　힘을\n몇　배나　키워　주세요．
S2M:M23LOW:103	dup=S2M:M01LOW:103	やっちまえ！　隊長！	해치워！　대장님！
S2M:M23LOW:104	dup=S2M:M01LOW:104	あたいがついてるぜ、隊長。	내가　곁에　있어，　대장．
S2M:M23LOW:105	dup=S2M:M01LOW:105	隊長の気合を見せてくれ！	대장님，　기합을　보여　줘！
S2M:M23LOW:106	dup=S2M:M01LOW:106	あたいの番だな！	내　차례구나！
S2M:M23LOW:107	dup=S2M:M01LOW:107	みていてくれよなっ！\n隊長！	지켜봐　줘！\n대장！
S2M:M23LOW:108	dup=S2M:M01LOW:108	まとめて面倒みるぜ！	한꺼번에　상대해　주마！
S2M:M23LOW:109	dup=S2M:M01LOW:109	まだまだ、\nどんどんかかってこいっ！	아직　멀었어，\n어서　덤벼！
S2M:M23LOW:110	dup=S2M:M01LOW:110	すまねぇな、隊長。	미안하군，　대장．
S2M:M23LOW:111	dup=S2M:M01LOW:111	へへっ、\n守られるってのも悪くないな。	헤헤，　보호받는　것도\n나쁘지　않군．
S2M:M23LOW:112	dup=S2M:M01LOW:112	へへっ、らしくないぜぇ？\n隊長！	헤헤，　나답지　않지？\n대장！
S2M:M23LOW:113	dup=S2M:M01LOW:113	ちくしょう……\nこんなところで……	젠장……\n이런　곳에서……
S2M:M23LOW:114	dup=S2M:M01LOW:114	隊長、すまない。\nあたいの分まで\nがんばってくれ！	대장，　미안하다．\n내　몫까지\n힘내　줘！
S2M:M23LOW:115	dup=S2M:M01LOW:115	やるじゃねぇか！　隊長！	제법이잖아！　대장！
S2M:M23LOW:116	dup=S2M:M01LOW:116	ほれぼれするぜ！　隊長！	감탄스럽군！　대장！
S2M:M23LOW:117	dup=S2M:M01LOW:117	ざっとこんなもんだぜ！	대충　이　정도지！
S2M:M23LOW:118	dup=S2M:M01LOW:118	へっへーん！\nどうだい！　隊長！	헤헤ー！\n어때！　대장！
S2M:M23LOW:119	dup=S2M:M01LOW:119	誰もあたいたちを\n止められねぇぜ！	아무도　우릴\n막을　수　없어！
S2M:M23LOW:120	dup=S2M:M01LOW:120	がんばろうね、お兄ちゃん。	힘내자，　오빠．
S2M:M23LOW:121	dup=S2M:M01LOW:121	お兄ちゃん、いっけぇー！	오빠，　가ー！
S2M:M23LOW:122	dup=S2M:M01LOW:122	お兄ちゃん……負けないで！	오빠……　지지　마！
S2M:M23LOW:123	dup=S2M:M01LOW:123	アイリス、いきまーす！	아이리스，　갑니다아！
S2M:M23LOW:124	dup=S2M:M01LOW:124	えへへっ、\nアイリスがんばるよ！	에헤헤，\n아이리스　힘낼게！
S2M:M23LOW:125	dup=S2M:M01LOW:125	アイリスが\nがんばらなくちゃ！	아이리스가\n힘내야　해！
S2M:M23LOW:126	dup=S2M:M01LOW:126	アイリス……もうだめ……	아이리스…　이제　안　돼…
S2M:M23LOW:127	dup=S2M:M01LOW:127	アイリスのために\n来てくれたんだぁー！	아이리스를　위해　왔구나ー！
S2M:M23LOW:128	dup=S2M:M01LOW:128	お兄ちゃんは、\n白馬のおうじさまだね！	오빠는\n백마　탄　왕자님이네！
S2M:M23LOW:129	dup=S2M:M01LOW:129	お兄ちゃん……\nアイリスがついてるからね。	오빠……\n아이리스가　곁에　있을게．
S2M:M23LOW:130	dup=S2M:M01LOW:130	あ……止まっちゃった……	아……　멈췄어……
S2M:M23LOW:131	dup=S2M:M01LOW:131	お兄ちゃん……\nごめんね……	오빠……\n미안해……
S2M:M23LOW:132	dup=S2M:M01LOW:132	わーい、やったね！\nお兄ちゃん！	와ー，　해냈다！\n오빠！
S2M:M23LOW:133	dup=S2M:M01LOW:133	お兄ちゃん、\nすごい、すっごーい！	오빠，\n대단해，　정말　대단해ー！
S2M:M23LOW:134	dup=S2M:M01LOW:134	アイリス、すごいでしょ！	아이리스，　대단하지！
S2M:M23LOW:135	dup=S2M:M01LOW:135	ねぇ、ねぇ！\nほめてほめて！	있잖아，　있잖아！\n칭찬해　줘，　칭찬해　줘！
S2M:M23LOW:136	dup=S2M:M01LOW:136	お兄ちゃんがいれば、\nアイリスなんにも恐くないよ！	오빠만　있으면，\n아이리스는　안　무서워！
S2M:M23LOW:137	dup=S2M:M01LOW:137	頼んだで、大神はん。	부탁한다，　오오가미　씨．
S2M:M23LOW:138	dup=S2M:M01LOW:138	ウチらの力、見せたろうで！	우리　힘을　보여　주자！
S2M:M23LOW:139	dup=S2M:M01LOW:139	だ、大丈夫かいな、大神はん。	괜찮나，　오오가미　씨．
S2M:M23LOW:140	dup=S2M:M01LOW:140	ほな、いってみよか！	그럼，　가　볼까！
S2M:M23LOW:141	dup=S2M:M01LOW:141	大神はん、\nウチにまーかしとき！	오오가미　씨，\n나한테　맡겨！
S2M:M23LOW:142	dup=S2M:M01LOW:142	ウチががんばらんと！	내가　힘내야　해！
S2M:M23LOW:143	dup=S2M:M01LOW:143	や、やばいで……	이，　이거　위험해……
S2M:M23LOW:144	dup=S2M:M01LOW:144	お、おおきに、\n大神はん……	고，　고마워，\n오오가미　씨……
S2M:M23LOW:145	dup=S2M:M01LOW:145	もう、そないなことされたら、\nウチ……	그렇게까지　해　주면，\n나……
S2M:M23LOW:146	dup=S2M:M01LOW:146	大神はんがおらんと、\nウチ……こまるんや。	오오가미　씨가　없으면，\n나……　곤란해．
S2M:M23LOW:147	dup=S2M:M01LOW:147	そのへんで、堪忍や……	이쯤에서　봐줘……
S2M:M23LOW:148	dup=S2M:M01LOW:148	大神はん、すんまへん。	오오가미　씨，　미안해．
S2M:M23LOW:149	dup=S2M:M01LOW:149	大神はん、その調子や！	오오가미　씨，　그　기세야！
S2M:M23LOW:150	dup=S2M:M01LOW:150	ええ感じやで！　大神はん！	좋은데！　오오가미　씨！
S2M:M23LOW:151	dup=S2M:M01LOW:151	いっちょあがりや！	한　건　해냈다！
S2M:M23LOW:152	dup=S2M:M01LOW:152	大神はん、\nやったで、ウチ！	오오가미　씨，\n나　해냈어！
S2M:M23LOW:153	dup=S2M:M01LOW:153	ウチらの力を合わせれば、\n千人力や！	우리　힘을　합치면，\n천군만마야！
S2M:M23LOW:154	dup=S2M:M01LOW:154	少尉さん、\nお手並み拝見でーす！	소위님，\n실력을　보여　주세요ー！
S2M:M23LOW:155	dup=S2M:M01LOW:155	早く終わらせて帰りましょー。	빨리　끝내고　돌아가요ー．
S2M:M23LOW:156	dup=S2M:M01LOW:156	ちょっと、\nヤバそうってカンジ！	잠깐，\n좀　위험해　보이는　느낌！
S2M:M23LOW:157	dup=S2M:M01LOW:157	たのしいでーす！	재밌어요ー！
S2M:M23LOW:158	dup=S2M:M01LOW:158	わたしを見ていてくださーい！	저를　지켜봐　주세요ー！
S2M:M23LOW:159	dup=S2M:M10LOW:159	勝手にやらせてもらいまーす！	맘대로　하게　해　주세요ー！
S2M:M23LOW:160	dup=S2M:M01LOW:160	シャワー浴びたいでーす！	샤워하고　싶어요ー！
S2M:M23LOW:161	dup=S2M:M10LOW:161	あはっ！\n少尉さん、サンキュでーす！	아핫！\n소위님，　고마워요ー！
S2M:M23LOW:162	dup=S2M:M01LOW:162	少尉さん、\n無理しなくていいでーす……	소위님，\n무리하지　않아도　돼요……
S2M:M23LOW:163	dup=S2M:M01LOW:163	まったく、\nダメなオトコでーす！	정말이지，\n쓸모없는　남자네요ー！
S2M:M23LOW:164	dup=S2M:M01LOW:164	これ以上はカンベンでーす！	이　이상은　봐주겠어요ー！
S2M:M23LOW:165	dup=S2M:M01LOW:165	もうだめです。\n撤退します……隊長……	이젠　안　돼요．\n후퇴할게요……　대장……
S2M:M23LOW:166	dup=S2M:M01LOW:166	なかなかやるってカンジ！	제법인데요！
S2M:M23LOW:167	dup=S2M:M01LOW:167	少尉さん、\nちょーかっこいいでーす！	소위님，\n정말　멋져요ー！
S2M:M23LOW:168	dup=S2M:M01LOW:168	楽勝でーす！	거뜬해요ー！
S2M:M23LOW:169	dup=S2M:M01LOW:169	うふっ！\n拍手をくださーい！	후훗！\n박수　쳐　주세요ー！
S2M:M23LOW:170	dup=S2M:M01LOW:170	このデュオは最高でーす！	이　듀오는　최고예요ー！
S2M:M23LOW:171	dup=S2M:M01LOW:171	……行動開始。	……행동　개시．
S2M:M23LOW:172	dup=S2M:M07LOW:172	隊長、気を付けて。	대장님，　조심하세요．
S2M:M23LOW:173	dup=S2M:M01LOW:173	……危険だよ。	……위험해．
S2M:M23LOW:174	dup=S2M:M07LOW:174	いくよ！	가자！
S2M:M23LOW:175	dup=S2M:M07LOW:175	指示、よろしく。	지시，　잘　부탁해．
S2M:M23LOW:176	dup=S2M:M08LOW:176	ボクの力で……倒す……	내　힘으로…　쓰러뜨린다…
S2M:M23LOW:177	dup=S2M:M01LOW:177	機体の損傷が激しい……	기체　손상이　심해……
S2M:M23LOW:178	dup=S2M:M01LOW:178	………………	………………
S2M:M23LOW:179	dup=S2M:M07LOW:179	……ありがとう。	…고마워．
S2M:M23LOW:180	dup=S2M:M01LOW:180	隊長……しっかり……	대장……　정신　차려……
S2M:M23LOW:181	dup=S2M:M01LOW:181	一時、撤退……	일단　후퇴……
S2M:M23LOW:182	dup=S2M:M07LOW:182	隊長、\nあとは……よろしく。	대장，\n나머지는……　부탁해．
S2M:M23LOW:183	dup=S2M:M01LOW:183	目標、撃破確認……	목표　격파　확인……
S2M:M23LOW:184	dup=S2M:M07LOW:184	やるね、隊長。	잘하네，　대장．
S2M:M23LOW:185	dup=S2M:M01LOW:185	目標撃破……	목표　격파……
S2M:M23LOW:186	dup=S2M:M07LOW:186	隊長……\n次の指示を……	대장……\n다음　지시를……
S2M:M23LOW:187	dup=S2M:M01LOW:187	これが……ボクらの力……！	이게……　우리　힘……！
S2M:M23LOW:188	dup=S2M:M01LOW:188	そぉら、いくぜ！	자아，　간다！
S2M:M23LOW:189	dup=S2M:M01LOW:189	さぁ、楽しませてくれよ。	자，　즐겁게　해　줘．
S2M:M23LOW:190	dup=S2M:M01LOW:190	勝負は……これからだぜ！	승부는……　지금부터야！
S2M:M23LOW:191	dup=S2M:M01LOW:191	なかなか、\nやるじゃねぇか！	제법이군，\n잘하잖아！
S2M:M23LOW:192	dup=S2M:M01LOW:192	おもしれぇ……	재밌군……
S2M:M23LOW:193	dup=S2M:M01LOW:193	大丈夫か、水狐。	괜찮나，　수호．
S2M:M23LOW:194	dup=S2M:M01LOW:194	華麗に燃やしてあげますよ……	화려하게　태워　드리죠……
S2M:M23LOW:195	dup=S2M:M01LOW:195	覚悟してください。	각오하세요．
S2M:M23LOW:196	dup=S2M:M01LOW:196	あははははは！	아하하하하하！
S2M:M23LOW:197	dup=S2M:M01LOW:197	燃やしつくしてやる！	모조리　태워　주마！
S2M:M23LOW:198	dup=S2M:M01LOW:198	ご……ゴミが……	쓰……　쓰레기가……
S2M:M23LOW:199	dup=S2M:M01LOW:199	私の戦いを見せてあげる。	내　싸움을　보여　주지．
S2M:M23LOW:200	dup=S2M:M01LOW:200	やさしくしてあげるわ。	상냥하게　해　줄게．
S2M:M23LOW:201	dup=S2M:M01LOW:201	ふふふ……負けないわよ。	후후후…　지지　않을　거야．
S2M:M23LOW:202	dup=S2M:M01LOW:202	やるわね。\nさすが華撃団……	잘하네．\n역시　화격단……
S2M:M23LOW:203	dup=S2M:M01LOW:203	くっ……\nこれほどとはね……	큭……\n이　정도일　줄이야……
S2M:M23LOW:204	dup=S2M:M01LOW:204	さぁ、ワシの番じゃな。	자，　내　차례로구나．
S2M:M23LOW:205	dup=S2M:M01LOW:205	ワシの計算にぬかりはないぞ。	내　계산엔　빈틈없다．
S2M:M23LOW:206	dup=S2M:M01LOW:206	こ、このままでは\n終わらぬぞ……	이，　이대로는\n끝나지　않아……
S2M:M23LOW:207	dup=S2M:M01LOW:207	これも計算のうちじゃ。	이것도　계산　안이야．
S2M:M23LOW:208	dup=S2M:M01LOW:208	ぬうっ……\nこれは計算外じゃ……	으으……\n이건　계산　밖이야……
S2M:M23LOW:209	dup=S2M:M01LOW:209	狩りとってやる！	사냥해　주마！
S2M:M23LOW:210	dup=S2M:M01LOW:210	今、楽にしてやるからな。	지금　편하게　해　주마．
S2M:M23LOW:211	dup=S2M:M01LOW:211	ひ、ひねり殺してやる！	비，　비틀어　죽여　주마！
S2M:M23LOW:212	dup=S2M:M01LOW:212	勝ったと思うなよ……	이겼다고　생각하지　마……
S2M:M23LOW:213	dup=S2M:M01LOW:213	まだ、終わりではないぞ！	아직　끝나지　않았다！
S2M:M23LOW:214	dup=S2M:M01LOW:214	終わりにしてやる。	끝내　주마．
S2M:M23LOW:215	dup=S2M:M01LOW:215	いくぞ！　華撃団っ！	간다！　화격단！
S2M:M23LOW:216	dup=S2M:M01LOW:216	まだ、まだだっ！	아직，　아직이다！
S2M:M23LOW:217	dup=S2M:M01LOW:217	腕を上げたな……	실력이　늘었구나……
S2M:M23LOW:218	dup=S2M:M01LOW:218	ぐっ……\nわたしの復讐が……	큭……\n내　복수가……
S2M:M23LOW:219	dup=S2M:M01LOW:219	容赦はせぬぞ……	봐주지　않겠다……
S2M:M23LOW:220	dup=S2M:M01LOW:220	お前たちの罪を知れ……	너희의　죄를　깨달아라……
S2M:M23LOW:221	dup=S2M:M01LOW:221	戦いとはいつも無常だ……	싸움은　언제나　덧없다……
S2M:M23LOW:222	dup=S2M:M01LOW:222	愛は死んだ……	사랑은　죽었다……
S2M:M23LOW:223	dup=S2M:M01LOW:223	ぬぅ……やるな……	으음……　제법이군……
S2M:M23LOW:224	dup=S2M:M01LOW:224	私に触れるな！	나에게　손대지　마！
S2M:M23LOW:225	dup=S2M:M01LOW:225	帝都の恨みは、\nこの程度ではないぞ……	제도의　원한은，\n이　정도가　아니다……
S2M:M23LOW:226	dup=S2M:M01LOW:226	最後に勝つのは……私だ！	최후의　승자는……　나다！
S2M:M23LOW:227	dup=S2M:M01LOW:227	この程度で……ぬうっ！	이　정도로……　으음！
S2M:M23LOW:228	dup=S2M:M01LOW:228	思い上がるな……\n偽善者めっ！	우쭐대지　마……\n위선자　자식！
S2M:M24LOW:0	dup=S2M:M01LOW:0	疾きこと風のごとく……\n移動力重視の作戦だ！	빠르기는　바람처럼……\n이동력　중시　작전이다！
S2M:M24LOW:1	dup=S2M:M01LOW:1	今は、この命令を出している。\n移動力を活かして戦おう。	현재　명령은　이것이다．\n이동력을　살려　싸우자．
S2M:M24LOW:2	dup=S2M:M01LOW:2	花組各員に通達！\n「風」作戦を開始するぞ！	화조　전원에게　통보！\n「풍」　작전　개시다！
S2M:M24LOW:3	dup=S2M:M01LOW:3	林のように心静かに……\n本来の力を引き出すんだ！	숲처럼　마음을　고요히……\n본래의　힘을　끌어내자！
S2M:M24LOW:4	dup=S2M:M01LOW:4	今は、この命令を出している。\n本来の力で敵に立ち向かおう。	현재　명령은　이것이다．\n본래의　힘으로　맞서자．
S2M:M24LOW:5	dup=S2M:M01LOW:5	花組各員に通達！\n「林」作戦を開始するぞ！	화조　전원에게　통보！\n「림」　작전　개시다！
S2M:M24LOW:6	dup=S2M:M01LOW:6	炎のように熱く燃える……\n攻撃力重視の作戦だ！	불처럼　뜨겁게　타오르는……\n공격력　중시　작전이다！
S2M:M24LOW:7	dup=S2M:M01LOW:7	今は、この命令を出している。\n攻撃力を活かして戦おう。	현재　명령은　이것이다．\n공격력을　살려　싸우자．
S2M:M24LOW:8	dup=S2M:M01LOW:8	花組各員に通達！\n「火」作戦を開始するぞ！	화조　전원에게　통보！\n「화」　작전　개시다！
S2M:M24LOW:9	dup=S2M:M01LOW:9	構えること山のごとく……\n防御力重視の作戦だ！	산처럼　굳건히　버티는……\n방어력　중시　작전이다！
S2M:M24LOW:10	dup=S2M:M01LOW:10	今は、この命令を出している。\n防御力を活かして戦おう。	현재　명령은　이것이다．\n방어력을　살려　싸우자．
S2M:M24LOW:11	dup=S2M:M01LOW:11	花組各員に通達！\n「山」作戦を開始するぞ！	화조　전원에게　통보！\n「산」　작전　개시다！
S2M:M24LOW:12	dup=S2M:M01LOW:12	このままの作戦でいくぞ！	이대로　작전을　계속한다！
S2M:M24LOW:13	dup=S2M:M01LOW:13	了解！	알겠습니다！
S2M:M24LOW:14		京極の乗る機体を撃破するぞ！	쿄고쿠의　기체를　격파하자！
S2M:M24LOW:15		おそらく、これが\n最後の戦いになるだろう……	아마도　이게\n마지막　싸움이　되겠지……
S2M:M24LOW:16		みんな、\nかならず……かならず、\n全員で生きて帰るんだ！	다들，\n반드시……　반드시\n모두　살아　돌아가자！
S2M:M24LOW:17	dup=S2M:M12LOW:17	門の外に出て、\n土機を撃破するのよ！	문　밖으로　나가，\n토기를　격파해！
S2M:M24LOW:18	dup=S2M:M12LOW:18	敵の大将、土は、\n攻撃回数が多いわ。\n気をつけるのよ！	적장　토지구모는\n공격　횟수가　많아．\n조심해！
S2M:M24LOW:19	dup=S2M:M01LOW:19	０メッセージ２－３	０메시지２－３
S2M:M24LOW:20	dup=S2M:M02LOW:20	大神さん、山崎は強いわ。\n一時撤退しましょう！	야마자키는　강해요．\n일단　후퇴하죠！
S2M:M24LOW:21	dup=S2M:M01LOW:21	０メッセージ３－２	０메시지３－２
S2M:M24LOW:22	dup=S2M:M01LOW:22	０メッセージ３－３	０메시지３－３
S2M:M24LOW:23	dup=S2M:M01LOW:23	花組の隊長、大神一郎。\n高い戦闘力と、\n勇敢な心を持っている。	화조　대장，　오오가미．\n높은　전투력과\n용감한　마음을　지녔다．
S2M:M24LOW:24	dup=S2M:M01LOW:24	北辰一刀流、真宮寺さくら。\n素早い動きで、\n敵を一刀両断する。	북진일도류，　사쿠라．\n빠른　움직임으로\n적을　일도양단한다．
S2M:M24LOW:25	dup=S2M:M01LOW:25	神崎風塵流、神崎すみれ。\n華麗なナギナタの技は、\n見るものの心をもとらえる。	칸자키　풍진류，　스미레．\n화려한　나기나타　기술은\n보는　이의　마음마저　홀려．
S2M:M24LOW:26	dup=S2M:M01LOW:26	射撃手、マリア・タチバナ。\n氷の銃弾は、狙った\n獲物を決して逃さない。	사격수，　마리아．\n얼음　탄환은　노린\n먹이를　놓치지　않는다．
S2M:M24LOW:27	dup=S2M:M01LOW:27	桐島流空手、桐島カンナ。\n圧倒的なパワーで、むらがる\n敵を粉砕する。	가라테의　달인，　칸나．\n압도적　파워로　몰려드는\n적을　분쇄한다．
S2M:M24LOW:28	dup=S2M:M01LOW:28	花組のマスコット、アイリス。\n超能力を使った、\n不思議な攻撃で敵と戦う。	화조의　마스코트，\n아이리스．\n초능력으로　적과　싸운다．
S2M:M24LOW:29	dup=S2M:M01LOW:29	発明家、李紅蘭。\n次々に繰り出す発明品で、\n敵味方をあっといわせるぞ。	발명가，　코란．\n신제품을　잇달아　내놓아\n적과　아군을　놀라게　한다．
S2M:M24LOW:30	dup=S2M:M01LOW:30	元星組隊員、ソレッタ・織姫。\nイタリアンローズの機体に乗り\n赤い貴族と呼ばれている。	전　별조　대원，　오리히메．\n이탈리안　로즈를　타고\n붉은　귀족이라　불린다．
S2M:M24LOW:31	dup=S2M:M01LOW:31	レニ・ミルヒシュトラーセ。\n戦闘のプロとして、正確な\n無駄のない攻撃を行う。	레니　밀히슈트라세．　전투의\n프로답게　정확하고　군더더기\n없는　공격을　한다．
S2M:M24LOW:32	dup=S2M:M21LOW:32	近接戦闘専用の降魔兵器。\n「万雷」を基盤に、\n戦闘能力を向上させた機体。	근접　전용　강마　병기．\n「만뢰」를　바탕으로\n전투　능력을　높인　기체．
S2M:M24LOW:33	dup=S2M:M23LOW:33	降魔兵器「颶風」\n射程距離を重視しており、\n他の能力は比較的低い。	강마　병기　「구풍」\n사거리　중시형으로，\n다른　능력은　비교적　낮다．
S2M:M24LOW:34	dup=S2M:M22LOW:37	降魔兵器「驟雨」\n雨のような手数で攻撃を行う。\n機動力も高い。	강마　병기　「취우」\n비처럼　공격을　퍼붓는다．\n기동력도　높다．
S2M:M24LOW:35		京極の乗る、最終決戦兵器。\n怨霊の力を動力としており、\n人知をこえたパワーを持つ。	쿄고쿠의　최종　병기．\n원령의　힘을　동력으로　삼아\n인지를　넘는　힘을　지녔다．
S2M:M24LOW:36		「怨霊糸」\n武蔵の持つ怨霊の力を放出し\n侵入者を攻撃する。	「원령사」　무사시의　원령의\n힘을　방출해　침입자를\n공격한다．
S2M:M24LOW:37	dup=S2M:M23LOW:37	降魔兵器「稲妻」\n回復能力を有するだけでなく、\n機動力も高い。	강마　병기　「번개」\n회복　능력뿐　아니라\n기동력도　높다．
S2M:M24LOW:38		降魔兵器「竜光」\n長射程と攻撃力をあわせ持つ、\n優れた機体になっている。	강마　병기　「용광」\n긴　사거리와　높은　공격력의\n우수한　기체다．
S2M:M24LOW:39	dup=S2M:M23LOW:35	降魔兵器「竜光」\nバランスの取れた性能を持つ、\n降魔兵器の最高傑作。	강마　병기　「용광」\n균형　잡힌　성능의\n강마　병기　최고　걸작．
S2M:M24LOW:40	dup=S2M:M01LOW:40	メッセージ１８	메시지　１８
S2M:M24LOW:41	dup=S2M:M01LOW:41	メッセージ１９	메시지　１９
S2M:M24LOW:42	dup=S2M:M01LOW:42	メッセージ２０	메시지　２０
S2M:M24LOW:43	dup=S2M:M01LOW:43	今のところ、\nかばう必要はなさそうだな。	지금은\n보호할　필요　없어　보이네．
S2M:M24LOW:44	dup=S2M:M01LOW:44	さくらくん……\n君は俺が守る！	사쿠라　군……\n내가　지킬게！
S2M:M24LOW:45	dup=S2M:M01LOW:45	すみれくん……\n君の盾になってもいいかい。	스미레　군……\n네　방패가　되어도　될까？
S2M:M24LOW:46	dup=S2M:M01LOW:46	マリア……\n君の背中を守らせてくれ。	마리아……\n네　뒤를　지키게　해　줘．
S2M:M24LOW:47	dup=S2M:M01LOW:47	カンナ……\n俺は、君を全力で守るぞ！	칸나……　내가　온　힘을\n다해　지키마！
S2M:M24LOW:48	dup=S2M:M01LOW:48	アイリス……\n俺が側にいるから、\n安心していいよ。	아이리스……\n내가　곁에　있으니，\n안심해도　돼．
S2M:M24LOW:49	dup=S2M:M01LOW:49	紅蘭……\nいつだって君を助けにゆくよ。	코란……\n언제든　널　도우러　갈게．
S2M:M24LOW:50	dup=S2M:M01LOW:50	織姫くん……\n苦しいときは、\nいつでも俺を呼んでくれ！	오리히메　군……\n힘들　때는，\n언제든　날　불러！
S2M:M24LOW:51	dup=S2M:M01LOW:51	レニ……\nたまには、\n守られたっていいだろう？	레니……\n가끔은，\n보호받아도　괜찮잖아？
S2M:M24LOW:52	dup=S2M:M01LOW:52	がんばって！　大神さん！	힘내요！　오오가미　씨！
S2M:M24LOW:53	dup=S2M:M01LOW:53	大神さんが頼りです！	오오가미　씨만　믿을게요！
S2M:M24LOW:54	dup=S2M:M01LOW:54	無理しないでください、\n大神さん……	무리하지　마세요，\n오오가미　씨……
S2M:M24LOW:55	dup=S2M:M01LOW:55	がんばります！	힘낼게요！
S2M:M24LOW:56	dup=S2M:M01LOW:56	大神さんのために……\nあたし、やります！	오오가미　씨를　위해……\n제가　할게요！
S2M:M24LOW:57	dup=S2M:M01LOW:57	あたしが\nがんばらなくっちゃ！	제가　힘내야　해요！
S2M:M24LOW:58	dup=S2M:M01LOW:58	あたし……負けないわ……	저…　지지　않을　거예요…
S2M:M24LOW:59	dup=S2M:M01LOW:59	……ありがとうございます。\n大神さん。	……감사합니다．\n오오가미　씨．
S2M:M24LOW:60	dup=S2M:M01LOW:60	大神さんがいてくれるから、\nあたし、がんばれます！	오오가미　씨가　계시니까\n저도　힘낼　수　있어요！
S2M:M24LOW:61	dup=S2M:M01LOW:61	大丈夫ですか……大神さん。	괜찮으세요…　오오가미　씨．
S2M:M24LOW:62	dup=S2M:M01LOW:62	大神さん……\nごめんなさい……	오오가미　씨……\n죄송해요……
S2M:M24LOW:63	dup=S2M:M01LOW:63	ここは大神さんに\nお任せします……\n……ごめんなさい。	여기는　오오가미　씨에게\n맡길게요……\n……죄송해요．
S2M:M24LOW:64	dup=S2M:M01LOW:64	やりましたね、大神さん！	해냈네요，　오오가미　씨！
S2M:M24LOW:65	dup=S2M:M01LOW:65	今日の大神さん、\n一味違いますね。	오늘　오오가미　씨는\n평소와　다르네요．
S2M:M24LOW:66	dup=S2M:M01LOW:66	やりました！	해냈어요！
S2M:M24LOW:67	dup=S2M:M01LOW:67	大神さんのおかげです！	오오가미　씨　덕분이에요！
S2M:M24LOW:68	dup=S2M:M01LOW:68	大神さん……\nあたし、信じています。	오오가미　씨……\n저는　믿고　있어요．
S2M:M24LOW:69	dup=S2M:M01LOW:69	見せ場がきましてよ、少尉。	제　무대네요，　소위님．
S2M:M24LOW:70	dup=S2M:M01LOW:70	がんばってください、\nわたくしのために……	힘내　주세요，\n저를　위해……
S2M:M24LOW:71	dup=S2M:M01LOW:71	無理は禁物ですわ……	무리는　금물이에요……
S2M:M24LOW:72	dup=S2M:M01LOW:72	さあ、いきますわよ！	자，　갑니다！
S2M:M24LOW:73	dup=S2M:M01LOW:73	少尉、わたくしを\n見ていてくださいな。	소위님，\n저를　지켜봐　주세요．
S2M:M24LOW:74	dup=S2M:M01LOW:74	わたくしでなくては\nダメですわね。	저여야만　하겠군요．
S2M:M24LOW:75	dup=S2M:M01LOW:75	こ、この程度で……	이，　이　정도로……
S2M:M24LOW:76	dup=S2M:M01LOW:76	うれしいですわ……\n少尉……	기뻐요……\n소위님……
S2M:M24LOW:77	dup=S2M:M01LOW:77	わたくしを守ることが\nできるのは少尉だけですわ。	저를　지킬　수　있는　건\n소위님뿐이에요．
S2M:M24LOW:78	dup=S2M:M01LOW:78	かっ、身体が勝手に\n動いただけですわ……	몸이　저절로\n움직였을　뿐이에요……
S2M:M24LOW:79	dup=S2M:M01LOW:79	わたくしとしたことが……	저답지　않게……
S2M:M24LOW:80	dup=S2M:M01LOW:80	少尉を……\n……置いてはいけないのに！	소위님을……\n……두고　갈　수는　없는데！
S2M:M24LOW:81	dup=S2M:M01LOW:81	お見事ですわ、少尉。	훌륭해요，　소위님．
S2M:M24LOW:82	dup=S2M:M01LOW:82	りりしいですわよ、少尉。	늠름하시네요，　소위님．
S2M:M24LOW:83	dup=S2M:M01LOW:83	たいしたことありませんわね。	별것도　아니네요．
S2M:M24LOW:84	dup=S2M:M01LOW:84	見てくださいました？　少尉。	보셨나요？　소위님．
S2M:M24LOW:85	dup=S2M:M03LOW:85	んふっ、\nちょろいもんですわ。\nねぇ、少尉……	후훗，\n이　정도야　식은　죽이죠．\n그렇죠，　소위님……
S2M:M24LOW:86	dup=S2M:M01LOW:86	隊長、お願いします。	대장님，　부탁드려요．
S2M:M24LOW:87	dup=S2M:M01LOW:87	隊長……\n信じています。	대장님……\n믿고　있어요．
S2M:M24LOW:88	dup=S2M:M01LOW:88	隊長……\n慎重にいきましょう。	대장님……\n신중하게　가죠．
S2M:M24LOW:89	dup=S2M:M01LOW:89	さぁ、覚悟しなさい。	자，　각오하세요．
S2M:M24LOW:90	dup=S2M:M01LOW:90	私には、隊長が\nついていてくれる……	저에겐　대장님이\n곁에　계시니까……
S2M:M24LOW:91	dup=S2M:M01LOW:91	私がしっかりしなくては……	제가　정신　차려야……
S2M:M24LOW:92	dup=S2M:M01LOW:92	くっ、まだ……やれる！	큭，아직……　할　수　있어！
S2M:M24LOW:93	dup=S2M:M01LOW:93	すいません、隊長。	죄송해요，　대장님．
S2M:M24LOW:94	dup=S2M:M01LOW:94	隊長の背中……\nとても大きく見えます……	대장님　등……\n정말　커　보이네요……
S2M:M24LOW:95	dup=S2M:M01LOW:95	隊長が無事でよかった……	대장님이　무사해서　다행……
S2M:M24LOW:96	dup=S2M:M01LOW:96	隊長……申し訳ありません……	대장님……　죄송해요……
S2M:M24LOW:97	dup=S2M:M01LOW:97	もう少し……\n隊長と共に……	조금만　더……\n대장님과　함께……
S2M:M24LOW:98	dup=S2M:M01LOW:98	やりますね、隊長。	잘하시네요，　대장님．
S2M:M24LOW:99	dup=S2M:M01LOW:99	隊長が\nいてくださってよかった……	대장님이　계셔서　다행……
S2M:M24LOW:100	dup=S2M:M01LOW:100	ふんっ！　この程度……？	흥！　이　정도……？
S2M:M24LOW:101	dup=S2M:M01LOW:101	隊長、すばらしい指揮です！	대장님，　훌륭한　지휘예요！
S2M:M24LOW:102	dup=S2M:M01LOW:102	隊長が、私の力を\n何倍にもしてくれます。	대장님이　제　힘을\n몇　배나　키워　주세요．
S2M:M24LOW:103	dup=S2M:M01LOW:103	やっちまえ！　隊長！	해치워！　대장님！
S2M:M24LOW:104	dup=S2M:M01LOW:104	あたいがついてるぜ、隊長。	내가　곁에　있어，　대장．
S2M:M24LOW:105	dup=S2M:M01LOW:105	隊長の気合を見せてくれ！	대장님，　기합을　보여　줘！
S2M:M24LOW:106	dup=S2M:M01LOW:106	あたいの番だな！	내　차례구나！
S2M:M24LOW:107	dup=S2M:M01LOW:107	みていてくれよなっ！\n隊長！	지켜봐　줘！\n대장！
S2M:M24LOW:108	dup=S2M:M01LOW:108	まとめて面倒みるぜ！	한꺼번에　상대해　주마！
S2M:M24LOW:109	dup=S2M:M01LOW:109	まだまだ、\nどんどんかかってこいっ！	아직　멀었어，\n어서　덤벼！
S2M:M24LOW:110	dup=S2M:M01LOW:110	すまねぇな、隊長。	미안하군，　대장．
S2M:M24LOW:111	dup=S2M:M01LOW:111	へへっ、\n守られるってのも悪くないな。	헤헤，　보호받는　것도\n나쁘지　않군．
S2M:M24LOW:112	dup=S2M:M01LOW:112	へへっ、らしくないぜぇ？\n隊長！	헤헤，　나답지　않지？\n대장！
S2M:M24LOW:113	dup=S2M:M01LOW:113	ちくしょう……\nこんなところで……	젠장……\n이런　곳에서……
S2M:M24LOW:114	dup=S2M:M01LOW:114	隊長、すまない。\nあたいの分まで\nがんばってくれ！	대장，　미안하다．\n내　몫까지\n힘내　줘！
S2M:M24LOW:115	dup=S2M:M01LOW:115	やるじゃねぇか！　隊長！	제법이잖아！　대장！
S2M:M24LOW:116	dup=S2M:M01LOW:116	ほれぼれするぜ！　隊長！	감탄스럽군！　대장！
S2M:M24LOW:117	dup=S2M:M01LOW:117	ざっとこんなもんだぜ！	대충　이　정도지！
S2M:M24LOW:118	dup=S2M:M01LOW:118	へっへーん！\nどうだい！　隊長！	헤헤ー！\n어때！　대장！
S2M:M24LOW:119	dup=S2M:M01LOW:119	誰もあたいたちを\n止められねぇぜ！	아무도　우릴\n막을　수　없어！
S2M:M24LOW:120	dup=S2M:M01LOW:120	がんばろうね、お兄ちゃん。	힘내자，　오빠．
S2M:M24LOW:121	dup=S2M:M01LOW:121	お兄ちゃん、いっけぇー！	오빠，　가ー！
S2M:M24LOW:122	dup=S2M:M01LOW:122	お兄ちゃん……負けないで！	오빠……　지지　마！
S2M:M24LOW:123	dup=S2M:M01LOW:123	アイリス、いきまーす！	아이리스，　갑니다아！
S2M:M24LOW:124	dup=S2M:M01LOW:124	えへへっ、\nアイリスがんばるよ！	에헤헤，\n아이리스　힘낼게！
S2M:M24LOW:125	dup=S2M:M01LOW:125	アイリスが\nがんばらなくちゃ！	아이리스가\n힘내야　해！
S2M:M24LOW:126	dup=S2M:M01LOW:126	アイリス……もうだめ……	아이리스…　이제　안　돼…
S2M:M24LOW:127	dup=S2M:M01LOW:127	アイリスのために\n来てくれたんだぁー！	아이리스를　위해　왔구나ー！
S2M:M24LOW:128	dup=S2M:M01LOW:128	お兄ちゃんは、\n白馬のおうじさまだね！	오빠는\n백마　탄　왕자님이네！
S2M:M24LOW:129	dup=S2M:M01LOW:129	お兄ちゃん……\nアイリスがついてるからね。	오빠……\n아이리스가　곁에　있을게．
S2M:M24LOW:130	dup=S2M:M01LOW:130	あ……止まっちゃった……	아……　멈췄어……
S2M:M24LOW:131	dup=S2M:M01LOW:131	お兄ちゃん……\nごめんね……	오빠……\n미안해……
S2M:M24LOW:132	dup=S2M:M01LOW:132	わーい、やったね！\nお兄ちゃん！	와ー，　해냈다！\n오빠！
S2M:M24LOW:133	dup=S2M:M01LOW:133	お兄ちゃん、\nすごい、すっごーい！	오빠，\n대단해，　정말　대단해ー！
S2M:M24LOW:134	dup=S2M:M01LOW:134	アイリス、すごいでしょ！	아이리스，　대단하지！
S2M:M24LOW:135	dup=S2M:M01LOW:135	ねぇ、ねぇ！\nほめてほめて！	있잖아，　있잖아！\n칭찬해　줘，　칭찬해　줘！
S2M:M24LOW:136	dup=S2M:M01LOW:136	お兄ちゃんがいれば、\nアイリスなんにも恐くないよ！	오빠만　있으면，\n아이리스는　안　무서워！
S2M:M24LOW:137	dup=S2M:M01LOW:137	頼んだで、大神はん。	부탁한다，　오오가미　씨．
S2M:M24LOW:138	dup=S2M:M01LOW:138	ウチらの力、見せたろうで！	우리　힘을　보여　주자！
S2M:M24LOW:139	dup=S2M:M01LOW:139	だ、大丈夫かいな、大神はん。	괜찮나，　오오가미　씨．
S2M:M24LOW:140	dup=S2M:M01LOW:140	ほな、いってみよか！	그럼，　가　볼까！
S2M:M24LOW:141	dup=S2M:M01LOW:141	大神はん、\nウチにまーかしとき！	오오가미　씨，\n나한테　맡겨！
S2M:M24LOW:142	dup=S2M:M01LOW:142	ウチががんばらんと！	내가　힘내야　해！
S2M:M24LOW:143	dup=S2M:M01LOW:143	や、やばいで……	이，　이거　위험해……
S2M:M24LOW:144	dup=S2M:M01LOW:144	お、おおきに、\n大神はん……	고，　고마워，\n오오가미　씨……
S2M:M24LOW:145	dup=S2M:M01LOW:145	もう、そないなことされたら、\nウチ……	그렇게까지　해　주면，\n나……
S2M:M24LOW:146	dup=S2M:M01LOW:146	大神はんがおらんと、\nウチ……こまるんや。	오오가미　씨가　없으면，\n나……　곤란해．
S2M:M24LOW:147	dup=S2M:M01LOW:147	そのへんで、堪忍や……	이쯤에서　봐줘……
S2M:M24LOW:148	dup=S2M:M01LOW:148	大神はん、すんまへん。	오오가미　씨，　미안해．
S2M:M24LOW:149	dup=S2M:M01LOW:149	大神はん、その調子や！	오오가미　씨，　그　기세야！
S2M:M24LOW:150	dup=S2M:M01LOW:150	ええ感じやで！　大神はん！	좋은데！　오오가미　씨！
S2M:M24LOW:151	dup=S2M:M01LOW:151	いっちょあがりや！	한　건　해냈다！
S2M:M24LOW:152	dup=S2M:M01LOW:152	大神はん、\nやったで、ウチ！	오오가미　씨，\n나　해냈어！
S2M:M24LOW:153	dup=S2M:M01LOW:153	ウチらの力を合わせれば、\n千人力や！	우리　힘을　합치면，\n천군만마야！
S2M:M24LOW:154	dup=S2M:M01LOW:154	少尉さん、\nお手並み拝見でーす！	소위님，\n실력을　보여　주세요ー！
S2M:M24LOW:155	dup=S2M:M01LOW:155	早く終わらせて帰りましょー。	빨리　끝내고　돌아가요ー．
S2M:M24LOW:156	dup=S2M:M01LOW:156	ちょっと、\nヤバそうってカンジ！	잠깐，\n좀　위험해　보이는　느낌！
S2M:M24LOW:157	dup=S2M:M01LOW:157	たのしいでーす！	재밌어요ー！
S2M:M24LOW:158	dup=S2M:M01LOW:158	わたしを見ていてくださーい！	저를　지켜봐　주세요ー！
S2M:M24LOW:159	dup=S2M:M10LOW:159	勝手にやらせてもらいまーす！	맘대로　하게　해　주세요ー！
S2M:M24LOW:160	dup=S2M:M01LOW:160	シャワー浴びたいでーす！	샤워하고　싶어요ー！
S2M:M24LOW:161	dup=S2M:M10LOW:161	あはっ！\n少尉さん、サンキュでーす！	아핫！\n소위님，　고마워요ー！
S2M:M24LOW:162	dup=S2M:M01LOW:162	少尉さん、\n無理しなくていいでーす……	소위님，\n무리하지　않아도　돼요……
S2M:M24LOW:163	dup=S2M:M01LOW:163	まったく、\nダメなオトコでーす！	정말이지，\n쓸모없는　남자네요ー！
S2M:M24LOW:164	dup=S2M:M01LOW:164	これ以上はカンベンでーす！	이　이상은　봐주겠어요ー！
S2M:M24LOW:165	dup=S2M:M01LOW:165	もうだめです。\n撤退します……隊長……	이젠　안　돼요．\n후퇴할게요……　대장……
S2M:M24LOW:166	dup=S2M:M01LOW:166	なかなかやるってカンジ！	제법인데요！
S2M:M24LOW:167	dup=S2M:M01LOW:167	少尉さん、\nちょーかっこいいでーす！	소위님，\n정말　멋져요ー！
S2M:M24LOW:168	dup=S2M:M01LOW:168	楽勝でーす！	거뜬해요ー！
S2M:M24LOW:169	dup=S2M:M01LOW:169	うふっ！\n拍手をくださーい！	후훗！\n박수　쳐　주세요ー！
S2M:M24LOW:170	dup=S2M:M01LOW:170	このデュオは最高でーす！	이　듀오는　최고예요ー！
S2M:M24LOW:171	dup=S2M:M01LOW:171	……行動開始。	……행동　개시．
S2M:M24LOW:172	dup=S2M:M07LOW:172	隊長、気を付けて。	대장님，　조심하세요．
S2M:M24LOW:173	dup=S2M:M01LOW:173	……危険だよ。	……위험해．
S2M:M24LOW:174	dup=S2M:M07LOW:174	いくよ！	가자！
S2M:M24LOW:175	dup=S2M:M07LOW:175	指示、よろしく。	지시，　잘　부탁해．
S2M:M24LOW:176	dup=S2M:M08LOW:176	ボクの力で……倒す……	내　힘으로…　쓰러뜨린다…
S2M:M24LOW:177	dup=S2M:M01LOW:177	機体の損傷が激しい……	기체　손상이　심해……
S2M:M24LOW:178	dup=S2M:M01LOW:178	………………	………………
S2M:M24LOW:179	dup=S2M:M07LOW:179	……ありがとう。	…고마워．
S2M:M24LOW:180	dup=S2M:M01LOW:180	隊長……しっかり……	대장……　정신　차려……
S2M:M24LOW:181	dup=S2M:M01LOW:181	一時、撤退……	일단　후퇴……
S2M:M24LOW:182	dup=S2M:M07LOW:182	隊長、\nあとは……よろしく。	대장，\n나머지는……　부탁해．
S2M:M24LOW:183	dup=S2M:M01LOW:183	目標、撃破確認……	목표　격파　확인……
S2M:M24LOW:184	dup=S2M:M07LOW:184	やるね、隊長。	잘하네，　대장．
S2M:M24LOW:185	dup=S2M:M01LOW:185	目標撃破……	목표　격파……
S2M:M24LOW:186	dup=S2M:M07LOW:186	隊長……\n次の指示を……	대장……\n다음　지시를……
S2M:M24LOW:187	dup=S2M:M01LOW:187	これが……ボクらの力……！	이게……　우리　힘……！
S2M:M24LOW:188	dup=S2M:M01LOW:188	そぉら、いくぜ！	자아，　간다！
S2M:M24LOW:189	dup=S2M:M01LOW:189	さぁ、楽しませてくれよ。	자，　즐겁게　해　줘．
S2M:M24LOW:190	dup=S2M:M01LOW:190	勝負は……これからだぜ！	승부는……　지금부터야！
S2M:M24LOW:191	dup=S2M:M01LOW:191	なかなか、\nやるじゃねぇか！	제법이군，\n잘하잖아！
S2M:M24LOW:192	dup=S2M:M01LOW:192	おもしれぇ……	재밌군……
S2M:M24LOW:193	dup=S2M:M01LOW:193	大丈夫か、水狐。	괜찮나，　수호．
S2M:M24LOW:194	dup=S2M:M01LOW:194	華麗に燃やしてあげますよ……	화려하게　태워　드리죠……
S2M:M24LOW:195	dup=S2M:M01LOW:195	覚悟してください。	각오하세요．
S2M:M24LOW:196	dup=S2M:M01LOW:196	あははははは！	아하하하하하！
S2M:M24LOW:197	dup=S2M:M01LOW:197	燃やしつくしてやる！	모조리　태워　주마！
S2M:M24LOW:198	dup=S2M:M01LOW:198	ご……ゴミが……	쓰……　쓰레기가……
S2M:M24LOW:199	dup=S2M:M01LOW:199	私の戦いを見せてあげる。	내　싸움을　보여　주지．
S2M:M24LOW:200	dup=S2M:M01LOW:200	やさしくしてあげるわ。	상냥하게　해　줄게．
S2M:M24LOW:201	dup=S2M:M01LOW:201	ふふふ……負けないわよ。	후후후…　지지　않을　거야．
S2M:M24LOW:202	dup=S2M:M01LOW:202	やるわね。\nさすが華撃団……	잘하네．\n역시　화격단……
S2M:M24LOW:203	dup=S2M:M01LOW:203	くっ……\nこれほどとはね……	큭……\n이　정도일　줄이야……
S2M:M24LOW:204	dup=S2M:M01LOW:204	さぁ、ワシの番じゃな。	자，　내　차례로구나．
S2M:M24LOW:205	dup=S2M:M01LOW:205	ワシの計算にぬかりはないぞ。	내　계산엔　빈틈없다．
S2M:M24LOW:206	dup=S2M:M01LOW:206	こ、このままでは\n終わらぬぞ……	이，　이대로는\n끝나지　않아……
S2M:M24LOW:207	dup=S2M:M01LOW:207	これも計算のうちじゃ。	이것도　계산　안이야．
S2M:M24LOW:208	dup=S2M:M01LOW:208	ぬうっ……\nこれは計算外じゃ……	으으……\n이건　계산　밖이야……
S2M:M24LOW:209	dup=S2M:M01LOW:209	狩りとってやる！	사냥해　주마！
S2M:M24LOW:210	dup=S2M:M01LOW:210	今、楽にしてやるからな。	지금　편하게　해　주마．
S2M:M24LOW:211	dup=S2M:M01LOW:211	ひ、ひねり殺してやる！	비，　비틀어　죽여　주마！
S2M:M24LOW:212	dup=S2M:M01LOW:212	勝ったと思うなよ……	이겼다고　생각하지　마……
S2M:M24LOW:213	dup=S2M:M01LOW:213	まだ、終わりではないぞ！	아직　끝나지　않았다！
S2M:M24LOW:214	dup=S2M:M01LOW:214	終わりにしてやる。	끝내　주마．
S2M:M24LOW:215	dup=S2M:M01LOW:215	いくぞ！　華撃団っ！	간다！　화격단！
S2M:M24LOW:216	dup=S2M:M01LOW:216	まだ、まだだっ！	아직，　아직이다！
S2M:M24LOW:217	dup=S2M:M01LOW:217	腕を上げたな……	실력이　늘었구나……
S2M:M24LOW:218	dup=S2M:M01LOW:218	ぐっ……\nわたしの復讐が……	큭……\n내　복수가……
S2M:M24LOW:219	dup=S2M:M01LOW:219	容赦はせぬぞ……	봐주지　않겠다……
S2M:M24LOW:220	dup=S2M:M01LOW:220	お前たちの罪を知れ……	너희의　죄를　깨달아라……
S2M:M24LOW:221	dup=S2M:M01LOW:221	戦いとはいつも無常だ……	싸움은　언제나　덧없다……
S2M:M24LOW:222	dup=S2M:M01LOW:222	愛は死んだ……	사랑은　죽었다……
S2M:M24LOW:223	dup=S2M:M01LOW:223	ぬぅ……やるな……	으음……　제법이군……
S2M:M24LOW:224	dup=S2M:M01LOW:224	私に触れるな！	나에게　손대지　마！
S2M:M24LOW:225	dup=S2M:M01LOW:225	帝都の恨みは、\nこの程度ではないぞ……	제도의　원한은，\n이　정도가　아니다……
S2M:M24LOW:226	dup=S2M:M01LOW:226	最後に勝つのは……私だ！	최후의　승자는……　나다！
S2M:M24LOW:227	dup=S2M:M01LOW:227	この程度で……ぬうっ！	이　정도로……　으음！
S2M:M24LOW:228	dup=S2M:M01LOW:228	思い上がるな……\n偽善者めっ！	우쭐대지　마……\n위선자　자식！
S2M:M25LOW:0	dup=S2M:M01LOW:0	疾きこと風のごとく……\n移動力重視の作戦だ！	빠르기는　바람처럼……\n이동력　중시　작전이다！
S2M:M25LOW:1	dup=S2M:M01LOW:1	今は、この命令を出している。\n移動力を活かして戦おう。	현재　명령은　이것이다．\n이동력을　살려　싸우자．
S2M:M25LOW:2	dup=S2M:M01LOW:2	花組各員に通達！\n「風」作戦を開始するぞ！	화조　전원에게　통보！\n「풍」　작전　개시다！
S2M:M25LOW:3	dup=S2M:M01LOW:3	林のように心静かに……\n本来の力を引き出すんだ！	숲처럼　마음을　고요히……\n본래의　힘을　끌어내자！
S2M:M25LOW:4	dup=S2M:M01LOW:4	今は、この命令を出している。\n本来の力で敵に立ち向かおう。	현재　명령은　이것이다．\n본래의　힘으로　맞서자．
S2M:M25LOW:5	dup=S2M:M01LOW:5	花組各員に通達！\n「林」作戦を開始するぞ！	화조　전원에게　통보！\n「림」　작전　개시다！
S2M:M25LOW:6	dup=S2M:M01LOW:6	炎のように熱く燃える……\n攻撃力重視の作戦だ！	불처럼　뜨겁게　타오르는……\n공격력　중시　작전이다！
S2M:M25LOW:7	dup=S2M:M01LOW:7	今は、この命令を出している。\n攻撃力を活かして戦おう。	현재　명령은　이것이다．\n공격력을　살려　싸우자．
S2M:M25LOW:8	dup=S2M:M01LOW:8	花組各員に通達！\n「火」作戦を開始するぞ！	화조　전원에게　통보！\n「화」　작전　개시다！
S2M:M25LOW:9	dup=S2M:M01LOW:9	構えること山のごとく……\n防御力重視の作戦だ！	산처럼　굳건히　버티는……\n방어력　중시　작전이다！
S2M:M25LOW:10	dup=S2M:M01LOW:10	今は、この命令を出している。\n防御力を活かして戦おう。	현재　명령은　이것이다．\n방어력을　살려　싸우자．
S2M:M25LOW:11	dup=S2M:M01LOW:11	花組各員に通達！\n「山」作戦を開始するぞ！	화조　전원에게　통보！\n「산」　작전　개시다！
S2M:M25LOW:12	dup=S2M:M01LOW:12	このままの作戦でいくぞ！	이대로　작전을　계속한다！
S2M:M25LOW:13	dup=S2M:M01LOW:13	了解！	알겠습니다！
S2M:M25LOW:14		今こそ、この戦いのすべてに、\n終止符をうつ！	지금이야말로　이　싸움의\n모든　것에　종지부를　찍자！
S2M:M25LOW:15		帝国華撃団「花組」戦闘開始！\n最終兵器「新皇」を撃破せよ！	화조，　신황을　격파하라！
S2M:M25LOW:16	dup=S2M:M01LOW:19	０メッセージ２－３	０메시지２－３
S2M:M25LOW:17	dup=S2M:M12LOW:17	門の外に出て、\n土機を撃破するのよ！	문　밖으로　나가，\n토기를　격파해！
S2M:M25LOW:18	dup=S2M:M12LOW:18	敵の大将、土は、\n攻撃回数が多いわ。\n気をつけるのよ！	적장　토지구모는\n공격　횟수가　많아．\n조심해！
S2M:M25LOW:19	dup=S2M:M01LOW:19	０メッセージ２－３	０메시지２－３
S2M:M25LOW:20	dup=S2M:M02LOW:20	大神さん、山崎は強いわ。\n一時撤退しましょう！	야마자키는　강해요．\n일단　후퇴하죠！
S2M:M25LOW:21	dup=S2M:M01LOW:21	０メッセージ３－２	０메시지３－２
S2M:M25LOW:22	dup=S2M:M01LOW:22	０メッセージ３－３	０메시지３－３
S2M:M25LOW:23	dup=S2M:M01LOW:23	花組の隊長、大神一郎。\n高い戦闘力と、\n勇敢な心を持っている。	화조　대장，　오오가미．\n높은　전투력과\n용감한　마음을　지녔다．
S2M:M25LOW:24	dup=S2M:M01LOW:24	北辰一刀流、真宮寺さくら。\n素早い動きで、\n敵を一刀両断する。	북진일도류，　사쿠라．\n빠른　움직임으로\n적을　일도양단한다．
S2M:M25LOW:25	dup=S2M:M01LOW:25	神崎風塵流、神崎すみれ。\n華麗なナギナタの技は、\n見るものの心をもとらえる。	칸자키　풍진류，　스미레．\n화려한　나기나타　기술은\n보는　이의　마음마저　홀려．
S2M:M25LOW:26	dup=S2M:M01LOW:26	射撃手、マリア・タチバナ。\n氷の銃弾は、狙った\n獲物を決して逃さない。	사격수，　마리아．\n얼음　탄환은　노린\n먹이를　놓치지　않는다．
S2M:M25LOW:27	dup=S2M:M01LOW:27	桐島流空手、桐島カンナ。\n圧倒的なパワーで、むらがる\n敵を粉砕する。	가라테의　달인，　칸나．\n압도적　파워로　몰려드는\n적을　분쇄한다．
S2M:M25LOW:28	dup=S2M:M01LOW:28	花組のマスコット、アイリス。\n超能力を使った、\n不思議な攻撃で敵と戦う。	화조의　마스코트，\n아이리스．\n초능력으로　적과　싸운다．
S2M:M25LOW:29	dup=S2M:M01LOW:29	発明家、李紅蘭。\n次々に繰り出す発明品で、\n敵味方をあっといわせるぞ。	발명가，　코란．\n신제품을　잇달아　내놓아\n적과　아군을　놀라게　한다．
S2M:M25LOW:30	dup=S2M:M01LOW:30	元星組隊員、ソレッタ・織姫。\nイタリアンローズの機体に乗り\n赤い貴族と呼ばれている。	전　별조　대원，　오리히메．\n이탈리안　로즈를　타고\n붉은　귀족이라　불린다．
S2M:M25LOW:31	dup=S2M:M01LOW:31	レニ・ミルヒシュトラーセ。\n戦闘のプロとして、正確な\n無駄のない攻撃を行う。	레니　밀히슈트라세．　전투의\n프로답게　정확하고　군더더기\n없는　공격을　한다．
S2M:M25LOW:32	dup=S2M:M21LOW:32	近接戦闘専用の降魔兵器。\n「万雷」を基盤に、\n戦闘能力を向上させた機体。	근접　전용　강마　병기．\n「만뢰」를　바탕으로\n전투　능력을　높인　기체．
S2M:M25LOW:33		最終兵器「新皇」\n怨霊の力によって駆動する\n最強の破壊兵器。	최종　병기　「신황」\n원령의　힘으로　움직이는\n최강의　파괴　병기．
S2M:M25LOW:34		最終兵器「新皇」\n全機関の開放により、\n新皇は最大の力を発揮する。	최종　병기　「신황」\n모든　기관을　개방하면\n신황이　최대　힘을　낸다．
S2M:M25LOW:35		最終兵器「新皇」\n腕の巻き起こす衝撃波で、\nあらゆるものを破壊する。	최종　병기　「신황」\n팔이　일으키는　충격파로\n모든　것을　파괴한다．
S2M:M25LOW:36		「従うモノ」\n新皇に付き従う怨霊兵器。	「따르는　자」\n신황을　따르는　원령　병기．
S2M:M25LOW:37	dup=S2M:M23LOW:37	降魔兵器「稲妻」\n回復能力を有するだけでなく、\n機動力も高い。	강마　병기　「번개」\n회복　능력뿐　아니라\n기동력도　높다．
S2M:M25LOW:38	dup=S2M:M22LOW:38	重爆用降魔兵器。\n長射程と攻撃力をあわせ持つ、\n優れた機体になっている。	중폭격용　강마　병기．\n긴　사거리와　높은　공격력의\n우수한　기체다．
S2M:M25LOW:39	dup=S2M:M23LOW:35	降魔兵器「竜光」\nバランスの取れた性能を持つ、\n降魔兵器の最高傑作。	강마　병기　「용광」\n균형　잡힌　성능의\n강마　병기　최고　걸작．
S2M:M25LOW:40	dup=S2M:M01LOW:40	メッセージ１８	메시지　１８
S2M:M25LOW:41	dup=S2M:M01LOW:41	メッセージ１９	메시지　１９
S2M:M25LOW:42	dup=S2M:M01LOW:42	メッセージ２０	메시지　２０
S2M:M25LOW:43	dup=S2M:M01LOW:43	今のところ、\nかばう必要はなさそうだな。	지금은\n보호할　필요　없어　보이네．
S2M:M25LOW:44	dup=S2M:M01LOW:44	さくらくん……\n君は俺が守る！	사쿠라　군……\n내가　지킬게！
S2M:M25LOW:45	dup=S2M:M01LOW:45	すみれくん……\n君の盾になってもいいかい。	스미레　군……\n네　방패가　되어도　될까？
S2M:M25LOW:46	dup=S2M:M01LOW:46	マリア……\n君の背中を守らせてくれ。	마리아……\n네　뒤를　지키게　해　줘．
S2M:M25LOW:47	dup=S2M:M01LOW:47	カンナ……\n俺は、君を全力で守るぞ！	칸나……　내가　온　힘을\n다해　지키마！
S2M:M25LOW:48	dup=S2M:M01LOW:48	アイリス……\n俺が側にいるから、\n安心していいよ。	아이리스……\n내가　곁에　있으니，\n안심해도　돼．
S2M:M25LOW:49	dup=S2M:M01LOW:49	紅蘭……\nいつだって君を助けにゆくよ。	코란……\n언제든　널　도우러　갈게．
S2M:M25LOW:50	dup=S2M:M01LOW:50	織姫くん……\n苦しいときは、\nいつでも俺を呼んでくれ！	오리히메　군……\n힘들　때는，\n언제든　날　불러！
S2M:M25LOW:51	dup=S2M:M01LOW:51	レニ……\nたまには、\n守られたっていいだろう？	레니……\n가끔은，\n보호받아도　괜찮잖아？
S2M:M25LOW:52	dup=S2M:M01LOW:52	がんばって！　大神さん！	힘내요！　오오가미　씨！
S2M:M25LOW:53	dup=S2M:M01LOW:53	大神さんが頼りです！	오오가미　씨만　믿을게요！
S2M:M25LOW:54	dup=S2M:M01LOW:54	無理しないでください、\n大神さん……	무리하지　마세요，\n오오가미　씨……
S2M:M25LOW:55	dup=S2M:M01LOW:55	がんばります！	힘낼게요！
S2M:M25LOW:56	dup=S2M:M01LOW:56	大神さんのために……\nあたし、やります！	오오가미　씨를　위해……\n제가　할게요！
S2M:M25LOW:57	dup=S2M:M01LOW:57	あたしが\nがんばらなくっちゃ！	제가　힘내야　해요！
S2M:M25LOW:58	dup=S2M:M01LOW:58	あたし……負けないわ……	저…　지지　않을　거예요…
S2M:M25LOW:59	dup=S2M:M01LOW:59	……ありがとうございます。\n大神さん。	……감사합니다．\n오오가미　씨．
S2M:M25LOW:60	dup=S2M:M01LOW:60	大神さんがいてくれるから、\nあたし、がんばれます！	오오가미　씨가　계시니까\n저도　힘낼　수　있어요！
S2M:M25LOW:61	dup=S2M:M01LOW:61	大丈夫ですか……大神さん。	괜찮으세요…　오오가미　씨．
S2M:M25LOW:62	dup=S2M:M01LOW:62	大神さん……\nごめんなさい……	오오가미　씨……\n죄송해요……
S2M:M25LOW:63	dup=S2M:M01LOW:63	ここは大神さんに\nお任せします……\n……ごめんなさい。	여기는　오오가미　씨에게\n맡길게요……\n……죄송해요．
S2M:M25LOW:64	dup=S2M:M01LOW:64	やりましたね、大神さん！	해냈네요，　오오가미　씨！
S2M:M25LOW:65	dup=S2M:M01LOW:65	今日の大神さん、\n一味違いますね。	오늘　오오가미　씨는\n평소와　다르네요．
S2M:M25LOW:66	dup=S2M:M01LOW:66	やりました！	해냈어요！
S2M:M25LOW:67	dup=S2M:M01LOW:67	大神さんのおかげです！	오오가미　씨　덕분이에요！
S2M:M25LOW:68	dup=S2M:M01LOW:68	大神さん……\nあたし、信じています。	오오가미　씨……\n저는　믿고　있어요．
S2M:M25LOW:69	dup=S2M:M01LOW:69	見せ場がきましてよ、少尉。	제　무대네요，　소위님．
S2M:M25LOW:70	dup=S2M:M01LOW:70	がんばってください、\nわたくしのために……	힘내　주세요，\n저를　위해……
S2M:M25LOW:71	dup=S2M:M01LOW:71	無理は禁物ですわ……	무리는　금물이에요……
S2M:M25LOW:72	dup=S2M:M01LOW:72	さあ、いきますわよ！	자，　갑니다！
S2M:M25LOW:73	dup=S2M:M01LOW:73	少尉、わたくしを\n見ていてくださいな。	소위님，\n저를　지켜봐　주세요．
S2M:M25LOW:74	dup=S2M:M01LOW:74	わたくしでなくては\nダメですわね。	저여야만　하겠군요．
S2M:M25LOW:75	dup=S2M:M01LOW:75	こ、この程度で……	이，　이　정도로……
S2M:M25LOW:76	dup=S2M:M01LOW:76	うれしいですわ……\n少尉……	기뻐요……\n소위님……
S2M:M25LOW:77	dup=S2M:M01LOW:77	わたくしを守ることが\nできるのは少尉だけですわ。	저를　지킬　수　있는　건\n소위님뿐이에요．
S2M:M25LOW:78	dup=S2M:M01LOW:78	かっ、身体が勝手に\n動いただけですわ……	몸이　저절로\n움직였을　뿐이에요……
S2M:M25LOW:79	dup=S2M:M01LOW:79	わたくしとしたことが……	저답지　않게……
S2M:M25LOW:80	dup=S2M:M01LOW:80	少尉を……\n……置いてはいけないのに！	소위님을……\n……두고　갈　수는　없는데！
S2M:M25LOW:81	dup=S2M:M01LOW:81	お見事ですわ、少尉。	훌륭해요，　소위님．
S2M:M25LOW:82	dup=S2M:M01LOW:82	りりしいですわよ、少尉。	늠름하시네요，　소위님．
S2M:M25LOW:83	dup=S2M:M01LOW:83	たいしたことありませんわね。	별것도　아니네요．
S2M:M25LOW:84	dup=S2M:M01LOW:84	見てくださいました？　少尉。	보셨나요？　소위님．
S2M:M25LOW:85	dup=S2M:M03LOW:85	んふっ、\nちょろいもんですわ。\nねぇ、少尉……	후훗，\n이　정도야　식은　죽이죠．\n그렇죠，　소위님……
S2M:M25LOW:86	dup=S2M:M01LOW:86	隊長、お願いします。	대장님，　부탁드려요．
S2M:M25LOW:87	dup=S2M:M01LOW:87	隊長……\n信じています。	대장님……\n믿고　있어요．
S2M:M25LOW:88	dup=S2M:M01LOW:88	隊長……\n慎重にいきましょう。	대장님……\n신중하게　가죠．
S2M:M25LOW:89	dup=S2M:M01LOW:89	さぁ、覚悟しなさい。	자，　각오하세요．
S2M:M25LOW:90	dup=S2M:M01LOW:90	私には、隊長が\nついていてくれる……	저에겐　대장님이\n곁에　계시니까……
S2M:M25LOW:91	dup=S2M:M01LOW:91	私がしっかりしなくては……	제가　정신　차려야……
S2M:M25LOW:92	dup=S2M:M01LOW:92	くっ、まだ……やれる！	큭，아직……　할　수　있어！
S2M:M25LOW:93	dup=S2M:M01LOW:93	すいません、隊長。	죄송해요，　대장님．
S2M:M25LOW:94	dup=S2M:M01LOW:94	隊長の背中……\nとても大きく見えます……	대장님　등……\n정말　커　보이네요……
S2M:M25LOW:95	dup=S2M:M01LOW:95	隊長が無事でよかった……	대장님이　무사해서　다행……
S2M:M25LOW:96	dup=S2M:M01LOW:96	隊長……申し訳ありません……	대장님……　죄송해요……
S2M:M25LOW:97	dup=S2M:M01LOW:97	もう少し……\n隊長と共に……	조금만　더……\n대장님과　함께……
S2M:M25LOW:98	dup=S2M:M01LOW:98	やりますね、隊長。	잘하시네요，　대장님．
S2M:M25LOW:99	dup=S2M:M01LOW:99	隊長が\nいてくださってよかった……	대장님이　계셔서　다행……
S2M:M25LOW:100	dup=S2M:M01LOW:100	ふんっ！　この程度……？	흥！　이　정도……？
S2M:M25LOW:101	dup=S2M:M01LOW:101	隊長、すばらしい指揮です！	대장님，　훌륭한　지휘예요！
S2M:M25LOW:102	dup=S2M:M01LOW:102	隊長が、私の力を\n何倍にもしてくれます。	대장님이　제　힘을\n몇　배나　키워　주세요．
S2M:M25LOW:103	dup=S2M:M01LOW:103	やっちまえ！　隊長！	해치워！　대장님！
S2M:M25LOW:104	dup=S2M:M01LOW:104	あたいがついてるぜ、隊長。	내가　곁에　있어，　대장．
S2M:M25LOW:105	dup=S2M:M01LOW:105	隊長の気合を見せてくれ！	대장님，　기합을　보여　줘！
S2M:M25LOW:106	dup=S2M:M01LOW:106	あたいの番だな！	내　차례구나！
S2M:M25LOW:107	dup=S2M:M01LOW:107	みていてくれよなっ！\n隊長！	지켜봐　줘！\n대장！
S2M:M25LOW:108	dup=S2M:M01LOW:108	まとめて面倒みるぜ！	한꺼번에　상대해　주마！
S2M:M25LOW:109	dup=S2M:M01LOW:109	まだまだ、\nどんどんかかってこいっ！	아직　멀었어，\n어서　덤벼！
S2M:M25LOW:110	dup=S2M:M01LOW:110	すまねぇな、隊長。	미안하군，　대장．
S2M:M25LOW:111	dup=S2M:M01LOW:111	へへっ、\n守られるってのも悪くないな。	헤헤，　보호받는　것도\n나쁘지　않군．
S2M:M25LOW:112	dup=S2M:M01LOW:112	へへっ、らしくないぜぇ？\n隊長！	헤헤，　나답지　않지？\n대장！
S2M:M25LOW:113	dup=S2M:M01LOW:113	ちくしょう……\nこんなところで……	젠장……\n이런　곳에서……
S2M:M25LOW:114	dup=S2M:M01LOW:114	隊長、すまない。\nあたいの分まで\nがんばってくれ！	대장，　미안하다．\n내　몫까지\n힘내　줘！
S2M:M25LOW:115	dup=S2M:M01LOW:115	やるじゃねぇか！　隊長！	제법이잖아！　대장！
S2M:M25LOW:116	dup=S2M:M01LOW:116	ほれぼれするぜ！　隊長！	감탄스럽군！　대장！
S2M:M25LOW:117	dup=S2M:M01LOW:117	ざっとこんなもんだぜ！	대충　이　정도지！
S2M:M25LOW:118	dup=S2M:M01LOW:118	へっへーん！\nどうだい！　隊長！	헤헤ー！\n어때！　대장！
S2M:M25LOW:119	dup=S2M:M01LOW:119	誰もあたいたちを\n止められねぇぜ！	아무도　우릴\n막을　수　없어！
S2M:M25LOW:120	dup=S2M:M01LOW:120	がんばろうね、お兄ちゃん。	힘내자，　오빠．
S2M:M25LOW:121	dup=S2M:M01LOW:121	お兄ちゃん、いっけぇー！	오빠，　가ー！
S2M:M25LOW:122	dup=S2M:M01LOW:122	お兄ちゃん……負けないで！	오빠……　지지　마！
S2M:M25LOW:123	dup=S2M:M01LOW:123	アイリス、いきまーす！	아이리스，　갑니다아！
S2M:M25LOW:124	dup=S2M:M01LOW:124	えへへっ、\nアイリスがんばるよ！	에헤헤，\n아이리스　힘낼게！
S2M:M25LOW:125	dup=S2M:M01LOW:125	アイリスが\nがんばらなくちゃ！	아이리스가\n힘내야　해！
S2M:M25LOW:126	dup=S2M:M01LOW:126	アイリス……もうだめ……	아이리스…　이제　안　돼…
S2M:M25LOW:127	dup=S2M:M01LOW:127	アイリスのために\n来てくれたんだぁー！	아이리스를　위해　왔구나ー！
S2M:M25LOW:128	dup=S2M:M01LOW:128	お兄ちゃんは、\n白馬のおうじさまだね！	오빠는\n백마　탄　왕자님이네！
S2M:M25LOW:129	dup=S2M:M01LOW:129	お兄ちゃん……\nアイリスがついてるからね。	오빠……\n아이리스가　곁에　있을게．
S2M:M25LOW:130	dup=S2M:M01LOW:130	あ……止まっちゃった……	아……　멈췄어……
S2M:M25LOW:131	dup=S2M:M01LOW:131	お兄ちゃん……\nごめんね……	오빠……\n미안해……
S2M:M25LOW:132	dup=S2M:M01LOW:132	わーい、やったね！\nお兄ちゃん！	와ー，　해냈다！\n오빠！
S2M:M25LOW:133	dup=S2M:M01LOW:133	お兄ちゃん、\nすごい、すっごーい！	오빠，\n대단해，　정말　대단해ー！
S2M:M25LOW:134	dup=S2M:M01LOW:134	アイリス、すごいでしょ！	아이리스，　대단하지！
S2M:M25LOW:135	dup=S2M:M01LOW:135	ねぇ、ねぇ！\nほめてほめて！	있잖아，　있잖아！\n칭찬해　줘，　칭찬해　줘！
S2M:M25LOW:136	dup=S2M:M01LOW:136	お兄ちゃんがいれば、\nアイリスなんにも恐くないよ！	오빠만　있으면，\n아이리스는　안　무서워！
S2M:M25LOW:137	dup=S2M:M01LOW:137	頼んだで、大神はん。	부탁한다，　오오가미　씨．
S2M:M25LOW:138	dup=S2M:M01LOW:138	ウチらの力、見せたろうで！	우리　힘을　보여　주자！
S2M:M25LOW:139	dup=S2M:M01LOW:139	だ、大丈夫かいな、大神はん。	괜찮나，　오오가미　씨．
S2M:M25LOW:140	dup=S2M:M01LOW:140	ほな、いってみよか！	그럼，　가　볼까！
S2M:M25LOW:141	dup=S2M:M01LOW:141	大神はん、\nウチにまーかしとき！	오오가미　씨，\n나한테　맡겨！
S2M:M25LOW:142	dup=S2M:M01LOW:142	ウチががんばらんと！	내가　힘내야　해！
S2M:M25LOW:143	dup=S2M:M01LOW:143	や、やばいで……	이，　이거　위험해……
S2M:M25LOW:144	dup=S2M:M01LOW:144	お、おおきに、\n大神はん……	고，　고마워，\n오오가미　씨……
S2M:M25LOW:145	dup=S2M:M01LOW:145	もう、そないなことされたら、\nウチ……	그렇게까지　해　주면，\n나……
S2M:M25LOW:146	dup=S2M:M01LOW:146	大神はんがおらんと、\nウチ……こまるんや。	오오가미　씨가　없으면，\n나……　곤란해．
S2M:M25LOW:147	dup=S2M:M01LOW:147	そのへんで、堪忍や……	이쯤에서　봐줘……
S2M:M25LOW:148	dup=S2M:M01LOW:148	大神はん、すんまへん。	오오가미　씨，　미안해．
S2M:M25LOW:149	dup=S2M:M01LOW:149	大神はん、その調子や！	오오가미　씨，　그　기세야！
S2M:M25LOW:150	dup=S2M:M01LOW:150	ええ感じやで！　大神はん！	좋은데！　오오가미　씨！
S2M:M25LOW:151	dup=S2M:M01LOW:151	いっちょあがりや！	한　건　해냈다！
S2M:M25LOW:152	dup=S2M:M01LOW:152	大神はん、\nやったで、ウチ！	오오가미　씨，\n나　해냈어！
S2M:M25LOW:153	dup=S2M:M01LOW:153	ウチらの力を合わせれば、\n千人力や！	우리　힘을　합치면，\n천군만마야！
S2M:M25LOW:154	dup=S2M:M01LOW:154	少尉さん、\nお手並み拝見でーす！	소위님，\n실력을　보여　주세요ー！
S2M:M25LOW:155	dup=S2M:M01LOW:155	早く終わらせて帰りましょー。	빨리　끝내고　돌아가요ー．
S2M:M25LOW:156	dup=S2M:M01LOW:156	ちょっと、\nヤバそうってカンジ！	잠깐，\n좀　위험해　보이는　느낌！
S2M:M25LOW:157	dup=S2M:M01LOW:157	たのしいでーす！	재밌어요ー！
S2M:M25LOW:158	dup=S2M:M01LOW:158	わたしを見ていてくださーい！	저를　지켜봐　주세요ー！
S2M:M25LOW:159	dup=S2M:M10LOW:159	勝手にやらせてもらいまーす！	맘대로　하게　해　주세요ー！
S2M:M25LOW:160	dup=S2M:M01LOW:160	シャワー浴びたいでーす！	샤워하고　싶어요ー！
S2M:M25LOW:161	dup=S2M:M10LOW:161	あはっ！\n少尉さん、サンキュでーす！	아핫！\n소위님，　고마워요ー！
S2M:M25LOW:162	dup=S2M:M01LOW:162	少尉さん、\n無理しなくていいでーす……	소위님，\n무리하지　않아도　돼요……
S2M:M25LOW:163	dup=S2M:M01LOW:163	まったく、\nダメなオトコでーす！	정말이지，\n쓸모없는　남자네요ー！
S2M:M25LOW:164	dup=S2M:M01LOW:164	これ以上はカンベンでーす！	이　이상은　봐주겠어요ー！
S2M:M25LOW:165	dup=S2M:M01LOW:165	もうだめです。\n撤退します……隊長……	이젠　안　돼요．\n후퇴할게요……　대장……
S2M:M25LOW:166	dup=S2M:M01LOW:166	なかなかやるってカンジ！	제법인데요！
S2M:M25LOW:167	dup=S2M:M01LOW:167	少尉さん、\nちょーかっこいいでーす！	소위님，\n정말　멋져요ー！
S2M:M25LOW:168	dup=S2M:M01LOW:168	楽勝でーす！	거뜬해요ー！
S2M:M25LOW:169	dup=S2M:M01LOW:169	うふっ！\n拍手をくださーい！	후훗！\n박수　쳐　주세요ー！
S2M:M25LOW:170	dup=S2M:M01LOW:170	このデュオは最高でーす！	이　듀오는　최고예요ー！
S2M:M25LOW:171	dup=S2M:M01LOW:171	……行動開始。	……행동　개시．
S2M:M25LOW:172	dup=S2M:M07LOW:172	隊長、気を付けて。	대장님，　조심하세요．
S2M:M25LOW:173	dup=S2M:M01LOW:173	……危険だよ。	……위험해．
S2M:M25LOW:174	dup=S2M:M07LOW:174	いくよ！	가자！
S2M:M25LOW:175	dup=S2M:M07LOW:175	指示、よろしく。	지시，　잘　부탁해．
S2M:M25LOW:176	dup=S2M:M08LOW:176	ボクの力で……倒す……	내　힘으로…　쓰러뜨린다…
S2M:M25LOW:177	dup=S2M:M01LOW:177	機体の損傷が激しい……	기체　손상이　심해……
S2M:M25LOW:178	dup=S2M:M01LOW:178	………………	………………
S2M:M25LOW:179	dup=S2M:M07LOW:179	……ありがとう。	…고마워．
S2M:M25LOW:180	dup=S2M:M01LOW:180	隊長……しっかり……	대장……　정신　차려……
S2M:M25LOW:181	dup=S2M:M01LOW:181	一時、撤退……	일단　후퇴……
S2M:M25LOW:182	dup=S2M:M07LOW:182	隊長、\nあとは……よろしく。	대장，\n나머지는……　부탁해．
S2M:M25LOW:183	dup=S2M:M01LOW:183	目標、撃破確認……	목표　격파　확인……
S2M:M25LOW:184	dup=S2M:M07LOW:184	やるね、隊長。	잘하네，　대장．
S2M:M25LOW:185	dup=S2M:M01LOW:185	目標撃破……	목표　격파……
S2M:M25LOW:186	dup=S2M:M07LOW:186	隊長……\n次の指示を……	대장……\n다음　지시를……
S2M:M25LOW:187	dup=S2M:M01LOW:187	これが……ボクらの力……！	이게……　우리　힘……！
S2M:M25LOW:188	dup=S2M:M01LOW:188	そぉら、いくぜ！	자아，　간다！
S2M:M25LOW:189	dup=S2M:M01LOW:189	さぁ、楽しませてくれよ。	자，　즐겁게　해　줘．
S2M:M25LOW:190	dup=S2M:M01LOW:190	勝負は……これからだぜ！	승부는……　지금부터야！
S2M:M25LOW:191	dup=S2M:M01LOW:191	なかなか、\nやるじゃねぇか！	제법이군，\n잘하잖아！
S2M:M25LOW:192	dup=S2M:M01LOW:192	おもしれぇ……	재밌군……
S2M:M25LOW:193	dup=S2M:M01LOW:193	大丈夫か、水狐。	괜찮나，　수호．
S2M:M25LOW:194	dup=S2M:M01LOW:194	華麗に燃やしてあげますよ……	화려하게　태워　드리죠……
S2M:M25LOW:195	dup=S2M:M01LOW:195	覚悟してください。	각오하세요．
S2M:M25LOW:196	dup=S2M:M01LOW:196	あははははは！	아하하하하하！
S2M:M25LOW:197	dup=S2M:M01LOW:197	燃やしつくしてやる！	모조리　태워　주마！
S2M:M25LOW:198	dup=S2M:M01LOW:198	ご……ゴミが……	쓰……　쓰레기가……
S2M:M25LOW:199	dup=S2M:M01LOW:199	私の戦いを見せてあげる。	내　싸움을　보여　주지．
S2M:M25LOW:200	dup=S2M:M01LOW:200	やさしくしてあげるわ。	상냥하게　해　줄게．
S2M:M25LOW:201	dup=S2M:M01LOW:201	ふふふ……負けないわよ。	후후후…　지지　않을　거야．
S2M:M25LOW:202	dup=S2M:M01LOW:202	やるわね。\nさすが華撃団……	잘하네．\n역시　화격단……
S2M:M25LOW:203	dup=S2M:M01LOW:203	くっ……\nこれほどとはね……	큭……\n이　정도일　줄이야……
S2M:M25LOW:204	dup=S2M:M01LOW:204	さぁ、ワシの番じゃな。	자，　내　차례로구나．
S2M:M25LOW:205	dup=S2M:M01LOW:205	ワシの計算にぬかりはないぞ。	내　계산엔　빈틈없다．
S2M:M25LOW:206	dup=S2M:M01LOW:206	こ、このままでは\n終わらぬぞ……	이，　이대로는\n끝나지　않아……
S2M:M25LOW:207	dup=S2M:M01LOW:207	これも計算のうちじゃ。	이것도　계산　안이야．
S2M:M25LOW:208	dup=S2M:M01LOW:208	ぬうっ……\nこれは計算外じゃ……	으으……\n이건　계산　밖이야……
S2M:M25LOW:209	dup=S2M:M01LOW:209	狩りとってやる！	사냥해　주마！
S2M:M25LOW:210	dup=S2M:M01LOW:210	今、楽にしてやるからな。	지금　편하게　해　주마．
S2M:M25LOW:211	dup=S2M:M01LOW:211	ひ、ひねり殺してやる！	비，　비틀어　죽여　주마！
S2M:M25LOW:212	dup=S2M:M01LOW:212	勝ったと思うなよ……	이겼다고　생각하지　마……
S2M:M25LOW:213	dup=S2M:M01LOW:213	まだ、終わりではないぞ！	아직　끝나지　않았다！
S2M:M25LOW:214	dup=S2M:M01LOW:214	終わりにしてやる。	끝내　주마．
S2M:M25LOW:215	dup=S2M:M01LOW:215	いくぞ！　華撃団っ！	간다！　화격단！
S2M:M25LOW:216	dup=S2M:M01LOW:216	まだ、まだだっ！	아직，　아직이다！
S2M:M25LOW:217	dup=S2M:M01LOW:217	腕を上げたな……	실력이　늘었구나……
S2M:M25LOW:218	dup=S2M:M01LOW:218	ぐっ……\nわたしの復讐が……	큭……\n내　복수가……
S2M:M25LOW:219	dup=S2M:M01LOW:219	容赦はせぬぞ……	봐주지　않겠다……
S2M:M25LOW:220	dup=S2M:M01LOW:220	お前たちの罪を知れ……	너희의　죄를　깨달아라……
S2M:M25LOW:221	dup=S2M:M01LOW:221	戦いとはいつも無常だ……	싸움은　언제나　덧없다……
S2M:M25LOW:222	dup=S2M:M01LOW:222	愛は死んだ……	사랑은　죽었다……
S2M:M25LOW:223	dup=S2M:M01LOW:223	ぬぅ……やるな……	으음……　제법이군……
S2M:M25LOW:224		我の……糧となれ……	내……　양식이　되어라……
S2M:M25LOW:225		これが”力”だ……	이것이　「힘」이다……
S2M:M25LOW:226		いいぞ……	좋아……
S2M:M25LOW:227		そう……そうだ！	그래……　그래！
S2M:M25LOW:228	dup=S2M:M01LOW:196	あははははは！	아하하하하하！
S2M:M26LOW:0		ふう……\n終わったな。	후우……\n끝났군．
S2M:M26LOW:1		はいっ！\n久しぶりの戦闘で\n緊張してしまいました。	네！\n오랜만의　전투라\n긴장했어요．
S2M:M26LOW:2		えへっ！\nアイリスもがんばったよ！	에헷！\n아이리스도　힘냈어！
S2M:M26LOW:3		あーあ！　早くもどって\nシャワーでも浴びたいでーす！	아아！　빨리　돌아가\n샤워하고　싶어요ー！
S2M:M26LOW:4		フフフ……	후후후……
S2M:M26LOW:5		……こ、この異常な妖力は〓	……이，이　이상한　요력은⁉
S2M:M26LOW:6		ああっ！\nあれ……何〓	앗！\n저건……뭐야⁉
S2M:M26LOW:7		な……何者だっ〓	누，　누구냐⁉
S2M:M26LOW:8		ひさしぶりだな……\n帝国華撃団。	오랜만이군……\n제국화격단．
S2M:M26LOW:9		お、おまえは∈\nま、まさか……\n葵叉丹〓	너，　너는‼\n서，　설마……\n아오이　사탄⁉
S2M:M26LOW:10		あおい……さたん？\n誰ですか、それー？	아오이……　사탄？\n누구예요，　그게ー？
S2M:M26LOW:11		一年前……魔の力を利用して\nこの帝都を滅ぼそうとした\n恐ろしい男です。	１년　전……　마의　힘으로\n이　제도를　멸망시키려　한\n무서운　남자예요．
S2M:M26LOW:12		でも、叉丹は\n滅んだはずなのに……\nなぜ……？	하지만　사탄은\n죽었을　텐데……\n왜……？
S2M:M26LOW:13		葵……叉丹……？\nそれは偽りの名……\n偽りの生……	아오이……　사탄……？\n그건　거짓　이름……\n거짓된　삶……
S2M:M26LOW:14		反魂の術によって\n我はふたたびよみがえった！	반혼술로\n나는　다시　되살아났다！
S2M:M26LOW:15		……は、反魂の術〓	……바，　반혼의　술법⁉
S2M:M26LOW:16		誰がお前を\nよみがえらせたんだ？\n一体、何のために〓	누가　너를\n되살린　거냐？\n대체　무엇을　위해⁉
S2M:M26LOW:17		お前たちが\nそれを知る必要は……ない。	너희가\n그걸　알　필요는……　없다．
S2M:M26LOW:18		もー！　何やってんですかー？\n昔の敵だかなんだか\n知りませんけどー……	정말ー！　뭐　하는\n거예요ー？　옛날　적이든\n뭐든　상관없지만ー……
S2M:M26LOW:19		あの人が敵のリーダーなら、\nわたしがさっさと、\nやっつけちゃいまーす∈	저　사람이　적　우두머리라면\n제가　후딱\n해치워　버릴게요오‼
S2M:M26LOW:20		きさまらごときが\n勝てるものか……	너희　따위가　이길　수　있을\n것　같으냐……
S2M:M26LOW:21		この帝都の怨念の\n加護を得た、この……私に∈	이　제도의　원념의　가호를\n얻은，　이……나에게‼
S2M:M26LOW:22		私の前から……消えろ∈	내　앞에서……사라져라‼
S2M:M26LOW:23		きゃあああ∈	꺄아아아‼
S2M:M26LOW:24		織姫さーん∈	오리히메　씨이‼
S2M:M26LOW:25		織姫ー∈	오리히메에‼
S2M:M26LOW:26		お前は目ざわりだ……\n消えろ、小娘……	너는　눈에　거슬리는군……\n꺼져라，　계집애……
S2M:M26LOW:27		織姫くん∈	오리히메　양‼
S2M:M26LOW:28		織姫をかばう。	오리히메를　감싼다．
S2M:M26LOW:29		織姫くん、危ないっ∈	오리히메　양，　위험해‼
S2M:M26LOW:30		うぬっ！　邪魔だてするか\n大神一郎∈	으윽！　방해할　셈이냐\n오오가미　이치로‼
S2M:M26LOW:31		貴様にやらせるわけには\n……いかない。織姫くんは\n俺の大事な仲間なんだ。	네놈에게　당하게　둘　순……\n없다．　오리히메　군은\n내　소중한　동료야．
S2M:M26LOW:32		……しょ、少尉さん〓	……소，　소위님⁉
S2M:M26LOW:33		だ、大丈夫か……？\n織姫くん……	다，　다친　데　없나……？\n오리히메　군……
S2M:M26LOW:34		……なぜ、\nかばってくれたのですか？	……왜\n감싸　주신　건가요？
S2M:M26LOW:35		……あ、あたりまえだろ？\n君は花組の隊員で、そして\n俺たちの仲間だ……	……당연하잖아？　너는　화조\n대원이고，　그리고　우리\n동료니까……
S2M:M26LOW:36		仲……間……？	동……　료……？
S2M:M26LOW:37		織姫くん。君が俺のことを、\nどう思っているかは\n知っているつもりだ。	오리히메　군．　네가　나를\n어떻게　생각하는지는\n알고　있다고　생각해．
S2M:M26LOW:38		だが、\nこれだけは覚えておいてくれ。	하지만，\n이것만은　기억해　줘．
S2M:M26LOW:39		俺は、花組の隊長だ。\n花組の隊員は、必ず\n守って見せる！	나는　화조의　대장이다．\n화조　대원은　반드시\n지켜　보이겠다！
S2M:M26LOW:40		信頼しあい、助け合い、\n共に戦う……\nそれが、仲間じゃないか！	서로　믿고，　서로　돕고，\n함께　싸우는　것……\n그게　동료　아니겠어！
S2M:M26LOW:41		少尉……さん……	소위……　님……
S2M:M26LOW:42		……お、織姫くんっ∈	……오，　오리히메　양‼
S2M:M26LOW:43		うぬっ！　邪魔だてするか\n真宮寺さくら∈	으윽！　방해할　셈이냐\n신구지　사쿠라‼
S2M:M26LOW:44		やらせるわけにはいかないわ！\n織姫さんは……あたしたちの\n大切な仲間なんです。	그렇게　두지　않겠어！\n오리히메　씨는……　우리\n소중한　동료예요．
S2M:M26LOW:45		……さ、さくら〓	……사，　사쿠라⁉
S2M:M26LOW:46		大丈夫？\n織姫さん……	괜찮아？\n오리히메　씨……
S2M:M26LOW:47		……なぜ、\nかばったのです？	……왜，\n감싸　주신　거예요？
S2M:M26LOW:48		仲間だからです！	동료이기　때문이에요！
S2M:M26LOW:49		あたしが倒れた時は、\n大神さんが助けてくれます。	제가　쓰러지면\n오오가미　씨가　구해　줘요．
S2M:M26LOW:50		大神さんが倒れたときは、\nアイリスが……	오오가미　씨가　쓰러지면\n아이리스가……
S2M:M26LOW:51		アイリスが倒れた時は、\n花組の仲間が……\n必ず助けに来てくれます！	아이리스가　쓰러지면\n화조　동료가……\n반드시　구하러　와　줘요！
S2M:M26LOW:52		仲間……	동료……
S2M:M26LOW:53		そう、あたしたちは、\nお互い信じあい、協力しあう\n大切な仲間なんです！	그래，　우리는\n서로　믿고　협력하는\n소중한　동료예요！
S2M:M26LOW:54		さくら。	사쿠라．
S2M:M26LOW:55		…………	…………
S2M:M26LOW:56		あーあ。本当に\nおせっかいが好きな人たち……	정말……\n참　오지랖도　넓네……
S2M:M26LOW:57		でも、このムカつく\n敵を倒さないと、\n気分悪いです。	하지만　이　재수　없는\n적을　쓰러뜨리지　않으면\n기분이　나빠요．
S2M:M26LOW:58		それじゃ、みなさん。\nがんばって、わたしに\n協力してくださーい！	그럼　여러분．\n힘내서　저를\n도와주세요ー！
S2M:M26LOW:59		はい！	네！
S2M:M26LOW:60		アイリスもがんばるよーっ！	아이리스도　힘낼게ー！
S2M:M26LOW:61		よーし、みんな！\n勝負はこれからだ∈	좋아，　모두！\n승부는　지금부터다‼
S2M:M26LOW:62		……ふっ、ほざけ！	……훗，　지껄여라！
S2M:M26LOW:63		我が愛刀・光刀無形が\n貴様ら全員、\n骨まで消しさってくれるわ！	내　애도　광도무형이\n네놈들　전부를\n뼈까지　없애　주마！
S2M:M26LOW:64		くっ……あの恐るべき敵が\nまた俺たちの前に\nあらわれるとは……	큭……　저　무서운　적이\n다시　우리　앞에\n나타나다니……
S2M:M27LOW:0	dup=S2M:M01LOW:0	疾きこと風のごとく……\n移動力重視の作戦だ！	빠르기는　바람처럼……\n이동력　중시　작전이다！
S2M:M27LOW:1	dup=S2M:M01LOW:1	今は、この命令を出している。\n移動力を活かして戦おう。	현재　명령은　이것이다．\n이동력을　살려　싸우자．
S2M:M27LOW:2	dup=S2M:M01LOW:2	花組各員に通達！\n「風」作戦を開始するぞ！	화조　전원에게　통보！\n「풍」　작전　개시다！
S2M:M27LOW:3	dup=S2M:M01LOW:3	林のように心静かに……\n本来の力を引き出すんだ！	숲처럼　마음을　고요히……\n본래의　힘을　끌어내자！
S2M:M27LOW:4	dup=S2M:M01LOW:4	今は、この命令を出している。\n本来の力で敵に立ち向かおう。	현재　명령은　이것이다．\n본래의　힘으로　맞서자．
S2M:M27LOW:5	dup=S2M:M01LOW:5	花組各員に通達！\n「林」作戦を開始するぞ！	화조　전원에게　통보！\n「림」　작전　개시다！
S2M:M27LOW:6	dup=S2M:M01LOW:6	炎のように熱く燃える……\n攻撃力重視の作戦だ！	불처럼　뜨겁게　타오르는……\n공격력　중시　작전이다！
S2M:M27LOW:7	dup=S2M:M01LOW:7	今は、この命令を出している。\n攻撃力を活かして戦おう。	현재　명령은　이것이다．\n공격력을　살려　싸우자．
S2M:M27LOW:8	dup=S2M:M01LOW:8	花組各員に通達！\n「火」作戦を開始するぞ！	화조　전원에게　통보！\n「화」　작전　개시다！
S2M:M27LOW:9	dup=S2M:M01LOW:9	構えること山のごとく……\n防御力重視の作戦だ！	산처럼　굳건히　버티는……\n방어력　중시　작전이다！
S2M:M27LOW:10	dup=S2M:M01LOW:10	今は、この命令を出している。\n防御力を活かして戦おう。	현재　명령은　이것이다．\n방어력을　살려　싸우자．
S2M:M27LOW:11	dup=S2M:M01LOW:11	花組各員に通達！\n「山」作戦を開始するぞ！	화조　전원에게　통보！\n「산」　작전　개시다！
S2M:M27LOW:12	dup=S2M:M01LOW:12	このままの作戦でいくぞ！	이대로　작전을　계속한다！
S2M:M27LOW:13	dup=S2M:M01LOW:13	了解！	알겠습니다！
S2M:M27LOW:14		金剛が乗る魔操機兵、\n「大日剣」を\n破壊してください！	금강이　탄　마조기병，\n「대일검」을\n파괴해　주세요！
S2M:M27LOW:15	dup=S2M:M08LOW:15	０メッセージ１－２	０메시지１－２
S2M:M27LOW:16	dup=S2M:M01LOW:16	０メッセージ１－３	０메시지１－３
S2M:M27LOW:17	dup=S2M:M12LOW:17	門の外に出て、\n土機を撃破するのよ！	문　밖으로　나가，\n토기를　격파해！
S2M:M27LOW:18	dup=S2M:M12LOW:18	敵の大将、土は、\n攻撃回数が多いわ。\n気をつけるのよ！	적장　토지구모는\n공격　횟수가　많아．\n조심해！
S2M:M27LOW:19	dup=S2M:M01LOW:19	０メッセージ２－３	０메시지２－３
S2M:M27LOW:20	dup=S2M:M02LOW:20	大神さん、山崎は強いわ。\n一時撤退しましょう！	야마자키는　강해요．\n일단　후퇴하죠！
S2M:M27LOW:21	dup=S2M:M01LOW:21	０メッセージ３－２	０메시지３－２
S2M:M27LOW:22	dup=S2M:M01LOW:22	０メッセージ３－３	０메시지３－３
S2M:M27LOW:23	dup=S2M:M01LOW:23	花組の隊長、大神一郎。\n高い戦闘力と、\n勇敢な心を持っている。	화조　대장，　오오가미．\n높은　전투력과\n용감한　마음을　지녔다．
S2M:M27LOW:24	dup=S2M:M01LOW:24	北辰一刀流、真宮寺さくら。\n素早い動きで、\n敵を一刀両断する。	북진일도류，　사쿠라．\n빠른　움직임으로\n적을　일도양단한다．
S2M:M27LOW:25	dup=S2M:M01LOW:25	神崎風塵流、神崎すみれ。\n華麗なナギナタの技は、\n見るものの心をもとらえる。	칸자키　풍진류，　스미레．\n화려한　나기나타　기술은\n보는　이의　마음마저　홀려．
S2M:M27LOW:26	dup=S2M:M01LOW:26	射撃手、マリア・タチバナ。\n氷の銃弾は、狙った\n獲物を決して逃さない。	사격수，　마리아．\n얼음　탄환은　노린\n먹이를　놓치지　않는다．
S2M:M27LOW:27	dup=S2M:M01LOW:27	桐島流空手、桐島カンナ。\n圧倒的なパワーで、むらがる\n敵を粉砕する。	가라테의　달인，　칸나．\n압도적　파워로　몰려드는\n적을　분쇄한다．
S2M:M27LOW:28	dup=S2M:M01LOW:28	花組のマスコット、アイリス。\n超能力を使った、\n不思議な攻撃で敵と戦う。	화조의　마스코트，\n아이리스．\n초능력으로　적과　싸운다．
S2M:M27LOW:29	dup=S2M:M01LOW:29	発明家、李紅蘭。\n次々に繰り出す発明品で、\n敵味方をあっといわせるぞ。	발명가，　코란．\n신제품을　잇달아　내놓아\n적과　아군을　놀라게　한다．
S2M:M27LOW:30	dup=S2M:M01LOW:30	元星組隊員、ソレッタ・織姫。\nイタリアンローズの機体に乗り\n赤い貴族と呼ばれている。	전　별조　대원，　오리히메．\n이탈리안　로즈를　타고\n붉은　귀족이라　불린다．
S2M:M27LOW:31	dup=S2M:M01LOW:31	レニ・ミルヒシュトラーセ。\n戦闘のプロとして、正確な\n無駄のない攻撃を行う。	레니　밀히슈트라세．　전투의\n프로답게　정확하고　군더더기\n없는　공격을　한다．
S2M:M27LOW:32	dup=S2M:M01LOW:32	魔操機兵、脇侍・改。\n近接攻撃専用のものは、\nイ型と呼ばれる。	마조기병，　협시・개．\n근접　공격　전용형은\n이형이라　부른다．
S2M:M27LOW:33	dup=S2M:M01LOW:33	魔操機兵、脇侍・改。\n鉄砲を装備したものは、\nロ型と呼ばれる。	마조기병，　협시・개．\n총을　장비한　것은\n로형이라　부른다．
S2M:M27LOW:34	dup=S2M:M02LOW:34	「蒸気火煎」\n木喰が創り出した兵器で、\n高い攻撃力を持っている。	「증기화전」\n모쿠지키가　만든　병기로\n공격력이　높다．
S2M:M27LOW:35	dup=S2M:M01LOW:35	魔操機兵「大日剣」\n五行衆・金剛が乗る機体で、\n格闘能力が極めて高い。	마조기병　「대일검」\n오행중・금강이　타는　기체로\n격투　능력이　매우　높다．
S2M:M27LOW:36	dup=S2M:M01LOW:36	脇侍・改「黄童子」\n金剛専用の部隊で、大日剣と\n同じ色に塗装されている。	협시・개　「황동자」　금강\n전용　부대로，　대일검과\n같은　색으로　칠해져　있다．
S2M:M27LOW:37	dup=S2M:M01LOW:37	黒鬼会の魔操機兵、脇侍・改。\n大砲を装備したものは、\nハ型と呼ばれる。	흑귀회의　마조기병，\n협시・개．　대포를　장비한\n것은　하형이라　부른다．
S2M:M27LOW:38	dup=S2M:M01LOW:38	黒鬼会の魔操機兵、脇侍・改。\n実は、あまり忠誠心は\nないので、がっかりだ。	흑귀회의　마조기병，\n협시・개．　사실　충성심은\n그다지　없어서　실망스럽다．
S2M:M27LOW:39	dup=S2M:M01LOW:39	黒鬼会の魔操機兵、脇侍・改。\n鉄砲を装備したものは、\nロ型と呼ばれる。	흑귀회의　마조기병，\n협시・개．　총을　장비한\n것은　로형이라　부른다．
S2M:M27LOW:40	dup=S2M:M01LOW:40	メッセージ１８	메시지　１８
S2M:M27LOW:41	dup=S2M:M01LOW:41	メッセージ１９	메시지　１９
S2M:M27LOW:42	dup=S2M:M01LOW:42	メッセージ２０	메시지　２０
S2M:M27LOW:43	dup=S2M:M01LOW:43	今のところ、\nかばう必要はなさそうだな。	지금은\n보호할　필요　없어　보이네．
S2M:M27LOW:44	dup=S2M:M01LOW:44	さくらくん……\n君は俺が守る！	사쿠라　군……\n내가　지킬게！
S2M:M27LOW:45	dup=S2M:M01LOW:45	すみれくん……\n君の盾になってもいいかい。	스미레　군……\n네　방패가　되어도　될까？
S2M:M27LOW:46	dup=S2M:M01LOW:46	マリア……\n君の背中を守らせてくれ。	마리아……\n네　뒤를　지키게　해　줘．
S2M:M27LOW:47	dup=S2M:M01LOW:47	カンナ……\n俺は、君を全力で守るぞ！	칸나……　내가　온　힘을\n다해　지키마！
S2M:M27LOW:48	dup=S2M:M01LOW:48	アイリス……\n俺が側にいるから、\n安心していいよ。	아이리스……\n내가　곁에　있으니，\n안심해도　돼．
S2M:M27LOW:49	dup=S2M:M01LOW:49	紅蘭……\nいつだって君を助けにゆくよ。	코란……\n언제든　널　도우러　갈게．
S2M:M27LOW:50	dup=S2M:M01LOW:50	織姫くん……\n苦しいときは、\nいつでも俺を呼んでくれ！	오리히메　군……\n힘들　때는，\n언제든　날　불러！
S2M:M27LOW:51	dup=S2M:M01LOW:51	レニ……\nたまには、\n守られたっていいだろう？	레니……\n가끔은，\n보호받아도　괜찮잖아？
S2M:M27LOW:52	dup=S2M:M01LOW:52	がんばって！　大神さん！	힘내요！　오오가미　씨！
S2M:M27LOW:53	dup=S2M:M01LOW:53	大神さんが頼りです！	오오가미　씨만　믿을게요！
S2M:M27LOW:54	dup=S2M:M01LOW:54	無理しないでください、\n大神さん……	무리하지　마세요，\n오오가미　씨……
S2M:M27LOW:55	dup=S2M:M01LOW:55	がんばります！	힘낼게요！
S2M:M27LOW:56	dup=S2M:M01LOW:56	大神さんのために……\nあたし、やります！	오오가미　씨를　위해……\n제가　할게요！
S2M:M27LOW:57	dup=S2M:M01LOW:57	あたしが\nがんばらなくっちゃ！	제가　힘내야　해요！
S2M:M27LOW:58	dup=S2M:M01LOW:58	あたし……負けないわ……	저…　지지　않을　거예요…
S2M:M27LOW:59	dup=S2M:M01LOW:59	……ありがとうございます。\n大神さん。	……감사합니다．\n오오가미　씨．
S2M:M27LOW:60	dup=S2M:M01LOW:60	大神さんがいてくれるから、\nあたし、がんばれます！	오오가미　씨가　계시니까\n저도　힘낼　수　있어요！
S2M:M27LOW:61	dup=S2M:M01LOW:61	大丈夫ですか……大神さん。	괜찮으세요…　오오가미　씨．
S2M:M27LOW:62	dup=S2M:M01LOW:62	大神さん……\nごめんなさい……	오오가미　씨……\n죄송해요……
S2M:M27LOW:63	dup=S2M:M01LOW:63	ここは大神さんに\nお任せします……\n……ごめんなさい。	여기는　오오가미　씨에게\n맡길게요……\n……죄송해요．
S2M:M27LOW:64	dup=S2M:M01LOW:64	やりましたね、大神さん！	해냈네요，　오오가미　씨！
S2M:M27LOW:65	dup=S2M:M01LOW:65	今日の大神さん、\n一味違いますね。	오늘　오오가미　씨는\n평소와　다르네요．
S2M:M27LOW:66	dup=S2M:M01LOW:66	やりました！	해냈어요！
S2M:M27LOW:67	dup=S2M:M01LOW:67	大神さんのおかげです！	오오가미　씨　덕분이에요！
S2M:M27LOW:68	dup=S2M:M01LOW:68	大神さん……\nあたし、信じています。	오오가미　씨……\n저는　믿고　있어요．
S2M:M27LOW:69	dup=S2M:M01LOW:69	見せ場がきましてよ、少尉。	제　무대네요，　소위님．
S2M:M27LOW:70	dup=S2M:M01LOW:70	がんばってください、\nわたくしのために……	힘내　주세요，\n저를　위해……
S2M:M27LOW:71	dup=S2M:M01LOW:71	無理は禁物ですわ……	무리는　금물이에요……
S2M:M27LOW:72	dup=S2M:M01LOW:72	さあ、いきますわよ！	자，　갑니다！
S2M:M27LOW:73	dup=S2M:M01LOW:73	少尉、わたくしを\n見ていてくださいな。	소위님，\n저를　지켜봐　주세요．
S2M:M27LOW:74	dup=S2M:M01LOW:74	わたくしでなくては\nダメですわね。	저여야만　하겠군요．
S2M:M27LOW:75	dup=S2M:M01LOW:75	こ、この程度で……	이，　이　정도로……
S2M:M27LOW:76	dup=S2M:M01LOW:76	うれしいですわ……\n少尉……	기뻐요……\n소위님……
S2M:M27LOW:77	dup=S2M:M01LOW:77	わたくしを守ることが\nできるのは少尉だけですわ。	저를　지킬　수　있는　건\n소위님뿐이에요．
S2M:M27LOW:78	dup=S2M:M01LOW:78	かっ、身体が勝手に\n動いただけですわ……	몸이　저절로\n움직였을　뿐이에요……
S2M:M27LOW:79	dup=S2M:M01LOW:79	わたくしとしたことが……	저답지　않게……
S2M:M27LOW:80	dup=S2M:M01LOW:80	少尉を……\n……置いてはいけないのに！	소위님을……\n……두고　갈　수는　없는데！
S2M:M27LOW:81	dup=S2M:M01LOW:81	お見事ですわ、少尉。	훌륭해요，　소위님．
S2M:M27LOW:82	dup=S2M:M01LOW:82	りりしいですわよ、少尉。	늠름하시네요，　소위님．
S2M:M27LOW:83	dup=S2M:M01LOW:83	たいしたことありませんわね。	별것도　아니네요．
S2M:M27LOW:84	dup=S2M:M01LOW:84	見てくださいました？　少尉。	보셨나요？　소위님．
S2M:M27LOW:85	dup=S2M:M01LOW:85	んふっ、\nちょろいもんですわね。\nねぇ、少尉……	후훗，\n이　정도야　식은　죽이죠．\n그렇죠，　소위님……
S2M:M27LOW:86	dup=S2M:M01LOW:86	隊長、お願いします。	대장님，　부탁드려요．
S2M:M27LOW:87	dup=S2M:M01LOW:87	隊長……\n信じています。	대장님……\n믿고　있어요．
S2M:M27LOW:88	dup=S2M:M01LOW:88	隊長……\n慎重にいきましょう。	대장님……\n신중하게　가죠．
S2M:M27LOW:89	dup=S2M:M01LOW:89	さぁ、覚悟しなさい。	자，　각오하세요．
S2M:M27LOW:90	dup=S2M:M01LOW:90	私には、隊長が\nついていてくれる……	저에겐　대장님이\n곁에　계시니까……
S2M:M27LOW:91	dup=S2M:M01LOW:91	私がしっかりしなくては……	제가　정신　차려야……
S2M:M27LOW:92	dup=S2M:M01LOW:92	くっ、まだ……やれる！	큭，아직……　할　수　있어！
S2M:M27LOW:93	dup=S2M:M01LOW:93	すいません、隊長。	죄송해요，　대장님．
S2M:M27LOW:94	dup=S2M:M01LOW:94	隊長の背中……\nとても大きく見えます……	대장님　등……\n정말　커　보이네요……
S2M:M27LOW:95	dup=S2M:M01LOW:95	隊長が無事でよかった……	대장님이　무사해서　다행……
S2M:M27LOW:96	dup=S2M:M01LOW:96	隊長……申し訳ありません……	대장님……　죄송해요……
S2M:M27LOW:97	dup=S2M:M01LOW:97	もう少し……\n隊長と共に……	조금만　더……\n대장님과　함께……
S2M:M27LOW:98	dup=S2M:M01LOW:98	やりますね、隊長。	잘하시네요，　대장님．
S2M:M27LOW:99	dup=S2M:M01LOW:99	隊長が\nいてくださってよかった……	대장님이　계셔서　다행……
S2M:M27LOW:100	dup=S2M:M01LOW:100	ふんっ！　この程度……？	흥！　이　정도……？
S2M:M27LOW:101	dup=S2M:M01LOW:101	隊長、すばらしい指揮です！	대장님，　훌륭한　지휘예요！
S2M:M27LOW:102	dup=S2M:M01LOW:102	隊長が、私の力を\n何倍にもしてくれます。	대장님이　제　힘을\n몇　배나　키워　주세요．
S2M:M27LOW:103	dup=S2M:M01LOW:103	やっちまえ！　隊長！	해치워！　대장님！
S2M:M27LOW:104	dup=S2M:M01LOW:104	あたいがついてるぜ、隊長。	내가　곁에　있어，　대장．
S2M:M27LOW:105	dup=S2M:M01LOW:105	隊長の気合を見せてくれ！	대장님，　기합을　보여　줘！
S2M:M27LOW:106	dup=S2M:M01LOW:106	あたいの番だな！	내　차례구나！
S2M:M27LOW:107	dup=S2M:M01LOW:107	みていてくれよなっ！\n隊長！	지켜봐　줘！\n대장！
S2M:M27LOW:108	dup=S2M:M01LOW:108	まとめて面倒みるぜ！	한꺼번에　상대해　주마！
S2M:M27LOW:109	dup=S2M:M01LOW:109	まだまだ、\nどんどんかかってこいっ！	아직　멀었어，\n어서　덤벼！
S2M:M27LOW:110	dup=S2M:M01LOW:110	すまねぇな、隊長。	미안하군，　대장．
S2M:M27LOW:111	dup=S2M:M01LOW:111	へへっ、\n守られるってのも悪くないな。	헤헤，　보호받는　것도\n나쁘지　않군．
S2M:M27LOW:112	dup=S2M:M01LOW:112	へへっ、らしくないぜぇ？\n隊長！	헤헤，　나답지　않지？\n대장！
S2M:M27LOW:113	dup=S2M:M01LOW:113	ちくしょう……\nこんなところで……	젠장……\n이런　곳에서……
S2M:M27LOW:114	dup=S2M:M01LOW:114	隊長、すまない。\nあたいの分まで\nがんばってくれ！	대장，　미안하다．\n내　몫까지\n힘내　줘！
S2M:M27LOW:115	dup=S2M:M01LOW:115	やるじゃねぇか！　隊長！	제법이잖아！　대장！
S2M:M27LOW:116	dup=S2M:M01LOW:116	ほれぼれするぜ！　隊長！	감탄스럽군！　대장！
S2M:M27LOW:117	dup=S2M:M01LOW:117	ざっとこんなもんだぜ！	대충　이　정도지！
S2M:M27LOW:118	dup=S2M:M01LOW:118	へっへーん！\nどうだい！　隊長！	헤헤ー！\n어때！　대장！
S2M:M27LOW:119	dup=S2M:M01LOW:119	誰もあたいたちを\n止められねぇぜ！	아무도　우릴\n막을　수　없어！
S2M:M27LOW:120	dup=S2M:M01LOW:120	がんばろうね、お兄ちゃん。	힘내자，　오빠．
S2M:M27LOW:121	dup=S2M:M01LOW:121	お兄ちゃん、いっけぇー！	오빠，　가ー！
S2M:M27LOW:122	dup=S2M:M01LOW:122	お兄ちゃん……負けないで！	오빠……　지지　마！
S2M:M27LOW:123	dup=S2M:M01LOW:123	アイリス、いきまーす！	아이리스，　갑니다아！
S2M:M27LOW:124	dup=S2M:M01LOW:124	えへへっ、\nアイリスがんばるよ！	에헤헤，\n아이리스　힘낼게！
S2M:M27LOW:125	dup=S2M:M01LOW:125	アイリスが\nがんばらなくちゃ！	아이리스가\n힘내야　해！
S2M:M27LOW:126	dup=S2M:M01LOW:126	アイリス……もうだめ……	아이리스…　이제　안　돼…
S2M:M27LOW:127	dup=S2M:M01LOW:127	アイリスのために\n来てくれたんだぁー！	아이리스를　위해　왔구나ー！
S2M:M27LOW:128	dup=S2M:M01LOW:128	お兄ちゃんは、\n白馬のおうじさまだね！	오빠는\n백마　탄　왕자님이네！
S2M:M27LOW:129	dup=S2M:M01LOW:129	お兄ちゃん……\nアイリスがついてるからね。	오빠……\n아이리스가　곁에　있을게．
S2M:M27LOW:130	dup=S2M:M01LOW:130	あ……止まっちゃった……	아……　멈췄어……
S2M:M27LOW:131	dup=S2M:M01LOW:131	お兄ちゃん……\nごめんね……	오빠……\n미안해……
S2M:M27LOW:132	dup=S2M:M01LOW:132	わーい、やったね！\nお兄ちゃん！	와ー，　해냈다！\n오빠！
S2M:M27LOW:133	dup=S2M:M01LOW:133	お兄ちゃん、\nすごい、すっごーい！	오빠，\n대단해，　정말　대단해ー！
S2M:M27LOW:134	dup=S2M:M01LOW:134	アイリス、すごいでしょ！	아이리스，　대단하지！
S2M:M27LOW:135	dup=S2M:M01LOW:135	ねぇ、ねぇ！\nほめてほめて！	있잖아，　있잖아！\n칭찬해　줘，　칭찬해　줘！
S2M:M27LOW:136	dup=S2M:M01LOW:136	お兄ちゃんがいれば、\nアイリスなんにも恐くないよ！	오빠만　있으면，\n아이리스는　안　무서워！
S2M:M27LOW:137	dup=S2M:M01LOW:137	頼んだで、大神はん。	부탁한다，　오오가미　씨．
S2M:M27LOW:138	dup=S2M:M01LOW:138	ウチらの力、見せたろうで！	우리　힘을　보여　주자！
S2M:M27LOW:139	dup=S2M:M01LOW:139	だ、大丈夫かいな、大神はん。	괜찮나，　오오가미　씨．
S2M:M27LOW:140	dup=S2M:M01LOW:140	ほな、いってみよか！	그럼，　가　볼까！
S2M:M27LOW:141	dup=S2M:M01LOW:141	大神はん、\nウチにまーかしとき！	오오가미　씨，\n나한테　맡겨！
S2M:M27LOW:142	dup=S2M:M01LOW:142	ウチががんばらんと！	내가　힘내야　해！
S2M:M27LOW:143	dup=S2M:M01LOW:143	や、やばいで……	이，　이거　위험해……
S2M:M27LOW:144	dup=S2M:M01LOW:144	お、おおきに、\n大神はん……	고，　고마워，\n오오가미　씨……
S2M:M27LOW:145	dup=S2M:M01LOW:145	もう、そないなことされたら、\nウチ……	그렇게까지　해　주면，\n나……
S2M:M27LOW:146	dup=S2M:M01LOW:146	大神はんがおらんと、\nウチ……こまるんや。	오오가미　씨가　없으면，\n나……　곤란해．
S2M:M27LOW:147	dup=S2M:M01LOW:147	そのへんで、堪忍や……	이쯤에서　봐줘……
S2M:M27LOW:148	dup=S2M:M01LOW:148	大神はん、すんまへん。	오오가미　씨，　미안해．
S2M:M27LOW:149	dup=S2M:M01LOW:149	大神はん、その調子や！	오오가미　씨，　그　기세야！
S2M:M27LOW:150	dup=S2M:M01LOW:150	ええ感じやで！　大神はん！	좋은데！　오오가미　씨！
S2M:M27LOW:151	dup=S2M:M01LOW:151	いっちょあがりや！	한　건　해냈다！
S2M:M27LOW:152	dup=S2M:M01LOW:152	大神はん、\nやったで、ウチ！	오오가미　씨，\n나　해냈어！
S2M:M27LOW:153	dup=S2M:M01LOW:153	ウチらの力を合わせれば、\n千人力や！	우리　힘을　합치면，\n천군만마야！
S2M:M27LOW:154	dup=S2M:M01LOW:154	少尉さん、\nお手並み拝見でーす！	소위님，\n실력을　보여　주세요ー！
S2M:M27LOW:155	dup=S2M:M01LOW:155	早く終わらせて帰りましょー。	빨리　끝내고　돌아가요ー．
S2M:M27LOW:156	dup=S2M:M01LOW:156	ちょっと、\nヤバそうってカンジ！	잠깐，\n좀　위험해　보이는　느낌！
S2M:M27LOW:157	dup=S2M:M01LOW:157	たのしいでーす！	재밌어요ー！
S2M:M27LOW:158	dup=S2M:M01LOW:158	わたしを見ていてくださーい！	저를　지켜봐　주세요ー！
S2M:M27LOW:159	dup=S2M:M01LOW:159	日本のオトコ、\n頼りにならないでーす！	일본　남자는，\n도움이　안　되네요ー！
S2M:M27LOW:160	dup=S2M:M01LOW:160	シャワー浴びたいでーす！	샤워하고　싶어요ー！
S2M:M27LOW:161	dup=S2M:M01LOW:161	日本のオトコに、\nかばってもらうなんて……	일본　남자에게，\n보호받다니……
S2M:M27LOW:162	dup=S2M:M01LOW:162	少尉さん、\n無理しなくていいでーす……	소위님，\n무리하지　않아도　돼요……
S2M:M27LOW:163	dup=S2M:M01LOW:163	まったく、\nダメなオトコでーす！	정말이지，\n쓸모없는　남자네요ー！
S2M:M27LOW:164	dup=S2M:M01LOW:164	これ以上はカンベンでーす！	이　이상은　봐주겠어요ー！
S2M:M27LOW:165	dup=S2M:M01LOW:165	もうだめです。\n撤退します……隊長……	이젠　안　돼요．\n후퇴할게요……　대장……
S2M:M27LOW:166	dup=S2M:M01LOW:166	なかなかやるってカンジ！	제법인데요！
S2M:M27LOW:167	dup=S2M:M01LOW:167	少尉さん、\nちょーかっこいいでーす！	소위님，\n정말　멋져요ー！
S2M:M27LOW:168	dup=S2M:M01LOW:168	楽勝でーす！	거뜬해요ー！
S2M:M27LOW:169	dup=S2M:M01LOW:169	うふっ！\n拍手をくださーい！	후훗！\n박수　쳐　주세요ー！
S2M:M27LOW:170	dup=S2M:M01LOW:170	このデュオは最高でーす！	이　듀오는　최고예요ー！
S2M:M27LOW:171	dup=S2M:M01LOW:171	……行動開始。	……행동　개시．
S2M:M27LOW:172	dup=S2M:M01LOW:171	……行動開始。	……행동　개시．
S2M:M27LOW:173	dup=S2M:M01LOW:173	……危険だよ。	……위험해．
S2M:M27LOW:174	dup=S2M:M01LOW:174	頼れるのは自分だけ……	믿을　건　나뿐……
S2M:M27LOW:175	dup=S2M:M01LOW:174	頼れるのは自分だけ……	믿을　건　나뿐……
S2M:M27LOW:176	dup=S2M:M01LOW:174	頼れるのは自分だけ……	믿을　건　나뿐……
S2M:M27LOW:177	dup=S2M:M01LOW:177	機体の損傷が激しい……	기체　손상이　심해……
S2M:M27LOW:178	dup=S2M:M01LOW:178	………………	………………
S2M:M27LOW:179	dup=S2M:M01LOW:178	………………	………………
S2M:M27LOW:180	dup=S2M:M01LOW:180	隊長……しっかり……	대장……　정신　차려……
S2M:M27LOW:181	dup=S2M:M01LOW:181	一時、撤退……	일단　후퇴……
S2M:M27LOW:182	dup=S2M:M01LOW:181	一時、撤退……	일단　후퇴……
S2M:M27LOW:183	dup=S2M:M01LOW:183	目標、撃破確認……	목표　격파　확인……
S2M:M27LOW:184	dup=S2M:M01LOW:183	目標、撃破確認……	목표　격파　확인……
S2M:M27LOW:185	dup=S2M:M01LOW:185	目標撃破……	목표　격파……
S2M:M27LOW:186	dup=S2M:M01LOW:185	目標撃破……	목표　격파……
S2M:M27LOW:187	dup=S2M:M01LOW:187	これが……ボクらの力……！	이게……　우리　힘……！
S2M:M27LOW:188	dup=S2M:M01LOW:188	そぉら、いくぜ！	자아，　간다！
S2M:M27LOW:189	dup=S2M:M01LOW:189	さぁ、楽しませてくれよ。	자，　즐겁게　해　줘．
S2M:M27LOW:190	dup=S2M:M01LOW:190	勝負は……これからだぜ！	승부는……　지금부터야！
S2M:M27LOW:191	dup=S2M:M01LOW:191	なかなか、\nやるじゃねぇか！	제법이군，\n잘하잖아！
S2M:M27LOW:192	dup=S2M:M01LOW:192	おもしれぇ……	재밌군……
S2M:M27LOW:193	dup=S2M:M01LOW:193	大丈夫か、水狐。	괜찮나，　수호．
S2M:M27LOW:194	dup=S2M:M01LOW:194	華麗に燃やしてあげますよ……	화려하게　태워　드리죠……
S2M:M27LOW:195	dup=S2M:M01LOW:195	覚悟してください。	각오하세요．
S2M:M27LOW:196	dup=S2M:M01LOW:196	あははははは！	아하하하하하！
S2M:M27LOW:197	dup=S2M:M01LOW:197	燃やしつくしてやる！	모조리　태워　주마！
S2M:M27LOW:198	dup=S2M:M01LOW:198	ご……ゴミが……	쓰……　쓰레기가……
S2M:M27LOW:199	dup=S2M:M01LOW:199	私の戦いを見せてあげる。	내　싸움을　보여　주지．
S2M:M27LOW:200	dup=S2M:M01LOW:200	やさしくしてあげるわ。	상냥하게　해　줄게．
S2M:M27LOW:201	dup=S2M:M01LOW:201	ふふふ……負けないわよ。	후후후…　지지　않을　거야．
S2M:M27LOW:202	dup=S2M:M01LOW:202	やるわね。\nさすが華撃団……	잘하네．\n역시　화격단……
S2M:M27LOW:203	dup=S2M:M01LOW:203	くっ……\nこれほどとはね……	큭……\n이　정도일　줄이야……
S2M:M27LOW:204	dup=S2M:M01LOW:204	さぁ、ワシの番じゃな。	자，　내　차례로구나．
S2M:M27LOW:205	dup=S2M:M01LOW:205	ワシの計算にぬかりはないぞ。	내　계산엔　빈틈없다．
S2M:M27LOW:206	dup=S2M:M01LOW:206	こ、このままでは\n終わらぬぞ……	이，　이대로는\n끝나지　않아……
S2M:M27LOW:207	dup=S2M:M01LOW:207	これも計算のうちじゃ。	이것도　계산　안이야．
S2M:M27LOW:208	dup=S2M:M01LOW:208	ぬうっ……\nこれは計算外じゃ……	으으……\n이건　계산　밖이야……
S2M:M27LOW:209	dup=S2M:M01LOW:209	狩りとってやる！	사냥해　주마！
S2M:M27LOW:210	dup=S2M:M01LOW:210	今、楽にしてやるからな。	지금　편하게　해　주마．
S2M:M27LOW:211	dup=S2M:M01LOW:211	ひ、ひねり殺してやる！	비，　비틀어　죽여　주마！
S2M:M27LOW:212	dup=S2M:M01LOW:212	勝ったと思うなよ……	이겼다고　생각하지　마……
S2M:M27LOW:213	dup=S2M:M01LOW:213	まだ、終わりではないぞ！	아직　끝나지　않았다！
S2M:M27LOW:214	dup=S2M:M01LOW:214	終わりにしてやる。	끝내　주마．
S2M:M27LOW:215	dup=S2M:M01LOW:215	いくぞ！　華撃団っ！	간다！　화격단！
S2M:M27LOW:216	dup=S2M:M01LOW:216	まだ、まだだっ！	아직，　아직이다！
S2M:M27LOW:217	dup=S2M:M01LOW:217	腕を上げたな……	실력이　늘었구나……
S2M:M27LOW:218	dup=S2M:M01LOW:218	ぐっ……\nわたしの復讐が……	큭……\n내　복수가……
S2M:M27LOW:219	dup=S2M:M01LOW:219	容赦はせぬぞ……	봐주지　않겠다……
S2M:M27LOW:220	dup=S2M:M01LOW:220	お前たちの罪を知れ……	너희의　죄를　깨달아라……
S2M:M27LOW:221	dup=S2M:M01LOW:221	戦いとはいつも無常だ……	싸움은　언제나　덧없다……
S2M:M27LOW:222	dup=S2M:M01LOW:222	愛は死んだ……	사랑은　죽었다……
S2M:M27LOW:223	dup=S2M:M01LOW:223	ぬぅ……やるな……	으음……　제법이군……
S2M:M27LOW:224	dup=S2M:M01LOW:224	私に触れるな！	나에게　손대지　마！
S2M:M27LOW:225	dup=S2M:M01LOW:225	帝都の恨みは、\nこの程度ではないぞ……	제도의　원한은，\n이　정도가　아니다……
S2M:M27LOW:226	dup=S2M:M01LOW:226	最後に勝つのは……私だ！	최후의　승자는……　나다！
S2M:M27LOW:227	dup=S2M:M01LOW:227	この程度で……ぬうっ！	이　정도로……　으음！
S2M:M27LOW:228	dup=S2M:M01LOW:228	思い上がるな……\n偽善者めっ！	우쭐대지　마……\n위선자　자식！
S2M:M29LOW:0	dup=S2M:M01LOW:0	疾きこと風のごとく……\n移動力重視の作戦だ！	빠르기는　바람처럼……\n이동력　중시　작전이다！
S2M:M29LOW:1	dup=S2M:M01LOW:1	今は、この命令を出している。\n移動力を活かして戦おう。	현재　명령은　이것이다．\n이동력을　살려　싸우자．
S2M:M29LOW:2	dup=S2M:M01LOW:2	花組各員に通達！\n「風」作戦を開始するぞ！	화조　전원에게　통보！\n「풍」　작전　개시다！
S2M:M29LOW:3	dup=S2M:M01LOW:3	林のように心静かに……\n本来の力を引き出すんだ！	숲처럼　마음을　고요히……\n본래의　힘을　끌어내자！
S2M:M29LOW:4	dup=S2M:M01LOW:4	今は、この命令を出している。\n本来の力で敵に立ち向かおう。	현재　명령은　이것이다．\n본래의　힘으로　맞서자．
S2M:M29LOW:5	dup=S2M:M01LOW:5	花組各員に通達！\n「林」作戦を開始するぞ！	화조　전원에게　통보！\n「림」　작전　개시다！
S2M:M29LOW:6	dup=S2M:M01LOW:6	炎のように熱く燃える……\n攻撃力重視の作戦だ！	불처럼　뜨겁게　타오르는……\n공격력　중시　작전이다！
S2M:M29LOW:7	dup=S2M:M01LOW:7	今は、この命令を出している。\n攻撃力を活かして戦おう。	현재　명령은　이것이다．\n공격력을　살려　싸우자．
S2M:M29LOW:8	dup=S2M:M01LOW:8	花組各員に通達！\n「火」作戦を開始するぞ！	화조　전원에게　통보！\n「화」　작전　개시다！
S2M:M29LOW:9	dup=S2M:M01LOW:9	構えること山のごとく……\n防御力重視の作戦だ！	산처럼　굳건히　버티는……\n방어력　중시　작전이다！
S2M:M29LOW:10	dup=S2M:M01LOW:10	今は、この命令を出している。\n防御力を活かして戦おう。	현재　명령은　이것이다．\n방어력을　살려　싸우자．
S2M:M29LOW:11	dup=S2M:M01LOW:11	花組各員に通達！\n「山」作戦を開始するぞ！	화조　전원에게　통보！\n「산」　작전　개시다！
S2M:M29LOW:12	dup=S2M:M01LOW:12	このままの作戦でいくぞ！	이대로　작전을　계속한다！
S2M:M29LOW:13	dup=S2M:M01LOW:13	了解！	알겠습니다！
S2M:M29LOW:14		木喰の乗る魔操機兵\n「智拳」を撃破してください！	모쿠지키가　탄　마조기병\n「지권」을　격파해　주세요！
S2M:M29LOW:15		複雑な地形ですが、\nアイリスなら、\n自由に動けるはずですよ！	복잡한　지형이지만，\n아이리스라면　자유롭게\n움직일　수　있어요！
S2M:M29LOW:16	dup=S2M:M01LOW:16	０メッセージ１－３	０메시지１－３
S2M:M29LOW:17	dup=S2M:M08LOW:17	門の外に出て、\n機を撃破するのよ！	문　밖으로　나가，\n기체를　격파해！
S2M:M29LOW:18	dup=S2M:M12LOW:18	敵の大将、土は、\n攻撃回数が多いわ。\n気をつけるのよ！	적장　토지구모는\n공격　횟수가　많아．\n조심해！
S2M:M29LOW:19	dup=S2M:M01LOW:19	０メッセージ２－３	０메시지２－３
S2M:M29LOW:20	dup=S2M:M02LOW:20	大神さん、山崎は強いわ。\n一時撤退しましょう！	야마자키는　강해요．\n일단　후퇴하죠！
S2M:M29LOW:21	dup=S2M:M01LOW:21	０メッセージ３－２	０메시지３－２
S2M:M29LOW:22	dup=S2M:M01LOW:22	０メッセージ３－３	０메시지３－３
S2M:M29LOW:23	dup=S2M:M01LOW:23	花組の隊長、大神一郎。\n高い戦闘力と、\n勇敢な心を持っている。	화조　대장，　오오가미．\n높은　전투력과\n용감한　마음을　지녔다．
S2M:M29LOW:24	dup=S2M:M01LOW:24	北辰一刀流、真宮寺さくら。\n素早い動きで、\n敵を一刀両断する。	북진일도류，　사쿠라．\n빠른　움직임으로\n적을　일도양단한다．
S2M:M29LOW:25	dup=S2M:M01LOW:25	神崎風塵流、神崎すみれ。\n華麗なナギナタの技は、\n見るものの心をもとらえる。	칸자키　풍진류，　스미레．\n화려한　나기나타　기술은\n보는　이의　마음마저　홀려．
S2M:M29LOW:26	dup=S2M:M01LOW:26	射撃手、マリア・タチバナ。\n氷の銃弾は、狙った\n獲物を決して逃さない。	사격수，　마리아．\n얼음　탄환은　노린\n먹이를　놓치지　않는다．
S2M:M29LOW:27	dup=S2M:M01LOW:27	桐島流空手、桐島カンナ。\n圧倒的なパワーで、むらがる\n敵を粉砕する。	가라테의　달인，　칸나．\n압도적　파워로　몰려드는\n적을　분쇄한다．
S2M:M29LOW:28	dup=S2M:M01LOW:28	花組のマスコット、アイリス。\n超能力を使った、\n不思議な攻撃で敵と戦う。	화조의　마스코트，\n아이리스．\n초능력으로　적과　싸운다．
S2M:M29LOW:29	dup=S2M:M01LOW:29	発明家、李紅蘭。\n次々に繰り出す発明品で、\n敵味方をあっといわせるぞ。	발명가，　코란．\n신제품을　잇달아　내놓아\n적과　아군을　놀라게　한다．
S2M:M29LOW:30	dup=S2M:M01LOW:30	元星組隊員、ソレッタ・織姫。\nイタリアンローズの機体に乗り\n赤い貴族と呼ばれている。	전　별조　대원，　오리히메．\n이탈리안　로즈를　타고\n붉은　귀족이라　불린다．
S2M:M29LOW:31	dup=S2M:M01LOW:31	レニ・ミルヒシュトラーセ。\n戦闘のプロとして、正確な\n無駄のない攻撃を行う。	레니　밀히슈트라세．　전투의\n프로답게　정확하고　군더더기\n없는　공격을　한다．
S2M:M29LOW:32	dup=S2M:M02LOW:32	魔操機兵、脇侍・改。\n長剣を装備し、\n近接攻撃力を強化した。	마조기병，　협시・개．\n장검을　장비해\n근접　공격력을　강화했다．
S2M:M29LOW:33	dup=S2M:M01LOW:33	魔操機兵、脇侍・改。\n鉄砲を装備したものは、\nロ型と呼ばれる。	마조기병，　협시・개．\n총을　장비한　것은\n로형이라　부른다．
S2M:M29LOW:34	dup=S2M:M02LOW:34	「蒸気火煎」\n木喰が創り出した兵器で、\n高い攻撃力を持っている。	「증기화전」\n모쿠지키가　만든　병기로\n공격력이　높다．
S2M:M29LOW:35		脇侍・改「イ型軽」\n土専用の部隊で、\n移動能力に優れている。	협시・개　「이형　경」\n토　전용　부대로\n이동　능력이　뛰어나다．
S2M:M29LOW:36		魔操機兵「智拳」\n五行衆・木喰の乗る機体で、\n攻撃兵器「円空」を持つ。	마조기병　「지권」\n오행중・모쿠지키의　기체로\n공격　병기　「엔쿠」　보유．
S2M:M29LOW:37	dup=S2M:M01LOW:37	黒鬼会の魔操機兵、脇侍・改。\n大砲を装備したものは、\nハ型と呼ばれる。	흑귀회의　마조기병，\n협시・개．　대포를　장비한\n것은　하형이라　부른다．
S2M:M29LOW:38	dup=S2M:M01LOW:38	黒鬼会の魔操機兵、脇侍・改。\n実は、あまり忠誠心は\nないので、がっかりだ。	흑귀회의　마조기병，\n협시・개．　사실　충성심은\n그다지　없어서　실망스럽다．
S2M:M29LOW:39	dup=S2M:M01LOW:39	黒鬼会の魔操機兵、脇侍・改。\n鉄砲を装備したものは、\nロ型と呼ばれる。	흑귀회의　마조기병，\n협시・개．　총을　장비한\n것은　로형이라　부른다．
S2M:M29LOW:40	dup=S2M:M10LOW:41	「円空」\n木喰が開発した、\n「智拳」専用の支援兵器。	「엔쿠」\n모쿠지키가　개발한\n「지권」　전용　지원　병기．
S2M:M29LOW:41	dup=S2M:M01LOW:41	メッセージ１９	메시지　１９
S2M:M29LOW:42	dup=S2M:M01LOW:42	メッセージ２０	메시지　２０
S2M:M29LOW:43	dup=S2M:M01LOW:43	今のところ、\nかばう必要はなさそうだな。	지금은\n보호할　필요　없어　보이네．
S2M:M29LOW:44	dup=S2M:M01LOW:44	さくらくん……\n君は俺が守る！	사쿠라　군……\n내가　지킬게！
S2M:M29LOW:45	dup=S2M:M01LOW:45	すみれくん……\n君の盾になってもいいかい。	스미레　군……\n네　방패가　되어도　될까？
S2M:M29LOW:46	dup=S2M:M01LOW:46	マリア……\n君の背中を守らせてくれ。	마리아……\n네　뒤를　지키게　해　줘．
S2M:M29LOW:47	dup=S2M:M01LOW:47	カンナ……\n俺は、君を全力で守るぞ！	칸나……　내가　온　힘을\n다해　지키마！
S2M:M29LOW:48	dup=S2M:M01LOW:48	アイリス……\n俺が側にいるから、\n安心していいよ。	아이리스……\n내가　곁에　있으니，\n안심해도　돼．
S2M:M29LOW:49	dup=S2M:M01LOW:49	紅蘭……\nいつだって君を助けにゆくよ。	코란……\n언제든　널　도우러　갈게．
S2M:M29LOW:50	dup=S2M:M01LOW:50	織姫くん……\n苦しいときは、\nいつでも俺を呼んでくれ！	오리히메　군……\n힘들　때는，\n언제든　날　불러！
S2M:M29LOW:51	dup=S2M:M01LOW:51	レニ……\nたまには、\n守られたっていいだろう？	레니……\n가끔은，\n보호받아도　괜찮잖아？
S2M:M29LOW:52	dup=S2M:M01LOW:52	がんばって！　大神さん！	힘내요！　오오가미　씨！
S2M:M29LOW:53	dup=S2M:M01LOW:53	大神さんが頼りです！	오오가미　씨만　믿을게요！
S2M:M29LOW:54	dup=S2M:M01LOW:54	無理しないでください、\n大神さん……	무리하지　마세요，\n오오가미　씨……
S2M:M29LOW:55	dup=S2M:M01LOW:55	がんばります！	힘낼게요！
S2M:M29LOW:56	dup=S2M:M01LOW:56	大神さんのために……\nあたし、やります！	오오가미　씨를　위해……\n제가　할게요！
S2M:M29LOW:57	dup=S2M:M01LOW:57	あたしが\nがんばらなくっちゃ！	제가　힘내야　해요！
S2M:M29LOW:58	dup=S2M:M01LOW:58	あたし……負けないわ……	저…　지지　않을　거예요…
S2M:M29LOW:59	dup=S2M:M01LOW:59	……ありがとうございます。\n大神さん。	……감사합니다．\n오오가미　씨．
S2M:M29LOW:60	dup=S2M:M01LOW:60	大神さんがいてくれるから、\nあたし、がんばれます！	오오가미　씨가　계시니까\n저도　힘낼　수　있어요！
S2M:M29LOW:61	dup=S2M:M01LOW:61	大丈夫ですか……大神さん。	괜찮으세요…　오오가미　씨．
S2M:M29LOW:62	dup=S2M:M01LOW:62	大神さん……\nごめんなさい……	오오가미　씨……\n죄송해요……
S2M:M29LOW:63	dup=S2M:M01LOW:63	ここは大神さんに\nお任せします……\n……ごめんなさい。	여기는　오오가미　씨에게\n맡길게요……\n……죄송해요．
S2M:M29LOW:64	dup=S2M:M01LOW:64	やりましたね、大神さん！	해냈네요，　오오가미　씨！
S2M:M29LOW:65	dup=S2M:M01LOW:65	今日の大神さん、\n一味違いますね。	오늘　오오가미　씨는\n평소와　다르네요．
S2M:M29LOW:66	dup=S2M:M01LOW:66	やりました！	해냈어요！
S2M:M29LOW:67	dup=S2M:M01LOW:67	大神さんのおかげです！	오오가미　씨　덕분이에요！
S2M:M29LOW:68	dup=S2M:M01LOW:68	大神さん……\nあたし、信じています。	오오가미　씨……\n저는　믿고　있어요．
S2M:M29LOW:69	dup=S2M:M01LOW:69	見せ場がきましてよ、少尉。	제　무대네요，　소위님．
S2M:M29LOW:70	dup=S2M:M01LOW:70	がんばってください、\nわたくしのために……	힘내　주세요，\n저를　위해……
S2M:M29LOW:71	dup=S2M:M01LOW:71	無理は禁物ですわ……	무리는　금물이에요……
S2M:M29LOW:72	dup=S2M:M01LOW:72	さあ、いきますわよ！	자，　갑니다！
S2M:M29LOW:73	dup=S2M:M01LOW:73	少尉、わたくしを\n見ていてくださいな。	소위님，\n저를　지켜봐　주세요．
S2M:M29LOW:74	dup=S2M:M01LOW:74	わたくしでなくては\nダメですわね。	저여야만　하겠군요．
S2M:M29LOW:75	dup=S2M:M01LOW:75	こ、この程度で……	이，　이　정도로……
S2M:M29LOW:76	dup=S2M:M01LOW:76	うれしいですわ……\n少尉……	기뻐요……\n소위님……
S2M:M29LOW:77	dup=S2M:M01LOW:77	わたくしを守ることが\nできるのは少尉だけですわ。	저를　지킬　수　있는　건\n소위님뿐이에요．
S2M:M29LOW:78	dup=S2M:M01LOW:78	かっ、身体が勝手に\n動いただけですわ……	몸이　저절로\n움직였을　뿐이에요……
S2M:M29LOW:79	dup=S2M:M01LOW:79	わたくしとしたことが……	저답지　않게……
S2M:M29LOW:80	dup=S2M:M01LOW:80	少尉を……\n……置いてはいけないのに！	소위님을……\n……두고　갈　수는　없는데！
S2M:M29LOW:81	dup=S2M:M01LOW:81	お見事ですわ、少尉。	훌륭해요，　소위님．
S2M:M29LOW:82	dup=S2M:M01LOW:82	りりしいですわよ、少尉。	늠름하시네요，　소위님．
S2M:M29LOW:83	dup=S2M:M01LOW:83	たいしたことありませんわね。	별것도　아니네요．
S2M:M29LOW:84	dup=S2M:M01LOW:84	見てくださいました？　少尉。	보셨나요？　소위님．
S2M:M29LOW:85	dup=S2M:M01LOW:85	んふっ、\nちょろいもんですわね。\nねぇ、少尉……	후훗，\n이　정도야　식은　죽이죠．\n그렇죠，　소위님……
S2M:M29LOW:86	dup=S2M:M01LOW:86	隊長、お願いします。	대장님，　부탁드려요．
S2M:M29LOW:87	dup=S2M:M01LOW:87	隊長……\n信じています。	대장님……\n믿고　있어요．
S2M:M29LOW:88	dup=S2M:M01LOW:88	隊長……\n慎重にいきましょう。	대장님……\n신중하게　가죠．
S2M:M29LOW:89	dup=S2M:M01LOW:89	さぁ、覚悟しなさい。	자，　각오하세요．
S2M:M29LOW:90	dup=S2M:M01LOW:90	私には、隊長が\nついていてくれる……	저에겐　대장님이\n곁에　계시니까……
S2M:M29LOW:91	dup=S2M:M01LOW:91	私がしっかりしなくては……	제가　정신　차려야……
S2M:M29LOW:92	dup=S2M:M01LOW:92	くっ、まだ……やれる！	큭，아직……　할　수　있어！
S2M:M29LOW:93	dup=S2M:M01LOW:93	すいません、隊長。	죄송해요，　대장님．
S2M:M29LOW:94	dup=S2M:M01LOW:94	隊長の背中……\nとても大きく見えます……	대장님　등……\n정말　커　보이네요……
S2M:M29LOW:95	dup=S2M:M01LOW:95	隊長が無事でよかった……	대장님이　무사해서　다행……
S2M:M29LOW:96	dup=S2M:M01LOW:96	隊長……申し訳ありません……	대장님……　죄송해요……
S2M:M29LOW:97	dup=S2M:M01LOW:97	もう少し……\n隊長と共に……	조금만　더……\n대장님과　함께……
S2M:M29LOW:98	dup=S2M:M01LOW:98	やりますね、隊長。	잘하시네요，　대장님．
S2M:M29LOW:99	dup=S2M:M01LOW:99	隊長が\nいてくださってよかった……	대장님이　계셔서　다행……
S2M:M29LOW:100	dup=S2M:M01LOW:100	ふんっ！　この程度……？	흥！　이　정도……？
S2M:M29LOW:101	dup=S2M:M01LOW:101	隊長、すばらしい指揮です！	대장님，　훌륭한　지휘예요！
S2M:M29LOW:102	dup=S2M:M01LOW:102	隊長が、私の力を\n何倍にもしてくれます。	대장님이　제　힘을\n몇　배나　키워　주세요．
S2M:M29LOW:103	dup=S2M:M01LOW:103	やっちまえ！　隊長！	해치워！　대장님！
S2M:M29LOW:104	dup=S2M:M01LOW:104	あたいがついてるぜ、隊長。	내가　곁에　있어，　대장．
S2M:M29LOW:105	dup=S2M:M01LOW:105	隊長の気合を見せてくれ！	대장님，　기합을　보여　줘！
S2M:M29LOW:106	dup=S2M:M01LOW:106	あたいの番だな！	내　차례구나！
S2M:M29LOW:107	dup=S2M:M01LOW:107	みていてくれよなっ！\n隊長！	지켜봐　줘！\n대장！
S2M:M29LOW:108	dup=S2M:M01LOW:108	まとめて面倒みるぜ！	한꺼번에　상대해　주마！
S2M:M29LOW:109	dup=S2M:M01LOW:109	まだまだ、\nどんどんかかってこいっ！	아직　멀었어，\n어서　덤벼！
S2M:M29LOW:110	dup=S2M:M01LOW:110	すまねぇな、隊長。	미안하군，　대장．
S2M:M29LOW:111	dup=S2M:M01LOW:111	へへっ、\n守られるってのも悪くないな。	헤헤，　보호받는　것도\n나쁘지　않군．
S2M:M29LOW:112	dup=S2M:M01LOW:112	へへっ、らしくないぜぇ？\n隊長！	헤헤，　나답지　않지？\n대장！
S2M:M29LOW:113	dup=S2M:M01LOW:113	ちくしょう……\nこんなところで……	젠장……\n이런　곳에서……
S2M:M29LOW:114	dup=S2M:M01LOW:114	隊長、すまない。\nあたいの分まで\nがんばってくれ！	대장，　미안하다．\n내　몫까지\n힘내　줘！
S2M:M29LOW:115	dup=S2M:M01LOW:115	やるじゃねぇか！　隊長！	제법이잖아！　대장！
S2M:M29LOW:116	dup=S2M:M01LOW:116	ほれぼれするぜ！　隊長！	감탄스럽군！　대장！
S2M:M29LOW:117	dup=S2M:M01LOW:117	ざっとこんなもんだぜ！	대충　이　정도지！
S2M:M29LOW:118	dup=S2M:M01LOW:118	へっへーん！\nどうだい！　隊長！	헤헤ー！\n어때！　대장！
S2M:M29LOW:119	dup=S2M:M01LOW:119	誰もあたいたちを\n止められねぇぜ！	아무도　우릴\n막을　수　없어！
S2M:M29LOW:120	dup=S2M:M01LOW:120	がんばろうね、お兄ちゃん。	힘내자，　오빠．
S2M:M29LOW:121	dup=S2M:M01LOW:121	お兄ちゃん、いっけぇー！	오빠，　가ー！
S2M:M29LOW:122	dup=S2M:M01LOW:122	お兄ちゃん……負けないで！	오빠……　지지　마！
S2M:M29LOW:123	dup=S2M:M01LOW:123	アイリス、いきまーす！	아이리스，　갑니다아！
S2M:M29LOW:124	dup=S2M:M01LOW:124	えへへっ、\nアイリスがんばるよ！	에헤헤，\n아이리스　힘낼게！
S2M:M29LOW:125	dup=S2M:M01LOW:125	アイリスが\nがんばらなくちゃ！	아이리스가\n힘내야　해！
S2M:M29LOW:126	dup=S2M:M01LOW:126	アイリス……もうだめ……	아이리스…　이제　안　돼…
S2M:M29LOW:127	dup=S2M:M01LOW:127	アイリスのために\n来てくれたんだぁー！	아이리스를　위해　왔구나ー！
S2M:M29LOW:128	dup=S2M:M01LOW:128	お兄ちゃんは、\n白馬のおうじさまだね！	오빠는\n백마　탄　왕자님이네！
S2M:M29LOW:129	dup=S2M:M01LOW:129	お兄ちゃん……\nアイリスがついてるからね。	오빠……\n아이리스가　곁에　있을게．
S2M:M29LOW:130	dup=S2M:M01LOW:130	あ……止まっちゃった……	아……　멈췄어……
S2M:M29LOW:131	dup=S2M:M01LOW:131	お兄ちゃん……\nごめんね……	오빠……\n미안해……
S2M:M29LOW:132	dup=S2M:M01LOW:132	わーい、やったね！\nお兄ちゃん！	와ー，　해냈다！\n오빠！
S2M:M29LOW:133	dup=S2M:M01LOW:133	お兄ちゃん、\nすごい、すっごーい！	오빠，\n대단해，　정말　대단해ー！
S2M:M29LOW:134	dup=S2M:M01LOW:134	アイリス、すごいでしょ！	아이리스，　대단하지！
S2M:M29LOW:135	dup=S2M:M01LOW:135	ねぇ、ねぇ！\nほめてほめて！	있잖아，　있잖아！\n칭찬해　줘，　칭찬해　줘！
S2M:M29LOW:136	dup=S2M:M01LOW:136	お兄ちゃんがいれば、\nアイリスなんにも恐くないよ！	오빠만　있으면，\n아이리스는　안　무서워！
S2M:M29LOW:137	dup=S2M:M01LOW:137	頼んだで、大神はん。	부탁한다，　오오가미　씨．
S2M:M29LOW:138	dup=S2M:M01LOW:138	ウチらの力、見せたろうで！	우리　힘을　보여　주자！
S2M:M29LOW:139	dup=S2M:M01LOW:139	だ、大丈夫かいな、大神はん。	괜찮나，　오오가미　씨．
S2M:M29LOW:140	dup=S2M:M01LOW:140	ほな、いってみよか！	그럼，　가　볼까！
S2M:M29LOW:141	dup=S2M:M01LOW:141	大神はん、\nウチにまーかしとき！	오오가미　씨，\n나한테　맡겨！
S2M:M29LOW:142	dup=S2M:M01LOW:142	ウチががんばらんと！	내가　힘내야　해！
S2M:M29LOW:143	dup=S2M:M01LOW:143	や、やばいで……	이，　이거　위험해……
S2M:M29LOW:144	dup=S2M:M01LOW:144	お、おおきに、\n大神はん……	고，　고마워，\n오오가미　씨……
S2M:M29LOW:145	dup=S2M:M01LOW:145	もう、そないなことされたら、\nウチ……	그렇게까지　해　주면，\n나……
S2M:M29LOW:146	dup=S2M:M01LOW:146	大神はんがおらんと、\nウチ……こまるんや。	오오가미　씨가　없으면，\n나……　곤란해．
S2M:M29LOW:147	dup=S2M:M01LOW:147	そのへんで、堪忍や……	이쯤에서　봐줘……
S2M:M29LOW:148	dup=S2M:M01LOW:148	大神はん、すんまへん。	오오가미　씨，　미안해．
S2M:M29LOW:149	dup=S2M:M01LOW:149	大神はん、その調子や！	오오가미　씨，　그　기세야！
S2M:M29LOW:150	dup=S2M:M01LOW:150	ええ感じやで！　大神はん！	좋은데！　오오가미　씨！
S2M:M29LOW:151	dup=S2M:M01LOW:151	いっちょあがりや！	한　건　해냈다！
S2M:M29LOW:152	dup=S2M:M01LOW:152	大神はん、\nやったで、ウチ！	오오가미　씨，\n나　해냈어！
S2M:M29LOW:153	dup=S2M:M01LOW:153	ウチらの力を合わせれば、\n千人力や！	우리　힘을　합치면，\n천군만마야！
S2M:M29LOW:154	dup=S2M:M01LOW:154	少尉さん、\nお手並み拝見でーす！	소위님，\n실력을　보여　주세요ー！
S2M:M29LOW:155	dup=S2M:M01LOW:155	早く終わらせて帰りましょー。	빨리　끝내고　돌아가요ー．
S2M:M29LOW:156	dup=S2M:M01LOW:156	ちょっと、\nヤバそうってカンジ！	잠깐，\n좀　위험해　보이는　느낌！
S2M:M29LOW:157	dup=S2M:M01LOW:157	たのしいでーす！	재밌어요ー！
S2M:M29LOW:158	dup=S2M:M01LOW:158	わたしを見ていてくださーい！	저를　지켜봐　주세요ー！
S2M:M29LOW:159	dup=S2M:M01LOW:159	日本のオトコ、\n頼りにならないでーす！	일본　남자는，\n도움이　안　되네요ー！
S2M:M29LOW:160	dup=S2M:M01LOW:160	シャワー浴びたいでーす！	샤워하고　싶어요ー！
S2M:M29LOW:161	dup=S2M:M01LOW:161	日本のオトコに、\nかばってもらうなんて……	일본　남자에게，\n보호받다니……
S2M:M29LOW:162	dup=S2M:M01LOW:162	少尉さん、\n無理しなくていいでーす……	소위님，\n무리하지　않아도　돼요……
S2M:M29LOW:163	dup=S2M:M01LOW:163	まったく、\nダメなオトコでーす！	정말이지，\n쓸모없는　남자네요ー！
S2M:M29LOW:164	dup=S2M:M01LOW:164	これ以上はカンベンでーす！	이　이상은　봐주겠어요ー！
S2M:M29LOW:165	dup=S2M:M01LOW:165	もうだめです。\n撤退します……隊長……	이젠　안　돼요．\n후퇴할게요……　대장……
S2M:M29LOW:166	dup=S2M:M01LOW:166	なかなかやるってカンジ！	제법인데요！
S2M:M29LOW:167	dup=S2M:M01LOW:167	少尉さん、\nちょーかっこいいでーす！	소위님，\n정말　멋져요ー！
S2M:M29LOW:168	dup=S2M:M01LOW:168	楽勝でーす！	거뜬해요ー！
S2M:M29LOW:169	dup=S2M:M01LOW:169	うふっ！\n拍手をくださーい！	후훗！\n박수　쳐　주세요ー！
S2M:M29LOW:170	dup=S2M:M01LOW:170	このデュオは最高でーす！	이　듀오는　최고예요ー！
S2M:M29LOW:171	dup=S2M:M01LOW:171	……行動開始。	……행동　개시．
S2M:M29LOW:172	dup=S2M:M01LOW:171	……行動開始。	……행동　개시．
S2M:M29LOW:173	dup=S2M:M01LOW:173	……危険だよ。	……위험해．
S2M:M29LOW:174	dup=S2M:M01LOW:174	頼れるのは自分だけ……	믿을　건　나뿐……
S2M:M29LOW:175	dup=S2M:M01LOW:174	頼れるのは自分だけ……	믿을　건　나뿐……
S2M:M29LOW:176	dup=S2M:M01LOW:174	頼れるのは自分だけ……	믿을　건　나뿐……
S2M:M29LOW:177	dup=S2M:M01LOW:177	機体の損傷が激しい……	기체　손상이　심해……
S2M:M29LOW:178	dup=S2M:M01LOW:178	………………	………………
S2M:M29LOW:179	dup=S2M:M01LOW:178	………………	………………
S2M:M29LOW:180	dup=S2M:M01LOW:180	隊長……しっかり……	대장……　정신　차려……
S2M:M29LOW:181	dup=S2M:M01LOW:181	一時、撤退……	일단　후퇴……
S2M:M29LOW:182	dup=S2M:M01LOW:181	一時、撤退……	일단　후퇴……
S2M:M29LOW:183	dup=S2M:M01LOW:183	目標、撃破確認……	목표　격파　확인……
S2M:M29LOW:184	dup=S2M:M01LOW:183	目標、撃破確認……	목표　격파　확인……
S2M:M29LOW:185	dup=S2M:M01LOW:185	目標撃破……	목표　격파……
S2M:M29LOW:186	dup=S2M:M01LOW:185	目標撃破……	목표　격파……
S2M:M29LOW:187	dup=S2M:M01LOW:187	これが……ボクらの力……！	이게……　우리　힘……！
S2M:M29LOW:188	dup=S2M:M01LOW:188	そぉら、いくぜ！	자아，　간다！
S2M:M29LOW:189	dup=S2M:M01LOW:189	さぁ、楽しませてくれよ。	자，　즐겁게　해　줘．
S2M:M29LOW:190	dup=S2M:M01LOW:190	勝負は……これからだぜ！	승부는……　지금부터야！
S2M:M29LOW:191	dup=S2M:M01LOW:191	なかなか、\nやるじゃねぇか！	제법이군，\n잘하잖아！
S2M:M29LOW:192	dup=S2M:M01LOW:192	おもしれぇ……	재밌군……
S2M:M29LOW:193	dup=S2M:M01LOW:193	大丈夫か、水狐。	괜찮나，　수호．
S2M:M29LOW:194	dup=S2M:M01LOW:194	華麗に燃やしてあげますよ……	화려하게　태워　드리죠……
S2M:M29LOW:195	dup=S2M:M01LOW:195	覚悟してください。	각오하세요．
S2M:M29LOW:196	dup=S2M:M01LOW:196	あははははは！	아하하하하하！
S2M:M29LOW:197	dup=S2M:M01LOW:197	燃やしつくしてやる！	모조리　태워　주마！
S2M:M29LOW:198	dup=S2M:M01LOW:198	ご……ゴミが……	쓰……　쓰레기가……
S2M:M29LOW:199	dup=S2M:M01LOW:199	私の戦いを見せてあげる。	내　싸움을　보여　주지．
S2M:M29LOW:200	dup=S2M:M01LOW:200	やさしくしてあげるわ。	상냥하게　해　줄게．
S2M:M29LOW:201	dup=S2M:M01LOW:201	ふふふ……負けないわよ。	후후후…　지지　않을　거야．
S2M:M29LOW:202	dup=S2M:M01LOW:202	やるわね。\nさすが華撃団……	잘하네．\n역시　화격단……
S2M:M29LOW:203	dup=S2M:M01LOW:203	くっ……\nこれほどとはね……	큭……\n이　정도일　줄이야……
S2M:M29LOW:204	dup=S2M:M01LOW:204	さぁ、ワシの番じゃな。	자，　내　차례로구나．
S2M:M29LOW:205	dup=S2M:M01LOW:205	ワシの計算にぬかりはないぞ。	내　계산엔　빈틈없다．
S2M:M29LOW:206	dup=S2M:M01LOW:206	こ、このままでは\n終わらぬぞ……	이，　이대로는\n끝나지　않아……
S2M:M29LOW:207	dup=S2M:M01LOW:207	これも計算のうちじゃ。	이것도　계산　안이야．
S2M:M29LOW:208	dup=S2M:M01LOW:208	ぬうっ……\nこれは計算外じゃ……	으으……\n이건　계산　밖이야……
S2M:M29LOW:209	dup=S2M:M01LOW:209	狩りとってやる！	사냥해　주마！
S2M:M29LOW:210	dup=S2M:M01LOW:210	今、楽にしてやるからな。	지금　편하게　해　주마．
S2M:M29LOW:211	dup=S2M:M01LOW:211	ひ、ひねり殺してやる！	비，　비틀어　죽여　주마！
S2M:M29LOW:212	dup=S2M:M01LOW:212	勝ったと思うなよ……	이겼다고　생각하지　마……
S2M:M29LOW:213	dup=S2M:M01LOW:213	まだ、終わりではないぞ！	아직　끝나지　않았다！
S2M:M29LOW:214	dup=S2M:M01LOW:214	終わりにしてやる。	끝내　주마．
S2M:M29LOW:215	dup=S2M:M01LOW:215	いくぞ！　華撃団っ！	간다！　화격단！
S2M:M29LOW:216	dup=S2M:M01LOW:216	まだ、まだだっ！	아직，　아직이다！
S2M:M29LOW:217	dup=S2M:M01LOW:217	腕を上げたな……	실력이　늘었구나……
S2M:M29LOW:218	dup=S2M:M01LOW:218	ぐっ……\nわたしの復讐が……	큭……\n내　복수가……
S2M:M29LOW:219	dup=S2M:M01LOW:219	容赦はせぬぞ……	봐주지　않겠다……
S2M:M29LOW:220	dup=S2M:M01LOW:220	お前たちの罪を知れ……	너희의　죄를　깨달아라……
S2M:M29LOW:221	dup=S2M:M01LOW:221	戦いとはいつも無常だ……	싸움은　언제나　덧없다……
S2M:M29LOW:222	dup=S2M:M01LOW:222	愛は死んだ……	사랑은　죽었다……
S2M:M29LOW:223	dup=S2M:M01LOW:223	ぬぅ……やるな……	으음……　제법이군……
S2M:M29LOW:224	dup=S2M:M01LOW:224	私に触れるな！	나에게　손대지　마！
S2M:M29LOW:225	dup=S2M:M01LOW:225	帝都の恨みは、\nこの程度ではないぞ……	제도의　원한은，\n이　정도가　아니다……
S2M:M29LOW:226	dup=S2M:M01LOW:226	最後に勝つのは……私だ！	최후의　승자는……　나다！
S2M:M29LOW:227	dup=S2M:M01LOW:227	この程度で……ぬうっ！	이　정도로……　으음！
S2M:M29LOW:228	dup=S2M:M01LOW:228	思い上がるな……\n偽善者めっ！	우쭐대지　마……\n위선자　자식！
S2M:M31LOW:0	dup=S2M:M01LOW:0	疾きこと風のごとく……\n移動力重視の作戦だ！	빠르기는　바람처럼……\n이동력　중시　작전이다！
S2M:M31LOW:1	dup=S2M:M01LOW:1	今は、この命令を出している。\n移動力を活かして戦おう。	현재　명령은　이것이다．\n이동력을　살려　싸우자．
S2M:M31LOW:2	dup=S2M:M01LOW:2	花組各員に通達！\n「風」作戦を開始するぞ！	화조　전원에게　통보！\n「풍」　작전　개시다！
S2M:M31LOW:3	dup=S2M:M01LOW:3	林のように心静かに……\n本来の力を引き出すんだ！	숲처럼　마음을　고요히……\n본래의　힘을　끌어내자！
S2M:M31LOW:4	dup=S2M:M01LOW:4	今は、この命令を出している。\n本来の力で敵に立ち向かおう。	현재　명령은　이것이다．\n본래의　힘으로　맞서자．
S2M:M31LOW:5	dup=S2M:M01LOW:5	花組各員に通達！\n「林」作戦を開始するぞ！	화조　전원에게　통보！\n「림」　작전　개시다！
S2M:M31LOW:6	dup=S2M:M01LOW:6	炎のように熱く燃える……\n攻撃力重視の作戦だ！	불처럼　뜨겁게　타오르는……\n공격력　중시　작전이다！
S2M:M31LOW:7	dup=S2M:M01LOW:7	今は、この命令を出している。\n攻撃力を活かして戦おう。	현재　명령은　이것이다．\n공격력을　살려　싸우자．
S2M:M31LOW:8	dup=S2M:M01LOW:8	花組各員に通達！\n「火」作戦を開始するぞ！	화조　전원에게　통보！\n「화」　작전　개시다！
S2M:M31LOW:9	dup=S2M:M01LOW:9	構えること山のごとく……\n防御力重視の作戦だ！	산처럼　굳건히　버티는……\n방어력　중시　작전이다！
S2M:M31LOW:10	dup=S2M:M01LOW:10	今は、この命令を出している。\n防御力を活かして戦おう。	현재　명령은　이것이다．\n방어력을　살려　싸우자．
S2M:M31LOW:11	dup=S2M:M01LOW:11	花組各員に通達！\n「山」作戦を開始するぞ！	화조　전원에게　통보！\n「산」　작전　개시다！
S2M:M31LOW:12	dup=S2M:M01LOW:12	このままの作戦でいくぞ！	이대로　작전을　계속한다！
S2M:M31LOW:13	dup=S2M:M01LOW:13	了解！	알겠습니다！
S2M:M31LOW:14		土蜘蛛の乗る魔操機兵、\n「八葉」を撃破して！\n頼んだわよ、大神くん！	토지구모가　탄　마조기병，\n「팔엽」을　격파해！\n부탁해，　오오가미　군！
S2M:M31LOW:15	dup=S2M:M08LOW:15	０メッセージ１－２	０메시지１－２
S2M:M31LOW:16	dup=S2M:M01LOW:16	０メッセージ１－３	０메시지１－３
S2M:M31LOW:17		門の外に出て、\n土蜘蛛機を撃破するのよ！	문　밖으로　나가，\n토지구모기를　격파해！
S2M:M31LOW:18	dup=S2M:M12LOW:18	敵の大将、土は、\n攻撃回数が多いわ。\n気をつけるのよ！	적장　토지구모는\n공격　횟수가　많아．\n조심해！
S2M:M31LOW:19	dup=S2M:M01LOW:19	０メッセージ２－３	０메시지２－３
S2M:M31LOW:20	dup=S2M:M02LOW:20	大神さん、山崎は強いわ。\n一時撤退しましょう！	야마자키는　강해요．\n일단　후퇴하죠！
S2M:M31LOW:21	dup=S2M:M01LOW:21	０メッセージ３－２	０메시지３－２
S2M:M31LOW:22	dup=S2M:M01LOW:22	０メッセージ３－３	０메시지３－３
S2M:M31LOW:23	dup=S2M:M01LOW:23	花組の隊長、大神一郎。\n高い戦闘力と、\n勇敢な心を持っている。	화조　대장，　오오가미．\n높은　전투력과\n용감한　마음을　지녔다．
S2M:M31LOW:24	dup=S2M:M01LOW:24	北辰一刀流、真宮寺さくら。\n素早い動きで、\n敵を一刀両断する。	북진일도류，　사쿠라．\n빠른　움직임으로\n적을　일도양단한다．
S2M:M31LOW:25	dup=S2M:M01LOW:25	神崎風塵流、神崎すみれ。\n華麗なナギナタの技は、\n見るものの心をもとらえる。	칸자키　풍진류，　스미레．\n화려한　나기나타　기술은\n보는　이의　마음마저　홀려．
S2M:M31LOW:26	dup=S2M:M01LOW:26	射撃手、マリア・タチバナ。\n氷の銃弾は、狙った\n獲物を決して逃さない。	사격수，　마리아．\n얼음　탄환은　노린\n먹이를　놓치지　않는다．
S2M:M31LOW:27	dup=S2M:M01LOW:27	桐島流空手、桐島カンナ。\n圧倒的なパワーで、むらがる\n敵を粉砕する。	가라테의　달인，　칸나．\n압도적　파워로　몰려드는\n적을　분쇄한다．
S2M:M31LOW:28	dup=S2M:M01LOW:28	花組のマスコット、アイリス。\n超能力を使った、\n不思議な攻撃で敵と戦う。	화조의　마스코트，\n아이리스．\n초능력으로　적과　싸운다．
S2M:M31LOW:29	dup=S2M:M01LOW:29	発明家、李紅蘭。\n次々に繰り出す発明品で、\n敵味方をあっといわせるぞ。	발명가，　코란．\n신제품을　잇달아　내놓아\n적과　아군을　놀라게　한다．
S2M:M31LOW:30	dup=S2M:M01LOW:30	元星組隊員、ソレッタ・織姫。\nイタリアンローズの機体に乗り\n赤い貴族と呼ばれている。	전　별조　대원，　오리히메．\n이탈리안　로즈를　타고\n붉은　귀족이라　불린다．
S2M:M31LOW:31	dup=S2M:M01LOW:31	レニ・ミルヒシュトラーセ。\n戦闘のプロとして、正確な\n無駄のない攻撃を行う。	레니　밀히슈트라세．　전투의\n프로답게　정확하고　군더더기\n없는　공격을　한다．
S2M:M31LOW:32	dup=S2M:M02LOW:32	魔操機兵、脇侍・改。\n長剣を装備し、\n近接攻撃力を強化した。	마조기병，　협시・개．\n장검을　장비해\n근접　공격력을　강화했다．
S2M:M31LOW:33	dup=S2M:M01LOW:33	魔操機兵、脇侍・改。\n鉄砲を装備したものは、\nロ型と呼ばれる。	마조기병，　협시・개．\n총을　장비한　것은\n로형이라　부른다．
S2M:M31LOW:34	dup=S2M:M03LOW:34	蒸気火煎。\n木喰が創り出した兵器で、\n高い攻撃力を持っている。	증기화전．\n모쿠지키가　만든　병기로\n공격력이　높다．
S2M:M31LOW:35	dup=S2M:M03LOW:35	脇侍・改「イ型軽」\n土蜘蛛専用の部隊で、\n移動能力に優れている。	협시・개　「이형　경」\n토지구모　전용　부대로\n이동　능력이　뛰어나다．
S2M:M31LOW:36	dup=S2M:M03LOW:36	魔操機兵「八葉」\n五行衆・土蜘蛛の乗る機体。\n６本の腕で連続攻撃を行う。	마조기병　「팔엽」\n오행중　토지구모의　기체．\n６개　팔로　연속　공격한다．
S2M:M31LOW:37	dup=S2M:M01LOW:37	黒鬼会の魔操機兵、脇侍・改。\n大砲を装備したものは、\nハ型と呼ばれる。	흑귀회의　마조기병，\n협시・개．　대포를　장비한\n것은　하형이라　부른다．
S2M:M31LOW:38	dup=S2M:M01LOW:38	黒鬼会の魔操機兵、脇侍・改。\n実は、あまり忠誠心は\nないので、がっかりだ。	흑귀회의　마조기병，\n협시・개．　사실　충성심은\n그다지　없어서　실망스럽다．
S2M:M31LOW:39	dup=S2M:M01LOW:39	黒鬼会の魔操機兵、脇侍・改。\n鉄砲を装備したものは、\nロ型と呼ばれる。	흑귀회의　마조기병，\n협시・개．　총을　장비한\n것은　로형이라　부른다．
S2M:M31LOW:40	dup=S2M:M01LOW:40	メッセージ１８	메시지　１８
S2M:M31LOW:41	dup=S2M:M01LOW:41	メッセージ１９	메시지　１９
S2M:M31LOW:42	dup=S2M:M01LOW:42	メッセージ２０	메시지　２０
S2M:M31LOW:43	dup=S2M:M01LOW:43	今のところ、\nかばう必要はなさそうだな。	지금은\n보호할　필요　없어　보이네．
S2M:M31LOW:44	dup=S2M:M01LOW:44	さくらくん……\n君は俺が守る！	사쿠라　군……\n내가　지킬게！
S2M:M31LOW:45	dup=S2M:M01LOW:45	すみれくん……\n君の盾になってもいいかい。	스미레　군……\n네　방패가　되어도　될까？
S2M:M31LOW:46	dup=S2M:M01LOW:46	マリア……\n君の背中を守らせてくれ。	마리아……\n네　뒤를　지키게　해　줘．
S2M:M31LOW:47	dup=S2M:M01LOW:47	カンナ……\n俺は、君を全力で守るぞ！	칸나……　내가　온　힘을\n다해　지키마！
S2M:M31LOW:48	dup=S2M:M01LOW:48	アイリス……\n俺が側にいるから、\n安心していいよ。	아이리스……\n내가　곁에　있으니，\n안심해도　돼．
S2M:M31LOW:49	dup=S2M:M01LOW:49	紅蘭……\nいつだって君を助けにゆくよ。	코란……\n언제든　널　도우러　갈게．
S2M:M31LOW:50	dup=S2M:M01LOW:50	織姫くん……\n苦しいときは、\nいつでも俺を呼んでくれ！	오리히메　군……\n힘들　때는，\n언제든　날　불러！
S2M:M31LOW:51	dup=S2M:M01LOW:51	レニ……\nたまには、\n守られたっていいだろう？	레니……\n가끔은，\n보호받아도　괜찮잖아？
S2M:M31LOW:52	dup=S2M:M01LOW:52	がんばって！　大神さん！	힘내요！　오오가미　씨！
S2M:M31LOW:53	dup=S2M:M01LOW:53	大神さんが頼りです！	오오가미　씨만　믿을게요！
S2M:M31LOW:54	dup=S2M:M01LOW:54	無理しないでください、\n大神さん……	무리하지　마세요，\n오오가미　씨……
S2M:M31LOW:55	dup=S2M:M01LOW:55	がんばります！	힘낼게요！
S2M:M31LOW:56	dup=S2M:M01LOW:56	大神さんのために……\nあたし、やります！	오오가미　씨를　위해……\n제가　할게요！
S2M:M31LOW:57	dup=S2M:M01LOW:57	あたしが\nがんばらなくっちゃ！	제가　힘내야　해요！
S2M:M31LOW:58	dup=S2M:M01LOW:58	あたし……負けないわ……	저…　지지　않을　거예요…
S2M:M31LOW:59	dup=S2M:M01LOW:59	……ありがとうございます。\n大神さん。	……감사합니다．\n오오가미　씨．
S2M:M31LOW:60	dup=S2M:M01LOW:60	大神さんがいてくれるから、\nあたし、がんばれます！	오오가미　씨가　계시니까\n저도　힘낼　수　있어요！
S2M:M31LOW:61	dup=S2M:M01LOW:61	大丈夫ですか……大神さん。	괜찮으세요…　오오가미　씨．
S2M:M31LOW:62	dup=S2M:M01LOW:62	大神さん……\nごめんなさい……	오오가미　씨……\n죄송해요……
S2M:M31LOW:63	dup=S2M:M01LOW:63	ここは大神さんに\nお任せします……\n……ごめんなさい。	여기는　오오가미　씨에게\n맡길게요……\n……죄송해요．
S2M:M31LOW:64	dup=S2M:M01LOW:64	やりましたね、大神さん！	해냈네요，　오오가미　씨！
S2M:M31LOW:65	dup=S2M:M01LOW:65	今日の大神さん、\n一味違いますね。	오늘　오오가미　씨는\n평소와　다르네요．
S2M:M31LOW:66	dup=S2M:M01LOW:66	やりました！	해냈어요！
S2M:M31LOW:67	dup=S2M:M01LOW:67	大神さんのおかげです！	오오가미　씨　덕분이에요！
S2M:M31LOW:68	dup=S2M:M01LOW:68	大神さん……\nあたし、信じています。	오오가미　씨……\n저는　믿고　있어요．
S2M:M31LOW:69	dup=S2M:M01LOW:69	見せ場がきましてよ、少尉。	제　무대네요，　소위님．
S2M:M31LOW:70	dup=S2M:M01LOW:70	がんばってください、\nわたくしのために……	힘내　주세요，\n저를　위해……
S2M:M31LOW:71	dup=S2M:M01LOW:71	無理は禁物ですわ……	무리는　금물이에요……
S2M:M31LOW:72	dup=S2M:M01LOW:72	さあ、いきますわよ！	자，　갑니다！
S2M:M31LOW:73	dup=S2M:M01LOW:73	少尉、わたくしを\n見ていてくださいな。	소위님，\n저를　지켜봐　주세요．
S2M:M31LOW:74	dup=S2M:M01LOW:74	わたくしでなくては\nダメですわね。	저여야만　하겠군요．
S2M:M31LOW:75	dup=S2M:M01LOW:75	こ、この程度で……	이，　이　정도로……
S2M:M31LOW:76	dup=S2M:M01LOW:76	うれしいですわ……\n少尉……	기뻐요……\n소위님……
S2M:M31LOW:77	dup=S2M:M01LOW:77	わたくしを守ることが\nできるのは少尉だけですわ。	저를　지킬　수　있는　건\n소위님뿐이에요．
S2M:M31LOW:78	dup=S2M:M01LOW:78	かっ、身体が勝手に\n動いただけですわ……	몸이　저절로\n움직였을　뿐이에요……
S2M:M31LOW:79	dup=S2M:M01LOW:79	わたくしとしたことが……	저답지　않게……
S2M:M31LOW:80	dup=S2M:M01LOW:80	少尉を……\n……置いてはいけないのに！	소위님을……\n……두고　갈　수는　없는데！
S2M:M31LOW:81	dup=S2M:M01LOW:81	お見事ですわ、少尉。	훌륭해요，　소위님．
S2M:M31LOW:82	dup=S2M:M01LOW:82	りりしいですわよ、少尉。	늠름하시네요，　소위님．
S2M:M31LOW:83	dup=S2M:M01LOW:83	たいしたことありませんわね。	별것도　아니네요．
S2M:M31LOW:84	dup=S2M:M01LOW:84	見てくださいました？　少尉。	보셨나요？　소위님．
S2M:M31LOW:85	dup=S2M:M03LOW:85	んふっ、\nちょろいもんですわ。\nねぇ、少尉……	후훗，\n이　정도야　식은　죽이죠．\n그렇죠，　소위님……
S2M:M31LOW:86	dup=S2M:M01LOW:86	隊長、お願いします。	대장님，　부탁드려요．
S2M:M31LOW:87	dup=S2M:M01LOW:87	隊長……\n信じています。	대장님……\n믿고　있어요．
S2M:M31LOW:88	dup=S2M:M01LOW:88	隊長……\n慎重にいきましょう。	대장님……\n신중하게　가죠．
S2M:M31LOW:89	dup=S2M:M01LOW:89	さぁ、覚悟しなさい。	자，　각오하세요．
S2M:M31LOW:90	dup=S2M:M01LOW:90	私には、隊長が\nついていてくれる……	저에겐　대장님이\n곁에　계시니까……
S2M:M31LOW:91	dup=S2M:M01LOW:91	私がしっかりしなくては……	제가　정신　차려야……
S2M:M31LOW:92	dup=S2M:M01LOW:92	くっ、まだ……やれる！	큭，아직……　할　수　있어！
S2M:M31LOW:93	dup=S2M:M01LOW:93	すいません、隊長。	죄송해요，　대장님．
S2M:M31LOW:94	dup=S2M:M01LOW:94	隊長の背中……\nとても大きく見えます……	대장님　등……\n정말　커　보이네요……
S2M:M31LOW:95	dup=S2M:M01LOW:95	隊長が無事でよかった……	대장님이　무사해서　다행……
S2M:M31LOW:96	dup=S2M:M01LOW:96	隊長……申し訳ありません……	대장님……　죄송해요……
S2M:M31LOW:97	dup=S2M:M01LOW:97	もう少し……\n隊長と共に……	조금만　더……\n대장님과　함께……
S2M:M31LOW:98	dup=S2M:M01LOW:98	やりますね、隊長。	잘하시네요，　대장님．
S2M:M31LOW:99	dup=S2M:M01LOW:99	隊長が\nいてくださってよかった……	대장님이　계셔서　다행……
S2M:M31LOW:100	dup=S2M:M01LOW:100	ふんっ！　この程度……？	흥！　이　정도……？
S2M:M31LOW:101	dup=S2M:M01LOW:101	隊長、すばらしい指揮です！	대장님，　훌륭한　지휘예요！
S2M:M31LOW:102	dup=S2M:M01LOW:102	隊長が、私の力を\n何倍にもしてくれます。	대장님이　제　힘을\n몇　배나　키워　주세요．
S2M:M31LOW:103	dup=S2M:M01LOW:103	やっちまえ！　隊長！	해치워！　대장님！
S2M:M31LOW:104	dup=S2M:M01LOW:104	あたいがついてるぜ、隊長。	내가　곁에　있어，　대장．
S2M:M31LOW:105	dup=S2M:M01LOW:105	隊長の気合を見せてくれ！	대장님，　기합을　보여　줘！
S2M:M31LOW:106	dup=S2M:M01LOW:106	あたいの番だな！	내　차례구나！
S2M:M31LOW:107	dup=S2M:M01LOW:107	みていてくれよなっ！\n隊長！	지켜봐　줘！\n대장！
S2M:M31LOW:108	dup=S2M:M01LOW:108	まとめて面倒みるぜ！	한꺼번에　상대해　주마！
S2M:M31LOW:109	dup=S2M:M01LOW:109	まだまだ、\nどんどんかかってこいっ！	아직　멀었어，\n어서　덤벼！
S2M:M31LOW:110	dup=S2M:M01LOW:110	すまねぇな、隊長。	미안하군，　대장．
S2M:M31LOW:111	dup=S2M:M01LOW:111	へへっ、\n守られるってのも悪くないな。	헤헤，　보호받는　것도\n나쁘지　않군．
S2M:M31LOW:112	dup=S2M:M01LOW:112	へへっ、らしくないぜぇ？\n隊長！	헤헤，　나답지　않지？\n대장！
S2M:M31LOW:113	dup=S2M:M01LOW:113	ちくしょう……\nこんなところで……	젠장……\n이런　곳에서……
S2M:M31LOW:114	dup=S2M:M01LOW:114	隊長、すまない。\nあたいの分まで\nがんばってくれ！	대장，　미안하다．\n내　몫까지\n힘내　줘！
S2M:M31LOW:115	dup=S2M:M01LOW:115	やるじゃねぇか！　隊長！	제법이잖아！　대장！
S2M:M31LOW:116	dup=S2M:M01LOW:116	ほれぼれするぜ！　隊長！	감탄스럽군！　대장！
S2M:M31LOW:117	dup=S2M:M01LOW:117	ざっとこんなもんだぜ！	대충　이　정도지！
S2M:M31LOW:118	dup=S2M:M01LOW:118	へっへーん！\nどうだい！　隊長！	헤헤ー！\n어때！　대장！
S2M:M31LOW:119	dup=S2M:M01LOW:119	誰もあたいたちを\n止められねぇぜ！	아무도　우릴\n막을　수　없어！
S2M:M31LOW:120	dup=S2M:M01LOW:120	がんばろうね、お兄ちゃん。	힘내자，　오빠．
S2M:M31LOW:121	dup=S2M:M01LOW:121	お兄ちゃん、いっけぇー！	오빠，　가ー！
S2M:M31LOW:122	dup=S2M:M01LOW:122	お兄ちゃん……負けないで！	오빠……　지지　마！
S2M:M31LOW:123	dup=S2M:M01LOW:123	アイリス、いきまーす！	아이리스，　갑니다아！
S2M:M31LOW:124	dup=S2M:M01LOW:124	えへへっ、\nアイリスがんばるよ！	에헤헤，\n아이리스　힘낼게！
S2M:M31LOW:125	dup=S2M:M01LOW:125	アイリスが\nがんばらなくちゃ！	아이리스가\n힘내야　해！
S2M:M31LOW:126	dup=S2M:M01LOW:126	アイリス……もうだめ……	아이리스…　이제　안　돼…
S2M:M31LOW:127	dup=S2M:M01LOW:127	アイリスのために\n来てくれたんだぁー！	아이리스를　위해　왔구나ー！
S2M:M31LOW:128	dup=S2M:M01LOW:128	お兄ちゃんは、\n白馬のおうじさまだね！	오빠는\n백마　탄　왕자님이네！
S2M:M31LOW:129	dup=S2M:M01LOW:129	お兄ちゃん……\nアイリスがついてるからね。	오빠……\n아이리스가　곁에　있을게．
S2M:M31LOW:130	dup=S2M:M01LOW:130	あ……止まっちゃった……	아……　멈췄어……
S2M:M31LOW:131	dup=S2M:M01LOW:131	お兄ちゃん……\nごめんね……	오빠……\n미안해……
S2M:M31LOW:132	dup=S2M:M01LOW:132	わーい、やったね！\nお兄ちゃん！	와ー，　해냈다！\n오빠！
S2M:M31LOW:133	dup=S2M:M01LOW:133	お兄ちゃん、\nすごい、すっごーい！	오빠，\n대단해，　정말　대단해ー！
S2M:M31LOW:134	dup=S2M:M01LOW:134	アイリス、すごいでしょ！	아이리스，　대단하지！
S2M:M31LOW:135	dup=S2M:M01LOW:135	ねぇ、ねぇ！\nほめてほめて！	있잖아，　있잖아！\n칭찬해　줘，　칭찬해　줘！
S2M:M31LOW:136	dup=S2M:M01LOW:136	お兄ちゃんがいれば、\nアイリスなんにも恐くないよ！	오빠만　있으면，\n아이리스는　안　무서워！
S2M:M31LOW:137	dup=S2M:M01LOW:137	頼んだで、大神はん。	부탁한다，　오오가미　씨．
S2M:M31LOW:138	dup=S2M:M01LOW:138	ウチらの力、見せたろうで！	우리　힘을　보여　주자！
S2M:M31LOW:139	dup=S2M:M01LOW:139	だ、大丈夫かいな、大神はん。	괜찮나，　오오가미　씨．
S2M:M31LOW:140	dup=S2M:M01LOW:140	ほな、いってみよか！	그럼，　가　볼까！
S2M:M31LOW:141	dup=S2M:M01LOW:141	大神はん、\nウチにまーかしとき！	오오가미　씨，\n나한테　맡겨！
S2M:M31LOW:142	dup=S2M:M01LOW:142	ウチががんばらんと！	내가　힘내야　해！
S2M:M31LOW:143	dup=S2M:M01LOW:143	や、やばいで……	이，　이거　위험해……
S2M:M31LOW:144	dup=S2M:M01LOW:144	お、おおきに、\n大神はん……	고，　고마워，\n오오가미　씨……
S2M:M31LOW:145	dup=S2M:M01LOW:145	もう、そないなことされたら、\nウチ……	그렇게까지　해　주면，\n나……
S2M:M31LOW:146	dup=S2M:M01LOW:146	大神はんがおらんと、\nウチ……こまるんや。	오오가미　씨가　없으면，\n나……　곤란해．
S2M:M31LOW:147	dup=S2M:M01LOW:147	そのへんで、堪忍や……	이쯤에서　봐줘……
S2M:M31LOW:148	dup=S2M:M01LOW:148	大神はん、すんまへん。	오오가미　씨，　미안해．
S2M:M31LOW:149	dup=S2M:M01LOW:149	大神はん、その調子や！	오오가미　씨，　그　기세야！
S2M:M31LOW:150	dup=S2M:M01LOW:150	ええ感じやで！　大神はん！	좋은데！　오오가미　씨！
S2M:M31LOW:151	dup=S2M:M01LOW:151	いっちょあがりや！	한　건　해냈다！
S2M:M31LOW:152	dup=S2M:M01LOW:152	大神はん、\nやったで、ウチ！	오오가미　씨，\n나　해냈어！
S2M:M31LOW:153	dup=S2M:M01LOW:153	ウチらの力を合わせれば、\n千人力や！	우리　힘을　합치면，\n천군만마야！
S2M:M31LOW:154	dup=S2M:M01LOW:154	少尉さん、\nお手並み拝見でーす！	소위님，\n실력을　보여　주세요ー！
S2M:M31LOW:155	dup=S2M:M01LOW:155	早く終わらせて帰りましょー。	빨리　끝내고　돌아가요ー．
S2M:M31LOW:156	dup=S2M:M01LOW:156	ちょっと、\nヤバそうってカンジ！	잠깐，\n좀　위험해　보이는　느낌！
S2M:M31LOW:157	dup=S2M:M01LOW:157	たのしいでーす！	재밌어요ー！
S2M:M31LOW:158	dup=S2M:M01LOW:158	わたしを見ていてくださーい！	저를　지켜봐　주세요ー！
S2M:M31LOW:159	dup=S2M:M01LOW:159	日本のオトコ、\n頼りにならないでーす！	일본　남자는，\n도움이　안　되네요ー！
S2M:M31LOW:160	dup=S2M:M01LOW:160	シャワー浴びたいでーす！	샤워하고　싶어요ー！
S2M:M31LOW:161	dup=S2M:M01LOW:161	日本のオトコに、\nかばってもらうなんて……	일본　남자에게，\n보호받다니……
S2M:M31LOW:162	dup=S2M:M01LOW:162	少尉さん、\n無理しなくていいでーす……	소위님，\n무리하지　않아도　돼요……
S2M:M31LOW:163	dup=S2M:M01LOW:163	まったく、\nダメなオトコでーす！	정말이지，\n쓸모없는　남자네요ー！
S2M:M31LOW:164	dup=S2M:M01LOW:164	これ以上はカンベンでーす！	이　이상은　봐주겠어요ー！
S2M:M31LOW:165	dup=S2M:M01LOW:165	もうだめです。\n撤退します……隊長……	이젠　안　돼요．\n후퇴할게요……　대장……
S2M:M31LOW:166	dup=S2M:M01LOW:166	なかなかやるってカンジ！	제법인데요！
S2M:M31LOW:167	dup=S2M:M01LOW:167	少尉さん、\nちょーかっこいいでーす！	소위님，\n정말　멋져요ー！
S2M:M31LOW:168	dup=S2M:M01LOW:168	楽勝でーす！	거뜬해요ー！
S2M:M31LOW:169	dup=S2M:M01LOW:169	うふっ！\n拍手をくださーい！	후훗！\n박수　쳐　주세요ー！
S2M:M31LOW:170	dup=S2M:M01LOW:170	このデュオは最高でーす！	이　듀오는　최고예요ー！
S2M:M31LOW:171	dup=S2M:M01LOW:171	……行動開始。	……행동　개시．
S2M:M31LOW:172	dup=S2M:M01LOW:171	……行動開始。	……행동　개시．
S2M:M31LOW:173	dup=S2M:M01LOW:173	……危険だよ。	……위험해．
S2M:M31LOW:174	dup=S2M:M01LOW:174	頼れるのは自分だけ……	믿을　건　나뿐……
S2M:M31LOW:175	dup=S2M:M01LOW:174	頼れるのは自分だけ……	믿을　건　나뿐……
S2M:M31LOW:176	dup=S2M:M01LOW:174	頼れるのは自分だけ……	믿을　건　나뿐……
S2M:M31LOW:177	dup=S2M:M01LOW:177	機体の損傷が激しい……	기체　손상이　심해……
S2M:M31LOW:178	dup=S2M:M01LOW:178	………………	………………
S2M:M31LOW:179	dup=S2M:M01LOW:178	………………	………………
S2M:M31LOW:180	dup=S2M:M01LOW:180	隊長……しっかり……	대장……　정신　차려……
S2M:M31LOW:181	dup=S2M:M01LOW:181	一時、撤退……	일단　후퇴……
S2M:M31LOW:182	dup=S2M:M01LOW:181	一時、撤退……	일단　후퇴……
S2M:M31LOW:183	dup=S2M:M01LOW:183	目標、撃破確認……	목표　격파　확인……
S2M:M31LOW:184	dup=S2M:M01LOW:183	目標、撃破確認……	목표　격파　확인……
S2M:M31LOW:185	dup=S2M:M01LOW:185	目標撃破……	목표　격파……
S2M:M31LOW:186	dup=S2M:M01LOW:185	目標撃破……	목표　격파……
S2M:M31LOW:187	dup=S2M:M01LOW:187	これが……ボクらの力……！	이게……　우리　힘……！
S2M:M31LOW:188	dup=S2M:M01LOW:188	そぉら、いくぜ！	자아，　간다！
S2M:M31LOW:189	dup=S2M:M01LOW:189	さぁ、楽しませてくれよ。	자，　즐겁게　해　줘．
S2M:M31LOW:190	dup=S2M:M01LOW:190	勝負は……これからだぜ！	승부는……　지금부터야！
S2M:M31LOW:191	dup=S2M:M01LOW:191	なかなか、\nやるじゃねぇか！	제법이군，\n잘하잖아！
S2M:M31LOW:192	dup=S2M:M01LOW:192	おもしれぇ……	재밌군……
S2M:M31LOW:193	dup=S2M:M01LOW:193	大丈夫か、水狐。	괜찮나，　수호．
S2M:M31LOW:194	dup=S2M:M01LOW:194	華麗に燃やしてあげますよ……	화려하게　태워　드리죠……
S2M:M31LOW:195	dup=S2M:M01LOW:195	覚悟してください。	각오하세요．
S2M:M31LOW:196	dup=S2M:M01LOW:196	あははははは！	아하하하하하！
S2M:M31LOW:197	dup=S2M:M01LOW:197	燃やしつくしてやる！	모조리　태워　주마！
S2M:M31LOW:198	dup=S2M:M01LOW:198	ご……ゴミが……	쓰……　쓰레기가……
S2M:M31LOW:199	dup=S2M:M01LOW:199	私の戦いを見せてあげる。	내　싸움을　보여　주지．
S2M:M31LOW:200	dup=S2M:M01LOW:200	やさしくしてあげるわ。	상냥하게　해　줄게．
S2M:M31LOW:201	dup=S2M:M01LOW:201	ふふふ……負けないわよ。	후후후…　지지　않을　거야．
S2M:M31LOW:202	dup=S2M:M01LOW:202	やるわね。\nさすが華撃団……	잘하네．\n역시　화격단……
S2M:M31LOW:203	dup=S2M:M01LOW:203	くっ……\nこれほどとはね……	큭……\n이　정도일　줄이야……
S2M:M31LOW:204	dup=S2M:M01LOW:204	さぁ、ワシの番じゃな。	자，　내　차례로구나．
S2M:M31LOW:205	dup=S2M:M01LOW:205	ワシの計算にぬかりはないぞ。	내　계산엔　빈틈없다．
S2M:M31LOW:206	dup=S2M:M01LOW:206	こ、このままでは\n終わらぬぞ……	이，　이대로는\n끝나지　않아……
S2M:M31LOW:207	dup=S2M:M01LOW:207	これも計算のうちじゃ。	이것도　계산　안이야．
S2M:M31LOW:208	dup=S2M:M01LOW:208	ぬうっ……\nこれは計算外じゃ……	으으……\n이건　계산　밖이야……
S2M:M31LOW:209	dup=S2M:M01LOW:209	狩りとってやる！	사냥해　주마！
S2M:M31LOW:210	dup=S2M:M01LOW:210	今、楽にしてやるからな。	지금　편하게　해　주마．
S2M:M31LOW:211	dup=S2M:M01LOW:211	ひ、ひねり殺してやる！	비，　비틀어　죽여　주마！
S2M:M31LOW:212	dup=S2M:M01LOW:212	勝ったと思うなよ……	이겼다고　생각하지　마……
S2M:M31LOW:213	dup=S2M:M01LOW:213	まだ、終わりではないぞ！	아직　끝나지　않았다！
S2M:M31LOW:214	dup=S2M:M01LOW:214	終わりにしてやる。	끝내　주마．
S2M:M31LOW:215	dup=S2M:M01LOW:215	いくぞ！　華撃団っ！	간다！　화격단！
S2M:M31LOW:216	dup=S2M:M01LOW:216	まだ、まだだっ！	아직，　아직이다！
S2M:M31LOW:217	dup=S2M:M01LOW:217	腕を上げたな……	실력이　늘었구나……
S2M:M31LOW:218	dup=S2M:M01LOW:218	ぐっ……\nわたしの復讐が……	큭……\n내　복수가……
S2M:M31LOW:219	dup=S2M:M01LOW:219	容赦はせぬぞ……	봐주지　않겠다……
S2M:M31LOW:220	dup=S2M:M01LOW:220	お前たちの罪を知れ……	너희의　죄를　깨달아라……
S2M:M31LOW:221	dup=S2M:M01LOW:221	戦いとはいつも無常だ……	싸움은　언제나　덧없다……
S2M:M31LOW:222	dup=S2M:M01LOW:222	愛は死んだ……	사랑은　죽었다……
S2M:M31LOW:223	dup=S2M:M01LOW:223	ぬぅ……やるな……	으음……　제법이군……
S2M:M31LOW:224	dup=S2M:M01LOW:224	私に触れるな！	나에게　손대지　마！
S2M:M31LOW:225	dup=S2M:M01LOW:225	帝都の恨みは、\nこの程度ではないぞ……	제도의　원한은，\n이　정도가　아니다……
S2M:M31LOW:226	dup=S2M:M01LOW:226	最後に勝つのは……私だ！	최후의　승자는……　나다！
S2M:M31LOW:227	dup=S2M:M01LOW:227	この程度で……ぬうっ！	이　정도로……　으음！
S2M:M31LOW:228	dup=S2M:M01LOW:228	思い上がるな……\n偽善者めっ！	우쭐대지　마……\n위선자　자식！
S2M:M33LOW:0	dup=S2M:M01LOW:0	疾きこと風のごとく……\n移動力重視の作戦だ！	빠르기는　바람처럼……\n이동력　중시　작전이다！
S2M:M33LOW:1	dup=S2M:M01LOW:1	今は、この命令を出している。\n移動力を活かして戦おう。	현재　명령은　이것이다．\n이동력을　살려　싸우자．
S2M:M33LOW:2	dup=S2M:M01LOW:2	花組各員に通達！\n「風」作戦を開始するぞ！	화조　전원에게　통보！\n「풍」　작전　개시다！
S2M:M33LOW:3	dup=S2M:M01LOW:3	林のように心静かに……\n本来の力を引き出すんだ！	숲처럼　마음을　고요히……\n본래의　힘을　끌어내자！
S2M:M33LOW:4	dup=S2M:M01LOW:4	今は、この命令を出している。\n本来の力で敵に立ち向かおう。	현재　명령은　이것이다．\n본래의　힘으로　맞서자．
S2M:M33LOW:5	dup=S2M:M01LOW:5	花組各員に通達！\n「林」作戦を開始するぞ！	화조　전원에게　통보！\n「림」　작전　개시다！
S2M:M33LOW:6	dup=S2M:M01LOW:6	炎のように熱く燃える……\n攻撃力重視の作戦だ！	불처럼　뜨겁게　타오르는……\n공격력　중시　작전이다！
S2M:M33LOW:7	dup=S2M:M01LOW:7	今は、この命令を出している。\n攻撃力を活かして戦おう。	현재　명령은　이것이다．\n공격력을　살려　싸우자．
S2M:M33LOW:8	dup=S2M:M01LOW:8	花組各員に通達！\n「火」作戦を開始するぞ！	화조　전원에게　통보！\n「화」　작전　개시다！
S2M:M33LOW:9	dup=S2M:M01LOW:9	構えること山のごとく……\n防御力重視の作戦だ！	산처럼　굳건히　버티는……\n방어력　중시　작전이다！
S2M:M33LOW:10	dup=S2M:M01LOW:10	今は、この命令を出している。\n防御力を活かして戦おう。	현재　명령은　이것이다．\n방어력을　살려　싸우자．
S2M:M33LOW:11	dup=S2M:M01LOW:11	花組各員に通達！\n「山」作戦を開始するぞ！	화조　전원에게　통보！\n「산」　작전　개시다！
S2M:M33LOW:12	dup=S2M:M01LOW:12	このままの作戦でいくぞ！	이대로　작전을　계속한다！
S2M:M33LOW:13	dup=S2M:M01LOW:13	了解！	알겠습니다！
S2M:M33LOW:14		火車の乗る魔操機兵、\n「五鈷」を撃破して！\n	카샤가　탄　마조기병，\n「고코」를　격파해！
S2M:M33LOW:15	dup=S2M:M08LOW:15	０メッセージ１－２	０메시지１－２
S2M:M33LOW:16	dup=S2M:M01LOW:16	０メッセージ１－３	０메시지１－３
S2M:M33LOW:17	dup=S2M:M12LOW:17	門の外に出て、\n土機を撃破するのよ！	문　밖으로　나가，\n토기를　격파해！
S2M:M33LOW:18	dup=S2M:M12LOW:18	敵の大将、土は、\n攻撃回数が多いわ。\n気をつけるのよ！	적장　토지구모는\n공격　횟수가　많아．\n조심해！
S2M:M33LOW:19	dup=S2M:M01LOW:19	０メッセージ２－３	０메시지２－３
S2M:M33LOW:20	dup=S2M:M02LOW:20	大神さん、山崎は強いわ。\n一時撤退しましょう！	야마자키는　강해요．\n일단　후퇴하죠！
S2M:M33LOW:21	dup=S2M:M01LOW:21	０メッセージ３－２	０메시지３－２
S2M:M33LOW:22	dup=S2M:M01LOW:22	０メッセージ３－３	０메시지３－３
S2M:M33LOW:23	dup=S2M:M01LOW:23	花組の隊長、大神一郎。\n高い戦闘力と、\n勇敢な心を持っている。	화조　대장，　오오가미．\n높은　전투력과\n용감한　마음을　지녔다．
S2M:M33LOW:24	dup=S2M:M01LOW:24	北辰一刀流、真宮寺さくら。\n素早い動きで、\n敵を一刀両断する。	북진일도류，　사쿠라．\n빠른　움직임으로\n적을　일도양단한다．
S2M:M33LOW:25	dup=S2M:M01LOW:25	神崎風塵流、神崎すみれ。\n華麗なナギナタの技は、\n見るものの心をもとらえる。	칸자키　풍진류，　스미레．\n화려한　나기나타　기술은\n보는　이의　마음마저　홀려．
S2M:M33LOW:26	dup=S2M:M01LOW:26	射撃手、マリア・タチバナ。\n氷の銃弾は、狙った\n獲物を決して逃さない。	사격수，　마리아．\n얼음　탄환은　노린\n먹이를　놓치지　않는다．
S2M:M33LOW:27	dup=S2M:M01LOW:27	桐島流空手、桐島カンナ。\n圧倒的なパワーで、むらがる\n敵を粉砕する。	가라테의　달인，　칸나．\n압도적　파워로　몰려드는\n적을　분쇄한다．
S2M:M33LOW:28	dup=S2M:M01LOW:28	花組のマスコット、アイリス。\n超能力を使った、\n不思議な攻撃で敵と戦う。	화조의　마스코트，\n아이리스．\n초능력으로　적과　싸운다．
S2M:M33LOW:29	dup=S2M:M01LOW:29	発明家、李紅蘭。\n次々に繰り出す発明品で、\n敵味方をあっといわせるぞ。	발명가，　코란．\n신제품을　잇달아　내놓아\n적과　아군을　놀라게　한다．
S2M:M33LOW:30	dup=S2M:M01LOW:30	元星組隊員、ソレッタ・織姫。\nイタリアンローズの機体に乗り\n赤い貴族と呼ばれている。	전　별조　대원，　오리히메．\n이탈리안　로즈를　타고\n붉은　귀족이라　불린다．
S2M:M33LOW:31	dup=S2M:M01LOW:31	レニ・ミルヒシュトラーセ。\n戦闘のプロとして、正確な\n無駄のない攻撃を行う。	레니　밀히슈트라세．　전투의\n프로답게　정확하고　군더더기\n없는　공격을　한다．
S2M:M33LOW:32	dup=S2M:M04LOW:32	脇侍・改「焼塵」\n火車専用の部隊で、\n攻防共に高い性能を持つ。	협시・개　「소진」\n카샤　전용　부대로，\n공방　모두　성능이　높다．
S2M:M33LOW:33	dup=S2M:M01LOW:33	魔操機兵、脇侍・改。\n鉄砲を装備したものは、\nロ型と呼ばれる。	마조기병，　협시・개．\n총을　장비한　것은\n로형이라　부른다．
S2M:M33LOW:34	dup=S2M:M04LOW:34	火炎放射器「焔」\n木喰の発明した火炎兵器。	화염방사기　「염」\n모쿠지키의　화염　병기．
S2M:M33LOW:35	dup=S2M:M04LOW:35	魔操機兵、脇侍・改。\n大砲を装備しており、\n複数の敵を同時に攻撃可能。	마조기병，　협시・개．\n대포를　장비해　여러　적을\n동시에　공격한다．
S2M:M33LOW:36		魔操機兵「五鈷」\n五行衆・火車の乗る機体。\n炎による攻撃を得意とする。	마조기병　「고코」\n오행중・카샤가　타는　기체．\n불꽃　공격이　특기다．
S2M:M33LOW:37	dup=S2M:M01LOW:37	黒鬼会の魔操機兵、脇侍・改。\n大砲を装備したものは、\nハ型と呼ばれる。	흑귀회의　마조기병，\n협시・개．　대포를　장비한\n것은　하형이라　부른다．
S2M:M33LOW:38	dup=S2M:M01LOW:38	黒鬼会の魔操機兵、脇侍・改。\n実は、あまり忠誠心は\nないので、がっかりだ。	흑귀회의　마조기병，\n협시・개．　사실　충성심은\n그다지　없어서　실망스럽다．
S2M:M33LOW:39	dup=S2M:M01LOW:39	黒鬼会の魔操機兵、脇侍・改。\n鉄砲を装備したものは、\nロ型と呼ばれる。	흑귀회의　마조기병，\n협시・개．　총을　장비한\n것은　로형이라　부른다．
S2M:M33LOW:40	dup=S2M:M01LOW:40	メッセージ１８	메시지　１８
S2M:M33LOW:41	dup=S2M:M01LOW:41	メッセージ１９	메시지　１９
S2M:M33LOW:42	dup=S2M:M01LOW:42	メッセージ２０	메시지　２０
S2M:M33LOW:43	dup=S2M:M01LOW:43	今のところ、\nかばう必要はなさそうだな。	지금은\n보호할　필요　없어　보이네．
S2M:M33LOW:44	dup=S2M:M01LOW:44	さくらくん……\n君は俺が守る！	사쿠라　군……\n내가　지킬게！
S2M:M33LOW:45	dup=S2M:M01LOW:45	すみれくん……\n君の盾になってもいいかい。	스미레　군……\n네　방패가　되어도　될까？
S2M:M33LOW:46	dup=S2M:M01LOW:46	マリア……\n君の背中を守らせてくれ。	마리아……\n네　뒤를　지키게　해　줘．
S2M:M33LOW:47	dup=S2M:M01LOW:47	カンナ……\n俺は、君を全力で守るぞ！	칸나……　내가　온　힘을\n다해　지키마！
S2M:M33LOW:48	dup=S2M:M01LOW:48	アイリス……\n俺が側にいるから、\n安心していいよ。	아이리스……\n내가　곁에　있으니，\n안심해도　돼．
S2M:M33LOW:49	dup=S2M:M01LOW:49	紅蘭……\nいつだって君を助けにゆくよ。	코란……\n언제든　널　도우러　갈게．
S2M:M33LOW:50	dup=S2M:M01LOW:50	織姫くん……\n苦しいときは、\nいつでも俺を呼んでくれ！	오리히메　군……\n힘들　때는，\n언제든　날　불러！
S2M:M33LOW:51	dup=S2M:M01LOW:51	レニ……\nたまには、\n守られたっていいだろう？	레니……\n가끔은，\n보호받아도　괜찮잖아？
S2M:M33LOW:52	dup=S2M:M01LOW:52	がんばって！　大神さん！	힘내요！　오오가미　씨！
S2M:M33LOW:53	dup=S2M:M01LOW:53	大神さんが頼りです！	오오가미　씨만　믿을게요！
S2M:M33LOW:54	dup=S2M:M01LOW:54	無理しないでください、\n大神さん……	무리하지　마세요，\n오오가미　씨……
S2M:M33LOW:55	dup=S2M:M01LOW:55	がんばります！	힘낼게요！
S2M:M33LOW:56	dup=S2M:M01LOW:56	大神さんのために……\nあたし、やります！	오오가미　씨를　위해……\n제가　할게요！
S2M:M33LOW:57	dup=S2M:M01LOW:57	あたしが\nがんばらなくっちゃ！	제가　힘내야　해요！
S2M:M33LOW:58	dup=S2M:M01LOW:58	あたし……負けないわ……	저…　지지　않을　거예요…
S2M:M33LOW:59	dup=S2M:M01LOW:59	……ありがとうございます。\n大神さん。	……감사합니다．\n오오가미　씨．
S2M:M33LOW:60	dup=S2M:M01LOW:60	大神さんがいてくれるから、\nあたし、がんばれます！	오오가미　씨가　계시니까\n저도　힘낼　수　있어요！
S2M:M33LOW:61	dup=S2M:M01LOW:61	大丈夫ですか……大神さん。	괜찮으세요…　오오가미　씨．
S2M:M33LOW:62	dup=S2M:M01LOW:62	大神さん……\nごめんなさい……	오오가미　씨……\n죄송해요……
S2M:M33LOW:63	dup=S2M:M01LOW:63	ここは大神さんに\nお任せします……\n……ごめんなさい。	여기는　오오가미　씨에게\n맡길게요……\n……죄송해요．
S2M:M33LOW:64	dup=S2M:M01LOW:64	やりましたね、大神さん！	해냈네요，　오오가미　씨！
S2M:M33LOW:65	dup=S2M:M01LOW:65	今日の大神さん、\n一味違いますね。	오늘　오오가미　씨는\n평소와　다르네요．
S2M:M33LOW:66	dup=S2M:M01LOW:66	やりました！	해냈어요！
S2M:M33LOW:67	dup=S2M:M01LOW:67	大神さんのおかげです！	오오가미　씨　덕분이에요！
S2M:M33LOW:68	dup=S2M:M01LOW:68	大神さん……\nあたし、信じています。	오오가미　씨……\n저는　믿고　있어요．
S2M:M33LOW:69	dup=S2M:M01LOW:69	見せ場がきましてよ、少尉。	제　무대네요，　소위님．
S2M:M33LOW:70	dup=S2M:M01LOW:70	がんばってください、\nわたくしのために……	힘내　주세요，\n저를　위해……
S2M:M33LOW:71	dup=S2M:M01LOW:71	無理は禁物ですわ……	무리는　금물이에요……
S2M:M33LOW:72	dup=S2M:M01LOW:72	さあ、いきますわよ！	자，　갑니다！
S2M:M33LOW:73	dup=S2M:M01LOW:73	少尉、わたくしを\n見ていてくださいな。	소위님，\n저를　지켜봐　주세요．
S2M:M33LOW:74	dup=S2M:M01LOW:74	わたくしでなくては\nダメですわね。	저여야만　하겠군요．
S2M:M33LOW:75	dup=S2M:M01LOW:75	こ、この程度で……	이，　이　정도로……
S2M:M33LOW:76	dup=S2M:M01LOW:76	うれしいですわ……\n少尉……	기뻐요……\n소위님……
S2M:M33LOW:77	dup=S2M:M01LOW:77	わたくしを守ることが\nできるのは少尉だけですわ。	저를　지킬　수　있는　건\n소위님뿐이에요．
S2M:M33LOW:78	dup=S2M:M01LOW:78	かっ、身体が勝手に\n動いただけですわ……	몸이　저절로\n움직였을　뿐이에요……
S2M:M33LOW:79	dup=S2M:M01LOW:79	わたくしとしたことが……	저답지　않게……
S2M:M33LOW:80	dup=S2M:M01LOW:80	少尉を……\n……置いてはいけないのに！	소위님을……\n……두고　갈　수는　없는데！
S2M:M33LOW:81	dup=S2M:M01LOW:81	お見事ですわ、少尉。	훌륭해요，　소위님．
S2M:M33LOW:82	dup=S2M:M01LOW:82	りりしいですわよ、少尉。	늠름하시네요，　소위님．
S2M:M33LOW:83	dup=S2M:M01LOW:83	たいしたことありませんわね。	별것도　아니네요．
S2M:M33LOW:84	dup=S2M:M01LOW:84	見てくださいました？　少尉。	보셨나요？　소위님．
S2M:M33LOW:85	dup=S2M:M01LOW:85	んふっ、\nちょろいもんですわね。\nねぇ、少尉……	후훗，\n이　정도야　식은　죽이죠．\n그렇죠，　소위님……
S2M:M33LOW:86	dup=S2M:M01LOW:86	隊長、お願いします。	대장님，　부탁드려요．
S2M:M33LOW:87	dup=S2M:M01LOW:87	隊長……\n信じています。	대장님……\n믿고　있어요．
S2M:M33LOW:88	dup=S2M:M01LOW:88	隊長……\n慎重にいきましょう。	대장님……\n신중하게　가죠．
S2M:M33LOW:89	dup=S2M:M01LOW:89	さぁ、覚悟しなさい。	자，　각오하세요．
S2M:M33LOW:90	dup=S2M:M01LOW:90	私には、隊長が\nついていてくれる……	저에겐　대장님이\n곁에　계시니까……
S2M:M33LOW:91	dup=S2M:M01LOW:91	私がしっかりしなくては……	제가　정신　차려야……
S2M:M33LOW:92	dup=S2M:M01LOW:92	くっ、まだ……やれる！	큭，아직……　할　수　있어！
S2M:M33LOW:93	dup=S2M:M01LOW:93	すいません、隊長。	죄송해요，　대장님．
S2M:M33LOW:94	dup=S2M:M01LOW:94	隊長の背中……\nとても大きく見えます……	대장님　등……\n정말　커　보이네요……
S2M:M33LOW:95	dup=S2M:M01LOW:95	隊長が無事でよかった……	대장님이　무사해서　다행……
S2M:M33LOW:96	dup=S2M:M01LOW:96	隊長……申し訳ありません……	대장님……　죄송해요……
S2M:M33LOW:97	dup=S2M:M01LOW:97	もう少し……\n隊長と共に……	조금만　더……\n대장님과　함께……
S2M:M33LOW:98	dup=S2M:M01LOW:98	やりますね、隊長。	잘하시네요，　대장님．
S2M:M33LOW:99	dup=S2M:M01LOW:99	隊長が\nいてくださってよかった……	대장님이　계셔서　다행……
S2M:M33LOW:100	dup=S2M:M01LOW:100	ふんっ！　この程度……？	흥！　이　정도……？
S2M:M33LOW:101	dup=S2M:M01LOW:101	隊長、すばらしい指揮です！	대장님，　훌륭한　지휘예요！
S2M:M33LOW:102	dup=S2M:M01LOW:102	隊長が、私の力を\n何倍にもしてくれます。	대장님이　제　힘을\n몇　배나　키워　주세요．
S2M:M33LOW:103	dup=S2M:M01LOW:103	やっちまえ！　隊長！	해치워！　대장님！
S2M:M33LOW:104	dup=S2M:M01LOW:104	あたいがついてるぜ、隊長。	내가　곁에　있어，　대장．
S2M:M33LOW:105	dup=S2M:M01LOW:105	隊長の気合を見せてくれ！	대장님，　기합을　보여　줘！
S2M:M33LOW:106	dup=S2M:M01LOW:106	あたいの番だな！	내　차례구나！
S2M:M33LOW:107	dup=S2M:M01LOW:107	みていてくれよなっ！\n隊長！	지켜봐　줘！\n대장！
S2M:M33LOW:108	dup=S2M:M01LOW:108	まとめて面倒みるぜ！	한꺼번에　상대해　주마！
S2M:M33LOW:109	dup=S2M:M01LOW:109	まだまだ、\nどんどんかかってこいっ！	아직　멀었어，\n어서　덤벼！
S2M:M33LOW:110	dup=S2M:M01LOW:110	すまねぇな、隊長。	미안하군，　대장．
S2M:M33LOW:111	dup=S2M:M01LOW:111	へへっ、\n守られるってのも悪くないな。	헤헤，　보호받는　것도\n나쁘지　않군．
S2M:M33LOW:112	dup=S2M:M01LOW:112	へへっ、らしくないぜぇ？\n隊長！	헤헤，　나답지　않지？\n대장！
S2M:M33LOW:113	dup=S2M:M01LOW:113	ちくしょう……\nこんなところで……	젠장……\n이런　곳에서……
S2M:M33LOW:114	dup=S2M:M01LOW:114	隊長、すまない。\nあたいの分まで\nがんばってくれ！	대장，　미안하다．\n내　몫까지\n힘내　줘！
S2M:M33LOW:115	dup=S2M:M01LOW:115	やるじゃねぇか！　隊長！	제법이잖아！　대장！
S2M:M33LOW:116	dup=S2M:M01LOW:116	ほれぼれするぜ！　隊長！	감탄스럽군！　대장！
S2M:M33LOW:117	dup=S2M:M01LOW:117	ざっとこんなもんだぜ！	대충　이　정도지！
S2M:M33LOW:118	dup=S2M:M01LOW:118	へっへーん！\nどうだい！　隊長！	헤헤ー！\n어때！　대장！
S2M:M33LOW:119	dup=S2M:M01LOW:119	誰もあたいたちを\n止められねぇぜ！	아무도　우릴\n막을　수　없어！
S2M:M33LOW:120	dup=S2M:M01LOW:120	がんばろうね、お兄ちゃん。	힘내자，　오빠．
S2M:M33LOW:121	dup=S2M:M01LOW:121	お兄ちゃん、いっけぇー！	오빠，　가ー！
S2M:M33LOW:122	dup=S2M:M01LOW:122	お兄ちゃん……負けないで！	오빠……　지지　마！
S2M:M33LOW:123	dup=S2M:M01LOW:123	アイリス、いきまーす！	아이리스，　갑니다아！
S2M:M33LOW:124	dup=S2M:M01LOW:124	えへへっ、\nアイリスがんばるよ！	에헤헤，\n아이리스　힘낼게！
S2M:M33LOW:125	dup=S2M:M01LOW:125	アイリスが\nがんばらなくちゃ！	아이리스가\n힘내야　해！
S2M:M33LOW:126	dup=S2M:M01LOW:126	アイリス……もうだめ……	아이리스…　이제　안　돼…
S2M:M33LOW:127	dup=S2M:M01LOW:127	アイリスのために\n来てくれたんだぁー！	아이리스를　위해　왔구나ー！
S2M:M33LOW:128	dup=S2M:M01LOW:128	お兄ちゃんは、\n白馬のおうじさまだね！	오빠는\n백마　탄　왕자님이네！
S2M:M33LOW:129	dup=S2M:M01LOW:129	お兄ちゃん……\nアイリスがついてるからね。	오빠……\n아이리스가　곁에　있을게．
S2M:M33LOW:130	dup=S2M:M01LOW:130	あ……止まっちゃった……	아……　멈췄어……
S2M:M33LOW:131	dup=S2M:M01LOW:131	お兄ちゃん……\nごめんね……	오빠……\n미안해……
S2M:M33LOW:132	dup=S2M:M01LOW:132	わーい、やったね！\nお兄ちゃん！	와ー，　해냈다！\n오빠！
S2M:M33LOW:133	dup=S2M:M01LOW:133	お兄ちゃん、\nすごい、すっごーい！	오빠，\n대단해，　정말　대단해ー！
S2M:M33LOW:134	dup=S2M:M01LOW:134	アイリス、すごいでしょ！	아이리스，　대단하지！
S2M:M33LOW:135	dup=S2M:M01LOW:135	ねぇ、ねぇ！\nほめてほめて！	있잖아，　있잖아！\n칭찬해　줘，　칭찬해　줘！
S2M:M33LOW:136	dup=S2M:M01LOW:136	お兄ちゃんがいれば、\nアイリスなんにも恐くないよ！	오빠만　있으면，\n아이리스는　안　무서워！
S2M:M33LOW:137	dup=S2M:M01LOW:137	頼んだで、大神はん。	부탁한다，　오오가미　씨．
S2M:M33LOW:138	dup=S2M:M01LOW:138	ウチらの力、見せたろうで！	우리　힘을　보여　주자！
S2M:M33LOW:139	dup=S2M:M01LOW:139	だ、大丈夫かいな、大神はん。	괜찮나，　오오가미　씨．
S2M:M33LOW:140	dup=S2M:M01LOW:140	ほな、いってみよか！	그럼，　가　볼까！
S2M:M33LOW:141	dup=S2M:M01LOW:141	大神はん、\nウチにまーかしとき！	오오가미　씨，\n나한테　맡겨！
S2M:M33LOW:142	dup=S2M:M01LOW:142	ウチががんばらんと！	내가　힘내야　해！
S2M:M33LOW:143	dup=S2M:M01LOW:143	や、やばいで……	이，　이거　위험해……
S2M:M33LOW:144	dup=S2M:M01LOW:144	お、おおきに、\n大神はん……	고，　고마워，\n오오가미　씨……
S2M:M33LOW:145	dup=S2M:M01LOW:145	もう、そないなことされたら、\nウチ……	그렇게까지　해　주면，\n나……
S2M:M33LOW:146	dup=S2M:M01LOW:146	大神はんがおらんと、\nウチ……こまるんや。	오오가미　씨가　없으면，\n나……　곤란해．
S2M:M33LOW:147	dup=S2M:M01LOW:147	そのへんで、堪忍や……	이쯤에서　봐줘……
S2M:M33LOW:148	dup=S2M:M01LOW:148	大神はん、すんまへん。	오오가미　씨，　미안해．
S2M:M33LOW:149	dup=S2M:M01LOW:149	大神はん、その調子や！	오오가미　씨，　그　기세야！
S2M:M33LOW:150	dup=S2M:M01LOW:150	ええ感じやで！　大神はん！	좋은데！　오오가미　씨！
S2M:M33LOW:151	dup=S2M:M01LOW:151	いっちょあがりや！	한　건　해냈다！
S2M:M33LOW:152	dup=S2M:M01LOW:152	大神はん、\nやったで、ウチ！	오오가미　씨，\n나　해냈어！
S2M:M33LOW:153	dup=S2M:M01LOW:153	ウチらの力を合わせれば、\n千人力や！	우리　힘을　합치면，\n천군만마야！
S2M:M33LOW:154	dup=S2M:M01LOW:154	少尉さん、\nお手並み拝見でーす！	소위님，\n실력을　보여　주세요ー！
S2M:M33LOW:155	dup=S2M:M01LOW:155	早く終わらせて帰りましょー。	빨리　끝내고　돌아가요ー．
S2M:M33LOW:156	dup=S2M:M01LOW:156	ちょっと、\nヤバそうってカンジ！	잠깐，\n좀　위험해　보이는　느낌！
S2M:M33LOW:157	dup=S2M:M01LOW:157	たのしいでーす！	재밌어요ー！
S2M:M33LOW:158	dup=S2M:M01LOW:158	わたしを見ていてくださーい！	저를　지켜봐　주세요ー！
S2M:M33LOW:159	dup=S2M:M01LOW:159	日本のオトコ、\n頼りにならないでーす！	일본　남자는，\n도움이　안　되네요ー！
S2M:M33LOW:160	dup=S2M:M01LOW:160	シャワー浴びたいでーす！	샤워하고　싶어요ー！
S2M:M33LOW:161	dup=S2M:M01LOW:161	日本のオトコに、\nかばってもらうなんて……	일본　남자에게，\n보호받다니……
S2M:M33LOW:162	dup=S2M:M01LOW:162	少尉さん、\n無理しなくていいでーす……	소위님，\n무리하지　않아도　돼요……
S2M:M33LOW:163	dup=S2M:M01LOW:163	まったく、\nダメなオトコでーす！	정말이지，\n쓸모없는　남자네요ー！
S2M:M33LOW:164	dup=S2M:M01LOW:164	これ以上はカンベンでーす！	이　이상은　봐주겠어요ー！
S2M:M33LOW:165	dup=S2M:M01LOW:165	もうだめです。\n撤退します……隊長……	이젠　안　돼요．\n후퇴할게요……　대장……
S2M:M33LOW:166	dup=S2M:M01LOW:166	なかなかやるってカンジ！	제법인데요！
S2M:M33LOW:167	dup=S2M:M01LOW:167	少尉さん、\nちょーかっこいいでーす！	소위님，\n정말　멋져요ー！
S2M:M33LOW:168	dup=S2M:M01LOW:168	楽勝でーす！	거뜬해요ー！
S2M:M33LOW:169	dup=S2M:M01LOW:169	うふっ！\n拍手をくださーい！	후훗！\n박수　쳐　주세요ー！
S2M:M33LOW:170	dup=S2M:M01LOW:170	このデュオは最高でーす！	이　듀오는　최고예요ー！
S2M:M33LOW:171	dup=S2M:M01LOW:171	……行動開始。	……행동　개시．
S2M:M33LOW:172	dup=S2M:M01LOW:171	……行動開始。	……행동　개시．
S2M:M33LOW:173	dup=S2M:M01LOW:173	……危険だよ。	……위험해．
S2M:M33LOW:174	dup=S2M:M01LOW:174	頼れるのは自分だけ……	믿을　건　나뿐……
S2M:M33LOW:175	dup=S2M:M01LOW:174	頼れるのは自分だけ……	믿을　건　나뿐……
S2M:M33LOW:176	dup=S2M:M01LOW:174	頼れるのは自分だけ……	믿을　건　나뿐……
S2M:M33LOW:177	dup=S2M:M01LOW:177	機体の損傷が激しい……	기체　손상이　심해……
S2M:M33LOW:178	dup=S2M:M01LOW:178	………………	………………
S2M:M33LOW:179	dup=S2M:M01LOW:178	………………	………………
S2M:M33LOW:180	dup=S2M:M01LOW:180	隊長……しっかり……	대장……　정신　차려……
S2M:M33LOW:181	dup=S2M:M01LOW:181	一時、撤退……	일단　후퇴……
S2M:M33LOW:182	dup=S2M:M01LOW:181	一時、撤退……	일단　후퇴……
S2M:M33LOW:183	dup=S2M:M01LOW:183	目標、撃破確認……	목표　격파　확인……
S2M:M33LOW:184	dup=S2M:M01LOW:183	目標、撃破確認……	목표　격파　확인……
S2M:M33LOW:185	dup=S2M:M01LOW:185	目標撃破……	목표　격파……
S2M:M33LOW:186	dup=S2M:M01LOW:185	目標撃破……	목표　격파……
S2M:M33LOW:187	dup=S2M:M01LOW:187	これが……ボクらの力……！	이게……　우리　힘……！
S2M:M33LOW:188	dup=S2M:M01LOW:188	そぉら、いくぜ！	자아，　간다！
S2M:M33LOW:189	dup=S2M:M01LOW:189	さぁ、楽しませてくれよ。	자，　즐겁게　해　줘．
S2M:M33LOW:190	dup=S2M:M01LOW:190	勝負は……これからだぜ！	승부는……　지금부터야！
S2M:M33LOW:191	dup=S2M:M01LOW:191	なかなか、\nやるじゃねぇか！	제법이군，\n잘하잖아！
S2M:M33LOW:192	dup=S2M:M01LOW:192	おもしれぇ……	재밌군……
S2M:M33LOW:193	dup=S2M:M01LOW:193	大丈夫か、水狐。	괜찮나，　수호．
S2M:M33LOW:194	dup=S2M:M01LOW:194	華麗に燃やしてあげますよ……	화려하게　태워　드리죠……
S2M:M33LOW:195	dup=S2M:M01LOW:195	覚悟してください。	각오하세요．
S2M:M33LOW:196	dup=S2M:M01LOW:196	あははははは！	아하하하하하！
S2M:M33LOW:197	dup=S2M:M01LOW:197	燃やしつくしてやる！	모조리　태워　주마！
S2M:M33LOW:198	dup=S2M:M01LOW:198	ご……ゴミが……	쓰……　쓰레기가……
S2M:M33LOW:199	dup=S2M:M01LOW:199	私の戦いを見せてあげる。	내　싸움을　보여　주지．
S2M:M33LOW:200	dup=S2M:M01LOW:200	やさしくしてあげるわ。	상냥하게　해　줄게．
S2M:M33LOW:201	dup=S2M:M01LOW:201	ふふふ……負けないわよ。	후후후…　지지　않을　거야．
S2M:M33LOW:202	dup=S2M:M01LOW:202	やるわね。\nさすが華撃団……	잘하네．\n역시　화격단……
S2M:M33LOW:203	dup=S2M:M01LOW:203	くっ……\nこれほどとはね……	큭……\n이　정도일　줄이야……
S2M:M33LOW:204	dup=S2M:M01LOW:204	さぁ、ワシの番じゃな。	자，　내　차례로구나．
S2M:M33LOW:205	dup=S2M:M01LOW:205	ワシの計算にぬかりはないぞ。	내　계산엔　빈틈없다．
S2M:M33LOW:206	dup=S2M:M01LOW:206	こ、このままでは\n終わらぬぞ……	이，　이대로는\n끝나지　않아……
S2M:M33LOW:207	dup=S2M:M01LOW:207	これも計算のうちじゃ。	이것도　계산　안이야．
S2M:M33LOW:208	dup=S2M:M01LOW:208	ぬうっ……\nこれは計算外じゃ……	으으……\n이건　계산　밖이야……
S2M:M33LOW:209	dup=S2M:M01LOW:209	狩りとってやる！	사냥해　주마！
S2M:M33LOW:210	dup=S2M:M01LOW:210	今、楽にしてやるからな。	지금　편하게　해　주마．
S2M:M33LOW:211	dup=S2M:M01LOW:211	ひ、ひねり殺してやる！	비，　비틀어　죽여　주마！
S2M:M33LOW:212	dup=S2M:M01LOW:212	勝ったと思うなよ……	이겼다고　생각하지　마……
S2M:M33LOW:213	dup=S2M:M01LOW:213	まだ、終わりではないぞ！	아직　끝나지　않았다！
S2M:M33LOW:214	dup=S2M:M01LOW:214	終わりにしてやる。	끝내　주마．
S2M:M33LOW:215	dup=S2M:M01LOW:215	いくぞ！　華撃団っ！	간다！　화격단！
S2M:M33LOW:216	dup=S2M:M01LOW:216	まだ、まだだっ！	아직，　아직이다！
S2M:M33LOW:217	dup=S2M:M01LOW:217	腕を上げたな……	실력이　늘었구나……
S2M:M33LOW:218	dup=S2M:M01LOW:218	ぐっ……\nわたしの復讐が……	큭……\n내　복수가……
S2M:M33LOW:219	dup=S2M:M01LOW:219	容赦はせぬぞ……	봐주지　않겠다……
S2M:M33LOW:220	dup=S2M:M01LOW:220	お前たちの罪を知れ……	너희의　죄를　깨달아라……
S2M:M33LOW:221	dup=S2M:M01LOW:221	戦いとはいつも無常だ……	싸움은　언제나　덧없다……
S2M:M33LOW:222	dup=S2M:M01LOW:222	愛は死んだ……	사랑은　죽었다……
S2M:M33LOW:223	dup=S2M:M01LOW:223	ぬぅ……やるな……	으음……　제법이군……
S2M:M33LOW:224	dup=S2M:M01LOW:224	私に触れるな！	나에게　손대지　마！
S2M:M33LOW:225	dup=S2M:M01LOW:225	帝都の恨みは、\nこの程度ではないぞ……	제도의　원한은，\n이　정도가　아니다……
S2M:M33LOW:226	dup=S2M:M01LOW:226	最後に勝つのは……私だ！	최후의　승자는……　나다！
S2M:M33LOW:227	dup=S2M:M01LOW:227	この程度で……ぬうっ！	이　정도로……　으음！
S2M:M33LOW:228	dup=S2M:M01LOW:228	思い上がるな……\n偽善者めっ！	우쭐대지　마……\n위선자　자식！
S2M:M34LOW:0	dup=S2M:M01LOW:0	疾きこと風のごとく……\n移動力重視の作戦だ！	빠르기는　바람처럼……\n이동력　중시　작전이다！
S2M:M34LOW:1	dup=S2M:M01LOW:1	今は、この命令を出している。\n移動力を活かして戦おう。	현재　명령은　이것이다．\n이동력을　살려　싸우자．
S2M:M34LOW:2	dup=S2M:M01LOW:2	花組各員に通達！\n「風」作戦を開始するぞ！	화조　전원에게　통보！\n「풍」　작전　개시다！
S2M:M34LOW:3	dup=S2M:M01LOW:3	林のように心静かに……\n本来の力を引き出すんだ！	숲처럼　마음을　고요히……\n본래의　힘을　끌어내자！
S2M:M34LOW:4	dup=S2M:M01LOW:4	今は、この命令を出している。\n本来の力で敵に立ち向かおう。	현재　명령은　이것이다．\n본래의　힘으로　맞서자．
S2M:M34LOW:5	dup=S2M:M01LOW:5	花組各員に通達！\n「林」作戦を開始するぞ！	화조　전원에게　통보！\n「림」　작전　개시다！
S2M:M34LOW:6	dup=S2M:M01LOW:6	炎のように熱く燃える……\n攻撃力重視の作戦だ！	불처럼　뜨겁게　타오르는……\n공격력　중시　작전이다！
S2M:M34LOW:7	dup=S2M:M01LOW:7	今は、この命令を出している。\n攻撃力を活かして戦おう。	현재　명령은　이것이다．\n공격력을　살려　싸우자．
S2M:M34LOW:8	dup=S2M:M01LOW:8	花組各員に通達！\n「火」作戦を開始するぞ！	화조　전원에게　통보！\n「화」　작전　개시다！
S2M:M34LOW:9	dup=S2M:M01LOW:9	構えること山のごとく……\n防御力重視の作戦だ！	산처럼　굳건히　버티는……\n방어력　중시　작전이다！
S2M:M34LOW:10	dup=S2M:M01LOW:10	今は、この命令を出している。\n防御力を活かして戦おう。	현재　명령은　이것이다．\n방어력을　살려　싸우자．
S2M:M34LOW:11	dup=S2M:M01LOW:11	花組各員に通達！\n「山」作戦を開始するぞ！	화조　전원에게　통보！\n「산」　작전　개시다！
S2M:M34LOW:12	dup=S2M:M01LOW:12	このままの作戦でいくぞ！	이대로　작전을　계속한다！
S2M:M34LOW:13	dup=S2M:M01LOW:13	了解！	알겠습니다！
S2M:M34LOW:14		水狐の乗る魔操機兵、\n「宝形」を撃破して！\n	수호가　탄　마조기병，\n「보형」을　격파해！
S2M:M34LOW:15		０なり危険だけど、みんなの力を\nあわせて、無事のりきって！	상당히　위험하지만　모두\n힘을　합쳐　무사히　넘겨！
S2M:M34LOW:16	dup=S2M:M01LOW:16	０メッセージ１－３	０메시지１－３
S2M:M34LOW:17	dup=S2M:M12LOW:17	門の外に出て、\n土機を撃破するのよ！	문　밖으로　나가，\n토기를　격파해！
S2M:M34LOW:18	dup=S2M:M12LOW:18	敵の大将、土は、\n攻撃回数が多いわ。\n気をつけるのよ！	적장　토지구모는\n공격　횟수가　많아．\n조심해！
S2M:M34LOW:19	dup=S2M:M01LOW:19	０メッセージ２－３	０메시지２－３
S2M:M34LOW:20	dup=S2M:M02LOW:20	大神さん、山崎は強いわ。\n一時撤退しましょう！	야마자키는　강해요．\n일단　후퇴하죠！
S2M:M34LOW:21	dup=S2M:M01LOW:21	０メッセージ３－２	０메시지３－２
S2M:M34LOW:22	dup=S2M:M01LOW:22	０メッセージ３－３	０메시지３－３
S2M:M34LOW:23	dup=S2M:M01LOW:23	花組の隊長、大神一郎。\n高い戦闘力と、\n勇敢な心を持っている。	화조　대장，　오오가미．\n높은　전투력과\n용감한　마음을　지녔다．
S2M:M34LOW:24	dup=S2M:M01LOW:24	北辰一刀流、真宮寺さくら。\n素早い動きで、\n敵を一刀両断する。	북진일도류，　사쿠라．\n빠른　움직임으로\n적을　일도양단한다．
S2M:M34LOW:25	dup=S2M:M01LOW:25	神崎風塵流、神崎すみれ。\n華麗なナギナタの技は、\n見るものの心をもとらえる。	칸자키　풍진류，　스미레．\n화려한　나기나타　기술은\n보는　이의　마음마저　홀려．
S2M:M34LOW:26	dup=S2M:M01LOW:26	射撃手、マリア・タチバナ。\n氷の銃弾は、狙った\n獲物を決して逃さない。	사격수，　마리아．\n얼음　탄환은　노린\n먹이를　놓치지　않는다．
S2M:M34LOW:27	dup=S2M:M01LOW:27	桐島流空手、桐島カンナ。\n圧倒的なパワーで、むらがる\n敵を粉砕する。	가라테의　달인，　칸나．\n압도적　파워로　몰려드는\n적을　분쇄한다．
S2M:M34LOW:28	dup=S2M:M01LOW:28	花組のマスコット、アイリス。\n超能力を使った、\n不思議な攻撃で敵と戦う。	화조의　마스코트，\n아이리스．\n초능력으로　적과　싸운다．
S2M:M34LOW:29	dup=S2M:M01LOW:29	発明家、李紅蘭。\n次々に繰り出す発明品で、\n敵味方をあっといわせるぞ。	발명가，　코란．\n신제품을　잇달아　내놓아\n적과　아군을　놀라게　한다．
S2M:M34LOW:30	dup=S2M:M01LOW:30	元星組隊員、ソレッタ・織姫。\nイタリアンローズの機体に乗り\n赤い貴族と呼ばれている。	전　별조　대원，　오리히메．\n이탈리안　로즈를　타고\n붉은　귀족이라　불린다．
S2M:M34LOW:31	dup=S2M:M01LOW:31	レニ・ミルヒシュトラーセ。\n戦闘のプロとして、正確な\n無駄のない攻撃を行う。	레니　밀히슈트라세．　전투의\n프로답게　정확하고　군더더기\n없는　공격을　한다．
S2M:M34LOW:32	dup=S2M:M05LOW:32	魔操機兵、脇侍・改。\n長剣を装備したものは、\nイ型乙と呼ばれる。	마조기병，　협시・개．\n장검을　장비한　것은\n이형　을이라　부른다．
S2M:M34LOW:33	dup=S2M:M01LOW:33	魔操機兵、脇侍・改。\n鉄砲を装備したものは、\nロ型と呼ばれる。	마조기병，　협시・개．\n총을　장비한　것은\n로형이라　부른다．
S2M:M34LOW:34	dup=S2M:M05LOW:34	魔操鬼兵、脇侍・改。\n木喰の発明した火炎兵器。	마조귀병，　협시・개．\n모쿠지키의　화염　병기．
S2M:M34LOW:35	dup=S2M:M05LOW:35	魔操機兵、脇侍・改。\n大砲を装備しているものは、\nハ型と呼ばれる。	마조기병，　협시・개．\n대포를　장비한　것은\n하형이라　부른다．
S2M:M34LOW:36	dup=S2M:M07LOW:34	魔操機兵「宝形」\n五行衆・水狐の乗る機体。\n鉄扇による鋭い攻撃を行う。	마조기병　「보형」\n오행중・수호가　타는　기체．\n철선으로　날카롭게　공격．
S2M:M34LOW:37		魔操機兵「大日剣」\n五行衆・金剛の乗る機体で、\n格闘能力が極めて高い。	마조기병　「대일검」\n오행중・금강이　타는　기체로\n격투　능력이　매우　높다．
S2M:M34LOW:38	dup=S2M:M01LOW:38	黒鬼会の魔操機兵、脇侍・改。\n実は、あまり忠誠心は\nないので、がっかりだ。	흑귀회의　마조기병，\n협시・개．　사실　충성심은\n그다지　없어서　실망스럽다．
S2M:M34LOW:39	dup=S2M:M01LOW:39	黒鬼会の魔操機兵、脇侍・改。\n鉄砲を装備したものは、\nロ型と呼ばれる。	흑귀회의　마조기병，\n협시・개．　총을　장비한\n것은　로형이라　부른다．
S2M:M34LOW:40	dup=S2M:M01LOW:40	メッセージ１８	메시지　１８
S2M:M34LOW:41	dup=S2M:M01LOW:41	メッセージ１９	메시지　１９
S2M:M34LOW:42	dup=S2M:M01LOW:42	メッセージ２０	메시지　２０
S2M:M34LOW:43	dup=S2M:M01LOW:43	今のところ、\nかばう必要はなさそうだな。	지금은\n보호할　필요　없어　보이네．
S2M:M34LOW:44	dup=S2M:M01LOW:44	さくらくん……\n君は俺が守る！	사쿠라　군……\n내가　지킬게！
S2M:M34LOW:45	dup=S2M:M01LOW:45	すみれくん……\n君の盾になってもいいかい。	스미레　군……\n네　방패가　되어도　될까？
S2M:M34LOW:46	dup=S2M:M01LOW:46	マリア……\n君の背中を守らせてくれ。	마리아……\n네　뒤를　지키게　해　줘．
S2M:M34LOW:47	dup=S2M:M01LOW:47	カンナ……\n俺は、君を全力で守るぞ！	칸나……　내가　온　힘을\n다해　지키마！
S2M:M34LOW:48	dup=S2M:M01LOW:48	アイリス……\n俺が側にいるから、\n安心していいよ。	아이리스……\n내가　곁에　있으니，\n안심해도　돼．
S2M:M34LOW:49	dup=S2M:M01LOW:49	紅蘭……\nいつだって君を助けにゆくよ。	코란……\n언제든　널　도우러　갈게．
S2M:M34LOW:50	dup=S2M:M01LOW:50	織姫くん……\n苦しいときは、\nいつでも俺を呼んでくれ！	오리히메　군……\n힘들　때는，\n언제든　날　불러！
S2M:M34LOW:51	dup=S2M:M01LOW:51	レニ……\nたまには、\n守られたっていいだろう？	레니……\n가끔은，\n보호받아도　괜찮잖아？
S2M:M34LOW:52	dup=S2M:M01LOW:52	がんばって！　大神さん！	힘내요！　오오가미　씨！
S2M:M34LOW:53	dup=S2M:M01LOW:53	大神さんが頼りです！	오오가미　씨만　믿을게요！
S2M:M34LOW:54	dup=S2M:M01LOW:54	無理しないでください、\n大神さん……	무리하지　마세요，\n오오가미　씨……
S2M:M34LOW:55	dup=S2M:M01LOW:55	がんばります！	힘낼게요！
S2M:M34LOW:56	dup=S2M:M01LOW:56	大神さんのために……\nあたし、やります！	오오가미　씨를　위해……\n제가　할게요！
S2M:M34LOW:57	dup=S2M:M01LOW:57	あたしが\nがんばらなくっちゃ！	제가　힘내야　해요！
S2M:M34LOW:58	dup=S2M:M01LOW:58	あたし……負けないわ……	저…　지지　않을　거예요…
S2M:M34LOW:59	dup=S2M:M01LOW:59	……ありがとうございます。\n大神さん。	……감사합니다．\n오오가미　씨．
S2M:M34LOW:60	dup=S2M:M01LOW:60	大神さんがいてくれるから、\nあたし、がんばれます！	오오가미　씨가　계시니까\n저도　힘낼　수　있어요！
S2M:M34LOW:61	dup=S2M:M01LOW:61	大丈夫ですか……大神さん。	괜찮으세요…　오오가미　씨．
S2M:M34LOW:62	dup=S2M:M01LOW:62	大神さん……\nごめんなさい……	오오가미　씨……\n죄송해요……
S2M:M34LOW:63	dup=S2M:M01LOW:63	ここは大神さんに\nお任せします……\n……ごめんなさい。	여기는　오오가미　씨에게\n맡길게요……\n……죄송해요．
S2M:M34LOW:64	dup=S2M:M01LOW:64	やりましたね、大神さん！	해냈네요，　오오가미　씨！
S2M:M34LOW:65	dup=S2M:M01LOW:65	今日の大神さん、\n一味違いますね。	오늘　오오가미　씨는\n평소와　다르네요．
S2M:M34LOW:66	dup=S2M:M01LOW:66	やりました！	해냈어요！
S2M:M34LOW:67	dup=S2M:M01LOW:67	大神さんのおかげです！	오오가미　씨　덕분이에요！
S2M:M34LOW:68	dup=S2M:M01LOW:68	大神さん……\nあたし、信じています。	오오가미　씨……\n저는　믿고　있어요．
S2M:M34LOW:69	dup=S2M:M01LOW:69	見せ場がきましてよ、少尉。	제　무대네요，　소위님．
S2M:M34LOW:70	dup=S2M:M01LOW:70	がんばってください、\nわたくしのために……	힘내　주세요，\n저를　위해……
S2M:M34LOW:71	dup=S2M:M01LOW:71	無理は禁物ですわ……	무리는　금물이에요……
S2M:M34LOW:72	dup=S2M:M01LOW:72	さあ、いきますわよ！	자，　갑니다！
S2M:M34LOW:73	dup=S2M:M01LOW:73	少尉、わたくしを\n見ていてくださいな。	소위님，\n저를　지켜봐　주세요．
S2M:M34LOW:74	dup=S2M:M01LOW:74	わたくしでなくては\nダメですわね。	저여야만　하겠군요．
S2M:M34LOW:75	dup=S2M:M01LOW:75	こ、この程度で……	이，　이　정도로……
S2M:M34LOW:76	dup=S2M:M01LOW:76	うれしいですわ……\n少尉……	기뻐요……\n소위님……
S2M:M34LOW:77	dup=S2M:M01LOW:77	わたくしを守ることが\nできるのは少尉だけですわ。	저를　지킬　수　있는　건\n소위님뿐이에요．
S2M:M34LOW:78	dup=S2M:M01LOW:78	かっ、身体が勝手に\n動いただけですわ……	몸이　저절로\n움직였을　뿐이에요……
S2M:M34LOW:79	dup=S2M:M01LOW:79	わたくしとしたことが……	저답지　않게……
S2M:M34LOW:80	dup=S2M:M01LOW:80	少尉を……\n……置いてはいけないのに！	소위님을……\n……두고　갈　수는　없는데！
S2M:M34LOW:81	dup=S2M:M01LOW:81	お見事ですわ、少尉。	훌륭해요，　소위님．
S2M:M34LOW:82	dup=S2M:M01LOW:82	りりしいですわよ、少尉。	늠름하시네요，　소위님．
S2M:M34LOW:83	dup=S2M:M01LOW:83	たいしたことありませんわね。	별것도　아니네요．
S2M:M34LOW:84	dup=S2M:M01LOW:84	見てくださいました？　少尉。	보셨나요？　소위님．
S2M:M34LOW:85	dup=S2M:M01LOW:85	んふっ、\nちょろいもんですわね。\nねぇ、少尉……	후훗，\n이　정도야　식은　죽이죠．\n그렇죠，　소위님……
S2M:M34LOW:86	dup=S2M:M01LOW:86	隊長、お願いします。	대장님，　부탁드려요．
S2M:M34LOW:87	dup=S2M:M01LOW:87	隊長……\n信じています。	대장님……\n믿고　있어요．
S2M:M34LOW:88	dup=S2M:M01LOW:88	隊長……\n慎重にいきましょう。	대장님……\n신중하게　가죠．
S2M:M34LOW:89	dup=S2M:M01LOW:89	さぁ、覚悟しなさい。	자，　각오하세요．
S2M:M34LOW:90	dup=S2M:M01LOW:90	私には、隊長が\nついていてくれる……	저에겐　대장님이\n곁에　계시니까……
S2M:M34LOW:91	dup=S2M:M01LOW:91	私がしっかりしなくては……	제가　정신　차려야……
S2M:M34LOW:92	dup=S2M:M01LOW:92	くっ、まだ……やれる！	큭，아직……　할　수　있어！
S2M:M34LOW:93	dup=S2M:M01LOW:93	すいません、隊長。	죄송해요，　대장님．
S2M:M34LOW:94	dup=S2M:M01LOW:94	隊長の背中……\nとても大きく見えます……	대장님　등……\n정말　커　보이네요……
S2M:M34LOW:95	dup=S2M:M01LOW:95	隊長が無事でよかった……	대장님이　무사해서　다행……
S2M:M34LOW:96	dup=S2M:M01LOW:96	隊長……申し訳ありません……	대장님……　죄송해요……
S2M:M34LOW:97	dup=S2M:M01LOW:97	もう少し……\n隊長と共に……	조금만　더……\n대장님과　함께……
S2M:M34LOW:98	dup=S2M:M01LOW:98	やりますね、隊長。	잘하시네요，　대장님．
S2M:M34LOW:99	dup=S2M:M01LOW:99	隊長が\nいてくださってよかった……	대장님이　계셔서　다행……
S2M:M34LOW:100	dup=S2M:M01LOW:100	ふんっ！　この程度……？	흥！　이　정도……？
S2M:M34LOW:101	dup=S2M:M01LOW:101	隊長、すばらしい指揮です！	대장님，　훌륭한　지휘예요！
S2M:M34LOW:102	dup=S2M:M01LOW:102	隊長が、私の力を\n何倍にもしてくれます。	대장님이　제　힘을\n몇　배나　키워　주세요．
S2M:M34LOW:103	dup=S2M:M01LOW:103	やっちまえ！　隊長！	해치워！　대장님！
S2M:M34LOW:104	dup=S2M:M01LOW:104	あたいがついてるぜ、隊長。	내가　곁에　있어，　대장．
S2M:M34LOW:105	dup=S2M:M01LOW:105	隊長の気合を見せてくれ！	대장님，　기합을　보여　줘！
S2M:M34LOW:106	dup=S2M:M01LOW:106	あたいの番だな！	내　차례구나！
S2M:M34LOW:107	dup=S2M:M01LOW:107	みていてくれよなっ！\n隊長！	지켜봐　줘！\n대장！
S2M:M34LOW:108	dup=S2M:M01LOW:108	まとめて面倒みるぜ！	한꺼번에　상대해　주마！
S2M:M34LOW:109	dup=S2M:M01LOW:109	まだまだ、\nどんどんかかってこいっ！	아직　멀었어，\n어서　덤벼！
S2M:M34LOW:110	dup=S2M:M01LOW:110	すまねぇな、隊長。	미안하군，　대장．
S2M:M34LOW:111	dup=S2M:M01LOW:111	へへっ、\n守られるってのも悪くないな。	헤헤，　보호받는　것도\n나쁘지　않군．
S2M:M34LOW:112	dup=S2M:M01LOW:112	へへっ、らしくないぜぇ？\n隊長！	헤헤，　나답지　않지？\n대장！
S2M:M34LOW:113	dup=S2M:M01LOW:113	ちくしょう……\nこんなところで……	젠장……\n이런　곳에서……
S2M:M34LOW:114	dup=S2M:M01LOW:114	隊長、すまない。\nあたいの分まで\nがんばってくれ！	대장，　미안하다．\n내　몫까지\n힘내　줘！
S2M:M34LOW:115	dup=S2M:M01LOW:115	やるじゃねぇか！　隊長！	제법이잖아！　대장！
S2M:M34LOW:116	dup=S2M:M01LOW:116	ほれぼれするぜ！　隊長！	감탄스럽군！　대장！
S2M:M34LOW:117	dup=S2M:M01LOW:117	ざっとこんなもんだぜ！	대충　이　정도지！
S2M:M34LOW:118	dup=S2M:M01LOW:118	へっへーん！\nどうだい！　隊長！	헤헤ー！\n어때！　대장！
S2M:M34LOW:119	dup=S2M:M01LOW:119	誰もあたいたちを\n止められねぇぜ！	아무도　우릴\n막을　수　없어！
S2M:M34LOW:120	dup=S2M:M01LOW:120	がんばろうね、お兄ちゃん。	힘내자，　오빠．
S2M:M34LOW:121	dup=S2M:M01LOW:121	お兄ちゃん、いっけぇー！	오빠，　가ー！
S2M:M34LOW:122	dup=S2M:M01LOW:122	お兄ちゃん……負けないで！	오빠……　지지　마！
S2M:M34LOW:123	dup=S2M:M01LOW:123	アイリス、いきまーす！	아이리스，　갑니다아！
S2M:M34LOW:124	dup=S2M:M01LOW:124	えへへっ、\nアイリスがんばるよ！	에헤헤，\n아이리스　힘낼게！
S2M:M34LOW:125	dup=S2M:M01LOW:125	アイリスが\nがんばらなくちゃ！	아이리스가\n힘내야　해！
S2M:M34LOW:126	dup=S2M:M01LOW:126	アイリス……もうだめ……	아이리스…　이제　안　돼…
S2M:M34LOW:127	dup=S2M:M01LOW:127	アイリスのために\n来てくれたんだぁー！	아이리스를　위해　왔구나ー！
S2M:M34LOW:128	dup=S2M:M01LOW:128	お兄ちゃんは、\n白馬のおうじさまだね！	오빠는\n백마　탄　왕자님이네！
S2M:M34LOW:129	dup=S2M:M01LOW:129	お兄ちゃん……\nアイリスがついてるからね。	오빠……\n아이리스가　곁에　있을게．
S2M:M34LOW:130	dup=S2M:M01LOW:130	あ……止まっちゃった……	아……　멈췄어……
S2M:M34LOW:131	dup=S2M:M01LOW:131	お兄ちゃん……\nごめんね……	오빠……\n미안해……
S2M:M34LOW:132	dup=S2M:M01LOW:132	わーい、やったね！\nお兄ちゃん！	와ー，　해냈다！\n오빠！
S2M:M34LOW:133	dup=S2M:M01LOW:133	お兄ちゃん、\nすごい、すっごーい！	오빠，\n대단해，　정말　대단해ー！
S2M:M34LOW:134	dup=S2M:M01LOW:134	アイリス、すごいでしょ！	아이리스，　대단하지！
S2M:M34LOW:135	dup=S2M:M01LOW:135	ねぇ、ねぇ！\nほめてほめて！	있잖아，　있잖아！\n칭찬해　줘，　칭찬해　줘！
S2M:M34LOW:136	dup=S2M:M01LOW:136	お兄ちゃんがいれば、\nアイリスなんにも恐くないよ！	오빠만　있으면，\n아이리스는　안　무서워！
S2M:M34LOW:137	dup=S2M:M01LOW:137	頼んだで、大神はん。	부탁한다，　오오가미　씨．
S2M:M34LOW:138	dup=S2M:M01LOW:138	ウチらの力、見せたろうで！	우리　힘을　보여　주자！
S2M:M34LOW:139	dup=S2M:M01LOW:139	だ、大丈夫かいな、大神はん。	괜찮나，　오오가미　씨．
S2M:M34LOW:140	dup=S2M:M01LOW:140	ほな、いってみよか！	그럼，　가　볼까！
S2M:M34LOW:141	dup=S2M:M01LOW:141	大神はん、\nウチにまーかしとき！	오오가미　씨，\n나한테　맡겨！
S2M:M34LOW:142	dup=S2M:M01LOW:142	ウチががんばらんと！	내가　힘내야　해！
S2M:M34LOW:143	dup=S2M:M01LOW:143	や、やばいで……	이，　이거　위험해……
S2M:M34LOW:144	dup=S2M:M01LOW:144	お、おおきに、\n大神はん……	고，　고마워，\n오오가미　씨……
S2M:M34LOW:145	dup=S2M:M01LOW:145	もう、そないなことされたら、\nウチ……	그렇게까지　해　주면，\n나……
S2M:M34LOW:146	dup=S2M:M01LOW:146	大神はんがおらんと、\nウチ……こまるんや。	오오가미　씨가　없으면，\n나……　곤란해．
S2M:M34LOW:147	dup=S2M:M01LOW:147	そのへんで、堪忍や……	이쯤에서　봐줘……
S2M:M34LOW:148	dup=S2M:M01LOW:148	大神はん、すんまへん。	오오가미　씨，　미안해．
S2M:M34LOW:149	dup=S2M:M01LOW:149	大神はん、その調子や！	오오가미　씨，　그　기세야！
S2M:M34LOW:150	dup=S2M:M01LOW:150	ええ感じやで！　大神はん！	좋은데！　오오가미　씨！
S2M:M34LOW:151	dup=S2M:M01LOW:151	いっちょあがりや！	한　건　해냈다！
S2M:M34LOW:152	dup=S2M:M01LOW:152	大神はん、\nやったで、ウチ！	오오가미　씨，\n나　해냈어！
S2M:M34LOW:153	dup=S2M:M01LOW:153	ウチらの力を合わせれば、\n千人力や！	우리　힘을　합치면，\n천군만마야！
S2M:M34LOW:154	dup=S2M:M01LOW:154	少尉さん、\nお手並み拝見でーす！	소위님，\n실력을　보여　주세요ー！
S2M:M34LOW:155	dup=S2M:M01LOW:155	早く終わらせて帰りましょー。	빨리　끝내고　돌아가요ー．
S2M:M34LOW:156	dup=S2M:M01LOW:156	ちょっと、\nヤバそうってカンジ！	잠깐，\n좀　위험해　보이는　느낌！
S2M:M34LOW:157	dup=S2M:M01LOW:157	たのしいでーす！	재밌어요ー！
S2M:M34LOW:158	dup=S2M:M01LOW:158	わたしを見ていてくださーい！	저를　지켜봐　주세요ー！
S2M:M34LOW:159	dup=S2M:M01LOW:159	日本のオトコ、\n頼りにならないでーす！	일본　남자는，\n도움이　안　되네요ー！
S2M:M34LOW:160	dup=S2M:M01LOW:160	シャワー浴びたいでーす！	샤워하고　싶어요ー！
S2M:M34LOW:161	dup=S2M:M01LOW:161	日本のオトコに、\nかばってもらうなんて……	일본　남자에게，\n보호받다니……
S2M:M34LOW:162	dup=S2M:M01LOW:162	少尉さん、\n無理しなくていいでーす……	소위님，\n무리하지　않아도　돼요……
S2M:M34LOW:163	dup=S2M:M01LOW:163	まったく、\nダメなオトコでーす！	정말이지，\n쓸모없는　남자네요ー！
S2M:M34LOW:164	dup=S2M:M01LOW:164	これ以上はカンベンでーす！	이　이상은　봐주겠어요ー！
S2M:M34LOW:165	dup=S2M:M01LOW:165	もうだめです。\n撤退します……隊長……	이젠　안　돼요．\n후퇴할게요……　대장……
S2M:M34LOW:166	dup=S2M:M01LOW:166	なかなかやるってカンジ！	제법인데요！
S2M:M34LOW:167	dup=S2M:M01LOW:167	少尉さん、\nちょーかっこいいでーす！	소위님，\n정말　멋져요ー！
S2M:M34LOW:168	dup=S2M:M01LOW:168	楽勝でーす！	거뜬해요ー！
S2M:M34LOW:169	dup=S2M:M01LOW:169	うふっ！\n拍手をくださーい！	후훗！\n박수　쳐　주세요ー！
S2M:M34LOW:170	dup=S2M:M01LOW:170	このデュオは最高でーす！	이　듀오는　최고예요ー！
S2M:M34LOW:171	dup=S2M:M01LOW:171	……行動開始。	……행동　개시．
S2M:M34LOW:172	dup=S2M:M01LOW:171	……行動開始。	……행동　개시．
S2M:M34LOW:173	dup=S2M:M01LOW:173	……危険だよ。	……위험해．
S2M:M34LOW:174	dup=S2M:M01LOW:174	頼れるのは自分だけ……	믿을　건　나뿐……
S2M:M34LOW:175	dup=S2M:M01LOW:174	頼れるのは自分だけ……	믿을　건　나뿐……
S2M:M34LOW:176	dup=S2M:M01LOW:174	頼れるのは自分だけ……	믿을　건　나뿐……
S2M:M34LOW:177	dup=S2M:M01LOW:177	機体の損傷が激しい……	기체　손상이　심해……
S2M:M34LOW:178	dup=S2M:M01LOW:178	………………	………………
S2M:M34LOW:179	dup=S2M:M01LOW:178	………………	………………
S2M:M34LOW:180	dup=S2M:M01LOW:180	隊長……しっかり……	대장……　정신　차려……
S2M:M34LOW:181	dup=S2M:M01LOW:181	一時、撤退……	일단　후퇴……
S2M:M34LOW:182	dup=S2M:M01LOW:181	一時、撤退……	일단　후퇴……
S2M:M34LOW:183	dup=S2M:M01LOW:183	目標、撃破確認……	목표　격파　확인……
S2M:M34LOW:184	dup=S2M:M01LOW:183	目標、撃破確認……	목표　격파　확인……
S2M:M34LOW:185	dup=S2M:M01LOW:185	目標撃破……	목표　격파……
S2M:M34LOW:186	dup=S2M:M01LOW:185	目標撃破……	목표　격파……
S2M:M34LOW:187	dup=S2M:M01LOW:187	これが……ボクらの力……！	이게……　우리　힘……！
S2M:M34LOW:188	dup=S2M:M01LOW:188	そぉら、いくぜ！	자아，　간다！
S2M:M34LOW:189	dup=S2M:M01LOW:189	さぁ、楽しませてくれよ。	자，　즐겁게　해　줘．
S2M:M34LOW:190	dup=S2M:M01LOW:190	勝負は……これからだぜ！	승부는……　지금부터야！
S2M:M34LOW:191	dup=S2M:M01LOW:191	なかなか、\nやるじゃねぇか！	제법이군，\n잘하잖아！
S2M:M34LOW:192	dup=S2M:M01LOW:192	おもしれぇ……	재밌군……
S2M:M34LOW:193	dup=S2M:M01LOW:193	大丈夫か、水狐。	괜찮나，　수호．
S2M:M34LOW:194	dup=S2M:M01LOW:194	華麗に燃やしてあげますよ……	화려하게　태워　드리죠……
S2M:M34LOW:195	dup=S2M:M01LOW:195	覚悟してください。	각오하세요．
S2M:M34LOW:196	dup=S2M:M01LOW:196	あははははは！	아하하하하하！
S2M:M34LOW:197	dup=S2M:M01LOW:197	燃やしつくしてやる！	모조리　태워　주마！
S2M:M34LOW:198	dup=S2M:M01LOW:198	ご……ゴミが……	쓰……　쓰레기가……
S2M:M34LOW:199	dup=S2M:M01LOW:199	私の戦いを見せてあげる。	내　싸움을　보여　주지．
S2M:M34LOW:200	dup=S2M:M01LOW:200	やさしくしてあげるわ。	상냥하게　해　줄게．
S2M:M34LOW:201	dup=S2M:M01LOW:201	ふふふ……負けないわよ。	후후후…　지지　않을　거야．
S2M:M34LOW:202	dup=S2M:M01LOW:202	やるわね。\nさすが華撃団……	잘하네．\n역시　화격단……
S2M:M34LOW:203	dup=S2M:M01LOW:203	くっ……\nこれほどとはね……	큭……\n이　정도일　줄이야……
S2M:M34LOW:204	dup=S2M:M01LOW:204	さぁ、ワシの番じゃな。	자，　내　차례로구나．
S2M:M34LOW:205	dup=S2M:M01LOW:205	ワシの計算にぬかりはないぞ。	내　계산엔　빈틈없다．
S2M:M34LOW:206	dup=S2M:M01LOW:206	こ、このままでは\n終わらぬぞ……	이，　이대로는\n끝나지　않아……
S2M:M34LOW:207	dup=S2M:M01LOW:207	これも計算のうちじゃ。	이것도　계산　안이야．
S2M:M34LOW:208	dup=S2M:M01LOW:208	ぬうっ……\nこれは計算外じゃ……	으으……\n이건　계산　밖이야……
S2M:M34LOW:209	dup=S2M:M01LOW:209	狩りとってやる！	사냥해　주마！
S2M:M34LOW:210	dup=S2M:M01LOW:210	今、楽にしてやるからな。	지금　편하게　해　주마．
S2M:M34LOW:211	dup=S2M:M01LOW:211	ひ、ひねり殺してやる！	비，　비틀어　죽여　주마！
S2M:M34LOW:212	dup=S2M:M01LOW:212	勝ったと思うなよ……	이겼다고　생각하지　마……
S2M:M34LOW:213	dup=S2M:M01LOW:213	まだ、終わりではないぞ！	아직　끝나지　않았다！
S2M:M34LOW:214	dup=S2M:M01LOW:214	終わりにしてやる。	끝내　주마．
S2M:M34LOW:215	dup=S2M:M01LOW:215	いくぞ！　華撃団っ！	간다！　화격단！
S2M:M34LOW:216	dup=S2M:M01LOW:216	まだ、まだだっ！	아직，　아직이다！
S2M:M34LOW:217	dup=S2M:M01LOW:217	腕を上げたな……	실력이　늘었구나……
S2M:M34LOW:218	dup=S2M:M01LOW:218	ぐっ……\nわたしの復讐が……	큭……\n내　복수가……
S2M:M34LOW:219	dup=S2M:M01LOW:219	容赦はせぬぞ……	봐주지　않겠다……
S2M:M34LOW:220	dup=S2M:M01LOW:220	お前たちの罪を知れ……	너희의　죄를　깨달아라……
S2M:M34LOW:221	dup=S2M:M01LOW:221	戦いとはいつも無常だ……	싸움은　언제나　덧없다……
S2M:M34LOW:222	dup=S2M:M01LOW:222	愛は死んだ……	사랑은　죽었다……
S2M:M34LOW:223	dup=S2M:M01LOW:223	ぬぅ……やるな……	으음……　제법이군……
S2M:M34LOW:224	dup=S2M:M01LOW:224	私に触れるな！	나에게　손대지　마！
S2M:M34LOW:225	dup=S2M:M01LOW:225	帝都の恨みは、\nこの程度ではないぞ……	제도의　원한은，\n이　정도가　아니다……
S2M:M34LOW:226	dup=S2M:M01LOW:226	最後に勝つのは……私だ！	최후의　승자는……　나다！
S2M:M34LOW:227	dup=S2M:M01LOW:227	この程度で……ぬうっ！	이　정도로……　으음！
S2M:M34LOW:228	dup=S2M:M01LOW:228	思い上がるな……\n偽善者めっ！	우쭐대지　마……\n위선자　자식！
S2M:M36LOW:0	dup=S2M:M01LOW:0	疾きこと風のごとく……\n移動力重視の作戦だ！	빠르기는　바람처럼……\n이동력　중시　작전이다！
S2M:M36LOW:1	dup=S2M:M01LOW:1	今は、この命令を出している。\n移動力を活かして戦おう。	현재　명령은　이것이다．\n이동력을　살려　싸우자．
S2M:M36LOW:2	dup=S2M:M01LOW:2	花組各員に通達！\n「風」作戦を開始するぞ！	화조　전원에게　통보！\n「풍」　작전　개시다！
S2M:M36LOW:3	dup=S2M:M01LOW:3	林のように心静かに……\n本来の力を引き出すんだ！	숲처럼　마음을　고요히……\n본래의　힘을　끌어내자！
S2M:M36LOW:4	dup=S2M:M01LOW:4	今は、この命令を出している。\n本来の力で敵に立ち向かおう。	현재　명령은　이것이다．\n본래의　힘으로　맞서자．
S2M:M36LOW:5	dup=S2M:M01LOW:5	花組各員に通達！\n「林」作戦を開始するぞ！	화조　전원에게　통보！\n「림」　작전　개시다！
S2M:M36LOW:6	dup=S2M:M01LOW:6	炎のように熱く燃える……\n攻撃力重視の作戦だ！	불처럼　뜨겁게　타오르는……\n공격력　중시　작전이다！
S2M:M36LOW:7	dup=S2M:M01LOW:7	今は、この命令を出している。\n攻撃力を活かして戦おう。	현재　명령은　이것이다．\n공격력을　살려　싸우자．
S2M:M36LOW:8	dup=S2M:M01LOW:8	花組各員に通達！\n「火」作戦を開始するぞ！	화조　전원에게　통보！\n「화」　작전　개시다！
S2M:M36LOW:9	dup=S2M:M01LOW:9	構えること山のごとく……\n防御力重視の作戦だ！	산처럼　굳건히　버티는……\n방어력　중시　작전이다！
S2M:M36LOW:10	dup=S2M:M01LOW:10	今は、この命令を出している。\n防御力を活かして戦おう。	현재　명령은　이것이다．\n방어력을　살려　싸우자．
S2M:M36LOW:11	dup=S2M:M01LOW:11	花組各員に通達！\n「山」作戦を開始するぞ！	화조　전원에게　통보！\n「산」　작전　개시다！
S2M:M36LOW:12	dup=S2M:M01LOW:12	このままの作戦でいくぞ！	이대로　작전을　계속한다！
S2M:M36LOW:13	dup=S2M:M01LOW:13	了解！	알겠습니다！
S2M:M36LOW:14		火車の乗る魔操機兵、\n「五鈷」を破壊して！	카샤가　탄　마조기병，\n「고코」를　파괴해！
S2M:M36LOW:15	dup=S2M:M08LOW:15	０メッセージ１－２	０메시지１－２
S2M:M36LOW:16	dup=S2M:M01LOW:16	０メッセージ１－３	０메시지１－３
S2M:M36LOW:17	dup=S2M:M08LOW:17	門の外に出て、\n機を撃破するのよ！	문　밖으로　나가，\n기체를　격파해！
S2M:M36LOW:18	dup=S2M:M12LOW:18	敵の大将、土は、\n攻撃回数が多いわ。\n気をつけるのよ！	적장　토지구모는\n공격　횟수가　많아．\n조심해！
S2M:M36LOW:19	dup=S2M:M01LOW:19	０メッセージ２－３	０메시지２－３
S2M:M36LOW:20	dup=S2M:M02LOW:20	大神さん、山崎は強いわ。\n一時撤退しましょう！	야마자키는　강해요．\n일단　후퇴하죠！
S2M:M36LOW:21	dup=S2M:M01LOW:21	０メッセージ３－２	０메시지３－２
S2M:M36LOW:22	dup=S2M:M01LOW:22	０メッセージ３－３	０메시지３－３
S2M:M36LOW:23	dup=S2M:M01LOW:23	花組の隊長、大神一郎。\n高い戦闘力と、\n勇敢な心を持っている。	화조　대장，　오오가미．\n높은　전투력과\n용감한　마음을　지녔다．
S2M:M36LOW:24	dup=S2M:M01LOW:24	北辰一刀流、真宮寺さくら。\n素早い動きで、\n敵を一刀両断する。	북진일도류，　사쿠라．\n빠른　움직임으로\n적을　일도양단한다．
S2M:M36LOW:25	dup=S2M:M01LOW:25	神崎風塵流、神崎すみれ。\n華麗なナギナタの技は、\n見るものの心をもとらえる。	칸자키　풍진류，　스미레．\n화려한　나기나타　기술은\n보는　이의　마음마저　홀려．
S2M:M36LOW:26	dup=S2M:M01LOW:26	射撃手、マリア・タチバナ。\n氷の銃弾は、狙った\n獲物を決して逃さない。	사격수，　마리아．\n얼음　탄환은　노린\n먹이를　놓치지　않는다．
S2M:M36LOW:27	dup=S2M:M01LOW:27	桐島流空手、桐島カンナ。\n圧倒的なパワーで、むらがる\n敵を粉砕する。	가라테의　달인，　칸나．\n압도적　파워로　몰려드는\n적을　분쇄한다．
S2M:M36LOW:28	dup=S2M:M01LOW:28	花組のマスコット、アイリス。\n超能力を使った、\n不思議な攻撃で敵と戦う。	화조의　마스코트，\n아이리스．\n초능력으로　적과　싸운다．
S2M:M36LOW:29	dup=S2M:M01LOW:29	発明家、李紅蘭。\n次々に繰り出す発明品で、\n敵味方をあっといわせるぞ。	발명가，　코란．\n신제품을　잇달아　내놓아\n적과　아군을　놀라게　한다．
S2M:M36LOW:30	dup=S2M:M01LOW:30	元星組隊員、ソレッタ・織姫。\nイタリアンローズの機体に乗り\n赤い貴族と呼ばれている。	전　별조　대원，　오리히메．\n이탈리안　로즈를　타고\n붉은　귀족이라　불린다．
S2M:M36LOW:31	dup=S2M:M01LOW:31	レニ・ミルヒシュトラーセ。\n戦闘のプロとして、正確な\n無駄のない攻撃を行う。	레니　밀히슈트라세．　전투의\n프로답게　정확하고　군더더기\n없는　공격을　한다．
S2M:M36LOW:32	dup=S2M:M05LOW:32	魔操機兵、脇侍・改。\n長剣を装備したものは、\nイ型乙と呼ばれる。	마조기병，　협시・개．\n장검을　장비한　것은\n이형　을이라　부른다．
S2M:M36LOW:33	dup=S2M:M01LOW:33	魔操機兵、脇侍・改。\n鉄砲を装備したものは、\nロ型と呼ばれる。	마조기병，　협시・개．\n총을　장비한　것은\n로형이라　부른다．
S2M:M36LOW:34	dup=S2M:M05LOW:34	魔操鬼兵、脇侍・改。\n木喰の発明した火炎兵器。	마조귀병，　협시・개．\n모쿠지키의　화염　병기．
S2M:M36LOW:35	dup=S2M:M05LOW:35	魔操機兵、脇侍・改。\n大砲を装備しているものは、\nハ型と呼ばれる。	마조기병，　협시・개．\n대포를　장비한　것은\n하형이라　부른다．
S2M:M36LOW:36	dup=S2M:M07LOW:36	魔操機兵、脇侍・改。\nロ型脇侍は、イ型脇侍の支援を\n目的として開発されている。	마조기병，　협시・개．\n로형　협시는　이형　협시를\n지원하도록　개발됐다．
S2M:M36LOW:37	dup=S2M:M09LOW:37	魔操機兵、脇侍・改。\n散弾を使用しており、\n１発の威力は比較的小さい。	마조기병，　협시・개．\n산탄을　사용하며　한　발\n위력은　비교적　낮다．
S2M:M36LOW:38	dup=S2M:M09LOW:38	魔操機兵、脇侍・改。\n回復能力を持つこの型は、\nエル特と呼ばれている。	마조기병，　협시・개．\n이　형은　회복　능력이　있어\n엘　특이라　부른다．
S2M:M36LOW:39	dup=S2M:M04LOW:32	脇侍・改「焼塵」\n火車専用の部隊で、\n攻防共に高い性能を持つ。	협시・개　「소진」\n카샤　전용　부대로，\n공방　모두　성능이　높다．
S2M:M36LOW:40	dup=S2M:M09LOW:40	「十字焔」\n木喰の開発した火炎兵器。\n「焔」の発展型。	「십자염」\n모쿠지키의　화염　병기．\n「염」의　발전형．
S2M:M36LOW:41		「火乱」\n五鈷の支援用に開発された\n自爆兵器。	「화란」\n고코　지원용으로　개발한\n자폭　병기．
S2M:M36LOW:42		魔操機兵「五鈷」\n五行衆・火車の乗る機体で、\n炎による攻撃を得意とする。	마조기병　「고코」\n오행중・카샤가　타는　기체로\n불꽃　공격이　특기다．
S2M:M36LOW:43	dup=S2M:M01LOW:43	今のところ、\nかばう必要はなさそうだな。	지금은\n보호할　필요　없어　보이네．
S2M:M36LOW:44	dup=S2M:M01LOW:44	さくらくん……\n君は俺が守る！	사쿠라　군……\n내가　지킬게！
S2M:M36LOW:45	dup=S2M:M01LOW:45	すみれくん……\n君の盾になってもいいかい。	스미레　군……\n네　방패가　되어도　될까？
S2M:M36LOW:46	dup=S2M:M01LOW:46	マリア……\n君の背中を守らせてくれ。	마리아……\n네　뒤를　지키게　해　줘．
S2M:M36LOW:47	dup=S2M:M01LOW:47	カンナ……\n俺は、君を全力で守るぞ！	칸나……　내가　온　힘을\n다해　지키마！
S2M:M36LOW:48	dup=S2M:M01LOW:48	アイリス……\n俺が側にいるから、\n安心していいよ。	아이리스……\n내가　곁에　있으니，\n안심해도　돼．
S2M:M36LOW:49	dup=S2M:M01LOW:49	紅蘭……\nいつだって君を助けにゆくよ。	코란……\n언제든　널　도우러　갈게．
S2M:M36LOW:50	dup=S2M:M01LOW:50	織姫くん……\n苦しいときは、\nいつでも俺を呼んでくれ！	오리히메　군……\n힘들　때는，\n언제든　날　불러！
S2M:M36LOW:51	dup=S2M:M01LOW:51	レニ……\nたまには、\n守られたっていいだろう？	레니……\n가끔은，\n보호받아도　괜찮잖아？
S2M:M36LOW:52	dup=S2M:M01LOW:52	がんばって！　大神さん！	힘내요！　오오가미　씨！
S2M:M36LOW:53	dup=S2M:M01LOW:53	大神さんが頼りです！	오오가미　씨만　믿을게요！
S2M:M36LOW:54	dup=S2M:M01LOW:54	無理しないでください、\n大神さん……	무리하지　마세요，\n오오가미　씨……
S2M:M36LOW:55	dup=S2M:M01LOW:55	がんばります！	힘낼게요！
S2M:M36LOW:56	dup=S2M:M01LOW:56	大神さんのために……\nあたし、やります！	오오가미　씨를　위해……\n제가　할게요！
S2M:M36LOW:57	dup=S2M:M01LOW:57	あたしが\nがんばらなくっちゃ！	제가　힘내야　해요！
S2M:M36LOW:58	dup=S2M:M01LOW:58	あたし……負けないわ……	저…　지지　않을　거예요…
S2M:M36LOW:59	dup=S2M:M01LOW:59	……ありがとうございます。\n大神さん。	……감사합니다．\n오오가미　씨．
S2M:M36LOW:60	dup=S2M:M01LOW:60	大神さんがいてくれるから、\nあたし、がんばれます！	오오가미　씨가　계시니까\n저도　힘낼　수　있어요！
S2M:M36LOW:61	dup=S2M:M01LOW:61	大丈夫ですか……大神さん。	괜찮으세요…　오오가미　씨．
S2M:M36LOW:62	dup=S2M:M01LOW:62	大神さん……\nごめんなさい……	오오가미　씨……\n죄송해요……
S2M:M36LOW:63	dup=S2M:M01LOW:63	ここは大神さんに\nお任せします……\n……ごめんなさい。	여기는　오오가미　씨에게\n맡길게요……\n……죄송해요．
S2M:M36LOW:64	dup=S2M:M01LOW:64	やりましたね、大神さん！	해냈네요，　오오가미　씨！
S2M:M36LOW:65	dup=S2M:M01LOW:65	今日の大神さん、\n一味違いますね。	오늘　오오가미　씨는\n평소와　다르네요．
S2M:M36LOW:66	dup=S2M:M01LOW:66	やりました！	해냈어요！
S2M:M36LOW:67	dup=S2M:M01LOW:67	大神さんのおかげです！	오오가미　씨　덕분이에요！
S2M:M36LOW:68	dup=S2M:M01LOW:68	大神さん……\nあたし、信じています。	오오가미　씨……\n저는　믿고　있어요．
S2M:M36LOW:69	dup=S2M:M01LOW:69	見せ場がきましてよ、少尉。	제　무대네요，　소위님．
S2M:M36LOW:70	dup=S2M:M01LOW:70	がんばってください、\nわたくしのために……	힘내　주세요，\n저를　위해……
S2M:M36LOW:71	dup=S2M:M01LOW:71	無理は禁物ですわ……	무리는　금물이에요……
S2M:M36LOW:72	dup=S2M:M01LOW:72	さあ、いきますわよ！	자，　갑니다！
S2M:M36LOW:73	dup=S2M:M01LOW:73	少尉、わたくしを\n見ていてくださいな。	소위님，\n저를　지켜봐　주세요．
S2M:M36LOW:74	dup=S2M:M01LOW:74	わたくしでなくては\nダメですわね。	저여야만　하겠군요．
S2M:M36LOW:75	dup=S2M:M01LOW:75	こ、この程度で……	이，　이　정도로……
S2M:M36LOW:76	dup=S2M:M01LOW:76	うれしいですわ……\n少尉……	기뻐요……\n소위님……
S2M:M36LOW:77	dup=S2M:M01LOW:77	わたくしを守ることが\nできるのは少尉だけですわ。	저를　지킬　수　있는　건\n소위님뿐이에요．
S2M:M36LOW:78	dup=S2M:M01LOW:78	かっ、身体が勝手に\n動いただけですわ……	몸이　저절로\n움직였을　뿐이에요……
S2M:M36LOW:79	dup=S2M:M01LOW:79	わたくしとしたことが……	저답지　않게……
S2M:M36LOW:80	dup=S2M:M01LOW:80	少尉を……\n……置いてはいけないのに！	소위님을……\n……두고　갈　수는　없는데！
S2M:M36LOW:81	dup=S2M:M01LOW:81	お見事ですわ、少尉。	훌륭해요，　소위님．
S2M:M36LOW:82	dup=S2M:M01LOW:82	りりしいですわよ、少尉。	늠름하시네요，　소위님．
S2M:M36LOW:83	dup=S2M:M01LOW:83	たいしたことありませんわね。	별것도　아니네요．
S2M:M36LOW:84	dup=S2M:M01LOW:84	見てくださいました？　少尉。	보셨나요？　소위님．
S2M:M36LOW:85	dup=S2M:M01LOW:85	んふっ、\nちょろいもんですわね。\nねぇ、少尉……	후훗，\n이　정도야　식은　죽이죠．\n그렇죠，　소위님……
S2M:M36LOW:86	dup=S2M:M01LOW:86	隊長、お願いします。	대장님，　부탁드려요．
S2M:M36LOW:87	dup=S2M:M01LOW:87	隊長……\n信じています。	대장님……\n믿고　있어요．
S2M:M36LOW:88	dup=S2M:M01LOW:88	隊長……\n慎重にいきましょう。	대장님……\n신중하게　가죠．
S2M:M36LOW:89	dup=S2M:M01LOW:89	さぁ、覚悟しなさい。	자，　각오하세요．
S2M:M36LOW:90	dup=S2M:M01LOW:90	私には、隊長が\nついていてくれる……	저에겐　대장님이\n곁에　계시니까……
S2M:M36LOW:91	dup=S2M:M01LOW:91	私がしっかりしなくては……	제가　정신　차려야……
S2M:M36LOW:92	dup=S2M:M01LOW:92	くっ、まだ……やれる！	큭，아직……　할　수　있어！
S2M:M36LOW:93	dup=S2M:M01LOW:93	すいません、隊長。	죄송해요，　대장님．
S2M:M36LOW:94	dup=S2M:M01LOW:94	隊長の背中……\nとても大きく見えます……	대장님　등……\n정말　커　보이네요……
S2M:M36LOW:95	dup=S2M:M01LOW:95	隊長が無事でよかった……	대장님이　무사해서　다행……
S2M:M36LOW:96	dup=S2M:M01LOW:96	隊長……申し訳ありません……	대장님……　죄송해요……
S2M:M36LOW:97	dup=S2M:M01LOW:97	もう少し……\n隊長と共に……	조금만　더……\n대장님과　함께……
S2M:M36LOW:98	dup=S2M:M01LOW:98	やりますね、隊長。	잘하시네요，　대장님．
S2M:M36LOW:99	dup=S2M:M01LOW:99	隊長が\nいてくださってよかった……	대장님이　계셔서　다행……
S2M:M36LOW:100	dup=S2M:M01LOW:100	ふんっ！　この程度……？	흥！　이　정도……？
S2M:M36LOW:101	dup=S2M:M01LOW:101	隊長、すばらしい指揮です！	대장님，　훌륭한　지휘예요！
S2M:M36LOW:102	dup=S2M:M01LOW:102	隊長が、私の力を\n何倍にもしてくれます。	대장님이　제　힘을\n몇　배나　키워　주세요．
S2M:M36LOW:103	dup=S2M:M01LOW:103	やっちまえ！　隊長！	해치워！　대장님！
S2M:M36LOW:104	dup=S2M:M01LOW:104	あたいがついてるぜ、隊長。	내가　곁에　있어，　대장．
S2M:M36LOW:105	dup=S2M:M01LOW:105	隊長の気合を見せてくれ！	대장님，　기합을　보여　줘！
S2M:M36LOW:106	dup=S2M:M01LOW:106	あたいの番だな！	내　차례구나！
S2M:M36LOW:107	dup=S2M:M01LOW:107	みていてくれよなっ！\n隊長！	지켜봐　줘！\n대장！
S2M:M36LOW:108	dup=S2M:M01LOW:108	まとめて面倒みるぜ！	한꺼번에　상대해　주마！
S2M:M36LOW:109	dup=S2M:M01LOW:109	まだまだ、\nどんどんかかってこいっ！	아직　멀었어，\n어서　덤벼！
S2M:M36LOW:110	dup=S2M:M01LOW:110	すまねぇな、隊長。	미안하군，　대장．
S2M:M36LOW:111	dup=S2M:M01LOW:111	へへっ、\n守られるってのも悪くないな。	헤헤，　보호받는　것도\n나쁘지　않군．
S2M:M36LOW:112	dup=S2M:M01LOW:112	へへっ、らしくないぜぇ？\n隊長！	헤헤，　나답지　않지？\n대장！
S2M:M36LOW:113	dup=S2M:M01LOW:113	ちくしょう……\nこんなところで……	젠장……\n이런　곳에서……
S2M:M36LOW:114	dup=S2M:M01LOW:114	隊長、すまない。\nあたいの分まで\nがんばってくれ！	대장，　미안하다．\n내　몫까지\n힘내　줘！
S2M:M36LOW:115	dup=S2M:M01LOW:115	やるじゃねぇか！　隊長！	제법이잖아！　대장！
S2M:M36LOW:116	dup=S2M:M01LOW:116	ほれぼれするぜ！　隊長！	감탄스럽군！　대장！
S2M:M36LOW:117	dup=S2M:M01LOW:117	ざっとこんなもんだぜ！	대충　이　정도지！
S2M:M36LOW:118	dup=S2M:M01LOW:118	へっへーん！\nどうだい！　隊長！	헤헤ー！\n어때！　대장！
S2M:M36LOW:119	dup=S2M:M01LOW:119	誰もあたいたちを\n止められねぇぜ！	아무도　우릴\n막을　수　없어！
S2M:M36LOW:120	dup=S2M:M01LOW:120	がんばろうね、お兄ちゃん。	힘내자，　오빠．
S2M:M36LOW:121	dup=S2M:M01LOW:121	お兄ちゃん、いっけぇー！	오빠，　가ー！
S2M:M36LOW:122	dup=S2M:M01LOW:122	お兄ちゃん……負けないで！	오빠……　지지　마！
S2M:M36LOW:123	dup=S2M:M01LOW:123	アイリス、いきまーす！	아이리스，　갑니다아！
S2M:M36LOW:124	dup=S2M:M01LOW:124	えへへっ、\nアイリスがんばるよ！	에헤헤，\n아이리스　힘낼게！
S2M:M36LOW:125	dup=S2M:M01LOW:125	アイリスが\nがんばらなくちゃ！	아이리스가\n힘내야　해！
S2M:M36LOW:126	dup=S2M:M01LOW:126	アイリス……もうだめ……	아이리스…　이제　안　돼…
S2M:M36LOW:127	dup=S2M:M01LOW:127	アイリスのために\n来てくれたんだぁー！	아이리스를　위해　왔구나ー！
S2M:M36LOW:128	dup=S2M:M01LOW:128	お兄ちゃんは、\n白馬のおうじさまだね！	오빠는\n백마　탄　왕자님이네！
S2M:M36LOW:129	dup=S2M:M01LOW:129	お兄ちゃん……\nアイリスがついてるからね。	오빠……\n아이리스가　곁에　있을게．
S2M:M36LOW:130	dup=S2M:M01LOW:130	あ……止まっちゃった……	아……　멈췄어……
S2M:M36LOW:131	dup=S2M:M01LOW:131	お兄ちゃん……\nごめんね……	오빠……\n미안해……
S2M:M36LOW:132	dup=S2M:M01LOW:132	わーい、やったね！\nお兄ちゃん！	와ー，　해냈다！\n오빠！
S2M:M36LOW:133	dup=S2M:M01LOW:133	お兄ちゃん、\nすごい、すっごーい！	오빠，\n대단해，　정말　대단해ー！
S2M:M36LOW:134	dup=S2M:M01LOW:134	アイリス、すごいでしょ！	아이리스，　대단하지！
S2M:M36LOW:135	dup=S2M:M01LOW:135	ねぇ、ねぇ！\nほめてほめて！	있잖아，　있잖아！\n칭찬해　줘，　칭찬해　줘！
S2M:M36LOW:136	dup=S2M:M01LOW:136	お兄ちゃんがいれば、\nアイリスなんにも恐くないよ！	오빠만　있으면，\n아이리스는　안　무서워！
S2M:M36LOW:137	dup=S2M:M01LOW:137	頼んだで、大神はん。	부탁한다，　오오가미　씨．
S2M:M36LOW:138	dup=S2M:M01LOW:138	ウチらの力、見せたろうで！	우리　힘을　보여　주자！
S2M:M36LOW:139	dup=S2M:M01LOW:139	だ、大丈夫かいな、大神はん。	괜찮나，　오오가미　씨．
S2M:M36LOW:140	dup=S2M:M01LOW:140	ほな、いってみよか！	그럼，　가　볼까！
S2M:M36LOW:141	dup=S2M:M01LOW:141	大神はん、\nウチにまーかしとき！	오오가미　씨，\n나한테　맡겨！
S2M:M36LOW:142	dup=S2M:M01LOW:142	ウチががんばらんと！	내가　힘내야　해！
S2M:M36LOW:143	dup=S2M:M01LOW:143	や、やばいで……	이，　이거　위험해……
S2M:M36LOW:144	dup=S2M:M01LOW:144	お、おおきに、\n大神はん……	고，　고마워，\n오오가미　씨……
S2M:M36LOW:145	dup=S2M:M01LOW:145	もう、そないなことされたら、\nウチ……	그렇게까지　해　주면，\n나……
S2M:M36LOW:146	dup=S2M:M01LOW:146	大神はんがおらんと、\nウチ……こまるんや。	오오가미　씨가　없으면，\n나……　곤란해．
S2M:M36LOW:147	dup=S2M:M01LOW:147	そのへんで、堪忍や……	이쯤에서　봐줘……
S2M:M36LOW:148	dup=S2M:M01LOW:148	大神はん、すんまへん。	오오가미　씨，　미안해．
S2M:M36LOW:149	dup=S2M:M01LOW:149	大神はん、その調子や！	오오가미　씨，　그　기세야！
S2M:M36LOW:150	dup=S2M:M01LOW:150	ええ感じやで！　大神はん！	좋은데！　오오가미　씨！
S2M:M36LOW:151	dup=S2M:M01LOW:151	いっちょあがりや！	한　건　해냈다！
S2M:M36LOW:152	dup=S2M:M01LOW:152	大神はん、\nやったで、ウチ！	오오가미　씨，\n나　해냈어！
S2M:M36LOW:153	dup=S2M:M01LOW:153	ウチらの力を合わせれば、\n千人力や！	우리　힘을　합치면，\n천군만마야！
S2M:M36LOW:154	dup=S2M:M01LOW:154	少尉さん、\nお手並み拝見でーす！	소위님，\n실력을　보여　주세요ー！
S2M:M36LOW:155	dup=S2M:M01LOW:155	早く終わらせて帰りましょー。	빨리　끝내고　돌아가요ー．
S2M:M36LOW:156	dup=S2M:M01LOW:156	ちょっと、\nヤバそうってカンジ！	잠깐，\n좀　위험해　보이는　느낌！
S2M:M36LOW:157	dup=S2M:M01LOW:157	たのしいでーす！	재밌어요ー！
S2M:M36LOW:158	dup=S2M:M01LOW:158	わたしを見ていてくださーい！	저를　지켜봐　주세요ー！
S2M:M36LOW:159	dup=S2M:M10LOW:159	勝手にやらせてもらいまーす！	맘대로　하게　해　주세요ー！
S2M:M36LOW:160	dup=S2M:M01LOW:160	シャワー浴びたいでーす！	샤워하고　싶어요ー！
S2M:M36LOW:161	dup=S2M:M10LOW:161	あはっ！\n少尉さん、サンキュでーす！	아핫！\n소위님，　고마워요ー！
S2M:M36LOW:162	dup=S2M:M01LOW:162	少尉さん、\n無理しなくていいでーす……	소위님，\n무리하지　않아도　돼요……
S2M:M36LOW:163	dup=S2M:M01LOW:163	まったく、\nダメなオトコでーす！	정말이지，\n쓸모없는　남자네요ー！
S2M:M36LOW:164	dup=S2M:M01LOW:164	これ以上はカンベンでーす！	이　이상은　봐주겠어요ー！
S2M:M36LOW:165	dup=S2M:M01LOW:165	もうだめです。\n撤退します……隊長……	이젠　안　돼요．\n후퇴할게요……　대장……
S2M:M36LOW:166	dup=S2M:M01LOW:166	なかなかやるってカンジ！	제법인데요！
S2M:M36LOW:167	dup=S2M:M01LOW:167	少尉さん、\nちょーかっこいいでーす！	소위님，\n정말　멋져요ー！
S2M:M36LOW:168	dup=S2M:M01LOW:168	楽勝でーす！	거뜬해요ー！
S2M:M36LOW:169	dup=S2M:M01LOW:169	うふっ！\n拍手をくださーい！	후훗！\n박수　쳐　주세요ー！
S2M:M36LOW:170	dup=S2M:M01LOW:170	このデュオは最高でーす！	이　듀오는　최고예요ー！
S2M:M36LOW:171	dup=S2M:M01LOW:171	……行動開始。	……행동　개시．
S2M:M36LOW:172	dup=S2M:M07LOW:172	隊長、気を付けて。	대장님，　조심하세요．
S2M:M36LOW:173	dup=S2M:M01LOW:173	……危険だよ。	……위험해．
S2M:M36LOW:174	dup=S2M:M07LOW:174	いくよ！	가자！
S2M:M36LOW:175	dup=S2M:M07LOW:175	指示、よろしく。	지시，　잘　부탁해．
S2M:M36LOW:176	dup=S2M:M08LOW:176	ボクの力で……倒す……	내　힘으로…　쓰러뜨린다…
S2M:M36LOW:177	dup=S2M:M01LOW:177	機体の損傷が激しい……	기체　손상이　심해……
S2M:M36LOW:178	dup=S2M:M01LOW:178	………………	………………
S2M:M36LOW:179	dup=S2M:M07LOW:179	……ありがとう。	…고마워．
S2M:M36LOW:180	dup=S2M:M01LOW:180	隊長……しっかり……	대장……　정신　차려……
S2M:M36LOW:181	dup=S2M:M01LOW:181	一時、撤退……	일단　후퇴……
S2M:M36LOW:182	dup=S2M:M07LOW:182	隊長、\nあとは……よろしく。	대장，\n나머지는……　부탁해．
S2M:M36LOW:183	dup=S2M:M01LOW:183	目標、撃破確認……	목표　격파　확인……
S2M:M36LOW:184	dup=S2M:M07LOW:184	やるね、隊長。	잘하네，　대장．
S2M:M36LOW:185	dup=S2M:M01LOW:185	目標撃破……	목표　격파……
S2M:M36LOW:186	dup=S2M:M07LOW:186	隊長……\n次の指示を……	대장……\n다음　지시를……
S2M:M36LOW:187	dup=S2M:M01LOW:187	これが……ボクらの力……！	이게……　우리　힘……！
S2M:M36LOW:188	dup=S2M:M01LOW:188	そぉら、いくぜ！	자아，　간다！
S2M:M36LOW:189	dup=S2M:M01LOW:189	さぁ、楽しませてくれよ。	자，　즐겁게　해　줘．
S2M:M36LOW:190	dup=S2M:M01LOW:190	勝負は……これからだぜ！	승부는……　지금부터야！
S2M:M36LOW:191	dup=S2M:M01LOW:191	なかなか、\nやるじゃねぇか！	제법이군，\n잘하잖아！
S2M:M36LOW:192	dup=S2M:M01LOW:192	おもしれぇ……	재밌군……
S2M:M36LOW:193	dup=S2M:M01LOW:193	大丈夫か、水狐。	괜찮나，　수호．
S2M:M36LOW:194	dup=S2M:M01LOW:194	華麗に燃やしてあげますよ……	화려하게　태워　드리죠……
S2M:M36LOW:195	dup=S2M:M01LOW:195	覚悟してください。	각오하세요．
S2M:M36LOW:196	dup=S2M:M01LOW:196	あははははは！	아하하하하하！
S2M:M36LOW:197	dup=S2M:M01LOW:197	燃やしつくしてやる！	모조리　태워　주마！
S2M:M36LOW:198	dup=S2M:M01LOW:198	ご……ゴミが……	쓰……　쓰레기가……
S2M:M36LOW:199	dup=S2M:M01LOW:199	私の戦いを見せてあげる。	내　싸움을　보여　주지．
S2M:M36LOW:200	dup=S2M:M01LOW:200	やさしくしてあげるわ。	상냥하게　해　줄게．
S2M:M36LOW:201	dup=S2M:M01LOW:201	ふふふ……負けないわよ。	후후후…　지지　않을　거야．
S2M:M36LOW:202	dup=S2M:M01LOW:202	やるわね。\nさすが華撃団……	잘하네．\n역시　화격단……
S2M:M36LOW:203	dup=S2M:M01LOW:203	くっ……\nこれほどとはね……	큭……\n이　정도일　줄이야……
S2M:M36LOW:204	dup=S2M:M01LOW:204	さぁ、ワシの番じゃな。	자，　내　차례로구나．
S2M:M36LOW:205	dup=S2M:M01LOW:205	ワシの計算にぬかりはないぞ。	내　계산엔　빈틈없다．
S2M:M36LOW:206	dup=S2M:M01LOW:206	こ、このままでは\n終わらぬぞ……	이，　이대로는\n끝나지　않아……
S2M:M36LOW:207	dup=S2M:M01LOW:207	これも計算のうちじゃ。	이것도　계산　안이야．
S2M:M36LOW:208	dup=S2M:M01LOW:208	ぬうっ……\nこれは計算外じゃ……	으으……\n이건　계산　밖이야……
S2M:M36LOW:209	dup=S2M:M01LOW:209	狩りとってやる！	사냥해　주마！
S2M:M36LOW:210	dup=S2M:M01LOW:210	今、楽にしてやるからな。	지금　편하게　해　주마．
S2M:M36LOW:211	dup=S2M:M01LOW:211	ひ、ひねり殺してやる！	비，　비틀어　죽여　주마！
S2M:M36LOW:212	dup=S2M:M01LOW:212	勝ったと思うなよ……	이겼다고　생각하지　마……
S2M:M36LOW:213	dup=S2M:M01LOW:213	まだ、終わりではないぞ！	아직　끝나지　않았다！
S2M:M36LOW:214	dup=S2M:M01LOW:214	終わりにしてやる。	끝내　주마．
S2M:M36LOW:215	dup=S2M:M01LOW:215	いくぞ！　華撃団っ！	간다！　화격단！
S2M:M36LOW:216	dup=S2M:M01LOW:216	まだ、まだだっ！	아직，　아직이다！
S2M:M36LOW:217	dup=S2M:M01LOW:217	腕を上げたな……	실력이　늘었구나……
S2M:M36LOW:218	dup=S2M:M01LOW:218	ぐっ……\nわたしの復讐が……	큭……\n내　복수가……
S2M:M36LOW:219	dup=S2M:M01LOW:219	容赦はせぬぞ……	봐주지　않겠다……
S2M:M36LOW:220	dup=S2M:M01LOW:220	お前たちの罪を知れ……	너희의　죄를　깨달아라……
S2M:M36LOW:221	dup=S2M:M01LOW:221	戦いとはいつも無常だ……	싸움은　언제나　덧없다……
S2M:M36LOW:222	dup=S2M:M01LOW:222	愛は死んだ……	사랑은　죽었다……
S2M:M36LOW:223	dup=S2M:M01LOW:223	ぬぅ……やるな……	으음……　제법이군……
S2M:M36LOW:224	dup=S2M:M01LOW:224	私に触れるな！	나에게　손대지　마！
S2M:M36LOW:225	dup=S2M:M01LOW:225	帝都の恨みは、\nこの程度ではないぞ……	제도의　원한은，\n이　정도가　아니다……
S2M:M36LOW:226	dup=S2M:M01LOW:226	最後に勝つのは……私だ！	최후의　승자는……　나다！
S2M:M36LOW:227	dup=S2M:M01LOW:227	この程度で……ぬうっ！	이　정도로……　으음！
S2M:M36LOW:228	dup=S2M:M01LOW:228	思い上がるな……\n偽善者めっ！	우쭐대지　마……\n위선자　자식！
S2M:M37LOW:0	dup=S2M:M01LOW:0	疾きこと風のごとく……\n移動力重視の作戦だ！	빠르기는　바람처럼……\n이동력　중시　작전이다！
S2M:M37LOW:1	dup=S2M:M01LOW:1	今は、この命令を出している。\n移動力を活かして戦おう。	현재　명령은　이것이다．\n이동력을　살려　싸우자．
S2M:M37LOW:2	dup=S2M:M01LOW:2	花組各員に通達！\n「風」作戦を開始するぞ！	화조　전원에게　통보！\n「풍」　작전　개시다！
S2M:M37LOW:3	dup=S2M:M01LOW:3	林のように心静かに……\n本来の力を引き出すんだ！	숲처럼　마음을　고요히……\n본래의　힘을　끌어내자！
S2M:M37LOW:4	dup=S2M:M01LOW:4	今は、この命令を出している。\n本来の力で敵に立ち向かおう。	현재　명령은　이것이다．\n본래의　힘으로　맞서자．
S2M:M37LOW:5	dup=S2M:M01LOW:5	花組各員に通達！\n「林」作戦を開始するぞ！	화조　전원에게　통보！\n「림」　작전　개시다！
S2M:M37LOW:6	dup=S2M:M01LOW:6	炎のように熱く燃える……\n攻撃力重視の作戦だ！	불처럼　뜨겁게　타오르는……\n공격력　중시　작전이다！
S2M:M37LOW:7	dup=S2M:M01LOW:7	今は、この命令を出している。\n攻撃力を活かして戦おう。	현재　명령은　이것이다．\n공격력을　살려　싸우자．
S2M:M37LOW:8	dup=S2M:M01LOW:8	花組各員に通達！\n「火」作戦を開始するぞ！	화조　전원에게　통보！\n「화」　작전　개시다！
S2M:M37LOW:9	dup=S2M:M01LOW:9	構えること山のごとく……\n防御力重視の作戦だ！	산처럼　굳건히　버티는……\n방어력　중시　작전이다！
S2M:M37LOW:10	dup=S2M:M01LOW:10	今は、この命令を出している。\n防御力を活かして戦おう。	현재　명령은　이것이다．\n방어력을　살려　싸우자．
S2M:M37LOW:11	dup=S2M:M01LOW:11	花組各員に通達！\n「山」作戦を開始するぞ！	화조　전원에게　통보！\n「산」　작전　개시다！
S2M:M37LOW:12	dup=S2M:M01LOW:12	このままの作戦でいくぞ！	이대로　작전을　계속한다！
S2M:M37LOW:13	dup=S2M:M01LOW:13	了解！	알겠습니다！
S2M:M37LOW:14		金剛の乗る魔操機兵、\n「大日剣」を破壊して！	금강이　탄　마조기병，\n「대일검」을　파괴해！
S2M:M37LOW:15	dup=S2M:M08LOW:15	０メッセージ１－２	０메시지１－２
S2M:M37LOW:16	dup=S2M:M01LOW:16	０メッセージ１－３	０메시지１－３
S2M:M37LOW:17	dup=S2M:M12LOW:17	門の外に出て、\n土機を撃破するのよ！	문　밖으로　나가，\n토기를　격파해！
S2M:M37LOW:18	dup=S2M:M12LOW:18	敵の大将、土は、\n攻撃回数が多いわ。\n気をつけるのよ！	적장　토지구모는\n공격　횟수가　많아．\n조심해！
S2M:M37LOW:19	dup=S2M:M01LOW:19	０メッセージ２－３	０메시지２－３
S2M:M37LOW:20	dup=S2M:M02LOW:20	大神さん、山崎は強いわ。\n一時撤退しましょう！	야마자키는　강해요．\n일단　후퇴하죠！
S2M:M37LOW:21	dup=S2M:M01LOW:21	０メッセージ３－２	０메시지３－２
S2M:M37LOW:22	dup=S2M:M01LOW:22	０メッセージ３－３	０메시지３－３
S2M:M37LOW:23	dup=S2M:M01LOW:23	花組の隊長、大神一郎。\n高い戦闘力と、\n勇敢な心を持っている。	화조　대장，　오오가미．\n높은　전투력과\n용감한　마음을　지녔다．
S2M:M37LOW:24	dup=S2M:M01LOW:24	北辰一刀流、真宮寺さくら。\n素早い動きで、\n敵を一刀両断する。	북진일도류，　사쿠라．\n빠른　움직임으로\n적을　일도양단한다．
S2M:M37LOW:25	dup=S2M:M01LOW:25	神崎風塵流、神崎すみれ。\n華麗なナギナタの技は、\n見るものの心をもとらえる。	칸자키　풍진류，　스미레．\n화려한　나기나타　기술은\n보는　이의　마음마저　홀려．
S2M:M37LOW:26	dup=S2M:M01LOW:26	射撃手、マリア・タチバナ。\n氷の銃弾は、狙った\n獲物を決して逃さない。	사격수，　마리아．\n얼음　탄환은　노린\n먹이를　놓치지　않는다．
S2M:M37LOW:27	dup=S2M:M01LOW:27	桐島流空手、桐島カンナ。\n圧倒的なパワーで、むらがる\n敵を粉砕する。	가라테의　달인，　칸나．\n압도적　파워로　몰려드는\n적을　분쇄한다．
S2M:M37LOW:28	dup=S2M:M01LOW:28	花組のマスコット、アイリス。\n超能力を使った、\n不思議な攻撃で敵と戦う。	화조의　마스코트，\n아이리스．\n초능력으로　적과　싸운다．
S2M:M37LOW:29	dup=S2M:M01LOW:29	発明家、李紅蘭。\n次々に繰り出す発明品で、\n敵味方をあっといわせるぞ。	발명가，　코란．\n신제품을　잇달아　내놓아\n적과　아군을　놀라게　한다．
S2M:M37LOW:30	dup=S2M:M01LOW:30	元星組隊員、ソレッタ・織姫。\nイタリアンローズの機体に乗り\n赤い貴族と呼ばれている。	전　별조　대원，　오리히메．\n이탈리안　로즈를　타고\n붉은　귀족이라　불린다．
S2M:M37LOW:31	dup=S2M:M01LOW:31	レニ・ミルヒシュトラーセ。\n戦闘のプロとして、正確な\n無駄のない攻撃を行う。	레니　밀히슈트라세．　전투의\n프로답게　정확하고　군더더기\n없는　공격을　한다．
S2M:M37LOW:32	dup=S2M:M01LOW:36	脇侍・改「黄童子」\n金剛専用の部隊で、大日剣と\n同じ色に塗装されている。	협시・개　「황동자」　금강\n전용　부대로，　대일검과\n같은　색으로　칠해져　있다．
S2M:M37LOW:33	dup=S2M:M10LOW:33	魔操機兵、脇侍・改。\n戦闘力を高めた状態で、\n量産化に成功した機体。	마조기병，　협시・개．\n전투력을　높인　상태로\n양산에　성공한　기체．
S2M:M37LOW:34	dup=S2M:M16LOW:34	「雷撃砲」\n旧式の間接砲台。攻撃力は\n高いが、攻撃範囲が狭い。	「뇌격포」\n구식　간접　포대．　공격력은\n높지만　공격　범위가　좁다．
S2M:M37LOW:35	dup=S2M:M05LOW:35	魔操機兵、脇侍・改。\n大砲を装備しているものは、\nハ型と呼ばれる。	마조기병，　협시・개．\n대포를　장비한　것은\n하형이라　부른다．
S2M:M37LOW:36	dup=S2M:M12LOW:36	魔操機兵、脇侍・改。\nより強力な鉄砲を持ち、遠くを\n狙えるようになった。	마조기병，　협시・개．\n더　강한　총을　지녀　멀리\n조준할　수　있게　됐다．
S2M:M37LOW:37	dup=S2M:M09LOW:37	魔操機兵、脇侍・改。\n散弾を使用しており、\n１発の威力は比較的小さい。	마조기병，　협시・개．\n산탄을　사용하며　한　발\n위력은　비교적　낮다．
S2M:M37LOW:38		魔操機兵「大日剣」\n五行衆・金剛の乗る機体で、\n高い格闘能力を持っている。	마조기병　「대일검」\n오행중・금강이　타는　기체로\n격투　능력이　높다．
S2M:M37LOW:39	dup=S2M:M05LOW:40	魔操機兵、脇侍・改。\n独特の攻撃範囲を持ち、\nニ型特と呼ばれる。	마조기병，　협시・개．\n독특한　공격　범위를　지녀\n니형　특이라　부른다．
S2M:M37LOW:40	dup=S2M:M01LOW:40	メッセージ１８	메시지　１８
S2M:M37LOW:41	dup=S2M:M01LOW:41	メッセージ１９	메시지　１９
S2M:M37LOW:42	dup=S2M:M01LOW:42	メッセージ２０	메시지　２０
S2M:M37LOW:43	dup=S2M:M01LOW:43	今のところ、\nかばう必要はなさそうだな。	지금은\n보호할　필요　없어　보이네．
S2M:M37LOW:44	dup=S2M:M01LOW:44	さくらくん……\n君は俺が守る！	사쿠라　군……\n내가　지킬게！
S2M:M37LOW:45	dup=S2M:M01LOW:45	すみれくん……\n君の盾になってもいいかい。	스미레　군……\n네　방패가　되어도　될까？
S2M:M37LOW:46	dup=S2M:M01LOW:46	マリア……\n君の背中を守らせてくれ。	마리아……\n네　뒤를　지키게　해　줘．
S2M:M37LOW:47	dup=S2M:M01LOW:47	カンナ……\n俺は、君を全力で守るぞ！	칸나……　내가　온　힘을\n다해　지키마！
S2M:M37LOW:48	dup=S2M:M01LOW:48	アイリス……\n俺が側にいるから、\n安心していいよ。	아이리스……\n내가　곁에　있으니，\n안심해도　돼．
S2M:M37LOW:49	dup=S2M:M01LOW:49	紅蘭……\nいつだって君を助けにゆくよ。	코란……\n언제든　널　도우러　갈게．
S2M:M37LOW:50	dup=S2M:M01LOW:50	織姫くん……\n苦しいときは、\nいつでも俺を呼んでくれ！	오리히메　군……\n힘들　때는，\n언제든　날　불러！
S2M:M37LOW:51	dup=S2M:M01LOW:51	レニ……\nたまには、\n守られたっていいだろう？	레니……\n가끔은，\n보호받아도　괜찮잖아？
S2M:M37LOW:52	dup=S2M:M01LOW:52	がんばって！　大神さん！	힘내요！　오오가미　씨！
S2M:M37LOW:53	dup=S2M:M01LOW:53	大神さんが頼りです！	오오가미　씨만　믿을게요！
S2M:M37LOW:54	dup=S2M:M01LOW:54	無理しないでください、\n大神さん……	무리하지　마세요，\n오오가미　씨……
S2M:M37LOW:55	dup=S2M:M01LOW:55	がんばります！	힘낼게요！
S2M:M37LOW:56	dup=S2M:M01LOW:56	大神さんのために……\nあたし、やります！	오오가미　씨를　위해……\n제가　할게요！
S2M:M37LOW:57	dup=S2M:M01LOW:57	あたしが\nがんばらなくっちゃ！	제가　힘내야　해요！
S2M:M37LOW:58	dup=S2M:M01LOW:58	あたし……負けないわ……	저…　지지　않을　거예요…
S2M:M37LOW:59	dup=S2M:M01LOW:59	……ありがとうございます。\n大神さん。	……감사합니다．\n오오가미　씨．
S2M:M37LOW:60	dup=S2M:M01LOW:60	大神さんがいてくれるから、\nあたし、がんばれます！	오오가미　씨가　계시니까\n저도　힘낼　수　있어요！
S2M:M37LOW:61	dup=S2M:M01LOW:61	大丈夫ですか……大神さん。	괜찮으세요…　오오가미　씨．
S2M:M37LOW:62	dup=S2M:M01LOW:62	大神さん……\nごめんなさい……	오오가미　씨……\n죄송해요……
S2M:M37LOW:63	dup=S2M:M01LOW:63	ここは大神さんに\nお任せします……\n……ごめんなさい。	여기는　오오가미　씨에게\n맡길게요……\n……죄송해요．
S2M:M37LOW:64	dup=S2M:M01LOW:64	やりましたね、大神さん！	해냈네요，　오오가미　씨！
S2M:M37LOW:65	dup=S2M:M01LOW:65	今日の大神さん、\n一味違いますね。	오늘　오오가미　씨는\n평소와　다르네요．
S2M:M37LOW:66	dup=S2M:M01LOW:66	やりました！	해냈어요！
S2M:M37LOW:67	dup=S2M:M01LOW:67	大神さんのおかげです！	오오가미　씨　덕분이에요！
S2M:M37LOW:68	dup=S2M:M01LOW:68	大神さん……\nあたし、信じています。	오오가미　씨……\n저는　믿고　있어요．
S2M:M37LOW:69	dup=S2M:M01LOW:69	見せ場がきましてよ、少尉。	제　무대네요，　소위님．
S2M:M37LOW:70	dup=S2M:M01LOW:70	がんばってください、\nわたくしのために……	힘내　주세요，\n저를　위해……
S2M:M37LOW:71	dup=S2M:M01LOW:71	無理は禁物ですわ……	무리는　금물이에요……
S2M:M37LOW:72	dup=S2M:M01LOW:72	さあ、いきますわよ！	자，　갑니다！
S2M:M37LOW:73	dup=S2M:M01LOW:73	少尉、わたくしを\n見ていてくださいな。	소위님，\n저를　지켜봐　주세요．
S2M:M37LOW:74	dup=S2M:M01LOW:74	わたくしでなくては\nダメですわね。	저여야만　하겠군요．
S2M:M37LOW:75	dup=S2M:M01LOW:75	こ、この程度で……	이，　이　정도로……
S2M:M37LOW:76	dup=S2M:M01LOW:76	うれしいですわ……\n少尉……	기뻐요……\n소위님……
S2M:M37LOW:77	dup=S2M:M01LOW:77	わたくしを守ることが\nできるのは少尉だけですわ。	저를　지킬　수　있는　건\n소위님뿐이에요．
S2M:M37LOW:78	dup=S2M:M01LOW:78	かっ、身体が勝手に\n動いただけですわ……	몸이　저절로\n움직였을　뿐이에요……
S2M:M37LOW:79	dup=S2M:M01LOW:79	わたくしとしたことが……	저답지　않게……
S2M:M37LOW:80	dup=S2M:M01LOW:80	少尉を……\n……置いてはいけないのに！	소위님을……\n……두고　갈　수는　없는데！
S2M:M37LOW:81	dup=S2M:M01LOW:81	お見事ですわ、少尉。	훌륭해요，　소위님．
S2M:M37LOW:82	dup=S2M:M01LOW:82	りりしいですわよ、少尉。	늠름하시네요，　소위님．
S2M:M37LOW:83	dup=S2M:M01LOW:83	たいしたことありませんわね。	별것도　아니네요．
S2M:M37LOW:84	dup=S2M:M01LOW:84	見てくださいました？　少尉。	보셨나요？　소위님．
S2M:M37LOW:85	dup=S2M:M01LOW:85	んふっ、\nちょろいもんですわね。\nねぇ、少尉……	후훗，\n이　정도야　식은　죽이죠．\n그렇죠，　소위님……
S2M:M37LOW:86	dup=S2M:M01LOW:86	隊長、お願いします。	대장님，　부탁드려요．
S2M:M37LOW:87	dup=S2M:M01LOW:87	隊長……\n信じています。	대장님……\n믿고　있어요．
S2M:M37LOW:88	dup=S2M:M01LOW:88	隊長……\n慎重にいきましょう。	대장님……\n신중하게　가죠．
S2M:M37LOW:89	dup=S2M:M01LOW:89	さぁ、覚悟しなさい。	자，　각오하세요．
S2M:M37LOW:90	dup=S2M:M01LOW:90	私には、隊長が\nついていてくれる……	저에겐　대장님이\n곁에　계시니까……
S2M:M37LOW:91	dup=S2M:M01LOW:91	私がしっかりしなくては……	제가　정신　차려야……
S2M:M37LOW:92	dup=S2M:M01LOW:92	くっ、まだ……やれる！	큭，아직……　할　수　있어！
S2M:M37LOW:93	dup=S2M:M01LOW:93	すいません、隊長。	죄송해요，　대장님．
S2M:M37LOW:94	dup=S2M:M01LOW:94	隊長の背中……\nとても大きく見えます……	대장님　등……\n정말　커　보이네요……
S2M:M37LOW:95	dup=S2M:M01LOW:95	隊長が無事でよかった……	대장님이　무사해서　다행……
S2M:M37LOW:96	dup=S2M:M01LOW:96	隊長……申し訳ありません……	대장님……　죄송해요……
S2M:M37LOW:97	dup=S2M:M01LOW:97	もう少し……\n隊長と共に……	조금만　더……\n대장님과　함께……
S2M:M37LOW:98	dup=S2M:M01LOW:98	やりますね、隊長。	잘하시네요，　대장님．
S2M:M37LOW:99	dup=S2M:M01LOW:99	隊長が\nいてくださってよかった……	대장님이　계셔서　다행……
S2M:M37LOW:100	dup=S2M:M01LOW:100	ふんっ！　この程度……？	흥！　이　정도……？
S2M:M37LOW:101	dup=S2M:M01LOW:101	隊長、すばらしい指揮です！	대장님，　훌륭한　지휘예요！
S2M:M37LOW:102	dup=S2M:M01LOW:102	隊長が、私の力を\n何倍にもしてくれます。	대장님이　제　힘을\n몇　배나　키워　주세요．
S2M:M37LOW:103	dup=S2M:M01LOW:103	やっちまえ！　隊長！	해치워！　대장님！
S2M:M37LOW:104	dup=S2M:M01LOW:104	あたいがついてるぜ、隊長。	내가　곁에　있어，　대장．
S2M:M37LOW:105	dup=S2M:M01LOW:105	隊長の気合を見せてくれ！	대장님，　기합을　보여　줘！
S2M:M37LOW:106	dup=S2M:M01LOW:106	あたいの番だな！	내　차례구나！
S2M:M37LOW:107	dup=S2M:M01LOW:107	みていてくれよなっ！\n隊長！	지켜봐　줘！\n대장！
S2M:M37LOW:108	dup=S2M:M01LOW:108	まとめて面倒みるぜ！	한꺼번에　상대해　주마！
S2M:M37LOW:109	dup=S2M:M01LOW:109	まだまだ、\nどんどんかかってこいっ！	아직　멀었어，\n어서　덤벼！
S2M:M37LOW:110	dup=S2M:M01LOW:110	すまねぇな、隊長。	미안하군，　대장．
S2M:M37LOW:111	dup=S2M:M01LOW:111	へへっ、\n守られるってのも悪くないな。	헤헤，　보호받는　것도\n나쁘지　않군．
S2M:M37LOW:112	dup=S2M:M01LOW:112	へへっ、らしくないぜぇ？\n隊長！	헤헤，　나답지　않지？\n대장！
S2M:M37LOW:113	dup=S2M:M01LOW:113	ちくしょう……\nこんなところで……	젠장……\n이런　곳에서……
S2M:M37LOW:114	dup=S2M:M01LOW:114	隊長、すまない。\nあたいの分まで\nがんばってくれ！	대장，　미안하다．\n내　몫까지\n힘내　줘！
S2M:M37LOW:115	dup=S2M:M01LOW:115	やるじゃねぇか！　隊長！	제법이잖아！　대장！
S2M:M37LOW:116	dup=S2M:M01LOW:116	ほれぼれするぜ！　隊長！	감탄스럽군！　대장！
S2M:M37LOW:117	dup=S2M:M01LOW:117	ざっとこんなもんだぜ！	대충　이　정도지！
S2M:M37LOW:118	dup=S2M:M01LOW:118	へっへーん！\nどうだい！　隊長！	헤헤ー！\n어때！　대장！
S2M:M37LOW:119	dup=S2M:M01LOW:119	誰もあたいたちを\n止められねぇぜ！	아무도　우릴\n막을　수　없어！
S2M:M37LOW:120	dup=S2M:M01LOW:120	がんばろうね、お兄ちゃん。	힘내자，　오빠．
S2M:M37LOW:121	dup=S2M:M01LOW:121	お兄ちゃん、いっけぇー！	오빠，　가ー！
S2M:M37LOW:122	dup=S2M:M01LOW:122	お兄ちゃん……負けないで！	오빠……　지지　마！
S2M:M37LOW:123	dup=S2M:M01LOW:123	アイリス、いきまーす！	아이리스，　갑니다아！
S2M:M37LOW:124	dup=S2M:M01LOW:124	えへへっ、\nアイリスがんばるよ！	에헤헤，\n아이리스　힘낼게！
S2M:M37LOW:125	dup=S2M:M01LOW:125	アイリスが\nがんばらなくちゃ！	아이리스가\n힘내야　해！
S2M:M37LOW:126	dup=S2M:M01LOW:126	アイリス……もうだめ……	아이리스…　이제　안　돼…
S2M:M37LOW:127	dup=S2M:M01LOW:127	アイリスのために\n来てくれたんだぁー！	아이리스를　위해　왔구나ー！
S2M:M37LOW:128	dup=S2M:M01LOW:128	お兄ちゃんは、\n白馬のおうじさまだね！	오빠는\n백마　탄　왕자님이네！
S2M:M37LOW:129	dup=S2M:M01LOW:129	お兄ちゃん……\nアイリスがついてるからね。	오빠……\n아이리스가　곁에　있을게．
S2M:M37LOW:130	dup=S2M:M01LOW:130	あ……止まっちゃった……	아……　멈췄어……
S2M:M37LOW:131	dup=S2M:M01LOW:131	お兄ちゃん……\nごめんね……	오빠……\n미안해……
S2M:M37LOW:132	dup=S2M:M01LOW:132	わーい、やったね！\nお兄ちゃん！	와ー，　해냈다！\n오빠！
S2M:M37LOW:133	dup=S2M:M01LOW:133	お兄ちゃん、\nすごい、すっごーい！	오빠，\n대단해，　정말　대단해ー！
S2M:M37LOW:134	dup=S2M:M01LOW:134	アイリス、すごいでしょ！	아이리스，　대단하지！
S2M:M37LOW:135	dup=S2M:M01LOW:135	ねぇ、ねぇ！\nほめてほめて！	있잖아，　있잖아！\n칭찬해　줘，　칭찬해　줘！
S2M:M37LOW:136	dup=S2M:M01LOW:136	お兄ちゃんがいれば、\nアイリスなんにも恐くないよ！	오빠만　있으면，\n아이리스는　안　무서워！
S2M:M37LOW:137	dup=S2M:M01LOW:137	頼んだで、大神はん。	부탁한다，　오오가미　씨．
S2M:M37LOW:138	dup=S2M:M01LOW:138	ウチらの力、見せたろうで！	우리　힘을　보여　주자！
S2M:M37LOW:139	dup=S2M:M01LOW:139	だ、大丈夫かいな、大神はん。	괜찮나，　오오가미　씨．
S2M:M37LOW:140	dup=S2M:M01LOW:140	ほな、いってみよか！	그럼，　가　볼까！
S2M:M37LOW:141	dup=S2M:M01LOW:141	大神はん、\nウチにまーかしとき！	오오가미　씨，\n나한테　맡겨！
S2M:M37LOW:142	dup=S2M:M01LOW:142	ウチががんばらんと！	내가　힘내야　해！
S2M:M37LOW:143	dup=S2M:M01LOW:143	や、やばいで……	이，　이거　위험해……
S2M:M37LOW:144	dup=S2M:M01LOW:144	お、おおきに、\n大神はん……	고，　고마워，\n오오가미　씨……
S2M:M37LOW:145	dup=S2M:M01LOW:145	もう、そないなことされたら、\nウチ……	그렇게까지　해　주면，\n나……
S2M:M37LOW:146	dup=S2M:M01LOW:146	大神はんがおらんと、\nウチ……こまるんや。	오오가미　씨가　없으면，\n나……　곤란해．
S2M:M37LOW:147	dup=S2M:M01LOW:147	そのへんで、堪忍や……	이쯤에서　봐줘……
S2M:M37LOW:148	dup=S2M:M01LOW:148	大神はん、すんまへん。	오오가미　씨，　미안해．
S2M:M37LOW:149	dup=S2M:M01LOW:149	大神はん、その調子や！	오오가미　씨，　그　기세야！
S2M:M37LOW:150	dup=S2M:M01LOW:150	ええ感じやで！　大神はん！	좋은데！　오오가미　씨！
S2M:M37LOW:151	dup=S2M:M01LOW:151	いっちょあがりや！	한　건　해냈다！
S2M:M37LOW:152	dup=S2M:M01LOW:152	大神はん、\nやったで、ウチ！	오오가미　씨，\n나　해냈어！
S2M:M37LOW:153	dup=S2M:M01LOW:153	ウチらの力を合わせれば、\n千人力や！	우리　힘을　합치면，\n천군만마야！
S2M:M37LOW:154	dup=S2M:M01LOW:154	少尉さん、\nお手並み拝見でーす！	소위님，\n실력을　보여　주세요ー！
S2M:M37LOW:155	dup=S2M:M01LOW:155	早く終わらせて帰りましょー。	빨리　끝내고　돌아가요ー．
S2M:M37LOW:156	dup=S2M:M01LOW:156	ちょっと、\nヤバそうってカンジ！	잠깐，\n좀　위험해　보이는　느낌！
S2M:M37LOW:157	dup=S2M:M01LOW:157	たのしいでーす！	재밌어요ー！
S2M:M37LOW:158	dup=S2M:M01LOW:158	わたしを見ていてくださーい！	저를　지켜봐　주세요ー！
S2M:M37LOW:159	dup=S2M:M10LOW:159	勝手にやらせてもらいまーす！	맘대로　하게　해　주세요ー！
S2M:M37LOW:160	dup=S2M:M01LOW:160	シャワー浴びたいでーす！	샤워하고　싶어요ー！
S2M:M37LOW:161	dup=S2M:M10LOW:161	あはっ！\n少尉さん、サンキュでーす！	아핫！\n소위님，　고마워요ー！
S2M:M37LOW:162	dup=S2M:M01LOW:162	少尉さん、\n無理しなくていいでーす……	소위님，\n무리하지　않아도　돼요……
S2M:M37LOW:163	dup=S2M:M01LOW:163	まったく、\nダメなオトコでーす！	정말이지，\n쓸모없는　남자네요ー！
S2M:M37LOW:164	dup=S2M:M01LOW:164	これ以上はカンベンでーす！	이　이상은　봐주겠어요ー！
S2M:M37LOW:165	dup=S2M:M01LOW:165	もうだめです。\n撤退します……隊長……	이젠　안　돼요．\n후퇴할게요……　대장……
S2M:M37LOW:166	dup=S2M:M01LOW:166	なかなかやるってカンジ！	제법인데요！
S2M:M37LOW:167	dup=S2M:M01LOW:167	少尉さん、\nちょーかっこいいでーす！	소위님，\n정말　멋져요ー！
S2M:M37LOW:168	dup=S2M:M01LOW:168	楽勝でーす！	거뜬해요ー！
S2M:M37LOW:169	dup=S2M:M01LOW:169	うふっ！\n拍手をくださーい！	후훗！\n박수　쳐　주세요ー！
S2M:M37LOW:170	dup=S2M:M01LOW:170	このデュオは最高でーす！	이　듀오는　최고예요ー！
S2M:M37LOW:171	dup=S2M:M01LOW:171	……行動開始。	……행동　개시．
S2M:M37LOW:172	dup=S2M:M07LOW:172	隊長、気を付けて。	대장님，　조심하세요．
S2M:M37LOW:173	dup=S2M:M01LOW:173	……危険だよ。	……위험해．
S2M:M37LOW:174	dup=S2M:M07LOW:174	いくよ！	가자！
S2M:M37LOW:175	dup=S2M:M07LOW:175	指示、よろしく。	지시，　잘　부탁해．
S2M:M37LOW:176	dup=S2M:M08LOW:176	ボクの力で……倒す……	내　힘으로…　쓰러뜨린다…
S2M:M37LOW:177	dup=S2M:M01LOW:177	機体の損傷が激しい……	기체　손상이　심해……
S2M:M37LOW:178	dup=S2M:M01LOW:178	………………	………………
S2M:M37LOW:179	dup=S2M:M07LOW:179	……ありがとう。	…고마워．
S2M:M37LOW:180	dup=S2M:M01LOW:180	隊長……しっかり……	대장……　정신　차려……
S2M:M37LOW:181	dup=S2M:M01LOW:181	一時、撤退……	일단　후퇴……
S2M:M37LOW:182	dup=S2M:M07LOW:182	隊長、\nあとは……よろしく。	대장，\n나머지는……　부탁해．
S2M:M37LOW:183	dup=S2M:M01LOW:183	目標、撃破確認……	목표　격파　확인……
S2M:M37LOW:184	dup=S2M:M07LOW:184	やるね、隊長。	잘하네，　대장．
S2M:M37LOW:185	dup=S2M:M01LOW:185	目標撃破……	목표　격파……
S2M:M37LOW:186	dup=S2M:M07LOW:186	隊長……\n次の指示を……	대장……\n다음　지시를……
S2M:M37LOW:187	dup=S2M:M01LOW:187	これが……ボクらの力……！	이게……　우리　힘……！
S2M:M37LOW:188	dup=S2M:M01LOW:188	そぉら、いくぜ！	자아，　간다！
S2M:M37LOW:189	dup=S2M:M01LOW:189	さぁ、楽しませてくれよ。	자，　즐겁게　해　줘．
S2M:M37LOW:190	dup=S2M:M01LOW:190	勝負は……これからだぜ！	승부는……　지금부터야！
S2M:M37LOW:191	dup=S2M:M01LOW:191	なかなか、\nやるじゃねぇか！	제법이군，\n잘하잖아！
S2M:M37LOW:192	dup=S2M:M01LOW:192	おもしれぇ……	재밌군……
S2M:M37LOW:193	dup=S2M:M01LOW:193	大丈夫か、水狐。	괜찮나，　수호．
S2M:M37LOW:194	dup=S2M:M01LOW:194	華麗に燃やしてあげますよ……	화려하게　태워　드리죠……
S2M:M37LOW:195	dup=S2M:M01LOW:195	覚悟してください。	각오하세요．
S2M:M37LOW:196	dup=S2M:M01LOW:196	あははははは！	아하하하하하！
S2M:M37LOW:197	dup=S2M:M01LOW:197	燃やしつくしてやる！	모조리　태워　주마！
S2M:M37LOW:198	dup=S2M:M01LOW:198	ご……ゴミが……	쓰……　쓰레기가……
S2M:M37LOW:199	dup=S2M:M01LOW:199	私の戦いを見せてあげる。	내　싸움을　보여　주지．
S2M:M37LOW:200	dup=S2M:M01LOW:200	やさしくしてあげるわ。	상냥하게　해　줄게．
S2M:M37LOW:201	dup=S2M:M01LOW:201	ふふふ……負けないわよ。	후후후…　지지　않을　거야．
S2M:M37LOW:202	dup=S2M:M01LOW:202	やるわね。\nさすが華撃団……	잘하네．\n역시　화격단……
S2M:M37LOW:203	dup=S2M:M01LOW:203	くっ……\nこれほどとはね……	큭……\n이　정도일　줄이야……
S2M:M37LOW:204	dup=S2M:M01LOW:204	さぁ、ワシの番じゃな。	자，　내　차례로구나．
S2M:M37LOW:205	dup=S2M:M01LOW:205	ワシの計算にぬかりはないぞ。	내　계산엔　빈틈없다．
S2M:M37LOW:206	dup=S2M:M01LOW:206	こ、このままでは\n終わらぬぞ……	이，　이대로는\n끝나지　않아……
S2M:M37LOW:207	dup=S2M:M01LOW:207	これも計算のうちじゃ。	이것도　계산　안이야．
S2M:M37LOW:208	dup=S2M:M01LOW:208	ぬうっ……\nこれは計算外じゃ……	으으……\n이건　계산　밖이야……
S2M:M37LOW:209	dup=S2M:M01LOW:209	狩りとってやる！	사냥해　주마！
S2M:M37LOW:210	dup=S2M:M01LOW:210	今、楽にしてやるからな。	지금　편하게　해　주마．
S2M:M37LOW:211	dup=S2M:M01LOW:211	ひ、ひねり殺してやる！	비，　비틀어　죽여　주마！
S2M:M37LOW:212	dup=S2M:M01LOW:212	勝ったと思うなよ……	이겼다고　생각하지　마……
S2M:M37LOW:213	dup=S2M:M01LOW:213	まだ、終わりではないぞ！	아직　끝나지　않았다！
S2M:M37LOW:214	dup=S2M:M01LOW:214	終わりにしてやる。	끝내　주마．
S2M:M37LOW:215	dup=S2M:M01LOW:215	いくぞ！　華撃団っ！	간다！　화격단！
S2M:M37LOW:216	dup=S2M:M01LOW:216	まだ、まだだっ！	아직，　아직이다！
S2M:M37LOW:217	dup=S2M:M01LOW:217	腕を上げたな……	실력이　늘었구나……
S2M:M37LOW:218	dup=S2M:M01LOW:218	ぐっ……\nわたしの復讐が……	큭……\n내　복수가……
S2M:M37LOW:219	dup=S2M:M01LOW:219	容赦はせぬぞ……	봐주지　않겠다……
S2M:M37LOW:220	dup=S2M:M01LOW:220	お前たちの罪を知れ……	너희의　죄를　깨달아라……
S2M:M37LOW:221	dup=S2M:M01LOW:221	戦いとはいつも無常だ……	싸움은　언제나　덧없다……
S2M:M37LOW:222	dup=S2M:M01LOW:222	愛は死んだ……	사랑은　죽었다……
S2M:M37LOW:223	dup=S2M:M01LOW:223	ぬぅ……やるな……	으음……　제법이군……
S2M:M37LOW:224	dup=S2M:M01LOW:224	私に触れるな！	나에게　손대지　마！
S2M:M37LOW:225	dup=S2M:M01LOW:225	帝都の恨みは、\nこの程度ではないぞ……	제도의　원한은，\n이　정도가　아니다……
S2M:M37LOW:226	dup=S2M:M01LOW:226	最後に勝つのは……私だ！	최후의　승자는……　나다！
S2M:M37LOW:227	dup=S2M:M01LOW:227	この程度で……ぬうっ！	이　정도로……　으음！
S2M:M37LOW:228	dup=S2M:M01LOW:228	思い上がるな……\n偽善者めっ！	우쭐대지　마……\n위선자　자식！
S2M:M45LOW:0	dup=S2M:M01LOW:0	疾きこと風のごとく……\n移動力重視の作戦だ！	빠르기는　바람처럼……\n이동력　중시　작전이다！
S2M:M45LOW:1	dup=S2M:M01LOW:1	今は、この命令を出している。\n移動力を活かして戦おう。	현재　명령은　이것이다．\n이동력을　살려　싸우자．
S2M:M45LOW:2	dup=S2M:M01LOW:2	花組各員に通達！\n「風」作戦を開始するぞ！	화조　전원에게　통보！\n「풍」　작전　개시다！
S2M:M45LOW:3	dup=S2M:M01LOW:3	林のように心静かに……\n本来の力を引き出すんだ！	숲처럼　마음을　고요히……\n본래의　힘을　끌어내자！
S2M:M45LOW:4	dup=S2M:M01LOW:4	今は、この命令を出している。\n本来の力で敵に立ち向かおう。	현재　명령은　이것이다．\n본래의　힘으로　맞서자．
S2M:M45LOW:5	dup=S2M:M01LOW:5	花組各員に通達！\n「林」作戦を開始するぞ！	화조　전원에게　통보！\n「림」　작전　개시다！
S2M:M45LOW:6	dup=S2M:M01LOW:6	炎のように熱く燃える……\n攻撃力重視の作戦だ！	불처럼　뜨겁게　타오르는……\n공격력　중시　작전이다！
S2M:M45LOW:7	dup=S2M:M01LOW:7	今は、この命令を出している。\n攻撃力を活かして戦おう。	현재　명령은　이것이다．\n공격력을　살려　싸우자．
S2M:M45LOW:8	dup=S2M:M01LOW:8	花組各員に通達！\n「火」作戦を開始するぞ！	화조　전원에게　통보！\n「화」　작전　개시다！
S2M:M45LOW:9	dup=S2M:M01LOW:9	構えること山のごとく……\n防御力重視の作戦だ！	산처럼　굳건히　버티는……\n방어력　중시　작전이다！
S2M:M45LOW:10	dup=S2M:M01LOW:10	今は、この命令を出している。\n防御力を活かして戦おう。	현재　명령은　이것이다．\n방어력을　살려　싸우자．
S2M:M45LOW:11	dup=S2M:M01LOW:11	花組各員に通達！\n「山」作戦を開始するぞ！	화조　전원에게　통보！\n「산」　작전　개시다！
S2M:M45LOW:12	dup=S2M:M01LOW:12	このままの作戦でいくぞ！	이대로　작전을　계속한다！
S2M:M45LOW:13	dup=S2M:M01LOW:13	了解！	알겠습니다！
S2M:M45LOW:14		後から突入した部隊は、\n機関部の防衛を\n最優先任務とします！	후발　부대는\n기관부　방어를\n최우선　임무로　합니다！
S2M:M45LOW:15		大神くんの部隊が\n「八葉」を撃破するまで、\nなんとかもちこたえて！	오오가미　군　부대가\n「팔엽」을　격파할　때까지\n어떻게든　버텨！
S2M:M45LOW:16	dup=S2M:M01LOW:16	０メッセージ１－３	０메시지１－３
S2M:M45LOW:17	dup=S2M:M12LOW:17	門の外に出て、\n土機を撃破するのよ！	문　밖으로　나가，\n토기를　격파해！
S2M:M45LOW:18	dup=S2M:M12LOW:18	敵の大将、土は、\n攻撃回数が多いわ。\n気をつけるのよ！	적장　토지구모는\n공격　횟수가　많아．\n조심해！
S2M:M45LOW:19	dup=S2M:M01LOW:19	０メッセージ２－３	０메시지２－３
S2M:M45LOW:20	dup=S2M:M02LOW:20	大神さん、山崎は強いわ。\n一時撤退しましょう！	야마자키는　강해요．\n일단　후퇴하죠！
S2M:M45LOW:21	dup=S2M:M01LOW:21	０メッセージ３－２	０메시지３－２
S2M:M45LOW:22	dup=S2M:M01LOW:22	０メッセージ３－３	０메시지３－３
S2M:M45LOW:23	dup=S2M:M01LOW:23	花組の隊長、大神一郎。\n高い戦闘力と、\n勇敢な心を持っている。	화조　대장，　오오가미．\n높은　전투력과\n용감한　마음을　지녔다．
S2M:M45LOW:24	dup=S2M:M01LOW:24	北辰一刀流、真宮寺さくら。\n素早い動きで、\n敵を一刀両断する。	북진일도류，　사쿠라．\n빠른　움직임으로\n적을　일도양단한다．
S2M:M45LOW:25	dup=S2M:M01LOW:25	神崎風塵流、神崎すみれ。\n華麗なナギナタの技は、\n見るものの心をもとらえる。	칸자키　풍진류，　스미레．\n화려한　나기나타　기술은\n보는　이의　마음마저　홀려．
S2M:M45LOW:26	dup=S2M:M01LOW:26	射撃手、マリア・タチバナ。\n氷の銃弾は、狙った\n獲物を決して逃さない。	사격수，　마리아．\n얼음　탄환은　노린\n먹이를　놓치지　않는다．
S2M:M45LOW:27	dup=S2M:M01LOW:27	桐島流空手、桐島カンナ。\n圧倒的なパワーで、むらがる\n敵を粉砕する。	가라테의　달인，　칸나．\n압도적　파워로　몰려드는\n적을　분쇄한다．
S2M:M45LOW:28	dup=S2M:M01LOW:28	花組のマスコット、アイリス。\n超能力を使った、\n不思議な攻撃で敵と戦う。	화조의　마스코트，\n아이리스．\n초능력으로　적과　싸운다．
S2M:M45LOW:29	dup=S2M:M01LOW:29	発明家、李紅蘭。\n次々に繰り出す発明品で、\n敵味方をあっといわせるぞ。	발명가，　코란．\n신제품을　잇달아　내놓아\n적과　아군을　놀라게　한다．
S2M:M45LOW:30	dup=S2M:M01LOW:30	元星組隊員、ソレッタ・織姫。\nイタリアンローズの機体に乗り\n赤い貴族と呼ばれている。	전　별조　대원，　오리히메．\n이탈리안　로즈를　타고\n붉은　귀족이라　불린다．
S2M:M45LOW:31	dup=S2M:M01LOW:31	レニ・ミルヒシュトラーセ。\n戦闘のプロとして、正確な\n無駄のない攻撃を行う。	레니　밀히슈트라세．　전투의\n프로답게　정확하고　군더더기\n없는　공격을　한다．
S2M:M45LOW:32	dup=S2M:M18LOW:32	近接戦闘専用の降魔兵器。\n特別な武装を持たず、\n噛み付きによる攻撃を行う。	근접　전용　강마　병기．\n특수　무장은　없고\n물어뜯어　공격한다．
S2M:M45LOW:33	dup=S2M:M18LOW:33	支援用降魔兵器。\n羽の部分を武器化し、\n間接攻撃を可能にした。	지원용　강마　병기．\n날개를　무기로　삼아\n간접　공격이　가능하다．
S2M:M45LOW:34	dup=S2M:M19LOW:34	降魔兵器「万雷」\n木喰の残したデータにより\n完成した、接近戦用降魔。	강마　병기　「만뢰」\n모쿠지키가　남긴　데이터로\n완성한　근접전용　강마．
S2M:M45LOW:35	dup=S2M:M19LOW:35	降魔兵器「烈風」\n黒鬼会により改造された、\n遠距離支援用降魔。	강마　병기　「열풍」\n흑귀회가　개조한\n원거리　지원용　강마．
S2M:M45LOW:36	dup=S2M:M19LOW:36	回復用降魔兵器。\n降魔の力を活性化させる、\n回復能力を持つ。	회복용　강마　병기．\n강마의　힘을　활성화하는\n회복　능력을　지닌다．
S2M:M45LOW:37	dup=S2M:M09LOW:37	魔操機兵、脇侍・改。\n散弾を使用しており、\n１発の威力は比較的小さい。	마조기병，　협시・개．\n산탄을　사용하며　한　발\n위력은　비교적　낮다．
S2M:M45LOW:38	dup=S2M:M09LOW:38	魔操機兵、脇侍・改。\n回復能力を持つこの型は、\nエル特と呼ばれている。	마조기병，　협시・개．\n이　형은　회복　능력이　있어\n엘　특이라　부른다．
S2M:M45LOW:39	dup=S2M:M05LOW:40	魔操機兵、脇侍・改。\n独特の攻撃範囲を持ち、\nニ型特と呼ばれる。	마조기병，　협시・개．\n독특한　공격　범위를　지녀\n니형　특이라　부른다．
S2M:M45LOW:40	dup=S2M:M03LOW:36	魔操機兵「八葉」\n五行衆・土蜘蛛の乗る機体。\n６本の腕で連続攻撃を行う。	마조기병　「팔엽」\n오행중　토지구모의　기체．\n６개　팔로　연속　공격한다．
S2M:M45LOW:41	dup=S2M:M01LOW:41	メッセージ１９	메시지　１９
S2M:M45LOW:42	dup=S2M:M01LOW:42	メッセージ２０	메시지　２０
S2M:M45LOW:43	dup=S2M:M01LOW:43	今のところ、\nかばう必要はなさそうだな。	지금은\n보호할　필요　없어　보이네．
S2M:M45LOW:44	dup=S2M:M01LOW:44	さくらくん……\n君は俺が守る！	사쿠라　군……\n내가　지킬게！
S2M:M45LOW:45	dup=S2M:M01LOW:45	すみれくん……\n君の盾になってもいいかい。	스미레　군……\n네　방패가　되어도　될까？
S2M:M45LOW:46	dup=S2M:M01LOW:46	マリア……\n君の背中を守らせてくれ。	마리아……\n네　뒤를　지키게　해　줘．
S2M:M45LOW:47	dup=S2M:M01LOW:47	カンナ……\n俺は、君を全力で守るぞ！	칸나……　내가　온　힘을\n다해　지키마！
S2M:M45LOW:48	dup=S2M:M01LOW:48	アイリス……\n俺が側にいるから、\n安心していいよ。	아이리스……\n내가　곁에　있으니，\n안심해도　돼．
S2M:M45LOW:49	dup=S2M:M01LOW:49	紅蘭……\nいつだって君を助けにゆくよ。	코란……\n언제든　널　도우러　갈게．
S2M:M45LOW:50	dup=S2M:M01LOW:50	織姫くん……\n苦しいときは、\nいつでも俺を呼んでくれ！	오리히메　군……\n힘들　때는，\n언제든　날　불러！
S2M:M45LOW:51	dup=S2M:M01LOW:51	レニ……\nたまには、\n守られたっていいだろう？	레니……\n가끔은，\n보호받아도　괜찮잖아？
S2M:M45LOW:52	dup=S2M:M01LOW:52	がんばって！　大神さん！	힘내요！　오오가미　씨！
S2M:M45LOW:53	dup=S2M:M01LOW:53	大神さんが頼りです！	오오가미　씨만　믿을게요！
S2M:M45LOW:54	dup=S2M:M01LOW:54	無理しないでください、\n大神さん……	무리하지　마세요，\n오오가미　씨……
S2M:M45LOW:55	dup=S2M:M01LOW:55	がんばります！	힘낼게요！
S2M:M45LOW:56	dup=S2M:M01LOW:56	大神さんのために……\nあたし、やります！	오오가미　씨를　위해……\n제가　할게요！
S2M:M45LOW:57	dup=S2M:M01LOW:57	あたしが\nがんばらなくっちゃ！	제가　힘내야　해요！
S2M:M45LOW:58	dup=S2M:M01LOW:58	あたし……負けないわ……	저…　지지　않을　거예요…
S2M:M45LOW:59	dup=S2M:M01LOW:59	……ありがとうございます。\n大神さん。	……감사합니다．\n오오가미　씨．
S2M:M45LOW:60	dup=S2M:M01LOW:60	大神さんがいてくれるから、\nあたし、がんばれます！	오오가미　씨가　계시니까\n저도　힘낼　수　있어요！
S2M:M45LOW:61	dup=S2M:M01LOW:61	大丈夫ですか……大神さん。	괜찮으세요…　오오가미　씨．
S2M:M45LOW:62	dup=S2M:M01LOW:62	大神さん……\nごめんなさい……	오오가미　씨……\n죄송해요……
S2M:M45LOW:63	dup=S2M:M01LOW:63	ここは大神さんに\nお任せします……\n……ごめんなさい。	여기는　오오가미　씨에게\n맡길게요……\n……죄송해요．
S2M:M45LOW:64	dup=S2M:M01LOW:64	やりましたね、大神さん！	해냈네요，　오오가미　씨！
S2M:M45LOW:65	dup=S2M:M01LOW:65	今日の大神さん、\n一味違いますね。	오늘　오오가미　씨는\n평소와　다르네요．
S2M:M45LOW:66	dup=S2M:M01LOW:66	やりました！	해냈어요！
S2M:M45LOW:67	dup=S2M:M01LOW:67	大神さんのおかげです！	오오가미　씨　덕분이에요！
S2M:M45LOW:68	dup=S2M:M01LOW:68	大神さん……\nあたし、信じています。	오오가미　씨……\n저는　믿고　있어요．
S2M:M45LOW:69	dup=S2M:M01LOW:69	見せ場がきましてよ、少尉。	제　무대네요，　소위님．
S2M:M45LOW:70	dup=S2M:M01LOW:70	がんばってください、\nわたくしのために……	힘내　주세요，\n저를　위해……
S2M:M45LOW:71	dup=S2M:M01LOW:71	無理は禁物ですわ……	무리는　금물이에요……
S2M:M45LOW:72	dup=S2M:M01LOW:72	さあ、いきますわよ！	자，　갑니다！
S2M:M45LOW:73	dup=S2M:M01LOW:73	少尉、わたくしを\n見ていてくださいな。	소위님，\n저를　지켜봐　주세요．
S2M:M45LOW:74	dup=S2M:M01LOW:74	わたくしでなくては\nダメですわね。	저여야만　하겠군요．
S2M:M45LOW:75	dup=S2M:M01LOW:75	こ、この程度で……	이，　이　정도로……
S2M:M45LOW:76	dup=S2M:M01LOW:76	うれしいですわ……\n少尉……	기뻐요……\n소위님……
S2M:M45LOW:77	dup=S2M:M01LOW:77	わたくしを守ることが\nできるのは少尉だけですわ。	저를　지킬　수　있는　건\n소위님뿐이에요．
S2M:M45LOW:78	dup=S2M:M01LOW:78	かっ、身体が勝手に\n動いただけですわ……	몸이　저절로\n움직였을　뿐이에요……
S2M:M45LOW:79	dup=S2M:M01LOW:79	わたくしとしたことが……	저답지　않게……
S2M:M45LOW:80	dup=S2M:M01LOW:80	少尉を……\n……置いてはいけないのに！	소위님을……\n……두고　갈　수는　없는데！
S2M:M45LOW:81	dup=S2M:M01LOW:81	お見事ですわ、少尉。	훌륭해요，　소위님．
S2M:M45LOW:82	dup=S2M:M01LOW:82	りりしいですわよ、少尉。	늠름하시네요，　소위님．
S2M:M45LOW:83	dup=S2M:M01LOW:83	たいしたことありませんわね。	별것도　아니네요．
S2M:M45LOW:84	dup=S2M:M01LOW:84	見てくださいました？　少尉。	보셨나요？　소위님．
S2M:M45LOW:85	dup=S2M:M03LOW:85	んふっ、\nちょろいもんですわ。\nねぇ、少尉……	후훗，\n이　정도야　식은　죽이죠．\n그렇죠，　소위님……
S2M:M45LOW:86	dup=S2M:M01LOW:86	隊長、お願いします。	대장님，　부탁드려요．
S2M:M45LOW:87	dup=S2M:M01LOW:87	隊長……\n信じています。	대장님……\n믿고　있어요．
S2M:M45LOW:88	dup=S2M:M01LOW:88	隊長……\n慎重にいきましょう。	대장님……\n신중하게　가죠．
S2M:M45LOW:89	dup=S2M:M01LOW:89	さぁ、覚悟しなさい。	자，　각오하세요．
S2M:M45LOW:90	dup=S2M:M01LOW:90	私には、隊長が\nついていてくれる……	저에겐　대장님이\n곁에　계시니까……
S2M:M45LOW:91	dup=S2M:M01LOW:91	私がしっかりしなくては……	제가　정신　차려야……
S2M:M45LOW:92	dup=S2M:M01LOW:92	くっ、まだ……やれる！	큭，아직……　할　수　있어！
S2M:M45LOW:93	dup=S2M:M01LOW:93	すいません、隊長。	죄송해요，　대장님．
S2M:M45LOW:94	dup=S2M:M01LOW:94	隊長の背中……\nとても大きく見えます……	대장님　등……\n정말　커　보이네요……
S2M:M45LOW:95	dup=S2M:M01LOW:95	隊長が無事でよかった……	대장님이　무사해서　다행……
S2M:M45LOW:96	dup=S2M:M01LOW:96	隊長……申し訳ありません……	대장님……　죄송해요……
S2M:M45LOW:97	dup=S2M:M01LOW:97	もう少し……\n隊長と共に……	조금만　더……\n대장님과　함께……
S2M:M45LOW:98	dup=S2M:M01LOW:98	やりますね、隊長。	잘하시네요，　대장님．
S2M:M45LOW:99	dup=S2M:M01LOW:99	隊長が\nいてくださってよかった……	대장님이　계셔서　다행……
S2M:M45LOW:100	dup=S2M:M01LOW:100	ふんっ！　この程度……？	흥！　이　정도……？
S2M:M45LOW:101	dup=S2M:M01LOW:101	隊長、すばらしい指揮です！	대장님，　훌륭한　지휘예요！
S2M:M45LOW:102	dup=S2M:M01LOW:102	隊長が、私の力を\n何倍にもしてくれます。	대장님이　제　힘을\n몇　배나　키워　주세요．
S2M:M45LOW:103	dup=S2M:M01LOW:103	やっちまえ！　隊長！	해치워！　대장님！
S2M:M45LOW:104	dup=S2M:M01LOW:104	あたいがついてるぜ、隊長。	내가　곁에　있어，　대장．
S2M:M45LOW:105	dup=S2M:M01LOW:105	隊長の気合を見せてくれ！	대장님，　기합을　보여　줘！
S2M:M45LOW:106	dup=S2M:M01LOW:106	あたいの番だな！	내　차례구나！
S2M:M45LOW:107	dup=S2M:M01LOW:107	みていてくれよなっ！\n隊長！	지켜봐　줘！\n대장！
S2M:M45LOW:108	dup=S2M:M01LOW:108	まとめて面倒みるぜ！	한꺼번에　상대해　주마！
S2M:M45LOW:109	dup=S2M:M01LOW:109	まだまだ、\nどんどんかかってこいっ！	아직　멀었어，\n어서　덤벼！
S2M:M45LOW:110	dup=S2M:M01LOW:110	すまねぇな、隊長。	미안하군，　대장．
S2M:M45LOW:111	dup=S2M:M01LOW:111	へへっ、\n守られるってのも悪くないな。	헤헤，　보호받는　것도\n나쁘지　않군．
S2M:M45LOW:112	dup=S2M:M01LOW:112	へへっ、らしくないぜぇ？\n隊長！	헤헤，　나답지　않지？\n대장！
S2M:M45LOW:113	dup=S2M:M01LOW:113	ちくしょう……\nこんなところで……	젠장……\n이런　곳에서……
S2M:M45LOW:114	dup=S2M:M01LOW:114	隊長、すまない。\nあたいの分まで\nがんばってくれ！	대장，　미안하다．\n내　몫까지\n힘내　줘！
S2M:M45LOW:115	dup=S2M:M01LOW:115	やるじゃねぇか！　隊長！	제법이잖아！　대장！
S2M:M45LOW:116	dup=S2M:M01LOW:116	ほれぼれするぜ！　隊長！	감탄스럽군！　대장！
S2M:M45LOW:117	dup=S2M:M01LOW:117	ざっとこんなもんだぜ！	대충　이　정도지！
S2M:M45LOW:118	dup=S2M:M01LOW:118	へっへーん！\nどうだい！　隊長！	헤헤ー！\n어때！　대장！
S2M:M45LOW:119	dup=S2M:M01LOW:119	誰もあたいたちを\n止められねぇぜ！	아무도　우릴\n막을　수　없어！
S2M:M45LOW:120	dup=S2M:M01LOW:120	がんばろうね、お兄ちゃん。	힘내자，　오빠．
S2M:M45LOW:121	dup=S2M:M01LOW:121	お兄ちゃん、いっけぇー！	오빠，　가ー！
S2M:M45LOW:122	dup=S2M:M01LOW:122	お兄ちゃん……負けないで！	오빠……　지지　마！
S2M:M45LOW:123	dup=S2M:M01LOW:123	アイリス、いきまーす！	아이리스，　갑니다아！
S2M:M45LOW:124	dup=S2M:M01LOW:124	えへへっ、\nアイリスがんばるよ！	에헤헤，\n아이리스　힘낼게！
S2M:M45LOW:125	dup=S2M:M01LOW:125	アイリスが\nがんばらなくちゃ！	아이리스가\n힘내야　해！
S2M:M45LOW:126	dup=S2M:M01LOW:126	アイリス……もうだめ……	아이리스…　이제　안　돼…
S2M:M45LOW:127	dup=S2M:M01LOW:127	アイリスのために\n来てくれたんだぁー！	아이리스를　위해　왔구나ー！
S2M:M45LOW:128	dup=S2M:M01LOW:128	お兄ちゃんは、\n白馬のおうじさまだね！	오빠는\n백마　탄　왕자님이네！
S2M:M45LOW:129	dup=S2M:M01LOW:129	お兄ちゃん……\nアイリスがついてるからね。	오빠……\n아이리스가　곁에　있을게．
S2M:M45LOW:130	dup=S2M:M01LOW:130	あ……止まっちゃった……	아……　멈췄어……
S2M:M45LOW:131	dup=S2M:M01LOW:131	お兄ちゃん……\nごめんね……	오빠……\n미안해……
S2M:M45LOW:132	dup=S2M:M01LOW:132	わーい、やったね！\nお兄ちゃん！	와ー，　해냈다！\n오빠！
S2M:M45LOW:133	dup=S2M:M01LOW:133	お兄ちゃん、\nすごい、すっごーい！	오빠，\n대단해，　정말　대단해ー！
S2M:M45LOW:134	dup=S2M:M01LOW:134	アイリス、すごいでしょ！	아이리스，　대단하지！
S2M:M45LOW:135	dup=S2M:M01LOW:135	ねぇ、ねぇ！\nほめてほめて！	있잖아，　있잖아！\n칭찬해　줘，　칭찬해　줘！
S2M:M45LOW:136	dup=S2M:M01LOW:136	お兄ちゃんがいれば、\nアイリスなんにも恐くないよ！	오빠만　있으면，\n아이리스는　안　무서워！
S2M:M45LOW:137	dup=S2M:M01LOW:137	頼んだで、大神はん。	부탁한다，　오오가미　씨．
S2M:M45LOW:138	dup=S2M:M01LOW:138	ウチらの力、見せたろうで！	우리　힘을　보여　주자！
S2M:M45LOW:139	dup=S2M:M01LOW:139	だ、大丈夫かいな、大神はん。	괜찮나，　오오가미　씨．
S2M:M45LOW:140	dup=S2M:M01LOW:140	ほな、いってみよか！	그럼，　가　볼까！
S2M:M45LOW:141	dup=S2M:M01LOW:141	大神はん、\nウチにまーかしとき！	오오가미　씨，\n나한테　맡겨！
S2M:M45LOW:142	dup=S2M:M01LOW:142	ウチががんばらんと！	내가　힘내야　해！
S2M:M45LOW:143	dup=S2M:M01LOW:143	や、やばいで……	이，　이거　위험해……
S2M:M45LOW:144	dup=S2M:M01LOW:144	お、おおきに、\n大神はん……	고，　고마워，\n오오가미　씨……
S2M:M45LOW:145	dup=S2M:M01LOW:145	もう、そないなことされたら、\nウチ……	그렇게까지　해　주면，\n나……
S2M:M45LOW:146	dup=S2M:M01LOW:146	大神はんがおらんと、\nウチ……こまるんや。	오오가미　씨가　없으면，\n나……　곤란해．
S2M:M45LOW:147	dup=S2M:M01LOW:147	そのへんで、堪忍や……	이쯤에서　봐줘……
S2M:M45LOW:148	dup=S2M:M01LOW:148	大神はん、すんまへん。	오오가미　씨，　미안해．
S2M:M45LOW:149	dup=S2M:M01LOW:149	大神はん、その調子や！	오오가미　씨，　그　기세야！
S2M:M45LOW:150	dup=S2M:M01LOW:150	ええ感じやで！　大神はん！	좋은데！　오오가미　씨！
S2M:M45LOW:151	dup=S2M:M01LOW:151	いっちょあがりや！	한　건　해냈다！
S2M:M45LOW:152	dup=S2M:M01LOW:152	大神はん、\nやったで、ウチ！	오오가미　씨，\n나　해냈어！
S2M:M45LOW:153	dup=S2M:M01LOW:153	ウチらの力を合わせれば、\n千人力や！	우리　힘을　합치면，\n천군만마야！
S2M:M45LOW:154	dup=S2M:M01LOW:154	少尉さん、\nお手並み拝見でーす！	소위님，\n실력을　보여　주세요ー！
S2M:M45LOW:155	dup=S2M:M01LOW:155	早く終わらせて帰りましょー。	빨리　끝내고　돌아가요ー．
S2M:M45LOW:156	dup=S2M:M01LOW:156	ちょっと、\nヤバそうってカンジ！	잠깐，\n좀　위험해　보이는　느낌！
S2M:M45LOW:157	dup=S2M:M01LOW:157	たのしいでーす！	재밌어요ー！
S2M:M45LOW:158	dup=S2M:M01LOW:158	わたしを見ていてくださーい！	저를　지켜봐　주세요ー！
S2M:M45LOW:159	dup=S2M:M10LOW:159	勝手にやらせてもらいまーす！	맘대로　하게　해　주세요ー！
S2M:M45LOW:160	dup=S2M:M01LOW:160	シャワー浴びたいでーす！	샤워하고　싶어요ー！
S2M:M45LOW:161	dup=S2M:M10LOW:161	あはっ！\n少尉さん、サンキュでーす！	아핫！\n소위님，　고마워요ー！
S2M:M45LOW:162	dup=S2M:M01LOW:162	少尉さん、\n無理しなくていいでーす……	소위님，\n무리하지　않아도　돼요……
S2M:M45LOW:163	dup=S2M:M01LOW:163	まったく、\nダメなオトコでーす！	정말이지，\n쓸모없는　남자네요ー！
S2M:M45LOW:164	dup=S2M:M01LOW:164	これ以上はカンベンでーす！	이　이상은　봐주겠어요ー！
S2M:M45LOW:165	dup=S2M:M01LOW:165	もうだめです。\n撤退します……隊長……	이젠　안　돼요．\n후퇴할게요……　대장……
S2M:M45LOW:166	dup=S2M:M01LOW:166	なかなかやるってカンジ！	제법인데요！
S2M:M45LOW:167	dup=S2M:M01LOW:167	少尉さん、\nちょーかっこいいでーす！	소위님，\n정말　멋져요ー！
S2M:M45LOW:168	dup=S2M:M01LOW:168	楽勝でーす！	거뜬해요ー！
S2M:M45LOW:169	dup=S2M:M01LOW:169	うふっ！\n拍手をくださーい！	후훗！\n박수　쳐　주세요ー！
S2M:M45LOW:170	dup=S2M:M01LOW:170	このデュオは最高でーす！	이　듀오는　최고예요ー！
S2M:M45LOW:171	dup=S2M:M01LOW:171	……行動開始。	……행동　개시．
S2M:M45LOW:172	dup=S2M:M07LOW:172	隊長、気を付けて。	대장님，　조심하세요．
S2M:M45LOW:173	dup=S2M:M01LOW:173	……危険だよ。	……위험해．
S2M:M45LOW:174	dup=S2M:M07LOW:174	いくよ！	가자！
S2M:M45LOW:175	dup=S2M:M07LOW:175	指示、よろしく。	지시，　잘　부탁해．
S2M:M45LOW:176	dup=S2M:M08LOW:176	ボクの力で……倒す……	내　힘으로…　쓰러뜨린다…
S2M:M45LOW:177	dup=S2M:M01LOW:177	機体の損傷が激しい……	기체　손상이　심해……
S2M:M45LOW:178	dup=S2M:M01LOW:178	………………	………………
S2M:M45LOW:179	dup=S2M:M07LOW:179	……ありがとう。	…고마워．
S2M:M45LOW:180	dup=S2M:M01LOW:180	隊長……しっかり……	대장……　정신　차려……
S2M:M45LOW:181	dup=S2M:M01LOW:181	一時、撤退……	일단　후퇴……
S2M:M45LOW:182	dup=S2M:M07LOW:182	隊長、\nあとは……よろしく。	대장，\n나머지는……　부탁해．
S2M:M45LOW:183	dup=S2M:M01LOW:183	目標、撃破確認……	목표　격파　확인……
S2M:M45LOW:184	dup=S2M:M07LOW:184	やるね、隊長。	잘하네，　대장．
S2M:M45LOW:185	dup=S2M:M01LOW:185	目標撃破……	목표　격파……
S2M:M45LOW:186	dup=S2M:M07LOW:186	隊長……\n次の指示を……	대장……\n다음　지시를……
S2M:M45LOW:187	dup=S2M:M01LOW:187	これが……ボクらの力……！	이게……　우리　힘……！
S2M:M45LOW:188	dup=S2M:M01LOW:188	そぉら、いくぜ！	자아，　간다！
S2M:M45LOW:189	dup=S2M:M01LOW:189	さぁ、楽しませてくれよ。	자，　즐겁게　해　줘．
S2M:M45LOW:190	dup=S2M:M01LOW:190	勝負は……これからだぜ！	승부는……　지금부터야！
S2M:M45LOW:191	dup=S2M:M01LOW:191	なかなか、\nやるじゃねぇか！	제법이군，\n잘하잖아！
S2M:M45LOW:192	dup=S2M:M01LOW:192	おもしれぇ……	재밌군……
S2M:M45LOW:193	dup=S2M:M01LOW:193	大丈夫か、水狐。	괜찮나，　수호．
S2M:M45LOW:194	dup=S2M:M01LOW:194	華麗に燃やしてあげますよ……	화려하게　태워　드리죠……
S2M:M45LOW:195	dup=S2M:M01LOW:195	覚悟してください。	각오하세요．
S2M:M45LOW:196	dup=S2M:M01LOW:196	あははははは！	아하하하하하！
S2M:M45LOW:197	dup=S2M:M01LOW:197	燃やしつくしてやる！	모조리　태워　주마！
S2M:M45LOW:198	dup=S2M:M01LOW:198	ご……ゴミが……	쓰……　쓰레기가……
S2M:M45LOW:199	dup=S2M:M01LOW:199	私の戦いを見せてあげる。	내　싸움을　보여　주지．
S2M:M45LOW:200	dup=S2M:M01LOW:200	やさしくしてあげるわ。	상냥하게　해　줄게．
S2M:M45LOW:201	dup=S2M:M01LOW:201	ふふふ……負けないわよ。	후후후…　지지　않을　거야．
S2M:M45LOW:202	dup=S2M:M01LOW:202	やるわね。\nさすが華撃団……	잘하네．\n역시　화격단……
S2M:M45LOW:203	dup=S2M:M01LOW:203	くっ……\nこれほどとはね……	큭……\n이　정도일　줄이야……
S2M:M45LOW:204	dup=S2M:M01LOW:204	さぁ、ワシの番じゃな。	자，　내　차례로구나．
S2M:M45LOW:205	dup=S2M:M01LOW:205	ワシの計算にぬかりはないぞ。	내　계산엔　빈틈없다．
S2M:M45LOW:206	dup=S2M:M01LOW:206	こ、このままでは\n終わらぬぞ……	이，　이대로는\n끝나지　않아……
S2M:M45LOW:207	dup=S2M:M01LOW:207	これも計算のうちじゃ。	이것도　계산　안이야．
S2M:M45LOW:208	dup=S2M:M01LOW:208	ぬうっ……\nこれは計算外じゃ……	으으……\n이건　계산　밖이야……
S2M:M45LOW:209	dup=S2M:M01LOW:209	狩りとってやる！	사냥해　주마！
S2M:M45LOW:210	dup=S2M:M01LOW:210	今、楽にしてやるからな。	지금　편하게　해　주마．
S2M:M45LOW:211	dup=S2M:M01LOW:211	ひ、ひねり殺してやる！	비，　비틀어　죽여　주마！
S2M:M45LOW:212	dup=S2M:M01LOW:212	勝ったと思うなよ……	이겼다고　생각하지　마……
S2M:M45LOW:213	dup=S2M:M01LOW:213	まだ、終わりではないぞ！	아직　끝나지　않았다！
S2M:M45LOW:214	dup=S2M:M01LOW:214	終わりにしてやる。	끝내　주마．
S2M:M45LOW:215	dup=S2M:M01LOW:215	いくぞ！　華撃団っ！	간다！　화격단！
S2M:M45LOW:216	dup=S2M:M01LOW:216	まだ、まだだっ！	아직，　아직이다！
S2M:M45LOW:217	dup=S2M:M01LOW:217	腕を上げたな……	실력이　늘었구나……
S2M:M45LOW:218	dup=S2M:M01LOW:218	ぐっ……\nわたしの復讐が……	큭……\n내　복수가……
S2M:M45LOW:219	dup=S2M:M01LOW:219	容赦はせぬぞ……	봐주지　않겠다……
S2M:M45LOW:220	dup=S2M:M01LOW:220	お前たちの罪を知れ……	너희의　죄를　깨달아라……
S2M:M45LOW:221	dup=S2M:M01LOW:221	戦いとはいつも無常だ……	싸움은　언제나　덧없다……
S2M:M45LOW:222	dup=S2M:M01LOW:222	愛は死んだ……	사랑은　죽었다……
S2M:M45LOW:223	dup=S2M:M01LOW:223	ぬぅ……やるな……	으음……　제법이군……
S2M:M45LOW:224	dup=S2M:M01LOW:224	私に触れるな！	나에게　손대지　마！
S2M:M45LOW:225	dup=S2M:M01LOW:225	帝都の恨みは、\nこの程度ではないぞ……	제도의　원한은，\n이　정도가　아니다……
S2M:M45LOW:226	dup=S2M:M01LOW:226	最後に勝つのは……私だ！	최후의　승자는……　나다！
S2M:M45LOW:227	dup=S2M:M01LOW:227	この程度で……ぬうっ！	이　정도로……　으음！
S2M:M45LOW:228	dup=S2M:M01LOW:228	思い上がるな……\n偽善者めっ！	우쭐대지　마……\n위선자　자식！
S2M:M46LOW:0	dup=S2M:M01LOW:0	疾きこと風のごとく……\n移動力重視の作戦だ！	빠르기는　바람처럼……\n이동력　중시　작전이다！
S2M:M46LOW:1	dup=S2M:M01LOW:1	今は、この命令を出している。\n移動力を活かして戦おう。	현재　명령은　이것이다．\n이동력을　살려　싸우자．
S2M:M46LOW:2	dup=S2M:M01LOW:2	花組各員に通達！\n「風」作戦を開始するぞ！	화조　전원에게　통보！\n「풍」　작전　개시다！
S2M:M46LOW:3	dup=S2M:M01LOW:3	林のように心静かに……\n本来の力を引き出すんだ！	숲처럼　마음을　고요히……\n본래의　힘을　끌어내자！
S2M:M46LOW:4	dup=S2M:M01LOW:4	今は、この命令を出している。\n本来の力で敵に立ち向かおう。	현재　명령은　이것이다．\n본래의　힘으로　맞서자．
S2M:M46LOW:5	dup=S2M:M01LOW:5	花組各員に通達！\n「林」作戦を開始するぞ！	화조　전원에게　통보！\n「림」　작전　개시다！
S2M:M46LOW:6	dup=S2M:M01LOW:6	炎のように熱く燃える……\n攻撃力重視の作戦だ！	불처럼　뜨겁게　타오르는……\n공격력　중시　작전이다！
S2M:M46LOW:7	dup=S2M:M01LOW:7	今は、この命令を出している。\n攻撃力を活かして戦おう。	현재　명령은　이것이다．\n공격력을　살려　싸우자．
S2M:M46LOW:8	dup=S2M:M01LOW:8	花組各員に通達！\n「火」作戦を開始するぞ！	화조　전원에게　통보！\n「화」　작전　개시다！
S2M:M46LOW:9	dup=S2M:M01LOW:9	構えること山のごとく……\n防御力重視の作戦だ！	산처럼　굳건히　버티는……\n방어력　중시　작전이다！
S2M:M46LOW:10	dup=S2M:M01LOW:10	今は、この命令を出している。\n防御力を活かして戦おう。	현재　명령은　이것이다．\n방어력을　살려　싸우자．
S2M:M46LOW:11	dup=S2M:M01LOW:11	花組各員に通達！\n「山」作戦を開始するぞ！	화조　전원에게　통보！\n「산」　작전　개시다！
S2M:M46LOW:12	dup=S2M:M01LOW:12	このままの作戦でいくぞ！	이대로　작전을　계속한다！
S2M:M46LOW:13	dup=S2M:M01LOW:13	了解！	알겠습니다！
S2M:M46LOW:14		土蜘蛛のヤツは、\nミカサもろとも自爆する気だ！	토지구모는　미카사와　함께\n자폭하려　해！
S2M:M46LOW:15		中央通気口へ\n飛び込まれる前に、\n早く「八葉」を撃破しろ！	중앙　통풍구에\n뛰어들기　전에\n어서　「팔엽」을　격파해！
S2M:M46LOW:16	dup=S2M:M01LOW:16	０メッセージ１－３	０메시지１－３
S2M:M46LOW:17	dup=S2M:M12LOW:17	門の外に出て、\n土機を撃破するのよ！	문　밖으로　나가，\n토기를　격파해！
S2M:M46LOW:18	dup=S2M:M12LOW:18	敵の大将、土は、\n攻撃回数が多いわ。\n気をつけるのよ！	적장　토지구모는\n공격　횟수가　많아．\n조심해！
S2M:M46LOW:19	dup=S2M:M01LOW:19	０メッセージ２－３	０메시지２－３
S2M:M46LOW:20	dup=S2M:M02LOW:20	大神さん、山崎は強いわ。\n一時撤退しましょう！	야마자키는　강해요．\n일단　후퇴하죠！
S2M:M46LOW:21	dup=S2M:M01LOW:21	０メッセージ３－２	０메시지３－２
S2M:M46LOW:22	dup=S2M:M01LOW:22	０メッセージ３－３	０메시지３－３
S2M:M46LOW:23	dup=S2M:M01LOW:23	花組の隊長、大神一郎。\n高い戦闘力と、\n勇敢な心を持っている。	화조　대장，　오오가미．\n높은　전투력과\n용감한　마음을　지녔다．
S2M:M46LOW:24	dup=S2M:M01LOW:24	北辰一刀流、真宮寺さくら。\n素早い動きで、\n敵を一刀両断する。	북진일도류，　사쿠라．\n빠른　움직임으로\n적을　일도양단한다．
S2M:M46LOW:25	dup=S2M:M01LOW:25	神崎風塵流、神崎すみれ。\n華麗なナギナタの技は、\n見るものの心をもとらえる。	칸자키　풍진류，　스미레．\n화려한　나기나타　기술은\n보는　이의　마음마저　홀려．
S2M:M46LOW:26	dup=S2M:M01LOW:26	射撃手、マリア・タチバナ。\n氷の銃弾は、狙った\n獲物を決して逃さない。	사격수，　마리아．\n얼음　탄환은　노린\n먹이를　놓치지　않는다．
S2M:M46LOW:27	dup=S2M:M01LOW:27	桐島流空手、桐島カンナ。\n圧倒的なパワーで、むらがる\n敵を粉砕する。	가라테의　달인，　칸나．\n압도적　파워로　몰려드는\n적을　분쇄한다．
S2M:M46LOW:28	dup=S2M:M01LOW:28	花組のマスコット、アイリス。\n超能力を使った、\n不思議な攻撃で敵と戦う。	화조의　마스코트，\n아이리스．\n초능력으로　적과　싸운다．
S2M:M46LOW:29	dup=S2M:M01LOW:29	発明家、李紅蘭。\n次々に繰り出す発明品で、\n敵味方をあっといわせるぞ。	발명가，　코란．\n신제품을　잇달아　내놓아\n적과　아군을　놀라게　한다．
S2M:M46LOW:30	dup=S2M:M01LOW:30	元星組隊員、ソレッタ・織姫。\nイタリアンローズの機体に乗り\n赤い貴族と呼ばれている。	전　별조　대원，　오리히메．\n이탈리안　로즈를　타고\n붉은　귀족이라　불린다．
S2M:M46LOW:31	dup=S2M:M01LOW:31	レニ・ミルヒシュトラーセ。\n戦闘のプロとして、正確な\n無駄のない攻撃を行う。	레니　밀히슈트라세．　전투의\n프로답게　정확하고　군더더기\n없는　공격을　한다．
S2M:M46LOW:32	dup=S2M:M18LOW:32	近接戦闘専用の降魔兵器。\n特別な武装を持たず、\n噛み付きによる攻撃を行う。	근접　전용　강마　병기．\n특수　무장은　없고\n물어뜯어　공격한다．
S2M:M46LOW:33	dup=S2M:M18LOW:33	支援用降魔兵器。\n羽の部分を武器化し、\n間接攻撃を可能にした。	지원용　강마　병기．\n날개를　무기로　삼아\n간접　공격이　가능하다．
S2M:M46LOW:34	dup=S2M:M19LOW:34	降魔兵器「万雷」\n木喰の残したデータにより\n完成した、接近戦用降魔。	강마　병기　「만뢰」\n모쿠지키가　남긴　데이터로\n완성한　근접전용　강마．
S2M:M46LOW:35	dup=S2M:M19LOW:35	降魔兵器「烈風」\n黒鬼会により改造された、\n遠距離支援用降魔。	강마　병기　「열풍」\n흑귀회가　개조한\n원거리　지원용　강마．
S2M:M46LOW:36	dup=S2M:M03LOW:36	魔操機兵「八葉」\n五行衆・土蜘蛛の乗る機体。\n６本の腕で連続攻撃を行う。	마조기병　「팔엽」\n오행중　토지구모의　기체．\n６개　팔로　연속　공격한다．
S2M:M46LOW:37	dup=S2M:M20LOW:37	降魔兵器「烈風」\n射程距離・攻撃力を重視した\n設計になっている。	강마　병기　「열풍」\n사거리・공격력　중시형으로\n설계됐다．
S2M:M46LOW:38	dup=S2M:M20LOW:38	重爆用降魔兵器。\n散弾が胎内に装填されており、\n口から発射される。	중폭격용　강마　병기．\n산탄을　내부에　장전해\n입에서　발사한다．
S2M:M46LOW:39	dup=S2M:M05LOW:40	魔操機兵、脇侍・改。\n独特の攻撃範囲を持ち、\nニ型特と呼ばれる。	마조기병，　협시・개．\n독특한　공격　범위를　지녀\n니형　특이라　부른다．
S2M:M46LOW:40	dup=S2M:M03LOW:36	魔操機兵「八葉」\n五行衆・土蜘蛛の乗る機体。\n６本の腕で連続攻撃を行う。	마조기병　「팔엽」\n오행중　토지구모의　기체．\n６개　팔로　연속　공격한다．
S2M:M46LOW:41	dup=S2M:M01LOW:41	メッセージ１９	메시지　１９
S2M:M46LOW:42	dup=S2M:M01LOW:42	メッセージ２０	메시지　２０
S2M:M46LOW:43	dup=S2M:M01LOW:43	今のところ、\nかばう必要はなさそうだな。	지금은\n보호할　필요　없어　보이네．
S2M:M46LOW:44	dup=S2M:M01LOW:44	さくらくん……\n君は俺が守る！	사쿠라　군……\n내가　지킬게！
S2M:M46LOW:45	dup=S2M:M01LOW:45	すみれくん……\n君の盾になってもいいかい。	스미레　군……\n네　방패가　되어도　될까？
S2M:M46LOW:46	dup=S2M:M01LOW:46	マリア……\n君の背中を守らせてくれ。	마리아……\n네　뒤를　지키게　해　줘．
S2M:M46LOW:47	dup=S2M:M01LOW:47	カンナ……\n俺は、君を全力で守るぞ！	칸나……　내가　온　힘을\n다해　지키마！
S2M:M46LOW:48	dup=S2M:M01LOW:48	アイリス……\n俺が側にいるから、\n安心していいよ。	아이리스……\n내가　곁에　있으니，\n안심해도　돼．
S2M:M46LOW:49	dup=S2M:M01LOW:49	紅蘭……\nいつだって君を助けにゆくよ。	코란……\n언제든　널　도우러　갈게．
S2M:M46LOW:50	dup=S2M:M01LOW:50	織姫くん……\n苦しいときは、\nいつでも俺を呼んでくれ！	오리히메　군……\n힘들　때는，\n언제든　날　불러！
S2M:M46LOW:51	dup=S2M:M01LOW:51	レニ……\nたまには、\n守られたっていいだろう？	레니……\n가끔은，\n보호받아도　괜찮잖아？
S2M:M46LOW:52	dup=S2M:M01LOW:52	がんばって！　大神さん！	힘내요！　오오가미　씨！
S2M:M46LOW:53	dup=S2M:M01LOW:53	大神さんが頼りです！	오오가미　씨만　믿을게요！
S2M:M46LOW:54	dup=S2M:M01LOW:54	無理しないでください、\n大神さん……	무리하지　마세요，\n오오가미　씨……
S2M:M46LOW:55	dup=S2M:M01LOW:55	がんばります！	힘낼게요！
S2M:M46LOW:56	dup=S2M:M01LOW:56	大神さんのために……\nあたし、やります！	오오가미　씨를　위해……\n제가　할게요！
S2M:M46LOW:57	dup=S2M:M01LOW:57	あたしが\nがんばらなくっちゃ！	제가　힘내야　해요！
S2M:M46LOW:58	dup=S2M:M01LOW:58	あたし……負けないわ……	저…　지지　않을　거예요…
S2M:M46LOW:59	dup=S2M:M01LOW:59	……ありがとうございます。\n大神さん。	……감사합니다．\n오오가미　씨．
S2M:M46LOW:60	dup=S2M:M01LOW:60	大神さんがいてくれるから、\nあたし、がんばれます！	오오가미　씨가　계시니까\n저도　힘낼　수　있어요！
S2M:M46LOW:61	dup=S2M:M01LOW:61	大丈夫ですか……大神さん。	괜찮으세요…　오오가미　씨．
S2M:M46LOW:62	dup=S2M:M01LOW:62	大神さん……\nごめんなさい……	오오가미　씨……\n죄송해요……
S2M:M46LOW:63	dup=S2M:M01LOW:63	ここは大神さんに\nお任せします……\n……ごめんなさい。	여기는　오오가미　씨에게\n맡길게요……\n……죄송해요．
S2M:M46LOW:64	dup=S2M:M01LOW:64	やりましたね、大神さん！	해냈네요，　오오가미　씨！
S2M:M46LOW:65	dup=S2M:M01LOW:65	今日の大神さん、\n一味違いますね。	오늘　오오가미　씨는\n평소와　다르네요．
S2M:M46LOW:66	dup=S2M:M01LOW:66	やりました！	해냈어요！
S2M:M46LOW:67	dup=S2M:M01LOW:67	大神さんのおかげです！	오오가미　씨　덕분이에요！
S2M:M46LOW:68	dup=S2M:M01LOW:68	大神さん……\nあたし、信じています。	오오가미　씨……\n저는　믿고　있어요．
S2M:M46LOW:69	dup=S2M:M01LOW:69	見せ場がきましてよ、少尉。	제　무대네요，　소위님．
S2M:M46LOW:70	dup=S2M:M01LOW:70	がんばってください、\nわたくしのために……	힘내　주세요，\n저를　위해……
S2M:M46LOW:71	dup=S2M:M01LOW:71	無理は禁物ですわ……	무리는　금물이에요……
S2M:M46LOW:72	dup=S2M:M01LOW:72	さあ、いきますわよ！	자，　갑니다！
S2M:M46LOW:73	dup=S2M:M01LOW:73	少尉、わたくしを\n見ていてくださいな。	소위님，\n저를　지켜봐　주세요．
S2M:M46LOW:74	dup=S2M:M01LOW:74	わたくしでなくては\nダメですわね。	저여야만　하겠군요．
S2M:M46LOW:75	dup=S2M:M01LOW:75	こ、この程度で……	이，　이　정도로……
S2M:M46LOW:76	dup=S2M:M01LOW:76	うれしいですわ……\n少尉……	기뻐요……\n소위님……
S2M:M46LOW:77	dup=S2M:M01LOW:77	わたくしを守ることが\nできるのは少尉だけですわ。	저를　지킬　수　있는　건\n소위님뿐이에요．
S2M:M46LOW:78	dup=S2M:M01LOW:78	かっ、身体が勝手に\n動いただけですわ……	몸이　저절로\n움직였을　뿐이에요……
S2M:M46LOW:79	dup=S2M:M01LOW:79	わたくしとしたことが……	저답지　않게……
S2M:M46LOW:80	dup=S2M:M01LOW:80	少尉を……\n……置いてはいけないのに！	소위님을……\n……두고　갈　수는　없는데！
S2M:M46LOW:81	dup=S2M:M01LOW:81	お見事ですわ、少尉。	훌륭해요，　소위님．
S2M:M46LOW:82	dup=S2M:M01LOW:82	りりしいですわよ、少尉。	늠름하시네요，　소위님．
S2M:M46LOW:83	dup=S2M:M01LOW:83	たいしたことありませんわね。	별것도　아니네요．
S2M:M46LOW:84	dup=S2M:M01LOW:84	見てくださいました？　少尉。	보셨나요？　소위님．
S2M:M46LOW:85	dup=S2M:M03LOW:85	んふっ、\nちょろいもんですわ。\nねぇ、少尉……	후훗，\n이　정도야　식은　죽이죠．\n그렇죠，　소위님……
S2M:M46LOW:86	dup=S2M:M01LOW:86	隊長、お願いします。	대장님，　부탁드려요．
S2M:M46LOW:87	dup=S2M:M01LOW:87	隊長……\n信じています。	대장님……\n믿고　있어요．
S2M:M46LOW:88	dup=S2M:M01LOW:88	隊長……\n慎重にいきましょう。	대장님……\n신중하게　가죠．
S2M:M46LOW:89	dup=S2M:M01LOW:89	さぁ、覚悟しなさい。	자，　각오하세요．
S2M:M46LOW:90	dup=S2M:M01LOW:90	私には、隊長が\nついていてくれる……	저에겐　대장님이\n곁에　계시니까……
S2M:M46LOW:91	dup=S2M:M01LOW:91	私がしっかりしなくては……	제가　정신　차려야……
S2M:M46LOW:92	dup=S2M:M01LOW:92	くっ、まだ……やれる！	큭，아직……　할　수　있어！
S2M:M46LOW:93	dup=S2M:M01LOW:93	すいません、隊長。	죄송해요，　대장님．
S2M:M46LOW:94	dup=S2M:M01LOW:94	隊長の背中……\nとても大きく見えます……	대장님　등……\n정말　커　보이네요……
S2M:M46LOW:95	dup=S2M:M01LOW:95	隊長が無事でよかった……	대장님이　무사해서　다행……
S2M:M46LOW:96	dup=S2M:M01LOW:96	隊長……申し訳ありません……	대장님……　죄송해요……
S2M:M46LOW:97	dup=S2M:M01LOW:97	もう少し……\n隊長と共に……	조금만　더……\n대장님과　함께……
S2M:M46LOW:98	dup=S2M:M01LOW:98	やりますね、隊長。	잘하시네요，　대장님．
S2M:M46LOW:99	dup=S2M:M01LOW:99	隊長が\nいてくださってよかった……	대장님이　계셔서　다행……
S2M:M46LOW:100	dup=S2M:M01LOW:100	ふんっ！　この程度……？	흥！　이　정도……？
S2M:M46LOW:101	dup=S2M:M01LOW:101	隊長、すばらしい指揮です！	대장님，　훌륭한　지휘예요！
S2M:M46LOW:102	dup=S2M:M01LOW:102	隊長が、私の力を\n何倍にもしてくれます。	대장님이　제　힘을\n몇　배나　키워　주세요．
S2M:M46LOW:103	dup=S2M:M01LOW:103	やっちまえ！　隊長！	해치워！　대장님！
S2M:M46LOW:104	dup=S2M:M01LOW:104	あたいがついてるぜ、隊長。	내가　곁에　있어，　대장．
S2M:M46LOW:105	dup=S2M:M01LOW:105	隊長の気合を見せてくれ！	대장님，　기합을　보여　줘！
S2M:M46LOW:106	dup=S2M:M01LOW:106	あたいの番だな！	내　차례구나！
S2M:M46LOW:107	dup=S2M:M01LOW:107	みていてくれよなっ！\n隊長！	지켜봐　줘！\n대장！
S2M:M46LOW:108	dup=S2M:M01LOW:108	まとめて面倒みるぜ！	한꺼번에　상대해　주마！
S2M:M46LOW:109	dup=S2M:M01LOW:109	まだまだ、\nどんどんかかってこいっ！	아직　멀었어，\n어서　덤벼！
S2M:M46LOW:110	dup=S2M:M01LOW:110	すまねぇな、隊長。	미안하군，　대장．
S2M:M46LOW:111	dup=S2M:M01LOW:111	へへっ、\n守られるってのも悪くないな。	헤헤，　보호받는　것도\n나쁘지　않군．
S2M:M46LOW:112	dup=S2M:M01LOW:112	へへっ、らしくないぜぇ？\n隊長！	헤헤，　나답지　않지？\n대장！
S2M:M46LOW:113	dup=S2M:M01LOW:113	ちくしょう……\nこんなところで……	젠장……\n이런　곳에서……
S2M:M46LOW:114	dup=S2M:M01LOW:114	隊長、すまない。\nあたいの分まで\nがんばってくれ！	대장，　미안하다．\n내　몫까지\n힘내　줘！
S2M:M46LOW:115	dup=S2M:M01LOW:115	やるじゃねぇか！　隊長！	제법이잖아！　대장！
S2M:M46LOW:116	dup=S2M:M01LOW:116	ほれぼれするぜ！　隊長！	감탄스럽군！　대장！
S2M:M46LOW:117	dup=S2M:M01LOW:117	ざっとこんなもんだぜ！	대충　이　정도지！
S2M:M46LOW:118	dup=S2M:M01LOW:118	へっへーん！\nどうだい！　隊長！	헤헤ー！\n어때！　대장！
S2M:M46LOW:119	dup=S2M:M01LOW:119	誰もあたいたちを\n止められねぇぜ！	아무도　우릴\n막을　수　없어！
S2M:M46LOW:120	dup=S2M:M01LOW:120	がんばろうね、お兄ちゃん。	힘내자，　오빠．
S2M:M46LOW:121	dup=S2M:M01LOW:121	お兄ちゃん、いっけぇー！	오빠，　가ー！
S2M:M46LOW:122	dup=S2M:M01LOW:122	お兄ちゃん……負けないで！	오빠……　지지　마！
S2M:M46LOW:123	dup=S2M:M01LOW:123	アイリス、いきまーす！	아이리스，　갑니다아！
S2M:M46LOW:124	dup=S2M:M01LOW:124	えへへっ、\nアイリスがんばるよ！	에헤헤，\n아이리스　힘낼게！
S2M:M46LOW:125	dup=S2M:M01LOW:125	アイリスが\nがんばらなくちゃ！	아이리스가\n힘내야　해！
S2M:M46LOW:126	dup=S2M:M01LOW:126	アイリス……もうだめ……	아이리스…　이제　안　돼…
S2M:M46LOW:127	dup=S2M:M01LOW:127	アイリスのために\n来てくれたんだぁー！	아이리스를　위해　왔구나ー！
S2M:M46LOW:128	dup=S2M:M01LOW:128	お兄ちゃんは、\n白馬のおうじさまだね！	오빠는\n백마　탄　왕자님이네！
S2M:M46LOW:129	dup=S2M:M01LOW:129	お兄ちゃん……\nアイリスがついてるからね。	오빠……\n아이리스가　곁에　있을게．
S2M:M46LOW:130	dup=S2M:M01LOW:130	あ……止まっちゃった……	아……　멈췄어……
S2M:M46LOW:131	dup=S2M:M01LOW:131	お兄ちゃん……\nごめんね……	오빠……\n미안해……
S2M:M46LOW:132	dup=S2M:M01LOW:132	わーい、やったね！\nお兄ちゃん！	와ー，　해냈다！\n오빠！
S2M:M46LOW:133	dup=S2M:M01LOW:133	お兄ちゃん、\nすごい、すっごーい！	오빠，\n대단해，　정말　대단해ー！
S2M:M46LOW:134	dup=S2M:M01LOW:134	アイリス、すごいでしょ！	아이리스，　대단하지！
S2M:M46LOW:135	dup=S2M:M01LOW:135	ねぇ、ねぇ！\nほめてほめて！	있잖아，　있잖아！\n칭찬해　줘，　칭찬해　줘！
S2M:M46LOW:136	dup=S2M:M01LOW:136	お兄ちゃんがいれば、\nアイリスなんにも恐くないよ！	오빠만　있으면，\n아이리스는　안　무서워！
S2M:M46LOW:137	dup=S2M:M01LOW:137	頼んだで、大神はん。	부탁한다，　오오가미　씨．
S2M:M46LOW:138	dup=S2M:M01LOW:138	ウチらの力、見せたろうで！	우리　힘을　보여　주자！
S2M:M46LOW:139	dup=S2M:M01LOW:139	だ、大丈夫かいな、大神はん。	괜찮나，　오오가미　씨．
S2M:M46LOW:140	dup=S2M:M01LOW:140	ほな、いってみよか！	그럼，　가　볼까！
S2M:M46LOW:141	dup=S2M:M01LOW:141	大神はん、\nウチにまーかしとき！	오오가미　씨，\n나한테　맡겨！
S2M:M46LOW:142	dup=S2M:M01LOW:142	ウチががんばらんと！	내가　힘내야　해！
S2M:M46LOW:143	dup=S2M:M01LOW:143	や、やばいで……	이，　이거　위험해……
S2M:M46LOW:144	dup=S2M:M01LOW:144	お、おおきに、\n大神はん……	고，　고마워，\n오오가미　씨……
S2M:M46LOW:145	dup=S2M:M01LOW:145	もう、そないなことされたら、\nウチ……	그렇게까지　해　주면，\n나……
S2M:M46LOW:146	dup=S2M:M01LOW:146	大神はんがおらんと、\nウチ……こまるんや。	오오가미　씨가　없으면，\n나……　곤란해．
S2M:M46LOW:147	dup=S2M:M01LOW:147	そのへんで、堪忍や……	이쯤에서　봐줘……
S2M:M46LOW:148	dup=S2M:M01LOW:148	大神はん、すんまへん。	오오가미　씨，　미안해．
S2M:M46LOW:149	dup=S2M:M01LOW:149	大神はん、その調子や！	오오가미　씨，　그　기세야！
S2M:M46LOW:150	dup=S2M:M01LOW:150	ええ感じやで！　大神はん！	좋은데！　오오가미　씨！
S2M:M46LOW:151	dup=S2M:M01LOW:151	いっちょあがりや！	한　건　해냈다！
S2M:M46LOW:152	dup=S2M:M01LOW:152	大神はん、\nやったで、ウチ！	오오가미　씨，\n나　해냈어！
S2M:M46LOW:153	dup=S2M:M01LOW:153	ウチらの力を合わせれば、\n千人力や！	우리　힘을　합치면，\n천군만마야！
S2M:M46LOW:154	dup=S2M:M01LOW:154	少尉さん、\nお手並み拝見でーす！	소위님，\n실력을　보여　주세요ー！
S2M:M46LOW:155	dup=S2M:M01LOW:155	早く終わらせて帰りましょー。	빨리　끝내고　돌아가요ー．
S2M:M46LOW:156	dup=S2M:M01LOW:156	ちょっと、\nヤバそうってカンジ！	잠깐，\n좀　위험해　보이는　느낌！
S2M:M46LOW:157	dup=S2M:M01LOW:157	たのしいでーす！	재밌어요ー！
S2M:M46LOW:158	dup=S2M:M01LOW:158	わたしを見ていてくださーい！	저를　지켜봐　주세요ー！
S2M:M46LOW:159	dup=S2M:M10LOW:159	勝手にやらせてもらいまーす！	맘대로　하게　해　주세요ー！
S2M:M46LOW:160	dup=S2M:M01LOW:160	シャワー浴びたいでーす！	샤워하고　싶어요ー！
S2M:M46LOW:161	dup=S2M:M10LOW:161	あはっ！\n少尉さん、サンキュでーす！	아핫！\n소위님，　고마워요ー！
S2M:M46LOW:162	dup=S2M:M01LOW:162	少尉さん、\n無理しなくていいでーす……	소위님，\n무리하지　않아도　돼요……
S2M:M46LOW:163	dup=S2M:M01LOW:163	まったく、\nダメなオトコでーす！	정말이지，\n쓸모없는　남자네요ー！
S2M:M46LOW:164	dup=S2M:M01LOW:164	これ以上はカンベンでーす！	이　이상은　봐주겠어요ー！
S2M:M46LOW:165	dup=S2M:M01LOW:165	もうだめです。\n撤退します……隊長……	이젠　안　돼요．\n후퇴할게요……　대장……
S2M:M46LOW:166	dup=S2M:M01LOW:166	なかなかやるってカンジ！	제법인데요！
S2M:M46LOW:167	dup=S2M:M01LOW:167	少尉さん、\nちょーかっこいいでーす！	소위님，\n정말　멋져요ー！
S2M:M46LOW:168	dup=S2M:M01LOW:168	楽勝でーす！	거뜬해요ー！
S2M:M46LOW:169	dup=S2M:M01LOW:169	うふっ！\n拍手をくださーい！	후훗！\n박수　쳐　주세요ー！
S2M:M46LOW:170	dup=S2M:M01LOW:170	このデュオは最高でーす！	이　듀오는　최고예요ー！
S2M:M46LOW:171	dup=S2M:M01LOW:171	……行動開始。	……행동　개시．
S2M:M46LOW:172	dup=S2M:M07LOW:172	隊長、気を付けて。	대장님，　조심하세요．
S2M:M46LOW:173	dup=S2M:M01LOW:173	……危険だよ。	……위험해．
S2M:M46LOW:174	dup=S2M:M07LOW:174	いくよ！	가자！
S2M:M46LOW:175	dup=S2M:M07LOW:175	指示、よろしく。	지시，　잘　부탁해．
S2M:M46LOW:176	dup=S2M:M08LOW:176	ボクの力で……倒す……	내　힘으로…　쓰러뜨린다…
S2M:M46LOW:177	dup=S2M:M01LOW:177	機体の損傷が激しい……	기체　손상이　심해……
S2M:M46LOW:178	dup=S2M:M01LOW:178	………………	………………
S2M:M46LOW:179	dup=S2M:M07LOW:179	……ありがとう。	…고마워．
S2M:M46LOW:180	dup=S2M:M01LOW:180	隊長……しっかり……	대장……　정신　차려……
S2M:M46LOW:181	dup=S2M:M01LOW:181	一時、撤退……	일단　후퇴……
S2M:M46LOW:182	dup=S2M:M07LOW:182	隊長、\nあとは……よろしく。	대장，\n나머지는……　부탁해．
S2M:M46LOW:183	dup=S2M:M01LOW:183	目標、撃破確認……	목표　격파　확인……
S2M:M46LOW:184	dup=S2M:M07LOW:184	やるね、隊長。	잘하네，　대장．
S2M:M46LOW:185	dup=S2M:M01LOW:185	目標撃破……	목표　격파……
S2M:M46LOW:186	dup=S2M:M07LOW:186	隊長……\n次の指示を……	대장……\n다음　지시를……
S2M:M46LOW:187	dup=S2M:M01LOW:187	これが……ボクらの力……！	이게……　우리　힘……！
S2M:M46LOW:188	dup=S2M:M01LOW:188	そぉら、いくぜ！	자아，　간다！
S2M:M46LOW:189	dup=S2M:M01LOW:189	さぁ、楽しませてくれよ。	자，　즐겁게　해　줘．
S2M:M46LOW:190	dup=S2M:M01LOW:190	勝負は……これからだぜ！	승부는……　지금부터야！
S2M:M46LOW:191	dup=S2M:M01LOW:191	なかなか、\nやるじゃねぇか！	제법이군，\n잘하잖아！
S2M:M46LOW:192	dup=S2M:M01LOW:192	おもしれぇ……	재밌군……
S2M:M46LOW:193	dup=S2M:M01LOW:193	大丈夫か、水狐。	괜찮나，　수호．
S2M:M46LOW:194	dup=S2M:M01LOW:194	華麗に燃やしてあげますよ……	화려하게　태워　드리죠……
S2M:M46LOW:195	dup=S2M:M01LOW:195	覚悟してください。	각오하세요．
S2M:M46LOW:196	dup=S2M:M01LOW:196	あははははは！	아하하하하하！
S2M:M46LOW:197	dup=S2M:M01LOW:197	燃やしつくしてやる！	모조리　태워　주마！
S2M:M46LOW:198	dup=S2M:M01LOW:198	ご……ゴミが……	쓰……　쓰레기가……
S2M:M46LOW:199	dup=S2M:M01LOW:199	私の戦いを見せてあげる。	내　싸움을　보여　주지．
S2M:M46LOW:200	dup=S2M:M01LOW:200	やさしくしてあげるわ。	상냥하게　해　줄게．
S2M:M46LOW:201	dup=S2M:M01LOW:201	ふふふ……負けないわよ。	후후후…　지지　않을　거야．
S2M:M46LOW:202	dup=S2M:M01LOW:202	やるわね。\nさすが華撃団……	잘하네．\n역시　화격단……
S2M:M46LOW:203	dup=S2M:M01LOW:203	くっ……\nこれほどとはね……	큭……\n이　정도일　줄이야……
S2M:M46LOW:204	dup=S2M:M01LOW:204	さぁ、ワシの番じゃな。	자，　내　차례로구나．
S2M:M46LOW:205	dup=S2M:M01LOW:205	ワシの計算にぬかりはないぞ。	내　계산엔　빈틈없다．
S2M:M46LOW:206	dup=S2M:M01LOW:206	こ、このままでは\n終わらぬぞ……	이，　이대로는\n끝나지　않아……
S2M:M46LOW:207	dup=S2M:M01LOW:207	これも計算のうちじゃ。	이것도　계산　안이야．
S2M:M46LOW:208	dup=S2M:M01LOW:208	ぬうっ……\nこれは計算外じゃ……	으으……\n이건　계산　밖이야……
S2M:M46LOW:209	dup=S2M:M01LOW:209	狩りとってやる！	사냥해　주마！
S2M:M46LOW:210	dup=S2M:M01LOW:210	今、楽にしてやるからな。	지금　편하게　해　주마．
S2M:M46LOW:211	dup=S2M:M01LOW:211	ひ、ひねり殺してやる！	비，　비틀어　죽여　주마！
S2M:M46LOW:212	dup=S2M:M01LOW:212	勝ったと思うなよ……	이겼다고　생각하지　마……
S2M:M46LOW:213	dup=S2M:M01LOW:213	まだ、終わりではないぞ！	아직　끝나지　않았다！
S2M:M46LOW:214	dup=S2M:M01LOW:214	終わりにしてやる。	끝내　주마．
S2M:M46LOW:215	dup=S2M:M01LOW:215	いくぞ！　華撃団っ！	간다！　화격단！
S2M:M46LOW:216	dup=S2M:M01LOW:216	まだ、まだだっ！	아직，　아직이다！
S2M:M46LOW:217	dup=S2M:M01LOW:217	腕を上げたな……	실력이　늘었구나……
S2M:M46LOW:218	dup=S2M:M01LOW:218	ぐっ……\nわたしの復讐が……	큭……\n내　복수가……
S2M:M46LOW:219	dup=S2M:M01LOW:219	容赦はせぬぞ……	봐주지　않겠다……
S2M:M46LOW:220	dup=S2M:M01LOW:220	お前たちの罪を知れ……	너희의　죄를　깨달아라……
S2M:M46LOW:221	dup=S2M:M01LOW:221	戦いとはいつも無常だ……	싸움은　언제나　덧없다……
S2M:M46LOW:222	dup=S2M:M01LOW:222	愛は死んだ……	사랑은　죽었다……
S2M:M46LOW:223	dup=S2M:M01LOW:223	ぬぅ……やるな……	으음……　제법이군……
S2M:M46LOW:224	dup=S2M:M01LOW:224	私に触れるな！	나에게　손대지　마！
S2M:M46LOW:225	dup=S2M:M01LOW:225	帝都の恨みは、\nこの程度ではないぞ……	제도의　원한은，\n이　정도가　아니다……
S2M:M46LOW:226	dup=S2M:M01LOW:226	最後に勝つのは……私だ！	최후의　승자는……　나다！
S2M:M46LOW:227	dup=S2M:M01LOW:227	この程度で……ぬうっ！	이　정도로……　으음！
S2M:M46LOW:228	dup=S2M:M01LOW:228	思い上がるな……\n偽善者めっ！	우쭐대지　마……\n위선자　자식！
S2M:M47LOW:0	dup=S2M:M01LOW:0	疾きこと風のごとく……\n移動力重視の作戦だ！	빠르기는　바람처럼……\n이동력　중시　작전이다！
S2M:M47LOW:1	dup=S2M:M01LOW:1	今は、この命令を出している。\n移動力を活かして戦おう。	현재　명령은　이것이다．\n이동력을　살려　싸우자．
S2M:M47LOW:2	dup=S2M:M01LOW:2	花組各員に通達！\n「風」作戦を開始するぞ！	화조　전원에게　통보！\n「풍」　작전　개시다！
S2M:M47LOW:3	dup=S2M:M01LOW:3	林のように心静かに……\n本来の力を引き出すんだ！	숲처럼　마음을　고요히……\n본래의　힘을　끌어내자！
S2M:M47LOW:4	dup=S2M:M01LOW:4	今は、この命令を出している。\n本来の力で敵に立ち向かおう。	현재　명령은　이것이다．\n본래의　힘으로　맞서자．
S2M:M47LOW:5	dup=S2M:M01LOW:5	花組各員に通達！\n「林」作戦を開始するぞ！	화조　전원에게　통보！\n「림」　작전　개시다！
S2M:M47LOW:6	dup=S2M:M01LOW:6	炎のように熱く燃える……\n攻撃力重視の作戦だ！	불처럼　뜨겁게　타오르는……\n공격력　중시　작전이다！
S2M:M47LOW:7	dup=S2M:M01LOW:7	今は、この命令を出している。\n攻撃力を活かして戦おう。	현재　명령은　이것이다．\n공격력을　살려　싸우자．
S2M:M47LOW:8	dup=S2M:M01LOW:8	花組各員に通達！\n「火」作戦を開始するぞ！	화조　전원에게　통보！\n「화」　작전　개시다！
S2M:M47LOW:9	dup=S2M:M01LOW:9	構えること山のごとく……\n防御力重視の作戦だ！	산처럼　굳건히　버티는……\n방어력　중시　작전이다！
S2M:M47LOW:10	dup=S2M:M01LOW:10	今は、この命令を出している。\n防御力を活かして戦おう。	현재　명령은　이것이다．\n방어력을　살려　싸우자．
S2M:M47LOW:11	dup=S2M:M01LOW:11	花組各員に通達！\n「山」作戦を開始するぞ！	화조　전원에게　통보！\n「산」　작전　개시다！
S2M:M47LOW:12	dup=S2M:M01LOW:12	このままの作戦でいくぞ！	이대로　작전을　계속한다！
S2M:M47LOW:13	dup=S2M:M01LOW:13	了解！	알겠습니다！
S2M:M47LOW:14		五行衆最後の一人、金剛……\n今こそ、五行衆との戦いに\n決着をつける時だ！	오행중의　마지막，　금강……\n이제야말로　오행중과의\n싸움에　결판을　내자！
S2M:M47LOW:15		金剛の乗る魔操機兵、\n「大日剣」を撃破するぞ！	금강이　탄　마조기병，\n「대일검」을　격파하자！
S2M:M47LOW:16	dup=S2M:M01LOW:16	０メッセージ１－３	０메시지１－３
S2M:M47LOW:17	dup=S2M:M12LOW:17	門の外に出て、\n土機を撃破するのよ！	문　밖으로　나가，\n토기를　격파해！
S2M:M47LOW:18	dup=S2M:M12LOW:18	敵の大将、土は、\n攻撃回数が多いわ。\n気をつけるのよ！	적장　토지구모는\n공격　횟수가　많아．\n조심해！
S2M:M47LOW:19	dup=S2M:M01LOW:19	０メッセージ２－３	０메시지２－３
S2M:M47LOW:20	dup=S2M:M02LOW:20	大神さん、山崎は強いわ。\n一時撤退しましょう！	야마자키는　강해요．\n일단　후퇴하죠！
S2M:M47LOW:21	dup=S2M:M01LOW:21	０メッセージ３－２	０메시지３－２
S2M:M47LOW:22	dup=S2M:M01LOW:22	０メッセージ３－３	０메시지３－３
S2M:M47LOW:23	dup=S2M:M01LOW:23	花組の隊長、大神一郎。\n高い戦闘力と、\n勇敢な心を持っている。	화조　대장，　오오가미．\n높은　전투력과\n용감한　마음을　지녔다．
S2M:M47LOW:24	dup=S2M:M01LOW:24	北辰一刀流、真宮寺さくら。\n素早い動きで、\n敵を一刀両断する。	북진일도류，　사쿠라．\n빠른　움직임으로\n적을　일도양단한다．
S2M:M47LOW:25	dup=S2M:M01LOW:25	神崎風塵流、神崎すみれ。\n華麗なナギナタの技は、\n見るものの心をもとらえる。	칸자키　풍진류，　스미레．\n화려한　나기나타　기술은\n보는　이의　마음마저　홀려．
S2M:M47LOW:26	dup=S2M:M01LOW:26	射撃手、マリア・タチバナ。\n氷の銃弾は、狙った\n獲物を決して逃さない。	사격수，　마리아．\n얼음　탄환은　노린\n먹이를　놓치지　않는다．
S2M:M47LOW:27	dup=S2M:M01LOW:27	桐島流空手、桐島カンナ。\n圧倒的なパワーで、むらがる\n敵を粉砕する。	가라테의　달인，　칸나．\n압도적　파워로　몰려드는\n적을　분쇄한다．
S2M:M47LOW:28	dup=S2M:M01LOW:28	花組のマスコット、アイリス。\n超能力を使った、\n不思議な攻撃で敵と戦う。	화조의　마스코트，\n아이리스．\n초능력으로　적과　싸운다．
S2M:M47LOW:29	dup=S2M:M01LOW:29	発明家、李紅蘭。\n次々に繰り出す発明品で、\n敵味方をあっといわせるぞ。	발명가，　코란．\n신제품을　잇달아　내놓아\n적과　아군을　놀라게　한다．
S2M:M47LOW:30	dup=S2M:M01LOW:30	元星組隊員、ソレッタ・織姫。\nイタリアンローズの機体に乗り\n赤い貴族と呼ばれている。	전　별조　대원，　오리히메．\n이탈리안　로즈를　타고\n붉은　귀족이라　불린다．
S2M:M47LOW:31	dup=S2M:M01LOW:31	レニ・ミルヒシュトラーセ。\n戦闘のプロとして、正確な\n無駄のない攻撃を行う。	레니　밀히슈트라세．　전투의\n프로답게　정확하고　군더더기\n없는　공격을　한다．
S2M:M47LOW:32	dup=S2M:M21LOW:32	近接戦闘専用の降魔兵器。\n「万雷」を基盤に、\n戦闘能力を向上させた機体。	근접　전용　강마　병기．\n「만뢰」를　바탕으로\n전투　능력을　높인　기체．
S2M:M47LOW:33		魔操機兵、大日剣。\n五行衆「金剛」が乗る機体で、\n格闘能力が極めて高い。	마조기병，　대일검．　오행중\n「금강」이　탄　기체로　격투\n능력이　매우　높다．
S2M:M47LOW:34	dup=S2M:M01LOW:36	脇侍・改「黄童子」\n金剛専用の部隊で、大日剣と\n同じ色に塗装されている。	협시・개　「황동자」　금강\n전용　부대로，　대일검과\n같은　색으로　칠해져　있다．
S2M:M47LOW:35	dup=S2M:M19LOW:35	降魔兵器「烈風」\n黒鬼会により改造された、\n遠距離支援用降魔。	강마　병기　「열풍」\n흑귀회가　개조한\n원거리　지원용　강마．
S2M:M47LOW:36	dup=S2M:M19LOW:36	回復用降魔兵器。\n降魔の力を活性化させる、\n回復能力を持つ。	회복용　강마　병기．\n강마의　힘을　활성화하는\n회복　능력을　지닌다．
S2M:M47LOW:37	dup=S2M:M20LOW:37	降魔兵器「烈風」\n射程距離・攻撃力を重視した\n設計になっている。	강마　병기　「열풍」\n사거리・공격력　중시형으로\n설계됐다．
S2M:M47LOW:38	dup=S2M:M20LOW:38	重爆用降魔兵器。\n散弾が胎内に装填されており、\n口から発射される。	중폭격용　강마　병기．\n산탄을　내부에　장전해\n입에서　발사한다．
S2M:M47LOW:39		降魔兵器「閃光」\n複数の敵に被害を与える目的で\n設計されている。	강마　병기　「섬광」\n여러　적에게　피해를　주도록\n설계됐다．
S2M:M47LOW:40	dup=S2M:M21LOW:39	「次元砲」\n広い攻撃範囲を持ち、\n進入者を確実にしとめる。	「차원포」\n넓은　공격　범위를　지녀\n침입자를　확실히　처치한다．
S2M:M47LOW:41	dup=S2M:M21LOW:40	「魔来器」\n次々と降魔兵器を生み出す、\n降魔製造工場。	「마래기」\n잇달아　강마　병기를　만드는\n강마　제조　공장．
S2M:M47LOW:42	dup=S2M:M01LOW:42	メッセージ２０	메시지　２０
S2M:M47LOW:43	dup=S2M:M01LOW:43	今のところ、\nかばう必要はなさそうだな。	지금은\n보호할　필요　없어　보이네．
S2M:M47LOW:44	dup=S2M:M01LOW:44	さくらくん……\n君は俺が守る！	사쿠라　군……\n내가　지킬게！
S2M:M47LOW:45	dup=S2M:M01LOW:45	すみれくん……\n君の盾になってもいいかい。	스미레　군……\n네　방패가　되어도　될까？
S2M:M47LOW:46	dup=S2M:M01LOW:46	マリア……\n君の背中を守らせてくれ。	마리아……\n네　뒤를　지키게　해　줘．
S2M:M47LOW:47	dup=S2M:M01LOW:47	カンナ……\n俺は、君を全力で守るぞ！	칸나……　내가　온　힘을\n다해　지키마！
S2M:M47LOW:48	dup=S2M:M01LOW:48	アイリス……\n俺が側にいるから、\n安心していいよ。	아이리스……\n내가　곁에　있으니，\n안심해도　돼．
S2M:M47LOW:49	dup=S2M:M01LOW:49	紅蘭……\nいつだって君を助けにゆくよ。	코란……\n언제든　널　도우러　갈게．
S2M:M47LOW:50	dup=S2M:M01LOW:50	織姫くん……\n苦しいときは、\nいつでも俺を呼んでくれ！	오리히메　군……\n힘들　때는，\n언제든　날　불러！
S2M:M47LOW:51	dup=S2M:M01LOW:51	レニ……\nたまには、\n守られたっていいだろう？	레니……\n가끔은，\n보호받아도　괜찮잖아？
S2M:M47LOW:52	dup=S2M:M01LOW:52	がんばって！　大神さん！	힘내요！　오오가미　씨！
S2M:M47LOW:53	dup=S2M:M01LOW:53	大神さんが頼りです！	오오가미　씨만　믿을게요！
S2M:M47LOW:54	dup=S2M:M01LOW:54	無理しないでください、\n大神さん……	무리하지　마세요，\n오오가미　씨……
S2M:M47LOW:55	dup=S2M:M01LOW:55	がんばります！	힘낼게요！
S2M:M47LOW:56	dup=S2M:M01LOW:56	大神さんのために……\nあたし、やります！	오오가미　씨를　위해……\n제가　할게요！
S2M:M47LOW:57	dup=S2M:M01LOW:57	あたしが\nがんばらなくっちゃ！	제가　힘내야　해요！
S2M:M47LOW:58	dup=S2M:M01LOW:58	あたし……負けないわ……	저…　지지　않을　거예요…
S2M:M47LOW:59	dup=S2M:M01LOW:59	……ありがとうございます。\n大神さん。	……감사합니다．\n오오가미　씨．
S2M:M47LOW:60	dup=S2M:M01LOW:60	大神さんがいてくれるから、\nあたし、がんばれます！	오오가미　씨가　계시니까\n저도　힘낼　수　있어요！
S2M:M47LOW:61	dup=S2M:M01LOW:61	大丈夫ですか……大神さん。	괜찮으세요…　오오가미　씨．
S2M:M47LOW:62	dup=S2M:M01LOW:62	大神さん……\nごめんなさい……	오오가미　씨……\n죄송해요……
S2M:M47LOW:63	dup=S2M:M01LOW:63	ここは大神さんに\nお任せします……\n……ごめんなさい。	여기는　오오가미　씨에게\n맡길게요……\n……죄송해요．
S2M:M47LOW:64	dup=S2M:M01LOW:64	やりましたね、大神さん！	해냈네요，　오오가미　씨！
S2M:M47LOW:65	dup=S2M:M01LOW:65	今日の大神さん、\n一味違いますね。	오늘　오오가미　씨는\n평소와　다르네요．
S2M:M47LOW:66	dup=S2M:M01LOW:66	やりました！	해냈어요！
S2M:M47LOW:67	dup=S2M:M01LOW:67	大神さんのおかげです！	오오가미　씨　덕분이에요！
S2M:M47LOW:68	dup=S2M:M01LOW:68	大神さん……\nあたし、信じています。	오오가미　씨……\n저는　믿고　있어요．
S2M:M47LOW:69	dup=S2M:M01LOW:69	見せ場がきましてよ、少尉。	제　무대네요，　소위님．
S2M:M47LOW:70	dup=S2M:M01LOW:70	がんばってください、\nわたくしのために……	힘내　주세요，\n저를　위해……
S2M:M47LOW:71	dup=S2M:M01LOW:71	無理は禁物ですわ……	무리는　금물이에요……
S2M:M47LOW:72	dup=S2M:M01LOW:72	さあ、いきますわよ！	자，　갑니다！
S2M:M47LOW:73	dup=S2M:M01LOW:73	少尉、わたくしを\n見ていてくださいな。	소위님，\n저를　지켜봐　주세요．
S2M:M47LOW:74	dup=S2M:M01LOW:74	わたくしでなくては\nダメですわね。	저여야만　하겠군요．
S2M:M47LOW:75	dup=S2M:M01LOW:75	こ、この程度で……	이，　이　정도로……
S2M:M47LOW:76	dup=S2M:M01LOW:76	うれしいですわ……\n少尉……	기뻐요……\n소위님……
S2M:M47LOW:77	dup=S2M:M01LOW:77	わたくしを守ることが\nできるのは少尉だけですわ。	저를　지킬　수　있는　건\n소위님뿐이에요．
S2M:M47LOW:78	dup=S2M:M01LOW:78	かっ、身体が勝手に\n動いただけですわ……	몸이　저절로\n움직였을　뿐이에요……
S2M:M47LOW:79	dup=S2M:M01LOW:79	わたくしとしたことが……	저답지　않게……
S2M:M47LOW:80	dup=S2M:M01LOW:80	少尉を……\n……置いてはいけないのに！	소위님을……\n……두고　갈　수는　없는데！
S2M:M47LOW:81	dup=S2M:M01LOW:81	お見事ですわ、少尉。	훌륭해요，　소위님．
S2M:M47LOW:82	dup=S2M:M01LOW:82	りりしいですわよ、少尉。	늠름하시네요，　소위님．
S2M:M47LOW:83	dup=S2M:M01LOW:83	たいしたことありませんわね。	별것도　아니네요．
S2M:M47LOW:84	dup=S2M:M01LOW:84	見てくださいました？　少尉。	보셨나요？　소위님．
S2M:M47LOW:85	dup=S2M:M03LOW:85	んふっ、\nちょろいもんですわ。\nねぇ、少尉……	후훗，\n이　정도야　식은　죽이죠．\n그렇죠，　소위님……
S2M:M47LOW:86	dup=S2M:M01LOW:86	隊長、お願いします。	대장님，　부탁드려요．
S2M:M47LOW:87	dup=S2M:M01LOW:87	隊長……\n信じています。	대장님……\n믿고　있어요．
S2M:M47LOW:88	dup=S2M:M01LOW:88	隊長……\n慎重にいきましょう。	대장님……\n신중하게　가죠．
S2M:M47LOW:89	dup=S2M:M01LOW:89	さぁ、覚悟しなさい。	자，　각오하세요．
S2M:M47LOW:90	dup=S2M:M01LOW:90	私には、隊長が\nついていてくれる……	저에겐　대장님이\n곁에　계시니까……
S2M:M47LOW:91	dup=S2M:M01LOW:91	私がしっかりしなくては……	제가　정신　차려야……
S2M:M47LOW:92	dup=S2M:M01LOW:92	くっ、まだ……やれる！	큭，아직……　할　수　있어！
S2M:M47LOW:93	dup=S2M:M01LOW:93	すいません、隊長。	죄송해요，　대장님．
S2M:M47LOW:94	dup=S2M:M01LOW:94	隊長の背中……\nとても大きく見えます……	대장님　등……\n정말　커　보이네요……
S2M:M47LOW:95	dup=S2M:M01LOW:95	隊長が無事でよかった……	대장님이　무사해서　다행……
S2M:M47LOW:96	dup=S2M:M01LOW:96	隊長……申し訳ありません……	대장님……　죄송해요……
S2M:M47LOW:97	dup=S2M:M01LOW:97	もう少し……\n隊長と共に……	조금만　더……\n대장님과　함께……
S2M:M47LOW:98	dup=S2M:M01LOW:98	やりますね、隊長。	잘하시네요，　대장님．
S2M:M47LOW:99	dup=S2M:M01LOW:99	隊長が\nいてくださってよかった……	대장님이　계셔서　다행……
S2M:M47LOW:100	dup=S2M:M01LOW:100	ふんっ！　この程度……？	흥！　이　정도……？
S2M:M47LOW:101	dup=S2M:M01LOW:101	隊長、すばらしい指揮です！	대장님，　훌륭한　지휘예요！
S2M:M47LOW:102	dup=S2M:M01LOW:102	隊長が、私の力を\n何倍にもしてくれます。	대장님이　제　힘을\n몇　배나　키워　주세요．
S2M:M47LOW:103	dup=S2M:M01LOW:103	やっちまえ！　隊長！	해치워！　대장님！
S2M:M47LOW:104	dup=S2M:M01LOW:104	あたいがついてるぜ、隊長。	내가　곁에　있어，　대장．
S2M:M47LOW:105	dup=S2M:M01LOW:105	隊長の気合を見せてくれ！	대장님，　기합을　보여　줘！
S2M:M47LOW:106	dup=S2M:M01LOW:106	あたいの番だな！	내　차례구나！
S2M:M47LOW:107	dup=S2M:M01LOW:107	みていてくれよなっ！\n隊長！	지켜봐　줘！\n대장！
S2M:M47LOW:108	dup=S2M:M01LOW:108	まとめて面倒みるぜ！	한꺼번에　상대해　주마！
S2M:M47LOW:109	dup=S2M:M01LOW:109	まだまだ、\nどんどんかかってこいっ！	아직　멀었어，\n어서　덤벼！
S2M:M47LOW:110	dup=S2M:M01LOW:110	すまねぇな、隊長。	미안하군，　대장．
S2M:M47LOW:111	dup=S2M:M01LOW:111	へへっ、\n守られるってのも悪くないな。	헤헤，　보호받는　것도\n나쁘지　않군．
S2M:M47LOW:112	dup=S2M:M01LOW:112	へへっ、らしくないぜぇ？\n隊長！	헤헤，　나답지　않지？\n대장！
S2M:M47LOW:113	dup=S2M:M01LOW:113	ちくしょう……\nこんなところで……	젠장……\n이런　곳에서……
S2M:M47LOW:114	dup=S2M:M01LOW:114	隊長、すまない。\nあたいの分まで\nがんばってくれ！	대장，　미안하다．\n내　몫까지\n힘내　줘！
S2M:M47LOW:115	dup=S2M:M01LOW:115	やるじゃねぇか！　隊長！	제법이잖아！　대장！
S2M:M47LOW:116	dup=S2M:M01LOW:116	ほれぼれするぜ！　隊長！	감탄스럽군！　대장！
S2M:M47LOW:117	dup=S2M:M01LOW:117	ざっとこんなもんだぜ！	대충　이　정도지！
S2M:M47LOW:118	dup=S2M:M01LOW:118	へっへーん！\nどうだい！　隊長！	헤헤ー！\n어때！　대장！
S2M:M47LOW:119	dup=S2M:M01LOW:119	誰もあたいたちを\n止められねぇぜ！	아무도　우릴\n막을　수　없어！
S2M:M47LOW:120	dup=S2M:M01LOW:120	がんばろうね、お兄ちゃん。	힘내자，　오빠．
S2M:M47LOW:121	dup=S2M:M01LOW:121	お兄ちゃん、いっけぇー！	오빠，　가ー！
S2M:M47LOW:122	dup=S2M:M01LOW:122	お兄ちゃん……負けないで！	오빠……　지지　마！
S2M:M47LOW:123	dup=S2M:M01LOW:123	アイリス、いきまーす！	아이리스，　갑니다아！
S2M:M47LOW:124	dup=S2M:M01LOW:124	えへへっ、\nアイリスがんばるよ！	에헤헤，\n아이리스　힘낼게！
S2M:M47LOW:125	dup=S2M:M01LOW:125	アイリスが\nがんばらなくちゃ！	아이리스가\n힘내야　해！
S2M:M47LOW:126	dup=S2M:M01LOW:126	アイリス……もうだめ……	아이리스…　이제　안　돼…
S2M:M47LOW:127	dup=S2M:M01LOW:127	アイリスのために\n来てくれたんだぁー！	아이리스를　위해　왔구나ー！
S2M:M47LOW:128	dup=S2M:M01LOW:128	お兄ちゃんは、\n白馬のおうじさまだね！	오빠는\n백마　탄　왕자님이네！
S2M:M47LOW:129	dup=S2M:M01LOW:129	お兄ちゃん……\nアイリスがついてるからね。	오빠……\n아이리스가　곁에　있을게．
S2M:M47LOW:130	dup=S2M:M01LOW:130	あ……止まっちゃった……	아……　멈췄어……
S2M:M47LOW:131	dup=S2M:M01LOW:131	お兄ちゃん……\nごめんね……	오빠……\n미안해……
S2M:M47LOW:132	dup=S2M:M01LOW:132	わーい、やったね！\nお兄ちゃん！	와ー，　해냈다！\n오빠！
S2M:M47LOW:133	dup=S2M:M01LOW:133	お兄ちゃん、\nすごい、すっごーい！	오빠，\n대단해，　정말　대단해ー！
S2M:M47LOW:134	dup=S2M:M01LOW:134	アイリス、すごいでしょ！	아이리스，　대단하지！
S2M:M47LOW:135	dup=S2M:M01LOW:135	ねぇ、ねぇ！\nほめてほめて！	있잖아，　있잖아！\n칭찬해　줘，　칭찬해　줘！
S2M:M47LOW:136	dup=S2M:M01LOW:136	お兄ちゃんがいれば、\nアイリスなんにも恐くないよ！	오빠만　있으면，\n아이리스는　안　무서워！
S2M:M47LOW:137	dup=S2M:M01LOW:137	頼んだで、大神はん。	부탁한다，　오오가미　씨．
S2M:M47LOW:138	dup=S2M:M01LOW:138	ウチらの力、見せたろうで！	우리　힘을　보여　주자！
S2M:M47LOW:139	dup=S2M:M01LOW:139	だ、大丈夫かいな、大神はん。	괜찮나，　오오가미　씨．
S2M:M47LOW:140	dup=S2M:M01LOW:140	ほな、いってみよか！	그럼，　가　볼까！
S2M:M47LOW:141	dup=S2M:M01LOW:141	大神はん、\nウチにまーかしとき！	오오가미　씨，\n나한테　맡겨！
S2M:M47LOW:142	dup=S2M:M01LOW:142	ウチががんばらんと！	내가　힘내야　해！
S2M:M47LOW:143	dup=S2M:M01LOW:143	や、やばいで……	이，　이거　위험해……
S2M:M47LOW:144	dup=S2M:M01LOW:144	お、おおきに、\n大神はん……	고，　고마워，\n오오가미　씨……
S2M:M47LOW:145	dup=S2M:M01LOW:145	もう、そないなことされたら、\nウチ……	그렇게까지　해　주면，\n나……
S2M:M47LOW:146	dup=S2M:M01LOW:146	大神はんがおらんと、\nウチ……こまるんや。	오오가미　씨가　없으면，\n나……　곤란해．
S2M:M47LOW:147	dup=S2M:M01LOW:147	そのへんで、堪忍や……	이쯤에서　봐줘……
S2M:M47LOW:148	dup=S2M:M01LOW:148	大神はん、すんまへん。	오오가미　씨，　미안해．
S2M:M47LOW:149	dup=S2M:M01LOW:149	大神はん、その調子や！	오오가미　씨，　그　기세야！
S2M:M47LOW:150	dup=S2M:M01LOW:150	ええ感じやで！　大神はん！	좋은데！　오오가미　씨！
S2M:M47LOW:151	dup=S2M:M01LOW:151	いっちょあがりや！	한　건　해냈다！
S2M:M47LOW:152	dup=S2M:M01LOW:152	大神はん、\nやったで、ウチ！	오오가미　씨，\n나　해냈어！
S2M:M47LOW:153	dup=S2M:M01LOW:153	ウチらの力を合わせれば、\n千人力や！	우리　힘을　합치면，\n천군만마야！
S2M:M47LOW:154	dup=S2M:M01LOW:154	少尉さん、\nお手並み拝見でーす！	소위님，\n실력을　보여　주세요ー！
S2M:M47LOW:155	dup=S2M:M01LOW:155	早く終わらせて帰りましょー。	빨리　끝내고　돌아가요ー．
S2M:M47LOW:156	dup=S2M:M01LOW:156	ちょっと、\nヤバそうってカンジ！	잠깐，\n좀　위험해　보이는　느낌！
S2M:M47LOW:157	dup=S2M:M01LOW:157	たのしいでーす！	재밌어요ー！
S2M:M47LOW:158	dup=S2M:M01LOW:158	わたしを見ていてくださーい！	저를　지켜봐　주세요ー！
S2M:M47LOW:159	dup=S2M:M10LOW:159	勝手にやらせてもらいまーす！	맘대로　하게　해　주세요ー！
S2M:M47LOW:160	dup=S2M:M01LOW:160	シャワー浴びたいでーす！	샤워하고　싶어요ー！
S2M:M47LOW:161	dup=S2M:M10LOW:161	あはっ！\n少尉さん、サンキュでーす！	아핫！\n소위님，　고마워요ー！
S2M:M47LOW:162	dup=S2M:M01LOW:162	少尉さん、\n無理しなくていいでーす……	소위님，\n무리하지　않아도　돼요……
S2M:M47LOW:163	dup=S2M:M01LOW:163	まったく、\nダメなオトコでーす！	정말이지，\n쓸모없는　남자네요ー！
S2M:M47LOW:164	dup=S2M:M01LOW:164	これ以上はカンベンでーす！	이　이상은　봐주겠어요ー！
S2M:M47LOW:165	dup=S2M:M01LOW:165	もうだめです。\n撤退します……隊長……	이젠　안　돼요．\n후퇴할게요……　대장……
S2M:M47LOW:166	dup=S2M:M01LOW:166	なかなかやるってカンジ！	제법인데요！
S2M:M47LOW:167	dup=S2M:M01LOW:167	少尉さん、\nちょーかっこいいでーす！	소위님，\n정말　멋져요ー！
S2M:M47LOW:168	dup=S2M:M01LOW:168	楽勝でーす！	거뜬해요ー！
S2M:M47LOW:169	dup=S2M:M01LOW:169	うふっ！\n拍手をくださーい！	후훗！\n박수　쳐　주세요ー！
S2M:M47LOW:170	dup=S2M:M01LOW:170	このデュオは最高でーす！	이　듀오는　최고예요ー！
S2M:M47LOW:171	dup=S2M:M01LOW:171	……行動開始。	……행동　개시．
S2M:M47LOW:172	dup=S2M:M07LOW:172	隊長、気を付けて。	대장님，　조심하세요．
S2M:M47LOW:173	dup=S2M:M01LOW:173	……危険だよ。	……위험해．
S2M:M47LOW:174	dup=S2M:M07LOW:174	いくよ！	가자！
S2M:M47LOW:175	dup=S2M:M07LOW:175	指示、よろしく。	지시，　잘　부탁해．
S2M:M47LOW:176	dup=S2M:M08LOW:176	ボクの力で……倒す……	내　힘으로…　쓰러뜨린다…
S2M:M47LOW:177	dup=S2M:M01LOW:177	機体の損傷が激しい……	기체　손상이　심해……
S2M:M47LOW:178	dup=S2M:M01LOW:178	………………	………………
S2M:M47LOW:179	dup=S2M:M07LOW:179	……ありがとう。	…고마워．
S2M:M47LOW:180	dup=S2M:M01LOW:180	隊長……しっかり……	대장……　정신　차려……
S2M:M47LOW:181	dup=S2M:M01LOW:181	一時、撤退……	일단　후퇴……
S2M:M47LOW:182	dup=S2M:M07LOW:182	隊長、\nあとは……よろしく。	대장，\n나머지는……　부탁해．
S2M:M47LOW:183	dup=S2M:M01LOW:183	目標、撃破確認……	목표　격파　확인……
S2M:M47LOW:184	dup=S2M:M07LOW:184	やるね、隊長。	잘하네，　대장．
S2M:M47LOW:185	dup=S2M:M01LOW:185	目標撃破……	목표　격파……
S2M:M47LOW:186	dup=S2M:M07LOW:186	隊長……\n次の指示を……	대장……\n다음　지시를……
S2M:M47LOW:187	dup=S2M:M01LOW:187	これが……ボクらの力……！	이게……　우리　힘……！
S2M:M47LOW:188	dup=S2M:M01LOW:188	そぉら、いくぜ！	자아，　간다！
S2M:M47LOW:189	dup=S2M:M01LOW:189	さぁ、楽しませてくれよ。	자，　즐겁게　해　줘．
S2M:M47LOW:190	dup=S2M:M01LOW:190	勝負は……これからだぜ！	승부는……　지금부터야！
S2M:M47LOW:191	dup=S2M:M01LOW:191	なかなか、\nやるじゃねぇか！	제법이군，\n잘하잖아！
S2M:M47LOW:192	dup=S2M:M01LOW:192	おもしれぇ……	재밌군……
S2M:M47LOW:193	dup=S2M:M01LOW:193	大丈夫か、水狐。	괜찮나，　수호．
S2M:M47LOW:194	dup=S2M:M01LOW:194	華麗に燃やしてあげますよ……	화려하게　태워　드리죠……
S2M:M47LOW:195	dup=S2M:M01LOW:195	覚悟してください。	각오하세요．
S2M:M47LOW:196	dup=S2M:M01LOW:196	あははははは！	아하하하하하！
S2M:M47LOW:197	dup=S2M:M01LOW:197	燃やしつくしてやる！	모조리　태워　주마！
S2M:M47LOW:198	dup=S2M:M01LOW:198	ご……ゴミが……	쓰……　쓰레기가……
S2M:M47LOW:199	dup=S2M:M01LOW:199	私の戦いを見せてあげる。	내　싸움을　보여　주지．
S2M:M47LOW:200	dup=S2M:M01LOW:200	やさしくしてあげるわ。	상냥하게　해　줄게．
S2M:M47LOW:201	dup=S2M:M01LOW:201	ふふふ……負けないわよ。	후후후…　지지　않을　거야．
S2M:M47LOW:202	dup=S2M:M01LOW:202	やるわね。\nさすが華撃団……	잘하네．\n역시　화격단……
S2M:M47LOW:203	dup=S2M:M01LOW:203	くっ……\nこれほどとはね……	큭……\n이　정도일　줄이야……
S2M:M47LOW:204	dup=S2M:M01LOW:204	さぁ、ワシの番じゃな。	자，　내　차례로구나．
S2M:M47LOW:205	dup=S2M:M01LOW:205	ワシの計算にぬかりはないぞ。	내　계산엔　빈틈없다．
S2M:M47LOW:206	dup=S2M:M01LOW:206	こ、このままでは\n終わらぬぞ……	이，　이대로는\n끝나지　않아……
S2M:M47LOW:207	dup=S2M:M01LOW:207	これも計算のうちじゃ。	이것도　계산　안이야．
S2M:M47LOW:208	dup=S2M:M01LOW:208	ぬうっ……\nこれは計算外じゃ……	으으……\n이건　계산　밖이야……
S2M:M47LOW:209	dup=S2M:M01LOW:209	狩りとってやる！	사냥해　주마！
S2M:M47LOW:210	dup=S2M:M01LOW:210	今、楽にしてやるからな。	지금　편하게　해　주마．
S2M:M47LOW:211	dup=S2M:M01LOW:211	ひ、ひねり殺してやる！	비，　비틀어　죽여　주마！
S2M:M47LOW:212	dup=S2M:M01LOW:212	勝ったと思うなよ……	이겼다고　생각하지　마……
S2M:M47LOW:213	dup=S2M:M01LOW:213	まだ、終わりではないぞ！	아직　끝나지　않았다！
S2M:M47LOW:214	dup=S2M:M01LOW:214	終わりにしてやる。	끝내　주마．
S2M:M47LOW:215	dup=S2M:M01LOW:215	いくぞ！　華撃団っ！	간다！　화격단！
S2M:M47LOW:216	dup=S2M:M01LOW:216	まだ、まだだっ！	아직，　아직이다！
S2M:M47LOW:217	dup=S2M:M01LOW:217	腕を上げたな……	실력이　늘었구나……
S2M:M47LOW:218	dup=S2M:M01LOW:218	ぐっ……\nわたしの復讐が……	큭……\n내　복수가……
S2M:M47LOW:219	dup=S2M:M01LOW:219	容赦はせぬぞ……	봐주지　않겠다……
S2M:M47LOW:220	dup=S2M:M01LOW:220	お前たちの罪を知れ……	너희의　죄를　깨달아라……
S2M:M47LOW:221	dup=S2M:M01LOW:221	戦いとはいつも無常だ……	싸움은　언제나　덧없다……
S2M:M47LOW:222	dup=S2M:M01LOW:222	愛は死んだ……	사랑은　죽었다……
S2M:M47LOW:223	dup=S2M:M01LOW:223	ぬぅ……やるな……	으음……　제법이군……
S2M:M47LOW:224	dup=S2M:M01LOW:224	私に触れるな！	나에게　손대지　마！
S2M:M47LOW:225	dup=S2M:M01LOW:225	帝都の恨みは、\nこの程度ではないぞ……	제도의　원한은，\n이　정도가　아니다……
S2M:M47LOW:226	dup=S2M:M01LOW:226	最後に勝つのは……私だ！	최후의　승자는……　나다！
S2M:M47LOW:227	dup=S2M:M01LOW:227	この程度で……ぬうっ！	이　정도로……　으음！
S2M:M47LOW:228	dup=S2M:M01LOW:228	思い上がるな……\n偽善者めっ！	우쭐대지　마……\n위선자　자식！
S2M:M51LOW:0	dup=S2M:M01LOW:0	疾きこと風のごとく……\n移動力重視の作戦だ！	빠르기는　바람처럼……\n이동력　중시　작전이다！
S2M:M51LOW:1	dup=S2M:M01LOW:1	今は、この命令を出している。\n移動力を活かして戦おう。	현재　명령은　이것이다．\n이동력을　살려　싸우자．
S2M:M51LOW:2	dup=S2M:M01LOW:2	花組各員に通達！\n「風」作戦を開始するぞ！	화조　전원에게　통보！\n「풍」　작전　개시다！
S2M:M51LOW:3	dup=S2M:M01LOW:3	林のように心静かに……\n本来の力を引き出すんだ！	숲처럼　마음을　고요히……\n본래의　힘을　끌어내자！
S2M:M51LOW:4	dup=S2M:M01LOW:4	今は、この命令を出している。\n本来の力で敵に立ち向かおう。	현재　명령은　이것이다．\n본래의　힘으로　맞서자．
S2M:M51LOW:5	dup=S2M:M01LOW:5	花組各員に通達！\n「林」作戦を開始するぞ！	화조　전원에게　통보！\n「림」　작전　개시다！
S2M:M51LOW:6	dup=S2M:M01LOW:6	炎のように熱く燃える……\n攻撃力重視の作戦だ！	불처럼　뜨겁게　타오르는……\n공격력　중시　작전이다！
S2M:M51LOW:7	dup=S2M:M01LOW:7	今は、この命令を出している。\n攻撃力を活かして戦おう。	현재　명령은　이것이다．\n공격력을　살려　싸우자．
S2M:M51LOW:8	dup=S2M:M01LOW:8	花組各員に通達！\n「火」作戦を開始するぞ！	화조　전원에게　통보！\n「화」　작전　개시다！
S2M:M51LOW:9	dup=S2M:M01LOW:9	構えること山のごとく……\n防御力重視の作戦だ！	산처럼　굳건히　버티는……\n방어력　중시　작전이다！
S2M:M51LOW:10	dup=S2M:M01LOW:10	今は、この命令を出している。\n防御力を活かして戦おう。	현재　명령은　이것이다．\n방어력을　살려　싸우자．
S2M:M51LOW:11	dup=S2M:M01LOW:11	花組各員に通達！\n「山」作戦を開始するぞ！	화조　전원에게　통보！\n「산」　작전　개시다！
S2M:M51LOW:12	dup=S2M:M01LOW:12	このままの作戦でいくぞ！	이대로　작전을　계속한다！
S2M:M51LOW:13	dup=S2M:M01LOW:13	了解！	알겠습니다！
S2M:M51LOW:14		土蜘蛛の乗る魔操機兵\n「八葉」を撃破して！	토지구모가　탄　마조기병\n「팔엽」을　격파해！
S2M:M51LOW:15	dup=S2M:M08LOW:15	０メッセージ１－２	０메시지１－２
S2M:M51LOW:16	dup=S2M:M01LOW:16	０メッセージ１－３	０메시지１－３
S2M:M51LOW:17	dup=S2M:M12LOW:17	門の外に出て、\n土機を撃破するのよ！	문　밖으로　나가，\n토기를　격파해！
S2M:M51LOW:18	dup=S2M:M12LOW:18	敵の大将、土は、\n攻撃回数が多いわ。\n気をつけるのよ！	적장　토지구모는\n공격　횟수가　많아．\n조심해！
S2M:M51LOW:19	dup=S2M:M01LOW:19	０メッセージ２－３	０메시지２－３
S2M:M51LOW:20	dup=S2M:M02LOW:20	大神さん、山崎は強いわ。\n一時撤退しましょう！	야마자키는　강해요．\n일단　후퇴하죠！
S2M:M51LOW:21	dup=S2M:M01LOW:21	０メッセージ３－２	０메시지３－２
S2M:M51LOW:22	dup=S2M:M01LOW:22	０メッセージ３－３	０메시지３－３
S2M:M51LOW:23	dup=S2M:M01LOW:23	花組の隊長、大神一郎。\n高い戦闘力と、\n勇敢な心を持っている。	화조　대장，　오오가미．\n높은　전투력과\n용감한　마음을　지녔다．
S2M:M51LOW:24	dup=S2M:M01LOW:24	北辰一刀流、真宮寺さくら。\n素早い動きで、\n敵を一刀両断する。	북진일도류，　사쿠라．\n빠른　움직임으로\n적을　일도양단한다．
S2M:M51LOW:25	dup=S2M:M01LOW:25	神崎風塵流、神崎すみれ。\n華麗なナギナタの技は、\n見るものの心をもとらえる。	칸자키　풍진류，　스미레．\n화려한　나기나타　기술은\n보는　이의　마음마저　홀려．
S2M:M51LOW:26	dup=S2M:M01LOW:26	射撃手、マリア・タチバナ。\n氷の銃弾は、狙った\n獲物を決して逃さない。	사격수，　마리아．\n얼음　탄환은　노린\n먹이를　놓치지　않는다．
S2M:M51LOW:27	dup=S2M:M01LOW:27	桐島流空手、桐島カンナ。\n圧倒的なパワーで、むらがる\n敵を粉砕する。	가라테의　달인，　칸나．\n압도적　파워로　몰려드는\n적을　분쇄한다．
S2M:M51LOW:28	dup=S2M:M01LOW:28	花組のマスコット、アイリス。\n超能力を使った、\n不思議な攻撃で敵と戦う。	화조의　마스코트，\n아이리스．\n초능력으로　적과　싸운다．
S2M:M51LOW:29	dup=S2M:M01LOW:29	発明家、李紅蘭。\n次々に繰り出す発明品で、\n敵味方をあっといわせるぞ。	발명가，　코란．\n신제품을　잇달아　내놓아\n적과　아군을　놀라게　한다．
S2M:M51LOW:30	dup=S2M:M01LOW:30	元星組隊員、ソレッタ・織姫。\nイタリアンローズの機体に乗り\n赤い貴族と呼ばれている。	전　별조　대원，　오리히메．\n이탈리안　로즈를　타고\n붉은　귀족이라　불린다．
S2M:M51LOW:31	dup=S2M:M01LOW:31	レニ・ミルヒシュトラーセ。\n戦闘のプロとして、正確な\n無駄のない攻撃を行う。	레니　밀히슈트라세．　전투의\n프로답게　정확하고　군더더기\n없는　공격을　한다．
S2M:M51LOW:32		「イ型乙」（いがたおつ）\n近接攻撃用の魔操機兵。	「이형　을」\n근접　공격용　마조기병．
S2M:M51LOW:33		「ロ型甲」（ろがたこう）\n間接攻撃用の魔操機兵。単体しか攻撃できない。	「로형　갑」\n간접　공격형，　１체만．
S2M:M51LOW:34		「ハ型甲」（はがたこう）\n間接攻撃用の魔操機兵。\n複数に攻撃可能。	「하형　갑」\n간접　공격용　마조기병．\n복수　공격　가능．
S2M:M51LOW:35		「エル特」（えるとく）\n回復能力を持つ\n近接攻撃用の脇侍。	「엘　특」\n회복　능력을　지닌\n근접　공격용　협시．
S2M:M51LOW:36		「八葉」（はちよう）\n撃破すると、\n演習終了となる。	「팔엽」\n격파하면\n연습　종료．
S2M:M51LOW:37		「円空」（えんくう）\n撃破すると、\n得点が１００点加算される。	「엔쿠」\n격파하면\n득점　１００점　추가．
S2M:M51LOW:38		「蒸気火箭」（じょうきかせん）\n撃破すると、\n得点が１００点加算される。	「증기화전」\n격파하면\n득점　１００점　추가．
S2M:M51LOW:39		「十字焔」（じゅうじほむら）\n撃破すると、\n得点が１００点加算される。	「십자염」\n격파하면\n득점　１００점　추가．
S2M:M51LOW:40	dup=S2M:M21LOW:40	「魔来器」\n次々と降魔兵器を生み出す、\n降魔製造工場。	「마래기」\n잇달아　강마　병기를　만드는\n강마　제조　공장．
S2M:M51LOW:41	dup=S2M:M01LOW:41	メッセージ１９	메시지　１９
S2M:M51LOW:42	dup=S2M:M01LOW:42	メッセージ２０	메시지　２０
S2M:M51LOW:43	dup=S2M:M01LOW:43	今のところ、\nかばう必要はなさそうだな。	지금은\n보호할　필요　없어　보이네．
S2M:M51LOW:44	dup=S2M:M01LOW:44	さくらくん……\n君は俺が守る！	사쿠라　군……\n내가　지킬게！
S2M:M51LOW:45	dup=S2M:M01LOW:45	すみれくん……\n君の盾になってもいいかい。	스미레　군……\n네　방패가　되어도　될까？
S2M:M51LOW:46	dup=S2M:M01LOW:46	マリア……\n君の背中を守らせてくれ。	마리아……\n네　뒤를　지키게　해　줘．
S2M:M51LOW:47	dup=S2M:M01LOW:47	カンナ……\n俺は、君を全力で守るぞ！	칸나……　내가　온　힘을\n다해　지키마！
S2M:M51LOW:48	dup=S2M:M01LOW:48	アイリス……\n俺が側にいるから、\n安心していいよ。	아이리스……\n내가　곁에　있으니，\n안심해도　돼．
S2M:M51LOW:49	dup=S2M:M01LOW:49	紅蘭……\nいつだって君を助けにゆくよ。	코란……\n언제든　널　도우러　갈게．
S2M:M51LOW:50	dup=S2M:M01LOW:50	織姫くん……\n苦しいときは、\nいつでも俺を呼んでくれ！	오리히메　군……\n힘들　때는，\n언제든　날　불러！
S2M:M51LOW:51	dup=S2M:M01LOW:51	レニ……\nたまには、\n守られたっていいだろう？	레니……\n가끔은，\n보호받아도　괜찮잖아？
S2M:M51LOW:52	dup=S2M:M01LOW:52	がんばって！　大神さん！	힘내요！　오오가미　씨！
S2M:M51LOW:53	dup=S2M:M01LOW:53	大神さんが頼りです！	오오가미　씨만　믿을게요！
S2M:M51LOW:54	dup=S2M:M01LOW:54	無理しないでください、\n大神さん……	무리하지　마세요，\n오오가미　씨……
S2M:M51LOW:55	dup=S2M:M01LOW:55	がんばります！	힘낼게요！
S2M:M51LOW:56	dup=S2M:M01LOW:56	大神さんのために……\nあたし、やります！	오오가미　씨를　위해……\n제가　할게요！
S2M:M51LOW:57	dup=S2M:M01LOW:57	あたしが\nがんばらなくっちゃ！	제가　힘내야　해요！
S2M:M51LOW:58	dup=S2M:M01LOW:58	あたし……負けないわ……	저…　지지　않을　거예요…
S2M:M51LOW:59	dup=S2M:M01LOW:59	……ありがとうございます。\n大神さん。	……감사합니다．\n오오가미　씨．
S2M:M51LOW:60	dup=S2M:M01LOW:60	大神さんがいてくれるから、\nあたし、がんばれます！	오오가미　씨가　계시니까\n저도　힘낼　수　있어요！
S2M:M51LOW:61	dup=S2M:M01LOW:61	大丈夫ですか……大神さん。	괜찮으세요…　오오가미　씨．
S2M:M51LOW:62	dup=S2M:M01LOW:62	大神さん……\nごめんなさい……	오오가미　씨……\n죄송해요……
S2M:M51LOW:63	dup=S2M:M01LOW:63	ここは大神さんに\nお任せします……\n……ごめんなさい。	여기는　오오가미　씨에게\n맡길게요……\n……죄송해요．
S2M:M51LOW:64	dup=S2M:M01LOW:64	やりましたね、大神さん！	해냈네요，　오오가미　씨！
S2M:M51LOW:65	dup=S2M:M01LOW:65	今日の大神さん、\n一味違いますね。	오늘　오오가미　씨는\n평소와　다르네요．
S2M:M51LOW:66	dup=S2M:M01LOW:66	やりました！	해냈어요！
S2M:M51LOW:67	dup=S2M:M01LOW:67	大神さんのおかげです！	오오가미　씨　덕분이에요！
S2M:M51LOW:68	dup=S2M:M01LOW:68	大神さん……\nあたし、信じています。	오오가미　씨……\n저는　믿고　있어요．
S2M:M51LOW:69	dup=S2M:M01LOW:69	見せ場がきましてよ、少尉。	제　무대네요，　소위님．
S2M:M51LOW:70	dup=S2M:M01LOW:70	がんばってください、\nわたくしのために……	힘내　주세요，\n저를　위해……
S2M:M51LOW:71	dup=S2M:M01LOW:71	無理は禁物ですわ……	무리는　금물이에요……
S2M:M51LOW:72	dup=S2M:M01LOW:72	さあ、いきますわよ！	자，　갑니다！
S2M:M51LOW:73	dup=S2M:M01LOW:73	少尉、わたくしを\n見ていてくださいな。	소위님，\n저를　지켜봐　주세요．
S2M:M51LOW:74	dup=S2M:M01LOW:74	わたくしでなくては\nダメですわね。	저여야만　하겠군요．
S2M:M51LOW:75	dup=S2M:M01LOW:75	こ、この程度で……	이，　이　정도로……
S2M:M51LOW:76	dup=S2M:M01LOW:76	うれしいですわ……\n少尉……	기뻐요……\n소위님……
S2M:M51LOW:77	dup=S2M:M01LOW:77	わたくしを守ることが\nできるのは少尉だけですわ。	저를　지킬　수　있는　건\n소위님뿐이에요．
S2M:M51LOW:78	dup=S2M:M01LOW:78	かっ、身体が勝手に\n動いただけですわ……	몸이　저절로\n움직였을　뿐이에요……
S2M:M51LOW:79	dup=S2M:M01LOW:79	わたくしとしたことが……	저답지　않게……
S2M:M51LOW:80	dup=S2M:M01LOW:80	少尉を……\n……置いてはいけないのに！	소위님을……\n……두고　갈　수는　없는데！
S2M:M51LOW:81	dup=S2M:M01LOW:81	お見事ですわ、少尉。	훌륭해요，　소위님．
S2M:M51LOW:82	dup=S2M:M01LOW:82	りりしいですわよ、少尉。	늠름하시네요，　소위님．
S2M:M51LOW:83	dup=S2M:M01LOW:83	たいしたことありませんわね。	별것도　아니네요．
S2M:M51LOW:84	dup=S2M:M01LOW:84	見てくださいました？　少尉。	보셨나요？　소위님．
S2M:M51LOW:85	dup=S2M:M01LOW:85	んふっ、\nちょろいもんですわね。\nねぇ、少尉……	후훗，\n이　정도야　식은　죽이죠．\n그렇죠，　소위님……
S2M:M51LOW:86	dup=S2M:M01LOW:86	隊長、お願いします。	대장님，　부탁드려요．
S2M:M51LOW:87	dup=S2M:M01LOW:87	隊長……\n信じています。	대장님……\n믿고　있어요．
S2M:M51LOW:88	dup=S2M:M01LOW:88	隊長……\n慎重にいきましょう。	대장님……\n신중하게　가죠．
S2M:M51LOW:89	dup=S2M:M01LOW:89	さぁ、覚悟しなさい。	자，　각오하세요．
S2M:M51LOW:90	dup=S2M:M01LOW:90	私には、隊長が\nついていてくれる……	저에겐　대장님이\n곁에　계시니까……
S2M:M51LOW:91	dup=S2M:M01LOW:91	私がしっかりしなくては……	제가　정신　차려야……
S2M:M51LOW:92	dup=S2M:M01LOW:92	くっ、まだ……やれる！	큭，아직……　할　수　있어！
S2M:M51LOW:93	dup=S2M:M01LOW:93	すいません、隊長。	죄송해요，　대장님．
S2M:M51LOW:94	dup=S2M:M01LOW:94	隊長の背中……\nとても大きく見えます……	대장님　등……\n정말　커　보이네요……
S2M:M51LOW:95	dup=S2M:M01LOW:95	隊長が無事でよかった……	대장님이　무사해서　다행……
S2M:M51LOW:96	dup=S2M:M01LOW:96	隊長……申し訳ありません……	대장님……　죄송해요……
S2M:M51LOW:97	dup=S2M:M01LOW:97	もう少し……\n隊長と共に……	조금만　더……\n대장님과　함께……
S2M:M51LOW:98	dup=S2M:M01LOW:98	やりますね、隊長。	잘하시네요，　대장님．
S2M:M51LOW:99	dup=S2M:M01LOW:99	隊長が\nいてくださってよかった……	대장님이　계셔서　다행……
S2M:M51LOW:100	dup=S2M:M01LOW:100	ふんっ！　この程度……？	흥！　이　정도……？
S2M:M51LOW:101	dup=S2M:M01LOW:101	隊長、すばらしい指揮です！	대장님，　훌륭한　지휘예요！
S2M:M51LOW:102	dup=S2M:M01LOW:102	隊長が、私の力を\n何倍にもしてくれます。	대장님이　제　힘을\n몇　배나　키워　주세요．
S2M:M51LOW:103	dup=S2M:M01LOW:103	やっちまえ！　隊長！	해치워！　대장님！
S2M:M51LOW:104	dup=S2M:M01LOW:104	あたいがついてるぜ、隊長。	내가　곁에　있어，　대장．
S2M:M51LOW:105	dup=S2M:M01LOW:105	隊長の気合を見せてくれ！	대장님，　기합을　보여　줘！
S2M:M51LOW:106	dup=S2M:M01LOW:106	あたいの番だな！	내　차례구나！
S2M:M51LOW:107	dup=S2M:M01LOW:107	みていてくれよなっ！\n隊長！	지켜봐　줘！\n대장！
S2M:M51LOW:108	dup=S2M:M01LOW:108	まとめて面倒みるぜ！	한꺼번에　상대해　주마！
S2M:M51LOW:109	dup=S2M:M01LOW:109	まだまだ、\nどんどんかかってこいっ！	아직　멀었어，\n어서　덤벼！
S2M:M51LOW:110	dup=S2M:M01LOW:110	すまねぇな、隊長。	미안하군，　대장．
S2M:M51LOW:111	dup=S2M:M01LOW:111	へへっ、\n守られるってのも悪くないな。	헤헤，　보호받는　것도\n나쁘지　않군．
S2M:M51LOW:112	dup=S2M:M01LOW:112	へへっ、らしくないぜぇ？\n隊長！	헤헤，　나답지　않지？\n대장！
S2M:M51LOW:113	dup=S2M:M01LOW:113	ちくしょう……\nこんなところで……	젠장……\n이런　곳에서……
S2M:M51LOW:114	dup=S2M:M01LOW:114	隊長、すまない。\nあたいの分まで\nがんばってくれ！	대장，　미안하다．\n내　몫까지\n힘내　줘！
S2M:M51LOW:115	dup=S2M:M01LOW:115	やるじゃねぇか！　隊長！	제법이잖아！　대장！
S2M:M51LOW:116	dup=S2M:M01LOW:116	ほれぼれするぜ！　隊長！	감탄스럽군！　대장！
S2M:M51LOW:117	dup=S2M:M01LOW:117	ざっとこんなもんだぜ！	대충　이　정도지！
S2M:M51LOW:118	dup=S2M:M01LOW:118	へっへーん！\nどうだい！　隊長！	헤헤ー！\n어때！　대장！
S2M:M51LOW:119	dup=S2M:M01LOW:119	誰もあたいたちを\n止められねぇぜ！	아무도　우릴\n막을　수　없어！
S2M:M51LOW:120	dup=S2M:M01LOW:120	がんばろうね、お兄ちゃん。	힘내자，　오빠．
S2M:M51LOW:121	dup=S2M:M01LOW:121	お兄ちゃん、いっけぇー！	오빠，　가ー！
S2M:M51LOW:122	dup=S2M:M01LOW:122	お兄ちゃん……負けないで！	오빠……　지지　마！
S2M:M51LOW:123	dup=S2M:M01LOW:123	アイリス、いきまーす！	아이리스，　갑니다아！
S2M:M51LOW:124	dup=S2M:M01LOW:124	えへへっ、\nアイリスがんばるよ！	에헤헤，\n아이리스　힘낼게！
S2M:M51LOW:125	dup=S2M:M01LOW:125	アイリスが\nがんばらなくちゃ！	아이리스가\n힘내야　해！
S2M:M51LOW:126	dup=S2M:M01LOW:126	アイリス……もうだめ……	아이리스…　이제　안　돼…
S2M:M51LOW:127	dup=S2M:M01LOW:127	アイリスのために\n来てくれたんだぁー！	아이리스를　위해　왔구나ー！
S2M:M51LOW:128	dup=S2M:M01LOW:128	お兄ちゃんは、\n白馬のおうじさまだね！	오빠는\n백마　탄　왕자님이네！
S2M:M51LOW:129	dup=S2M:M01LOW:129	お兄ちゃん……\nアイリスがついてるからね。	오빠……\n아이리스가　곁에　있을게．
S2M:M51LOW:130	dup=S2M:M01LOW:130	あ……止まっちゃった……	아……　멈췄어……
S2M:M51LOW:131	dup=S2M:M01LOW:131	お兄ちゃん……\nごめんね……	오빠……\n미안해……
S2M:M51LOW:132	dup=S2M:M01LOW:132	わーい、やったね！\nお兄ちゃん！	와ー，　해냈다！\n오빠！
S2M:M51LOW:133	dup=S2M:M01LOW:133	お兄ちゃん、\nすごい、すっごーい！	오빠，\n대단해，　정말　대단해ー！
S2M:M51LOW:134	dup=S2M:M01LOW:134	アイリス、すごいでしょ！	아이리스，　대단하지！
S2M:M51LOW:135	dup=S2M:M01LOW:135	ねぇ、ねぇ！\nほめてほめて！	있잖아，　있잖아！\n칭찬해　줘，　칭찬해　줘！
S2M:M51LOW:136	dup=S2M:M01LOW:136	お兄ちゃんがいれば、\nアイリスなんにも恐くないよ！	오빠만　있으면，\n아이리스는　안　무서워！
S2M:M51LOW:137	dup=S2M:M01LOW:137	頼んだで、大神はん。	부탁한다，　오오가미　씨．
S2M:M51LOW:138	dup=S2M:M01LOW:138	ウチらの力、見せたろうで！	우리　힘을　보여　주자！
S2M:M51LOW:139	dup=S2M:M01LOW:139	だ、大丈夫かいな、大神はん。	괜찮나，　오오가미　씨．
S2M:M51LOW:140	dup=S2M:M01LOW:140	ほな、いってみよか！	그럼，　가　볼까！
S2M:M51LOW:141	dup=S2M:M01LOW:141	大神はん、\nウチにまーかしとき！	오오가미　씨，\n나한테　맡겨！
S2M:M51LOW:142	dup=S2M:M01LOW:142	ウチががんばらんと！	내가　힘내야　해！
S2M:M51LOW:143	dup=S2M:M01LOW:143	や、やばいで……	이，　이거　위험해……
S2M:M51LOW:144	dup=S2M:M01LOW:144	お、おおきに、\n大神はん……	고，　고마워，\n오오가미　씨……
S2M:M51LOW:145	dup=S2M:M01LOW:145	もう、そないなことされたら、\nウチ……	그렇게까지　해　주면，\n나……
S2M:M51LOW:146	dup=S2M:M01LOW:146	大神はんがおらんと、\nウチ……こまるんや。	오오가미　씨가　없으면，\n나……　곤란해．
S2M:M51LOW:147	dup=S2M:M01LOW:147	そのへんで、堪忍や……	이쯤에서　봐줘……
S2M:M51LOW:148	dup=S2M:M01LOW:148	大神はん、すんまへん。	오오가미　씨，　미안해．
S2M:M51LOW:149	dup=S2M:M01LOW:149	大神はん、その調子や！	오오가미　씨，　그　기세야！
S2M:M51LOW:150	dup=S2M:M01LOW:150	ええ感じやで！　大神はん！	좋은데！　오오가미　씨！
S2M:M51LOW:151	dup=S2M:M01LOW:151	いっちょあがりや！	한　건　해냈다！
S2M:M51LOW:152	dup=S2M:M01LOW:152	大神はん、\nやったで、ウチ！	오오가미　씨，\n나　해냈어！
S2M:M51LOW:153	dup=S2M:M01LOW:153	ウチらの力を合わせれば、\n千人力や！	우리　힘을　합치면，\n천군만마야！
S2M:M51LOW:154	dup=S2M:M01LOW:154	少尉さん、\nお手並み拝見でーす！	소위님，\n실력을　보여　주세요ー！
S2M:M51LOW:155	dup=S2M:M01LOW:155	早く終わらせて帰りましょー。	빨리　끝내고　돌아가요ー．
S2M:M51LOW:156	dup=S2M:M01LOW:156	ちょっと、\nヤバそうってカンジ！	잠깐，\n좀　위험해　보이는　느낌！
S2M:M51LOW:157	dup=S2M:M01LOW:157	たのしいでーす！	재밌어요ー！
S2M:M51LOW:158	dup=S2M:M01LOW:158	わたしを見ていてくださーい！	저를　지켜봐　주세요ー！
S2M:M51LOW:159	dup=S2M:M01LOW:159	日本のオトコ、\n頼りにならないでーす！	일본　남자는，\n도움이　안　되네요ー！
S2M:M51LOW:160	dup=S2M:M01LOW:160	シャワー浴びたいでーす！	샤워하고　싶어요ー！
S2M:M51LOW:161	dup=S2M:M01LOW:161	日本のオトコに、\nかばってもらうなんて……	일본　남자에게，\n보호받다니……
S2M:M51LOW:162	dup=S2M:M01LOW:162	少尉さん、\n無理しなくていいでーす……	소위님，\n무리하지　않아도　돼요……
S2M:M51LOW:163	dup=S2M:M01LOW:163	まったく、\nダメなオトコでーす！	정말이지，\n쓸모없는　남자네요ー！
S2M:M51LOW:164	dup=S2M:M01LOW:164	これ以上はカンベンでーす！	이　이상은　봐주겠어요ー！
S2M:M51LOW:165	dup=S2M:M01LOW:165	もうだめです。\n撤退します……隊長……	이젠　안　돼요．\n후퇴할게요……　대장……
S2M:M51LOW:166	dup=S2M:M01LOW:166	なかなかやるってカンジ！	제법인데요！
S2M:M51LOW:167	dup=S2M:M01LOW:167	少尉さん、\nちょーかっこいいでーす！	소위님，\n정말　멋져요ー！
S2M:M51LOW:168	dup=S2M:M01LOW:168	楽勝でーす！	거뜬해요ー！
S2M:M51LOW:169	dup=S2M:M01LOW:169	うふっ！\n拍手をくださーい！	후훗！\n박수　쳐　주세요ー！
S2M:M51LOW:170	dup=S2M:M01LOW:170	このデュオは最高でーす！	이　듀오는　최고예요ー！
S2M:M51LOW:171	dup=S2M:M01LOW:171	……行動開始。	……행동　개시．
S2M:M51LOW:172	dup=S2M:M07LOW:172	隊長、気を付けて。	대장님，　조심하세요．
S2M:M51LOW:173	dup=S2M:M01LOW:173	……危険だよ。	……위험해．
S2M:M51LOW:174	dup=S2M:M07LOW:174	いくよ！	가자！
S2M:M51LOW:175	dup=S2M:M07LOW:175	指示、よろしく。	지시，　잘　부탁해．
S2M:M51LOW:176	dup=S2M:M01LOW:174	頼れるのは自分だけ……	믿을　건　나뿐……
S2M:M51LOW:177	dup=S2M:M01LOW:177	機体の損傷が激しい……	기체　손상이　심해……
S2M:M51LOW:178	dup=S2M:M01LOW:178	………………	………………
S2M:M51LOW:179	dup=S2M:M07LOW:179	……ありがとう。	…고마워．
S2M:M51LOW:180	dup=S2M:M01LOW:180	隊長……しっかり……	대장……　정신　차려……
S2M:M51LOW:181	dup=S2M:M01LOW:181	一時、撤退……	일단　후퇴……
S2M:M51LOW:182	dup=S2M:M07LOW:182	隊長、\nあとは……よろしく。	대장，\n나머지는……　부탁해．
S2M:M51LOW:183	dup=S2M:M01LOW:183	目標、撃破確認……	목표　격파　확인……
S2M:M51LOW:184	dup=S2M:M07LOW:184	やるね、隊長。	잘하네，　대장．
S2M:M51LOW:185	dup=S2M:M01LOW:185	目標撃破……	목표　격파……
S2M:M51LOW:186	dup=S2M:M07LOW:186	隊長……\n次の指示を……	대장……\n다음　지시를……
S2M:M51LOW:187	dup=S2M:M01LOW:187	これが……ボクらの力……！	이게……　우리　힘……！
S2M:M51LOW:188	dup=S2M:M01LOW:188	そぉら、いくぜ！	자아，　간다！
S2M:M51LOW:189	dup=S2M:M01LOW:189	さぁ、楽しませてくれよ。	자，　즐겁게　해　줘．
S2M:M51LOW:190	dup=S2M:M01LOW:190	勝負は……これからだぜ！	승부는……　지금부터야！
S2M:M51LOW:191	dup=S2M:M01LOW:191	なかなか、\nやるじゃねぇか！	제법이군，\n잘하잖아！
S2M:M51LOW:192	dup=S2M:M01LOW:192	おもしれぇ……	재밌군……
S2M:M51LOW:193	dup=S2M:M01LOW:193	大丈夫か、水狐。	괜찮나，　수호．
S2M:M51LOW:194	dup=S2M:M01LOW:194	華麗に燃やしてあげますよ……	화려하게　태워　드리죠……
S2M:M51LOW:195	dup=S2M:M01LOW:195	覚悟してください。	각오하세요．
S2M:M51LOW:196	dup=S2M:M01LOW:196	あははははは！	아하하하하하！
S2M:M51LOW:197	dup=S2M:M01LOW:197	燃やしつくしてやる！	모조리　태워　주마！
S2M:M51LOW:198	dup=S2M:M01LOW:198	ご……ゴミが……	쓰……　쓰레기가……
S2M:M51LOW:199	dup=S2M:M01LOW:199	私の戦いを見せてあげる。	내　싸움을　보여　주지．
S2M:M51LOW:200	dup=S2M:M01LOW:200	やさしくしてあげるわ。	상냥하게　해　줄게．
S2M:M51LOW:201	dup=S2M:M01LOW:201	ふふふ……負けないわよ。	후후후…　지지　않을　거야．
S2M:M51LOW:202	dup=S2M:M01LOW:202	やるわね。\nさすが華撃団……	잘하네．\n역시　화격단……
S2M:M51LOW:203	dup=S2M:M01LOW:203	くっ……\nこれほどとはね……	큭……\n이　정도일　줄이야……
S2M:M51LOW:204	dup=S2M:M01LOW:204	さぁ、ワシの番じゃな。	자，　내　차례로구나．
S2M:M51LOW:205	dup=S2M:M01LOW:205	ワシの計算にぬかりはないぞ。	내　계산엔　빈틈없다．
S2M:M51LOW:206	dup=S2M:M01LOW:206	こ、このままでは\n終わらぬぞ……	이，　이대로는\n끝나지　않아……
S2M:M51LOW:207	dup=S2M:M01LOW:207	これも計算のうちじゃ。	이것도　계산　안이야．
S2M:M51LOW:208	dup=S2M:M01LOW:208	ぬうっ……\nこれは計算外じゃ……	으으……\n이건　계산　밖이야……
S2M:M51LOW:209	dup=S2M:M01LOW:209	狩りとってやる！	사냥해　주마！
S2M:M51LOW:210	dup=S2M:M01LOW:210	今、楽にしてやるからな。	지금　편하게　해　주마．
S2M:M51LOW:211	dup=S2M:M01LOW:211	ひ、ひねり殺してやる！	비，　비틀어　죽여　주마！
S2M:M51LOW:212	dup=S2M:M01LOW:212	勝ったと思うなよ……	이겼다고　생각하지　마……
S2M:M51LOW:213	dup=S2M:M01LOW:213	まだ、終わりではないぞ！	아직　끝나지　않았다！
S2M:M51LOW:214	dup=S2M:M01LOW:214	終わりにしてやる。	끝내　주마．
S2M:M51LOW:215	dup=S2M:M01LOW:215	いくぞ！　華撃団っ！	간다！　화격단！
S2M:M51LOW:216	dup=S2M:M01LOW:216	まだ、まだだっ！	아직，　아직이다！
S2M:M51LOW:217	dup=S2M:M01LOW:217	腕を上げたな……	실력이　늘었구나……
S2M:M51LOW:218	dup=S2M:M01LOW:218	ぐっ……\nわたしの復讐が……	큭……\n내　복수가……
S2M:M51LOW:219	dup=S2M:M01LOW:219	容赦はせぬぞ……	봐주지　않겠다……
S2M:M51LOW:220	dup=S2M:M01LOW:220	お前たちの罪を知れ……	너희의　죄를　깨달아라……
S2M:M51LOW:221	dup=S2M:M01LOW:221	戦いとはいつも無常だ……	싸움은　언제나　덧없다……
S2M:M51LOW:222	dup=S2M:M01LOW:222	愛は死んだ……	사랑은　죽었다……
S2M:M51LOW:223	dup=S2M:M01LOW:223	ぬぅ……やるな……	으음……　제법이군……
S2M:M51LOW:224	dup=S2M:M01LOW:224	私に触れるな！	나에게　손대지　마！
S2M:M51LOW:225	dup=S2M:M01LOW:225	帝都の恨みは、\nこの程度ではないぞ……	제도의　원한은，\n이　정도가　아니다……
S2M:M51LOW:226	dup=S2M:M01LOW:226	最後に勝つのは……私だ！	최후의　승자는……　나다！
S2M:M51LOW:227	dup=S2M:M01LOW:227	この程度で……ぬうっ！	이　정도로……　으음！
S2M:M51LOW:228	dup=S2M:M01LOW:228	思い上がるな……\n偽善者めっ！	우쭐대지　마……\n위선자　자식！
S2M:M52LOW:0	dup=S2M:M01LOW:0	疾きこと風のごとく……\n移動力重視の作戦だ！	빠르기는　바람처럼……\n이동력　중시　작전이다！
S2M:M52LOW:1	dup=S2M:M01LOW:1	今は、この命令を出している。\n移動力を活かして戦おう。	현재　명령은　이것이다．\n이동력을　살려　싸우자．
S2M:M52LOW:2	dup=S2M:M01LOW:2	花組各員に通達！\n「風」作戦を開始するぞ！	화조　전원에게　통보！\n「풍」　작전　개시다！
S2M:M52LOW:3	dup=S2M:M01LOW:3	林のように心静かに……\n本来の力を引き出すんだ！	숲처럼　마음을　고요히……\n본래의　힘을　끌어내자！
S2M:M52LOW:4	dup=S2M:M01LOW:4	今は、この命令を出している。\n本来の力で敵に立ち向かおう。	현재　명령은　이것이다．\n본래의　힘으로　맞서자．
S2M:M52LOW:5	dup=S2M:M01LOW:5	花組各員に通達！\n「林」作戦を開始するぞ！	화조　전원에게　통보！\n「림」　작전　개시다！
S2M:M52LOW:6	dup=S2M:M01LOW:6	炎のように熱く燃える……\n攻撃力重視の作戦だ！	불처럼　뜨겁게　타오르는……\n공격력　중시　작전이다！
S2M:M52LOW:7	dup=S2M:M01LOW:7	今は、この命令を出している。\n攻撃力を活かして戦おう。	현재　명령은　이것이다．\n공격력을　살려　싸우자．
S2M:M52LOW:8	dup=S2M:M01LOW:8	花組各員に通達！\n「火」作戦を開始するぞ！	화조　전원에게　통보！\n「화」　작전　개시다！
S2M:M52LOW:9	dup=S2M:M01LOW:9	構えること山のごとく……\n防御力重視の作戦だ！	산처럼　굳건히　버티는……\n방어력　중시　작전이다！
S2M:M52LOW:10	dup=S2M:M01LOW:10	今は、この命令を出している。\n防御力を活かして戦おう。	현재　명령은　이것이다．\n방어력을　살려　싸우자．
S2M:M52LOW:11	dup=S2M:M01LOW:11	花組各員に通達！\n「山」作戦を開始するぞ！	화조　전원에게　통보！\n「산」　작전　개시다！
S2M:M52LOW:12	dup=S2M:M01LOW:12	このままの作戦でいくぞ！	이대로　작전을　계속한다！
S2M:M52LOW:13	dup=S2M:M01LOW:13	了解！	알겠습니다！
S2M:M52LOW:14		木喰の乗る魔操機兵\n「智拳」を撃破して！	모쿠지키가　탄　마조기병\n「지권」을　격파해！
S2M:M52LOW:15	dup=S2M:M08LOW:15	０メッセージ１－２	０메시지１－２
S2M:M52LOW:16	dup=S2M:M01LOW:16	０メッセージ１－３	０메시지１－３
S2M:M52LOW:17	dup=S2M:M12LOW:17	門の外に出て、\n土機を撃破するのよ！	문　밖으로　나가，\n토기를　격파해！
S2M:M52LOW:18	dup=S2M:M12LOW:18	敵の大将、土は、\n攻撃回数が多いわ。\n気をつけるのよ！	적장　토지구모는\n공격　횟수가　많아．\n조심해！
S2M:M52LOW:19	dup=S2M:M01LOW:19	０メッセージ２－３	０메시지２－３
S2M:M52LOW:20	dup=S2M:M02LOW:20	大神さん、山崎は強いわ。\n一時撤退しましょう！	야마자키는　강해요．\n일단　후퇴하죠！
S2M:M52LOW:21	dup=S2M:M01LOW:21	０メッセージ３－２	０메시지３－２
S2M:M52LOW:22	dup=S2M:M01LOW:22	０メッセージ３－３	０메시지３－３
S2M:M52LOW:23	dup=S2M:M01LOW:23	花組の隊長、大神一郎。\n高い戦闘力と、\n勇敢な心を持っている。	화조　대장，　오오가미．\n높은　전투력과\n용감한　마음을　지녔다．
S2M:M52LOW:24	dup=S2M:M01LOW:24	北辰一刀流、真宮寺さくら。\n素早い動きで、\n敵を一刀両断する。	북진일도류，　사쿠라．\n빠른　움직임으로\n적을　일도양단한다．
S2M:M52LOW:25	dup=S2M:M01LOW:25	神崎風塵流、神崎すみれ。\n華麗なナギナタの技は、\n見るものの心をもとらえる。	칸자키　풍진류，　스미레．\n화려한　나기나타　기술은\n보는　이의　마음마저　홀려．
S2M:M52LOW:26	dup=S2M:M01LOW:26	射撃手、マリア・タチバナ。\n氷の銃弾は、狙った\n獲物を決して逃さない。	사격수，　마리아．\n얼음　탄환은　노린\n먹이를　놓치지　않는다．
S2M:M52LOW:27	dup=S2M:M01LOW:27	桐島流空手、桐島カンナ。\n圧倒的なパワーで、むらがる\n敵を粉砕する。	가라테의　달인，　칸나．\n압도적　파워로　몰려드는\n적을　분쇄한다．
S2M:M52LOW:28	dup=S2M:M01LOW:28	花組のマスコット、アイリス。\n超能力を使った、\n不思議な攻撃で敵と戦う。	화조의　마스코트，\n아이리스．\n초능력으로　적과　싸운다．
S2M:M52LOW:29	dup=S2M:M01LOW:29	発明家、李紅蘭。\n次々に繰り出す発明品で、\n敵味方をあっといわせるぞ。	발명가，　코란．\n신제품을　잇달아　내놓아\n적과　아군을　놀라게　한다．
S2M:M52LOW:30	dup=S2M:M01LOW:30	元星組隊員、ソレッタ・織姫。\nイタリアンローズの機体に乗り\n赤い貴族と呼ばれている。	전　별조　대원，　오리히메．\n이탈리안　로즈를　타고\n붉은　귀족이라　불린다．
S2M:M52LOW:31	dup=S2M:M01LOW:31	レニ・ミルヒシュトラーセ。\n戦闘のプロとして、正確な\n無駄のない攻撃を行う。	레니　밀히슈트라세．　전투의\n프로답게　정확하고　군더더기\n없는　공격을　한다．
S2M:M52LOW:32		「ロ型乙」（ろがたおつ）\n間接攻撃用の魔操機兵。\n単体しか攻撃できない。	「로형　을」\n간접　공격용　마조기병．\n단일　공격만　가능．
S2M:M52LOW:33	dup=S2M:M52LOW:32	「ロ型乙」（ろがたおつ）\n間接攻撃用の魔操機兵。\n単体しか攻撃できない。	「로형　을」\n간접　공격용　마조기병．\n단일　공격만　가능．
S2M:M52LOW:34	dup=S2M:M51LOW:34	「ハ型甲」（はがたこう）\n間接攻撃用の魔操機兵。\n複数に攻撃可能。	「하형　갑」\n간접　공격용　마조기병．\n복수　공격　가능．
S2M:M52LOW:35	dup=S2M:M51LOW:35	「エル特」（えるとく）\n回復能力を持つ\n近接攻撃用の脇侍。	「엘　특」\n회복　능력을　지닌\n근접　공격용　협시．
S2M:M52LOW:36		「智拳」（ちけん）\n撃破すると、\n演習終了となる。	「지권」\n격파하면\n연습　종료．
S2M:M52LOW:37		「円空」（えんくう）\n木喰の開発した、\n支援用・無人兵器。	「엔쿠」\n모쿠지키가　개발한\n지원용　무인　병기．
S2M:M52LOW:38		「蒸気火箭」\n（じょうきかせん）\n木喰の開発した攻撃兵器。	「증기화전」\n모쿠지키　개발　공격　병기．
S2M:M52LOW:39		「十字焔」（じゅうじほむら）\n木喰の開発した攻撃兵器。\n「焔」の発展版。	「십자염」\n모쿠지키　개발　공격　병기．\n「염」의　발전형．
S2M:M52LOW:40		「魔来器」（まらいき）\n次々と降魔兵器を生み出す、\n降魔製造工場。	「마래기」\n잇달아　강마　병기를　만드는\n강마　제조　공장．
S2M:M52LOW:41		「雷撃砲」（らいげきほう）\nロ型脇侍よりも長い射程を持つ\n長射程砲台。攻撃力も高い。	「뇌격포」　로형　협시보다\n사거리가　길고　장거리\n포대．　공격력도　높다．
S2M:M52LOW:42	dup=S2M:M01LOW:42	メッセージ２０	메시지　２０
S2M:M52LOW:43	dup=S2M:M01LOW:43	今のところ、\nかばう必要はなさそうだな。	지금은\n보호할　필요　없어　보이네．
S2M:M52LOW:44	dup=S2M:M01LOW:44	さくらくん……\n君は俺が守る！	사쿠라　군……\n내가　지킬게！
S2M:M52LOW:45	dup=S2M:M01LOW:45	すみれくん……\n君の盾になってもいいかい。	스미레　군……\n네　방패가　되어도　될까？
S2M:M52LOW:46	dup=S2M:M01LOW:46	マリア……\n君の背中を守らせてくれ。	마리아……\n네　뒤를　지키게　해　줘．
S2M:M52LOW:47	dup=S2M:M01LOW:47	カンナ……\n俺は、君を全力で守るぞ！	칸나……　내가　온　힘을\n다해　지키마！
S2M:M52LOW:48	dup=S2M:M01LOW:48	アイリス……\n俺が側にいるから、\n安心していいよ。	아이리스……\n내가　곁에　있으니，\n안심해도　돼．
S2M:M52LOW:49	dup=S2M:M01LOW:49	紅蘭……\nいつだって君を助けにゆくよ。	코란……\n언제든　널　도우러　갈게．
S2M:M52LOW:50	dup=S2M:M01LOW:50	織姫くん……\n苦しいときは、\nいつでも俺を呼んでくれ！	오리히메　군……\n힘들　때는，\n언제든　날　불러！
S2M:M52LOW:51	dup=S2M:M01LOW:51	レニ……\nたまには、\n守られたっていいだろう？	레니……\n가끔은，\n보호받아도　괜찮잖아？
S2M:M52LOW:52	dup=S2M:M01LOW:52	がんばって！　大神さん！	힘내요！　오오가미　씨！
S2M:M52LOW:53	dup=S2M:M01LOW:53	大神さんが頼りです！	오오가미　씨만　믿을게요！
S2M:M52LOW:54	dup=S2M:M01LOW:54	無理しないでください、\n大神さん……	무리하지　마세요，\n오오가미　씨……
S2M:M52LOW:55	dup=S2M:M01LOW:55	がんばります！	힘낼게요！
S2M:M52LOW:56	dup=S2M:M01LOW:56	大神さんのために……\nあたし、やります！	오오가미　씨를　위해……\n제가　할게요！
S2M:M52LOW:57	dup=S2M:M01LOW:57	あたしが\nがんばらなくっちゃ！	제가　힘내야　해요！
S2M:M52LOW:58	dup=S2M:M01LOW:58	あたし……負けないわ……	저…　지지　않을　거예요…
S2M:M52LOW:59	dup=S2M:M01LOW:59	……ありがとうございます。\n大神さん。	……감사합니다．\n오오가미　씨．
S2M:M52LOW:60	dup=S2M:M01LOW:60	大神さんがいてくれるから、\nあたし、がんばれます！	오오가미　씨가　계시니까\n저도　힘낼　수　있어요！
S2M:M52LOW:61	dup=S2M:M01LOW:61	大丈夫ですか……大神さん。	괜찮으세요…　오오가미　씨．
S2M:M52LOW:62	dup=S2M:M01LOW:62	大神さん……\nごめんなさい……	오오가미　씨……\n죄송해요……
S2M:M52LOW:63	dup=S2M:M01LOW:63	ここは大神さんに\nお任せします……\n……ごめんなさい。	여기는　오오가미　씨에게\n맡길게요……\n……죄송해요．
S2M:M52LOW:64	dup=S2M:M01LOW:64	やりましたね、大神さん！	해냈네요，　오오가미　씨！
S2M:M52LOW:65	dup=S2M:M01LOW:65	今日の大神さん、\n一味違いますね。	오늘　오오가미　씨는\n평소와　다르네요．
S2M:M52LOW:66	dup=S2M:M01LOW:66	やりました！	해냈어요！
S2M:M52LOW:67	dup=S2M:M01LOW:67	大神さんのおかげです！	오오가미　씨　덕분이에요！
S2M:M52LOW:68	dup=S2M:M01LOW:68	大神さん……\nあたし、信じています。	오오가미　씨……\n저는　믿고　있어요．
S2M:M52LOW:69	dup=S2M:M01LOW:69	見せ場がきましてよ、少尉。	제　무대네요，　소위님．
S2M:M52LOW:70	dup=S2M:M01LOW:70	がんばってください、\nわたくしのために……	힘내　주세요，\n저를　위해……
S2M:M52LOW:71	dup=S2M:M01LOW:71	無理は禁物ですわ……	무리는　금물이에요……
S2M:M52LOW:72	dup=S2M:M01LOW:72	さあ、いきますわよ！	자，　갑니다！
S2M:M52LOW:73	dup=S2M:M01LOW:73	少尉、わたくしを\n見ていてくださいな。	소위님，\n저를　지켜봐　주세요．
S2M:M52LOW:74	dup=S2M:M01LOW:74	わたくしでなくては\nダメですわね。	저여야만　하겠군요．
S2M:M52LOW:75	dup=S2M:M01LOW:75	こ、この程度で……	이，　이　정도로……
S2M:M52LOW:76	dup=S2M:M01LOW:76	うれしいですわ……\n少尉……	기뻐요……\n소위님……
S2M:M52LOW:77	dup=S2M:M01LOW:77	わたくしを守ることが\nできるのは少尉だけですわ。	저를　지킬　수　있는　건\n소위님뿐이에요．
S2M:M52LOW:78	dup=S2M:M01LOW:78	かっ、身体が勝手に\n動いただけですわ……	몸이　저절로\n움직였을　뿐이에요……
S2M:M52LOW:79	dup=S2M:M01LOW:79	わたくしとしたことが……	저답지　않게……
S2M:M52LOW:80	dup=S2M:M01LOW:80	少尉を……\n……置いてはいけないのに！	소위님을……\n……두고　갈　수는　없는데！
S2M:M52LOW:81	dup=S2M:M01LOW:81	お見事ですわ、少尉。	훌륭해요，　소위님．
S2M:M52LOW:82	dup=S2M:M01LOW:82	りりしいですわよ、少尉。	늠름하시네요，　소위님．
S2M:M52LOW:83	dup=S2M:M01LOW:83	たいしたことありませんわね。	별것도　아니네요．
S2M:M52LOW:84	dup=S2M:M01LOW:84	見てくださいました？　少尉。	보셨나요？　소위님．
S2M:M52LOW:85	dup=S2M:M01LOW:85	んふっ、\nちょろいもんですわね。\nねぇ、少尉……	후훗，\n이　정도야　식은　죽이죠．\n그렇죠，　소위님……
S2M:M52LOW:86	dup=S2M:M01LOW:86	隊長、お願いします。	대장님，　부탁드려요．
S2M:M52LOW:87	dup=S2M:M01LOW:87	隊長……\n信じています。	대장님……\n믿고　있어요．
S2M:M52LOW:88	dup=S2M:M01LOW:88	隊長……\n慎重にいきましょう。	대장님……\n신중하게　가죠．
S2M:M52LOW:89	dup=S2M:M01LOW:89	さぁ、覚悟しなさい。	자，　각오하세요．
S2M:M52LOW:90	dup=S2M:M01LOW:90	私には、隊長が\nついていてくれる……	저에겐　대장님이\n곁에　계시니까……
S2M:M52LOW:91	dup=S2M:M01LOW:91	私がしっかりしなくては……	제가　정신　차려야……
S2M:M52LOW:92	dup=S2M:M01LOW:92	くっ、まだ……やれる！	큭，아직……　할　수　있어！
S2M:M52LOW:93	dup=S2M:M01LOW:93	すいません、隊長。	죄송해요，　대장님．
S2M:M52LOW:94	dup=S2M:M01LOW:94	隊長の背中……\nとても大きく見えます……	대장님　등……\n정말　커　보이네요……
S2M:M52LOW:95	dup=S2M:M01LOW:95	隊長が無事でよかった……	대장님이　무사해서　다행……
S2M:M52LOW:96	dup=S2M:M01LOW:96	隊長……申し訳ありません……	대장님……　죄송해요……
S2M:M52LOW:97	dup=S2M:M01LOW:97	もう少し……\n隊長と共に……	조금만　더……\n대장님과　함께……
S2M:M52LOW:98	dup=S2M:M01LOW:98	やりますね、隊長。	잘하시네요，　대장님．
S2M:M52LOW:99	dup=S2M:M01LOW:99	隊長が\nいてくださってよかった……	대장님이　계셔서　다행……
S2M:M52LOW:100	dup=S2M:M01LOW:100	ふんっ！　この程度……？	흥！　이　정도……？
S2M:M52LOW:101	dup=S2M:M01LOW:101	隊長、すばらしい指揮です！	대장님，　훌륭한　지휘예요！
S2M:M52LOW:102	dup=S2M:M01LOW:102	隊長が、私の力を\n何倍にもしてくれます。	대장님이　제　힘을\n몇　배나　키워　주세요．
S2M:M52LOW:103	dup=S2M:M01LOW:103	やっちまえ！　隊長！	해치워！　대장님！
S2M:M52LOW:104	dup=S2M:M01LOW:104	あたいがついてるぜ、隊長。	내가　곁에　있어，　대장．
S2M:M52LOW:105	dup=S2M:M01LOW:105	隊長の気合を見せてくれ！	대장님，　기합을　보여　줘！
S2M:M52LOW:106	dup=S2M:M01LOW:106	あたいの番だな！	내　차례구나！
S2M:M52LOW:107	dup=S2M:M01LOW:107	みていてくれよなっ！\n隊長！	지켜봐　줘！\n대장！
S2M:M52LOW:108	dup=S2M:M01LOW:108	まとめて面倒みるぜ！	한꺼번에　상대해　주마！
S2M:M52LOW:109	dup=S2M:M01LOW:109	まだまだ、\nどんどんかかってこいっ！	아직　멀었어，\n어서　덤벼！
S2M:M52LOW:110	dup=S2M:M01LOW:110	すまねぇな、隊長。	미안하군，　대장．
S2M:M52LOW:111	dup=S2M:M01LOW:111	へへっ、\n守られるってのも悪くないな。	헤헤，　보호받는　것도\n나쁘지　않군．
S2M:M52LOW:112	dup=S2M:M01LOW:112	へへっ、らしくないぜぇ？\n隊長！	헤헤，　나답지　않지？\n대장！
S2M:M52LOW:113	dup=S2M:M01LOW:113	ちくしょう……\nこんなところで……	젠장……\n이런　곳에서……
S2M:M52LOW:114	dup=S2M:M01LOW:114	隊長、すまない。\nあたいの分まで\nがんばってくれ！	대장，　미안하다．\n내　몫까지\n힘내　줘！
S2M:M52LOW:115	dup=S2M:M01LOW:115	やるじゃねぇか！　隊長！	제법이잖아！　대장！
S2M:M52LOW:116	dup=S2M:M01LOW:116	ほれぼれするぜ！　隊長！	감탄스럽군！　대장！
S2M:M52LOW:117	dup=S2M:M01LOW:117	ざっとこんなもんだぜ！	대충　이　정도지！
S2M:M52LOW:118	dup=S2M:M01LOW:118	へっへーん！\nどうだい！　隊長！	헤헤ー！\n어때！　대장！
S2M:M52LOW:119	dup=S2M:M01LOW:119	誰もあたいたちを\n止められねぇぜ！	아무도　우릴\n막을　수　없어！
S2M:M52LOW:120	dup=S2M:M01LOW:120	がんばろうね、お兄ちゃん。	힘내자，　오빠．
S2M:M52LOW:121	dup=S2M:M01LOW:121	お兄ちゃん、いっけぇー！	오빠，　가ー！
S2M:M52LOW:122	dup=S2M:M01LOW:122	お兄ちゃん……負けないで！	오빠……　지지　마！
S2M:M52LOW:123	dup=S2M:M01LOW:123	アイリス、いきまーす！	아이리스，　갑니다아！
S2M:M52LOW:124	dup=S2M:M01LOW:124	えへへっ、\nアイリスがんばるよ！	에헤헤，\n아이리스　힘낼게！
S2M:M52LOW:125	dup=S2M:M01LOW:125	アイリスが\nがんばらなくちゃ！	아이리스가\n힘내야　해！
S2M:M52LOW:126	dup=S2M:M01LOW:126	アイリス……もうだめ……	아이리스…　이제　안　돼…
S2M:M52LOW:127	dup=S2M:M01LOW:127	アイリスのために\n来てくれたんだぁー！	아이리스를　위해　왔구나ー！
S2M:M52LOW:128	dup=S2M:M01LOW:128	お兄ちゃんは、\n白馬のおうじさまだね！	오빠는\n백마　탄　왕자님이네！
S2M:M52LOW:129	dup=S2M:M01LOW:129	お兄ちゃん……\nアイリスがついてるからね。	오빠……\n아이리스가　곁에　있을게．
S2M:M52LOW:130	dup=S2M:M01LOW:130	あ……止まっちゃった……	아……　멈췄어……
S2M:M52LOW:131	dup=S2M:M01LOW:131	お兄ちゃん……\nごめんね……	오빠……\n미안해……
S2M:M52LOW:132	dup=S2M:M01LOW:132	わーい、やったね！\nお兄ちゃん！	와ー，　해냈다！\n오빠！
S2M:M52LOW:133	dup=S2M:M01LOW:133	お兄ちゃん、\nすごい、すっごーい！	오빠，\n대단해，　정말　대단해ー！
S2M:M52LOW:134	dup=S2M:M01LOW:134	アイリス、すごいでしょ！	아이리스，　대단하지！
S2M:M52LOW:135	dup=S2M:M01LOW:135	ねぇ、ねぇ！\nほめてほめて！	있잖아，　있잖아！\n칭찬해　줘，　칭찬해　줘！
S2M:M52LOW:136	dup=S2M:M01LOW:136	お兄ちゃんがいれば、\nアイリスなんにも恐くないよ！	오빠만　있으면，\n아이리스는　안　무서워！
S2M:M52LOW:137	dup=S2M:M01LOW:137	頼んだで、大神はん。	부탁한다，　오오가미　씨．
S2M:M52LOW:138	dup=S2M:M01LOW:138	ウチらの力、見せたろうで！	우리　힘을　보여　주자！
S2M:M52LOW:139	dup=S2M:M01LOW:139	だ、大丈夫かいな、大神はん。	괜찮나，　오오가미　씨．
S2M:M52LOW:140	dup=S2M:M01LOW:140	ほな、いってみよか！	그럼，　가　볼까！
S2M:M52LOW:141	dup=S2M:M01LOW:141	大神はん、\nウチにまーかしとき！	오오가미　씨，\n나한테　맡겨！
S2M:M52LOW:142	dup=S2M:M01LOW:142	ウチががんばらんと！	내가　힘내야　해！
S2M:M52LOW:143	dup=S2M:M01LOW:143	や、やばいで……	이，　이거　위험해……
S2M:M52LOW:144	dup=S2M:M01LOW:144	お、おおきに、\n大神はん……	고，　고마워，\n오오가미　씨……
S2M:M52LOW:145	dup=S2M:M01LOW:145	もう、そないなことされたら、\nウチ……	그렇게까지　해　주면，\n나……
S2M:M52LOW:146	dup=S2M:M01LOW:146	大神はんがおらんと、\nウチ……こまるんや。	오오가미　씨가　없으면，\n나……　곤란해．
S2M:M52LOW:147	dup=S2M:M01LOW:147	そのへんで、堪忍や……	이쯤에서　봐줘……
S2M:M52LOW:148	dup=S2M:M01LOW:148	大神はん、すんまへん。	오오가미　씨，　미안해．
S2M:M52LOW:149	dup=S2M:M01LOW:149	大神はん、その調子や！	오오가미　씨，　그　기세야！
S2M:M52LOW:150	dup=S2M:M01LOW:150	ええ感じやで！　大神はん！	좋은데！　오오가미　씨！
S2M:M52LOW:151	dup=S2M:M01LOW:151	いっちょあがりや！	한　건　해냈다！
S2M:M52LOW:152	dup=S2M:M01LOW:152	大神はん、\nやったで、ウチ！	오오가미　씨，\n나　해냈어！
S2M:M52LOW:153	dup=S2M:M01LOW:153	ウチらの力を合わせれば、\n千人力や！	우리　힘을　합치면，\n천군만마야！
S2M:M52LOW:154	dup=S2M:M01LOW:154	少尉さん、\nお手並み拝見でーす！	소위님，\n실력을　보여　주세요ー！
S2M:M52LOW:155	dup=S2M:M01LOW:155	早く終わらせて帰りましょー。	빨리　끝내고　돌아가요ー．
S2M:M52LOW:156	dup=S2M:M01LOW:156	ちょっと、\nヤバそうってカンジ！	잠깐，\n좀　위험해　보이는　느낌！
S2M:M52LOW:157	dup=S2M:M01LOW:157	たのしいでーす！	재밌어요ー！
S2M:M52LOW:158	dup=S2M:M01LOW:158	わたしを見ていてくださーい！	저를　지켜봐　주세요ー！
S2M:M52LOW:159	dup=S2M:M10LOW:159	勝手にやらせてもらいまーす！	맘대로　하게　해　주세요ー！
S2M:M52LOW:160	dup=S2M:M01LOW:160	シャワー浴びたいでーす！	샤워하고　싶어요ー！
S2M:M52LOW:161	dup=S2M:M10LOW:161	あはっ！\n少尉さん、サンキュでーす！	아핫！\n소위님，　고마워요ー！
S2M:M52LOW:162	dup=S2M:M01LOW:162	少尉さん、\n無理しなくていいでーす……	소위님，\n무리하지　않아도　돼요……
S2M:M52LOW:163	dup=S2M:M01LOW:163	まったく、\nダメなオトコでーす！	정말이지，\n쓸모없는　남자네요ー！
S2M:M52LOW:164	dup=S2M:M01LOW:164	これ以上はカンベンでーす！	이　이상은　봐주겠어요ー！
S2M:M52LOW:165	dup=S2M:M01LOW:165	もうだめです。\n撤退します……隊長……	이젠　안　돼요．\n후퇴할게요……　대장……
S2M:M52LOW:166	dup=S2M:M01LOW:166	なかなかやるってカンジ！	제법인데요！
S2M:M52LOW:167	dup=S2M:M01LOW:167	少尉さん、\nちょーかっこいいでーす！	소위님，\n정말　멋져요ー！
S2M:M52LOW:168	dup=S2M:M01LOW:168	楽勝でーす！	거뜬해요ー！
S2M:M52LOW:169	dup=S2M:M01LOW:169	うふっ！\n拍手をくださーい！	후훗！\n박수　쳐　주세요ー！
S2M:M52LOW:170	dup=S2M:M01LOW:170	このデュオは最高でーす！	이　듀오는　최고예요ー！
S2M:M52LOW:171	dup=S2M:M01LOW:171	……行動開始。	……행동　개시．
S2M:M52LOW:172	dup=S2M:M07LOW:172	隊長、気を付けて。	대장님，　조심하세요．
S2M:M52LOW:173	dup=S2M:M01LOW:173	……危険だよ。	……위험해．
S2M:M52LOW:174	dup=S2M:M07LOW:174	いくよ！	가자！
S2M:M52LOW:175	dup=S2M:M07LOW:175	指示、よろしく。	지시，　잘　부탁해．
S2M:M52LOW:176	dup=S2M:M08LOW:176	ボクの力で……倒す……	내　힘으로…　쓰러뜨린다…
S2M:M52LOW:177	dup=S2M:M01LOW:177	機体の損傷が激しい……	기체　손상이　심해……
S2M:M52LOW:178	dup=S2M:M01LOW:178	………………	………………
S2M:M52LOW:179	dup=S2M:M07LOW:179	……ありがとう。	…고마워．
S2M:M52LOW:180	dup=S2M:M01LOW:180	隊長……しっかり……	대장……　정신　차려……
S2M:M52LOW:181	dup=S2M:M01LOW:181	一時、撤退……	일단　후퇴……
S2M:M52LOW:182	dup=S2M:M07LOW:182	隊長、\nあとは……よろしく。	대장，\n나머지는……　부탁해．
S2M:M52LOW:183	dup=S2M:M01LOW:183	目標、撃破確認……	목표　격파　확인……
S2M:M52LOW:184	dup=S2M:M07LOW:184	やるね、隊長。	잘하네，　대장．
S2M:M52LOW:185	dup=S2M:M01LOW:185	目標撃破……	목표　격파……
S2M:M52LOW:186	dup=S2M:M07LOW:186	隊長……\n次の指示を……	대장……\n다음　지시를……
S2M:M52LOW:187	dup=S2M:M01LOW:187	これが……ボクらの力……！	이게……　우리　힘……！
S2M:M52LOW:188	dup=S2M:M01LOW:188	そぉら、いくぜ！	자아，　간다！
S2M:M52LOW:189	dup=S2M:M01LOW:189	さぁ、楽しませてくれよ。	자，　즐겁게　해　줘．
S2M:M52LOW:190	dup=S2M:M01LOW:190	勝負は……これからだぜ！	승부는……　지금부터야！
S2M:M52LOW:191	dup=S2M:M01LOW:191	なかなか、\nやるじゃねぇか！	제법이군，\n잘하잖아！
S2M:M52LOW:192	dup=S2M:M01LOW:192	おもしれぇ……	재밌군……
S2M:M52LOW:193	dup=S2M:M01LOW:193	大丈夫か、水狐。	괜찮나，　수호．
S2M:M52LOW:194	dup=S2M:M01LOW:194	華麗に燃やしてあげますよ……	화려하게　태워　드리죠……
S2M:M52LOW:195	dup=S2M:M01LOW:195	覚悟してください。	각오하세요．
S2M:M52LOW:196	dup=S2M:M01LOW:196	あははははは！	아하하하하하！
S2M:M52LOW:197	dup=S2M:M01LOW:197	燃やしつくしてやる！	모조리　태워　주마！
S2M:M52LOW:198	dup=S2M:M01LOW:198	ご……ゴミが……	쓰……　쓰레기가……
S2M:M52LOW:199	dup=S2M:M01LOW:199	私の戦いを見せてあげる。	내　싸움을　보여　주지．
S2M:M52LOW:200	dup=S2M:M01LOW:200	やさしくしてあげるわ。	상냥하게　해　줄게．
S2M:M52LOW:201	dup=S2M:M01LOW:201	ふふふ……負けないわよ。	후후후…　지지　않을　거야．
S2M:M52LOW:202	dup=S2M:M01LOW:202	やるわね。\nさすが華撃団……	잘하네．\n역시　화격단……
S2M:M52LOW:203	dup=S2M:M01LOW:203	くっ……\nこれほどとはね……	큭……\n이　정도일　줄이야……
S2M:M52LOW:204	dup=S2M:M01LOW:204	さぁ、ワシの番じゃな。	자，　내　차례로구나．
S2M:M52LOW:205	dup=S2M:M01LOW:205	ワシの計算にぬかりはないぞ。	내　계산엔　빈틈없다．
S2M:M52LOW:206	dup=S2M:M01LOW:206	こ、このままでは\n終わらぬぞ……	이，　이대로는\n끝나지　않아……
S2M:M52LOW:207	dup=S2M:M01LOW:207	これも計算のうちじゃ。	이것도　계산　안이야．
S2M:M52LOW:208	dup=S2M:M01LOW:208	ぬうっ……\nこれは計算外じゃ……	으으……\n이건　계산　밖이야……
S2M:M52LOW:209	dup=S2M:M01LOW:209	狩りとってやる！	사냥해　주마！
S2M:M52LOW:210	dup=S2M:M01LOW:210	今、楽にしてやるからな。	지금　편하게　해　주마．
S2M:M52LOW:211	dup=S2M:M01LOW:211	ひ、ひねり殺してやる！	비，　비틀어　죽여　주마！
S2M:M52LOW:212	dup=S2M:M01LOW:212	勝ったと思うなよ……	이겼다고　생각하지　마……
S2M:M52LOW:213	dup=S2M:M01LOW:213	まだ、終わりではないぞ！	아직　끝나지　않았다！
S2M:M52LOW:214	dup=S2M:M01LOW:214	終わりにしてやる。	끝내　주마．
S2M:M52LOW:215	dup=S2M:M01LOW:215	いくぞ！　華撃団っ！	간다！　화격단！
S2M:M52LOW:216	dup=S2M:M01LOW:216	まだ、まだだっ！	아직，　아직이다！
S2M:M52LOW:217	dup=S2M:M01LOW:217	腕を上げたな……	실력이　늘었구나……
S2M:M52LOW:218	dup=S2M:M01LOW:218	ぐっ……\nわたしの復讐が……	큭……\n내　복수가……
S2M:M52LOW:219	dup=S2M:M01LOW:219	容赦はせぬぞ……	봐주지　않겠다……
S2M:M52LOW:220	dup=S2M:M01LOW:220	お前たちの罪を知れ……	너희의　죄를　깨달아라……
S2M:M52LOW:221	dup=S2M:M01LOW:221	戦いとはいつも無常だ……	싸움은　언제나　덧없다……
S2M:M52LOW:222	dup=S2M:M01LOW:222	愛は死んだ……	사랑은　죽었다……
S2M:M52LOW:223	dup=S2M:M01LOW:223	ぬぅ……やるな……	으음……　제법이군……
S2M:M52LOW:224	dup=S2M:M01LOW:224	私に触れるな！	나에게　손대지　마！
S2M:M52LOW:225	dup=S2M:M01LOW:225	帝都の恨みは、\nこの程度ではないぞ……	제도의　원한은，\n이　정도가　아니다……
S2M:M52LOW:226	dup=S2M:M01LOW:226	最後に勝つのは……私だ！	최후의　승자는……　나다！
S2M:M52LOW:227	dup=S2M:M01LOW:227	この程度で……ぬうっ！	이　정도로……　으음！
S2M:M52LOW:228	dup=S2M:M01LOW:228	思い上がるな……\n偽善者めっ！	우쭐대지　마……\n위선자　자식！
S2M:M53LOW:0	dup=S2M:M01LOW:0	疾きこと風のごとく……\n移動力重視の作戦だ！	빠르기는　바람처럼……\n이동력　중시　작전이다！
S2M:M53LOW:1	dup=S2M:M01LOW:1	今は、この命令を出している。\n移動力を活かして戦おう。	현재　명령은　이것이다．\n이동력을　살려　싸우자．
S2M:M53LOW:2	dup=S2M:M01LOW:2	花組各員に通達！\n「風」作戦を開始するぞ！	화조　전원에게　통보！\n「풍」　작전　개시다！
S2M:M53LOW:3	dup=S2M:M01LOW:3	林のように心静かに……\n本来の力を引き出すんだ！	숲처럼　마음을　고요히……\n본래의　힘을　끌어내자！
S2M:M53LOW:4	dup=S2M:M01LOW:4	今は、この命令を出している。\n本来の力で敵に立ち向かおう。	현재　명령은　이것이다．\n본래의　힘으로　맞서자．
S2M:M53LOW:5	dup=S2M:M01LOW:5	花組各員に通達！\n「林」作戦を開始するぞ！	화조　전원에게　통보！\n「림」　작전　개시다！
S2M:M53LOW:6	dup=S2M:M01LOW:6	炎のように熱く燃える……\n攻撃力重視の作戦だ！	불처럼　뜨겁게　타오르는……\n공격력　중시　작전이다！
S2M:M53LOW:7	dup=S2M:M01LOW:7	今は、この命令を出している。\n攻撃力を活かして戦おう。	현재　명령은　이것이다．\n공격력을　살려　싸우자．
S2M:M53LOW:8	dup=S2M:M01LOW:8	花組各員に通達！\n「火」作戦を開始するぞ！	화조　전원에게　통보！\n「화」　작전　개시다！
S2M:M53LOW:9	dup=S2M:M01LOW:9	構えること山のごとく……\n防御力重視の作戦だ！	산처럼　굳건히　버티는……\n방어력　중시　작전이다！
S2M:M53LOW:10	dup=S2M:M01LOW:10	今は、この命令を出している。\n防御力を活かして戦おう。	현재　명령은　이것이다．\n방어력을　살려　싸우자．
S2M:M53LOW:11	dup=S2M:M01LOW:11	花組各員に通達！\n「山」作戦を開始するぞ！	화조　전원에게　통보！\n「산」　작전　개시다！
S2M:M53LOW:12	dup=S2M:M01LOW:12	このままの作戦でいくぞ！	이대로　작전을　계속한다！
S2M:M53LOW:13	dup=S2M:M01LOW:13	了解！	알겠습니다！
S2M:M53LOW:14		金剛の乗る魔操機兵\n「大日剣」を撃破して！	금강이　탄　마조기병\n「대일검」을　격파해！
S2M:M53LOW:15	dup=S2M:M08LOW:15	０メッセージ１－２	０메시지１－２
S2M:M53LOW:16	dup=S2M:M01LOW:16	０メッセージ１－３	０메시지１－３
S2M:M53LOW:17	dup=S2M:M12LOW:17	門の外に出て、\n土機を撃破するのよ！	문　밖으로　나가，\n토기를　격파해！
S2M:M53LOW:18	dup=S2M:M12LOW:18	敵の大将、土は、\n攻撃回数が多いわ。\n気をつけるのよ！	적장　토지구모는\n공격　횟수가　많아．\n조심해！
S2M:M53LOW:19	dup=S2M:M01LOW:19	０メッセージ２－３	０메시지２－３
S2M:M53LOW:20	dup=S2M:M02LOW:20	大神さん、山崎は強いわ。\n一時撤退しましょう！	야마자키는　강해요．\n일단　후퇴하죠！
S2M:M53LOW:21	dup=S2M:M01LOW:21	０メッセージ３－２	０메시지３－２
S2M:M53LOW:22	dup=S2M:M01LOW:22	０メッセージ３－３	０메시지３－３
S2M:M53LOW:23	dup=S2M:M01LOW:23	花組の隊長、大神一郎。\n高い戦闘力と、\n勇敢な心を持っている。	화조　대장，　오오가미．\n높은　전투력과\n용감한　마음을　지녔다．
S2M:M53LOW:24	dup=S2M:M01LOW:24	北辰一刀流、真宮寺さくら。\n素早い動きで、\n敵を一刀両断する。	북진일도류，　사쿠라．\n빠른　움직임으로\n적을　일도양단한다．
S2M:M53LOW:25	dup=S2M:M01LOW:25	神崎風塵流、神崎すみれ。\n華麗なナギナタの技は、\n見るものの心をもとらえる。	칸자키　풍진류，　스미레．\n화려한　나기나타　기술은\n보는　이의　마음마저　홀려．
S2M:M53LOW:26	dup=S2M:M01LOW:26	射撃手、マリア・タチバナ。\n氷の銃弾は、狙った\n獲物を決して逃さない。	사격수，　마리아．\n얼음　탄환은　노린\n먹이를　놓치지　않는다．
S2M:M53LOW:27	dup=S2M:M01LOW:27	桐島流空手、桐島カンナ。\n圧倒的なパワーで、むらがる\n敵を粉砕する。	가라테의　달인，　칸나．\n압도적　파워로　몰려드는\n적을　분쇄한다．
S2M:M53LOW:28	dup=S2M:M01LOW:28	花組のマスコット、アイリス。\n超能力を使った、\n不思議な攻撃で敵と戦う。	화조의　마스코트，\n아이리스．\n초능력으로　적과　싸운다．
S2M:M53LOW:29	dup=S2M:M01LOW:29	発明家、李紅蘭。\n次々に繰り出す発明品で、\n敵味方をあっといわせるぞ。	발명가，　코란．\n신제품을　잇달아　내놓아\n적과　아군을　놀라게　한다．
S2M:M53LOW:30	dup=S2M:M01LOW:30	元星組隊員、ソレッタ・織姫。\nイタリアンローズの機体に乗り\n赤い貴族と呼ばれている。	전　별조　대원，　오리히메．\n이탈리안　로즈를　타고\n붉은　귀족이라　불린다．
S2M:M53LOW:31	dup=S2M:M01LOW:31	レニ・ミルヒシュトラーセ。\n戦闘のプロとして、正確な\n無駄のない攻撃を行う。	레니　밀히슈트라세．　전투의\n프로답게　정확하고　군더더기\n없는　공격을　한다．
S2M:M53LOW:32		「颶風」（ぐふう）\n射程距離を重視しており、\n他の能力は比較的低い。	「구풍」\n사거리　중시형으로，\n다른　능력은　비교적　낮다．
S2M:M53LOW:33		「驟雨」（しゅうう）\n雨のような手数で攻撃を行う。\n機動力も高い。	「취우」\n비처럼　공격을　퍼붓는다．\n기동력도　높다．
S2M:M53LOW:34		「稲妻」（いなづま）\n回復能力を有するだけでなく、\n機動力も高い。	「번개」\n회복　능력뿐　아니라\n기동력도　높다．
S2M:M53LOW:35		「竜光」（りゅうこう）\nバランスの取れた性能を持つ、\n降魔兵器の最高傑作。	「용광」\n균형　잡힌　성능의\n강마　병기　최고　걸작．
S2M:M53LOW:36		「大日剣」（だいにちけん）\n撃破すると、\n演習終了となる。	「대일검」\n격파하면\n연습　종료．
S2M:M53LOW:37	dup=S2M:M52LOW:37	「円空」（えんくう）\n木喰の開発した、\n支援用・無人兵器。	「엔쿠」\n모쿠지키가　개발한\n지원용　무인　병기．
S2M:M53LOW:38		「蒸気火箭」（じょうきかせん）\n木喰の開発した攻撃兵器。\n攻撃力が高い。	「증기화전」　모쿠지키가\n개발한　공격　병기．\n공격력이　높다．
S2M:M53LOW:39	dup=S2M:M21LOW:39	「次元砲」\n広い攻撃範囲を持ち、\n進入者を確実にしとめる。	「차원포」\n넓은　공격　범위를　지녀\n침입자를　확실히　처치한다．
S2M:M53LOW:40	dup=S2M:M52LOW:40	「魔来器」（まらいき）\n次々と降魔兵器を生み出す、\n降魔製造工場。	「마래기」\n잇달아　강마　병기를　만드는\n강마　제조　공장．
S2M:M53LOW:41		「次元砲」（じげんほう）\n\n長射程砲台。攻撃力も高い。	「차원포」　장거리　포대．\n공격력이　높다．
S2M:M53LOW:42	dup=S2M:M01LOW:42	メッセージ２０	메시지　２０
S2M:M53LOW:43	dup=S2M:M01LOW:43	今のところ、\nかばう必要はなさそうだな。	지금은\n보호할　필요　없어　보이네．
S2M:M53LOW:44	dup=S2M:M01LOW:44	さくらくん……\n君は俺が守る！	사쿠라　군……\n내가　지킬게！
S2M:M53LOW:45	dup=S2M:M01LOW:45	すみれくん……\n君の盾になってもいいかい。	스미레　군……\n네　방패가　되어도　될까？
S2M:M53LOW:46	dup=S2M:M01LOW:46	マリア……\n君の背中を守らせてくれ。	마리아……\n네　뒤를　지키게　해　줘．
S2M:M53LOW:47	dup=S2M:M01LOW:47	カンナ……\n俺は、君を全力で守るぞ！	칸나……　내가　온　힘을\n다해　지키마！
S2M:M53LOW:48	dup=S2M:M01LOW:48	アイリス……\n俺が側にいるから、\n安心していいよ。	아이리스……\n내가　곁에　있으니，\n안심해도　돼．
S2M:M53LOW:49	dup=S2M:M01LOW:49	紅蘭……\nいつだって君を助けにゆくよ。	코란……\n언제든　널　도우러　갈게．
S2M:M53LOW:50	dup=S2M:M01LOW:50	織姫くん……\n苦しいときは、\nいつでも俺を呼んでくれ！	오리히메　군……\n힘들　때는，\n언제든　날　불러！
S2M:M53LOW:51	dup=S2M:M01LOW:51	レニ……\nたまには、\n守られたっていいだろう？	레니……\n가끔은，\n보호받아도　괜찮잖아？
S2M:M53LOW:52	dup=S2M:M01LOW:52	がんばって！　大神さん！	힘내요！　오오가미　씨！
S2M:M53LOW:53	dup=S2M:M01LOW:53	大神さんが頼りです！	오오가미　씨만　믿을게요！
S2M:M53LOW:54	dup=S2M:M01LOW:54	無理しないでください、\n大神さん……	무리하지　마세요，\n오오가미　씨……
S2M:M53LOW:55	dup=S2M:M01LOW:55	がんばります！	힘낼게요！
S2M:M53LOW:56	dup=S2M:M01LOW:56	大神さんのために……\nあたし、やります！	오오가미　씨를　위해……\n제가　할게요！
S2M:M53LOW:57	dup=S2M:M01LOW:57	あたしが\nがんばらなくっちゃ！	제가　힘내야　해요！
S2M:M53LOW:58	dup=S2M:M01LOW:58	あたし……負けないわ……	저…　지지　않을　거예요…
S2M:M53LOW:59	dup=S2M:M01LOW:59	……ありがとうございます。\n大神さん。	……감사합니다．\n오오가미　씨．
S2M:M53LOW:60	dup=S2M:M01LOW:60	大神さんがいてくれるから、\nあたし、がんばれます！	오오가미　씨가　계시니까\n저도　힘낼　수　있어요！
S2M:M53LOW:61	dup=S2M:M01LOW:61	大丈夫ですか……大神さん。	괜찮으세요…　오오가미　씨．
S2M:M53LOW:62	dup=S2M:M01LOW:62	大神さん……\nごめんなさい……	오오가미　씨……\n죄송해요……
S2M:M53LOW:63	dup=S2M:M01LOW:63	ここは大神さんに\nお任せします……\n……ごめんなさい。	여기는　오오가미　씨에게\n맡길게요……\n……죄송해요．
S2M:M53LOW:64	dup=S2M:M01LOW:64	やりましたね、大神さん！	해냈네요，　오오가미　씨！
S2M:M53LOW:65	dup=S2M:M01LOW:65	今日の大神さん、\n一味違いますね。	오늘　오오가미　씨는\n평소와　다르네요．
S2M:M53LOW:66	dup=S2M:M01LOW:66	やりました！	해냈어요！
S2M:M53LOW:67	dup=S2M:M01LOW:67	大神さんのおかげです！	오오가미　씨　덕분이에요！
S2M:M53LOW:68	dup=S2M:M01LOW:68	大神さん……\nあたし、信じています。	오오가미　씨……\n저는　믿고　있어요．
S2M:M53LOW:69	dup=S2M:M01LOW:69	見せ場がきましてよ、少尉。	제　무대네요，　소위님．
S2M:M53LOW:70	dup=S2M:M01LOW:70	がんばってください、\nわたくしのために……	힘내　주세요，\n저를　위해……
S2M:M53LOW:71	dup=S2M:M01LOW:71	無理は禁物ですわ……	무리는　금물이에요……
S2M:M53LOW:72	dup=S2M:M01LOW:72	さあ、いきますわよ！	자，　갑니다！
S2M:M53LOW:73	dup=S2M:M01LOW:73	少尉、わたくしを\n見ていてくださいな。	소위님，\n저를　지켜봐　주세요．
S2M:M53LOW:74	dup=S2M:M01LOW:74	わたくしでなくては\nダメですわね。	저여야만　하겠군요．
S2M:M53LOW:75	dup=S2M:M01LOW:75	こ、この程度で……	이，　이　정도로……
S2M:M53LOW:76	dup=S2M:M01LOW:76	うれしいですわ……\n少尉……	기뻐요……\n소위님……
S2M:M53LOW:77	dup=S2M:M01LOW:77	わたくしを守ることが\nできるのは少尉だけですわ。	저를　지킬　수　있는　건\n소위님뿐이에요．
S2M:M53LOW:78	dup=S2M:M01LOW:78	かっ、身体が勝手に\n動いただけですわ……	몸이　저절로\n움직였을　뿐이에요……
S2M:M53LOW:79	dup=S2M:M01LOW:79	わたくしとしたことが……	저답지　않게……
S2M:M53LOW:80	dup=S2M:M01LOW:80	少尉を……\n……置いてはいけないのに！	소위님을……\n……두고　갈　수는　없는데！
S2M:M53LOW:81	dup=S2M:M01LOW:81	お見事ですわ、少尉。	훌륭해요，　소위님．
S2M:M53LOW:82	dup=S2M:M01LOW:82	りりしいですわよ、少尉。	늠름하시네요，　소위님．
S2M:M53LOW:83	dup=S2M:M01LOW:83	たいしたことありませんわね。	별것도　아니네요．
S2M:M53LOW:84	dup=S2M:M01LOW:84	見てくださいました？　少尉。	보셨나요？　소위님．
S2M:M53LOW:85	dup=S2M:M01LOW:85	んふっ、\nちょろいもんですわね。\nねぇ、少尉……	후훗，\n이　정도야　식은　죽이죠．\n그렇죠，　소위님……
S2M:M53LOW:86	dup=S2M:M01LOW:86	隊長、お願いします。	대장님，　부탁드려요．
S2M:M53LOW:87	dup=S2M:M01LOW:87	隊長……\n信じています。	대장님……\n믿고　있어요．
S2M:M53LOW:88	dup=S2M:M01LOW:88	隊長……\n慎重にいきましょう。	대장님……\n신중하게　가죠．
S2M:M53LOW:89	dup=S2M:M01LOW:89	さぁ、覚悟しなさい。	자，　각오하세요．
S2M:M53LOW:90	dup=S2M:M01LOW:90	私には、隊長が\nついていてくれる……	저에겐　대장님이\n곁에　계시니까……
S2M:M53LOW:91	dup=S2M:M01LOW:91	私がしっかりしなくては……	제가　정신　차려야……
S2M:M53LOW:92	dup=S2M:M01LOW:92	くっ、まだ……やれる！	큭，아직……　할　수　있어！
S2M:M53LOW:93	dup=S2M:M01LOW:93	すいません、隊長。	죄송해요，　대장님．
S2M:M53LOW:94	dup=S2M:M01LOW:94	隊長の背中……\nとても大きく見えます……	대장님　등……\n정말　커　보이네요……
S2M:M53LOW:95	dup=S2M:M01LOW:95	隊長が無事でよかった……	대장님이　무사해서　다행……
S2M:M53LOW:96	dup=S2M:M01LOW:96	隊長……申し訳ありません……	대장님……　죄송해요……
S2M:M53LOW:97	dup=S2M:M01LOW:97	もう少し……\n隊長と共に……	조금만　더……\n대장님과　함께……
S2M:M53LOW:98	dup=S2M:M01LOW:98	やりますね、隊長。	잘하시네요，　대장님．
S2M:M53LOW:99	dup=S2M:M01LOW:99	隊長が\nいてくださってよかった……	대장님이　계셔서　다행……
S2M:M53LOW:100	dup=S2M:M01LOW:100	ふんっ！　この程度……？	흥！　이　정도……？
S2M:M53LOW:101	dup=S2M:M01LOW:101	隊長、すばらしい指揮です！	대장님，　훌륭한　지휘예요！
S2M:M53LOW:102	dup=S2M:M01LOW:102	隊長が、私の力を\n何倍にもしてくれます。	대장님이　제　힘을\n몇　배나　키워　주세요．
S2M:M53LOW:103	dup=S2M:M01LOW:103	やっちまえ！　隊長！	해치워！　대장님！
S2M:M53LOW:104	dup=S2M:M01LOW:104	あたいがついてるぜ、隊長。	내가　곁에　있어，　대장．
S2M:M53LOW:105	dup=S2M:M01LOW:105	隊長の気合を見せてくれ！	대장님，　기합을　보여　줘！
S2M:M53LOW:106	dup=S2M:M01LOW:106	あたいの番だな！	내　차례구나！
S2M:M53LOW:107	dup=S2M:M01LOW:107	みていてくれよなっ！\n隊長！	지켜봐　줘！\n대장！
S2M:M53LOW:108	dup=S2M:M01LOW:108	まとめて面倒みるぜ！	한꺼번에　상대해　주마！
S2M:M53LOW:109	dup=S2M:M01LOW:109	まだまだ、\nどんどんかかってこいっ！	아직　멀었어，\n어서　덤벼！
S2M:M53LOW:110	dup=S2M:M01LOW:110	すまねぇな、隊長。	미안하군，　대장．
S2M:M53LOW:111	dup=S2M:M01LOW:111	へへっ、\n守られるってのも悪くないな。	헤헤，　보호받는　것도\n나쁘지　않군．
S2M:M53LOW:112	dup=S2M:M01LOW:112	へへっ、らしくないぜぇ？\n隊長！	헤헤，　나답지　않지？\n대장！
S2M:M53LOW:113	dup=S2M:M01LOW:113	ちくしょう……\nこんなところで……	젠장……\n이런　곳에서……
S2M:M53LOW:114	dup=S2M:M01LOW:114	隊長、すまない。\nあたいの分まで\nがんばってくれ！	대장，　미안하다．\n내　몫까지\n힘내　줘！
S2M:M53LOW:115	dup=S2M:M01LOW:115	やるじゃねぇか！　隊長！	제법이잖아！　대장！
S2M:M53LOW:116	dup=S2M:M01LOW:116	ほれぼれするぜ！　隊長！	감탄스럽군！　대장！
S2M:M53LOW:117	dup=S2M:M01LOW:117	ざっとこんなもんだぜ！	대충　이　정도지！
S2M:M53LOW:118	dup=S2M:M01LOW:118	へっへーん！\nどうだい！　隊長！	헤헤ー！\n어때！　대장！
S2M:M53LOW:119	dup=S2M:M01LOW:119	誰もあたいたちを\n止められねぇぜ！	아무도　우릴\n막을　수　없어！
S2M:M53LOW:120	dup=S2M:M01LOW:120	がんばろうね、お兄ちゃん。	힘내자，　오빠．
S2M:M53LOW:121	dup=S2M:M01LOW:121	お兄ちゃん、いっけぇー！	오빠，　가ー！
S2M:M53LOW:122	dup=S2M:M01LOW:122	お兄ちゃん……負けないで！	오빠……　지지　마！
S2M:M53LOW:123	dup=S2M:M01LOW:123	アイリス、いきまーす！	아이리스，　갑니다아！
S2M:M53LOW:124	dup=S2M:M01LOW:124	えへへっ、\nアイリスがんばるよ！	에헤헤，\n아이리스　힘낼게！
S2M:M53LOW:125	dup=S2M:M01LOW:125	アイリスが\nがんばらなくちゃ！	아이리스가\n힘내야　해！
S2M:M53LOW:126	dup=S2M:M01LOW:126	アイリス……もうだめ……	아이리스…　이제　안　돼…
S2M:M53LOW:127	dup=S2M:M01LOW:127	アイリスのために\n来てくれたんだぁー！	아이리스를　위해　왔구나ー！
S2M:M53LOW:128	dup=S2M:M01LOW:128	お兄ちゃんは、\n白馬のおうじさまだね！	오빠는\n백마　탄　왕자님이네！
S2M:M53LOW:129	dup=S2M:M01LOW:129	お兄ちゃん……\nアイリスがついてるからね。	오빠……\n아이리스가　곁에　있을게．
S2M:M53LOW:130	dup=S2M:M01LOW:130	あ……止まっちゃった……	아……　멈췄어……
S2M:M53LOW:131	dup=S2M:M01LOW:131	お兄ちゃん……\nごめんね……	오빠……\n미안해……
S2M:M53LOW:132	dup=S2M:M01LOW:132	わーい、やったね！\nお兄ちゃん！	와ー，　해냈다！\n오빠！
S2M:M53LOW:133	dup=S2M:M01LOW:133	お兄ちゃん、\nすごい、すっごーい！	오빠，\n대단해，　정말　대단해ー！
S2M:M53LOW:134	dup=S2M:M01LOW:134	アイリス、すごいでしょ！	아이리스，　대단하지！
S2M:M53LOW:135	dup=S2M:M01LOW:135	ねぇ、ねぇ！\nほめてほめて！	있잖아，　있잖아！\n칭찬해　줘，　칭찬해　줘！
S2M:M53LOW:136	dup=S2M:M01LOW:136	お兄ちゃんがいれば、\nアイリスなんにも恐くないよ！	오빠만　있으면，\n아이리스는　안　무서워！
S2M:M53LOW:137	dup=S2M:M01LOW:137	頼んだで、大神はん。	부탁한다，　오오가미　씨．
S2M:M53LOW:138	dup=S2M:M01LOW:138	ウチらの力、見せたろうで！	우리　힘을　보여　주자！
S2M:M53LOW:139	dup=S2M:M01LOW:139	だ、大丈夫かいな、大神はん。	괜찮나，　오오가미　씨．
S2M:M53LOW:140	dup=S2M:M01LOW:140	ほな、いってみよか！	그럼，　가　볼까！
S2M:M53LOW:141	dup=S2M:M01LOW:141	大神はん、\nウチにまーかしとき！	오오가미　씨，\n나한테　맡겨！
S2M:M53LOW:142	dup=S2M:M01LOW:142	ウチががんばらんと！	내가　힘내야　해！
S2M:M53LOW:143	dup=S2M:M01LOW:143	や、やばいで……	이，　이거　위험해……
S2M:M53LOW:144	dup=S2M:M01LOW:144	お、おおきに、\n大神はん……	고，　고마워，\n오오가미　씨……
S2M:M53LOW:145	dup=S2M:M01LOW:145	もう、そないなことされたら、\nウチ……	그렇게까지　해　주면，\n나……
S2M:M53LOW:146	dup=S2M:M01LOW:146	大神はんがおらんと、\nウチ……こまるんや。	오오가미　씨가　없으면，\n나……　곤란해．
S2M:M53LOW:147	dup=S2M:M01LOW:147	そのへんで、堪忍や……	이쯤에서　봐줘……
S2M:M53LOW:148	dup=S2M:M01LOW:148	大神はん、すんまへん。	오오가미　씨，　미안해．
S2M:M53LOW:149	dup=S2M:M01LOW:149	大神はん、その調子や！	오오가미　씨，　그　기세야！
S2M:M53LOW:150	dup=S2M:M01LOW:150	ええ感じやで！　大神はん！	좋은데！　오오가미　씨！
S2M:M53LOW:151	dup=S2M:M01LOW:151	いっちょあがりや！	한　건　해냈다！
S2M:M53LOW:152	dup=S2M:M01LOW:152	大神はん、\nやったで、ウチ！	오오가미　씨，\n나　해냈어！
S2M:M53LOW:153	dup=S2M:M01LOW:153	ウチらの力を合わせれば、\n千人力や！	우리　힘을　합치면，\n천군만마야！
S2M:M53LOW:154	dup=S2M:M01LOW:154	少尉さん、\nお手並み拝見でーす！	소위님，\n실력을　보여　주세요ー！
S2M:M53LOW:155	dup=S2M:M01LOW:155	早く終わらせて帰りましょー。	빨리　끝내고　돌아가요ー．
S2M:M53LOW:156	dup=S2M:M01LOW:156	ちょっと、\nヤバそうってカンジ！	잠깐，\n좀　위험해　보이는　느낌！
S2M:M53LOW:157	dup=S2M:M01LOW:157	たのしいでーす！	재밌어요ー！
S2M:M53LOW:158	dup=S2M:M01LOW:158	わたしを見ていてくださーい！	저를　지켜봐　주세요ー！
S2M:M53LOW:159	dup=S2M:M10LOW:159	勝手にやらせてもらいまーす！	맘대로　하게　해　주세요ー！
S2M:M53LOW:160	dup=S2M:M01LOW:160	シャワー浴びたいでーす！	샤워하고　싶어요ー！
S2M:M53LOW:161	dup=S2M:M10LOW:161	あはっ！\n少尉さん、サンキュでーす！	아핫！\n소위님，　고마워요ー！
S2M:M53LOW:162	dup=S2M:M01LOW:162	少尉さん、\n無理しなくていいでーす……	소위님，\n무리하지　않아도　돼요……
S2M:M53LOW:163	dup=S2M:M01LOW:163	まったく、\nダメなオトコでーす！	정말이지，\n쓸모없는　남자네요ー！
S2M:M53LOW:164	dup=S2M:M01LOW:164	これ以上はカンベンでーす！	이　이상은　봐주겠어요ー！
S2M:M53LOW:165	dup=S2M:M01LOW:165	もうだめです。\n撤退します……隊長……	이젠　안　돼요．\n후퇴할게요……　대장……
S2M:M53LOW:166	dup=S2M:M01LOW:166	なかなかやるってカンジ！	제법인데요！
S2M:M53LOW:167	dup=S2M:M01LOW:167	少尉さん、\nちょーかっこいいでーす！	소위님，\n정말　멋져요ー！
S2M:M53LOW:168	dup=S2M:M01LOW:168	楽勝でーす！	거뜬해요ー！
S2M:M53LOW:169	dup=S2M:M01LOW:169	うふっ！\n拍手をくださーい！	후훗！\n박수　쳐　주세요ー！
S2M:M53LOW:170	dup=S2M:M01LOW:170	このデュオは最高でーす！	이　듀오는　최고예요ー！
S2M:M53LOW:171	dup=S2M:M01LOW:171	……行動開始。	……행동　개시．
S2M:M53LOW:172	dup=S2M:M07LOW:172	隊長、気を付けて。	대장님，　조심하세요．
S2M:M53LOW:173	dup=S2M:M01LOW:173	……危険だよ。	……위험해．
S2M:M53LOW:174	dup=S2M:M07LOW:174	いくよ！	가자！
S2M:M53LOW:175	dup=S2M:M07LOW:175	指示、よろしく。	지시，　잘　부탁해．
S2M:M53LOW:176	dup=S2M:M08LOW:176	ボクの力で……倒す……	내　힘으로…　쓰러뜨린다…
S2M:M53LOW:177	dup=S2M:M01LOW:177	機体の損傷が激しい……	기체　손상이　심해……
S2M:M53LOW:178	dup=S2M:M01LOW:178	………………	………………
S2M:M53LOW:179	dup=S2M:M07LOW:179	……ありがとう。	…고마워．
S2M:M53LOW:180	dup=S2M:M01LOW:180	隊長……しっかり……	대장……　정신　차려……
S2M:M53LOW:181	dup=S2M:M01LOW:181	一時、撤退……	일단　후퇴……
S2M:M53LOW:182	dup=S2M:M07LOW:182	隊長、\nあとは……よろしく。	대장，\n나머지는……　부탁해．
S2M:M53LOW:183	dup=S2M:M01LOW:183	目標、撃破確認……	목표　격파　확인……
S2M:M53LOW:184	dup=S2M:M07LOW:184	やるね、隊長。	잘하네，　대장．
S2M:M53LOW:185	dup=S2M:M01LOW:185	目標撃破……	목표　격파……
S2M:M53LOW:186	dup=S2M:M07LOW:186	隊長……\n次の指示を……	대장……\n다음　지시를……
S2M:M53LOW:187	dup=S2M:M01LOW:187	これが……ボクらの力……！	이게……　우리　힘……！
S2M:M53LOW:188	dup=S2M:M01LOW:188	そぉら、いくぜ！	자아，　간다！
S2M:M53LOW:189	dup=S2M:M01LOW:189	さぁ、楽しませてくれよ。	자，　즐겁게　해　줘．
S2M:M53LOW:190	dup=S2M:M01LOW:190	勝負は……これからだぜ！	승부는……　지금부터야！
S2M:M53LOW:191	dup=S2M:M01LOW:191	なかなか、\nやるじゃねぇか！	제법이군，\n잘하잖아！
S2M:M53LOW:192	dup=S2M:M01LOW:192	おもしれぇ……	재밌군……
S2M:M53LOW:193	dup=S2M:M01LOW:193	大丈夫か、水狐。	괜찮나，　수호．
S2M:M53LOW:194	dup=S2M:M01LOW:194	華麗に燃やしてあげますよ……	화려하게　태워　드리죠……
S2M:M53LOW:195	dup=S2M:M01LOW:195	覚悟してください。	각오하세요．
S2M:M53LOW:196	dup=S2M:M01LOW:196	あははははは！	아하하하하하！
S2M:M53LOW:197	dup=S2M:M01LOW:197	燃やしつくしてやる！	모조리　태워　주마！
S2M:M53LOW:198	dup=S2M:M01LOW:198	ご……ゴミが……	쓰……　쓰레기가……
S2M:M53LOW:199	dup=S2M:M01LOW:199	私の戦いを見せてあげる。	내　싸움을　보여　주지．
S2M:M53LOW:200	dup=S2M:M01LOW:200	やさしくしてあげるわ。	상냥하게　해　줄게．
S2M:M53LOW:201	dup=S2M:M01LOW:201	ふふふ……負けないわよ。	후후후…　지지　않을　거야．
S2M:M53LOW:202	dup=S2M:M01LOW:202	やるわね。\nさすが華撃団……	잘하네．\n역시　화격단……
S2M:M53LOW:203	dup=S2M:M01LOW:203	くっ……\nこれほどとはね……	큭……\n이　정도일　줄이야……
S2M:M53LOW:204	dup=S2M:M01LOW:204	さぁ、ワシの番じゃな。	자，　내　차례로구나．
S2M:M53LOW:205	dup=S2M:M01LOW:205	ワシの計算にぬかりはないぞ。	내　계산엔　빈틈없다．
S2M:M53LOW:206	dup=S2M:M01LOW:206	こ、このままでは\n終わらぬぞ……	이，　이대로는\n끝나지　않아……
S2M:M53LOW:207	dup=S2M:M01LOW:207	これも計算のうちじゃ。	이것도　계산　안이야．
S2M:M53LOW:208	dup=S2M:M01LOW:208	ぬうっ……\nこれは計算外じゃ……	으으……\n이건　계산　밖이야……
S2M:M53LOW:209	dup=S2M:M01LOW:209	狩りとってやる！	사냥해　주마！
S2M:M53LOW:210	dup=S2M:M01LOW:210	今、楽にしてやるからな。	지금　편하게　해　주마．
S2M:M53LOW:211	dup=S2M:M01LOW:211	ひ、ひねり殺してやる！	비，　비틀어　죽여　주마！
S2M:M53LOW:212	dup=S2M:M01LOW:212	勝ったと思うなよ……	이겼다고　생각하지　마……
S2M:M53LOW:213	dup=S2M:M01LOW:213	まだ、終わりではないぞ！	아직　끝나지　않았다！
S2M:M53LOW:214	dup=S2M:M01LOW:214	終わりにしてやる。	끝내　주마．
S2M:M53LOW:215	dup=S2M:M01LOW:215	いくぞ！　華撃団っ！	간다！　화격단！
S2M:M53LOW:216	dup=S2M:M01LOW:216	まだ、まだだっ！	아직，　아직이다！
S2M:M53LOW:217	dup=S2M:M01LOW:217	腕を上げたな……	실력이　늘었구나……
S2M:M53LOW:218	dup=S2M:M01LOW:218	ぐっ……\nわたしの復讐が……	큭……\n내　복수가……
S2M:M53LOW:219	dup=S2M:M01LOW:219	容赦はせぬぞ……	봐주지　않겠다……
S2M:M53LOW:220	dup=S2M:M01LOW:220	お前たちの罪を知れ……	너희의　죄를　깨달아라……
S2M:M53LOW:221	dup=S2M:M01LOW:221	戦いとはいつも無常だ……	싸움은　언제나　덧없다……
S2M:M53LOW:222	dup=S2M:M01LOW:222	愛は死んだ……	사랑은　죽었다……
S2M:M53LOW:223	dup=S2M:M01LOW:223	ぬぅ……やるな……	으음……　제법이군……
S2M:M53LOW:224	dup=S2M:M01LOW:224	私に触れるな！	나에게　손대지　마！
S2M:M53LOW:225	dup=S2M:M01LOW:225	帝都の恨みは、\nこの程度ではないぞ……	제도의　원한은，\n이　정도가　아니다……
S2M:M53LOW:226	dup=S2M:M01LOW:226	最後に勝つのは……私だ！	최후의　승자는……　나다！
S2M:M53LOW:227	dup=S2M:M01LOW:227	この程度で……ぬうっ！	이　정도로……　으음！
S2M:M53LOW:228	dup=S2M:M01LOW:228	思い上がるな……\n偽善者めっ！	우쭐대지　마……\n위선자　자식！
S2M:M54LOW:0	dup=S2M:M01LOW:0	疾きこと風のごとく……\n移動力重視の作戦だ！	빠르기는　바람처럼……\n이동력　중시　작전이다！
S2M:M54LOW:1	dup=S2M:M01LOW:1	今は、この命令を出している。\n移動力を活かして戦おう。	현재　명령은　이것이다．\n이동력을　살려　싸우자．
S2M:M54LOW:2	dup=S2M:M01LOW:2	花組各員に通達！\n「風」作戦を開始するぞ！	화조　전원에게　통보！\n「풍」　작전　개시다！
S2M:M54LOW:3	dup=S2M:M01LOW:3	林のように心静かに……\n本来の力を引き出すんだ！	숲처럼　마음을　고요히……\n본래의　힘을　끌어내자！
S2M:M54LOW:4	dup=S2M:M01LOW:4	今は、この命令を出している。\n本来の力で敵に立ち向かおう。	현재　명령은　이것이다．\n본래의　힘으로　맞서자．
S2M:M54LOW:5	dup=S2M:M01LOW:5	花組各員に通達！\n「林」作戦を開始するぞ！	화조　전원에게　통보！\n「림」　작전　개시다！
S2M:M54LOW:6	dup=S2M:M01LOW:6	炎のように熱く燃える……\n攻撃力重視の作戦だ！	불처럼　뜨겁게　타오르는……\n공격력　중시　작전이다！
S2M:M54LOW:7	dup=S2M:M01LOW:7	今は、この命令を出している。\n攻撃力を活かして戦おう。	현재　명령은　이것이다．\n공격력을　살려　싸우자．
S2M:M54LOW:8	dup=S2M:M01LOW:8	花組各員に通達！\n「火」作戦を開始するぞ！	화조　전원에게　통보！\n「화」　작전　개시다！
S2M:M54LOW:9	dup=S2M:M01LOW:9	構えること山のごとく……\n防御力重視の作戦だ！	산처럼　굳건히　버티는……\n방어력　중시　작전이다！
S2M:M54LOW:10	dup=S2M:M01LOW:10	今は、この命令を出している。\n防御力を活かして戦おう。	현재　명령은　이것이다．\n방어력을　살려　싸우자．
S2M:M54LOW:11	dup=S2M:M01LOW:11	花組各員に通達！\n「山」作戦を開始するぞ！	화조　전원에게　통보！\n「산」　작전　개시다！
S2M:M54LOW:12	dup=S2M:M01LOW:12	このままの作戦でいくぞ！	이대로　작전을　계속한다！
S2M:M54LOW:13	dup=S2M:M01LOW:13	了解！	알겠습니다！
S2M:M54LOW:14		光武・改との仮想戦を行うわ。\n大神機を撃破すれば勝ちよ。	광무　개량형과　모의전．\n오오가미기　격파하면　승리．
S2M:M54LOW:15	dup=S2M:M08LOW:15	０メッセージ１－２	０메시지１－２
S2M:M54LOW:16	dup=S2M:M01LOW:16	０メッセージ１－３	０메시지１－３
S2M:M54LOW:17	dup=S2M:M12LOW:17	門の外に出て、\n土機を撃破するのよ！	문　밖으로　나가，\n토기를　격파해！
S2M:M54LOW:18	dup=S2M:M12LOW:18	敵の大将、土は、\n攻撃回数が多いわ。\n気をつけるのよ！	적장　토지구모는\n공격　횟수가　많아．\n조심해！
S2M:M54LOW:19	dup=S2M:M01LOW:19	０メッセージ２－３	０메시지２－３
S2M:M54LOW:20	dup=S2M:M02LOW:20	大神さん、山崎は強いわ。\n一時撤退しましょう！	야마자키는　강해요．\n일단　후퇴하죠！
S2M:M54LOW:21	dup=S2M:M01LOW:21	０メッセージ３－２	０메시지３－２
S2M:M54LOW:22	dup=S2M:M01LOW:22	０メッセージ３－３	０메시지３－３
S2M:M54LOW:23	dup=S2M:M01LOW:23	花組の隊長、大神一郎。\n高い戦闘力と、\n勇敢な心を持っている。	화조　대장，　오오가미．\n높은　전투력과\n용감한　마음을　지녔다．
S2M:M54LOW:24	dup=S2M:M01LOW:24	北辰一刀流、真宮寺さくら。\n素早い動きで、\n敵を一刀両断する。	북진일도류，　사쿠라．\n빠른　움직임으로\n적을　일도양단한다．
S2M:M54LOW:25	dup=S2M:M01LOW:25	神崎風塵流、神崎すみれ。\n華麗なナギナタの技は、\n見るものの心をもとらえる。	칸자키　풍진류，　스미레．\n화려한　나기나타　기술은\n보는　이의　마음마저　홀려．
S2M:M54LOW:26	dup=S2M:M01LOW:26	射撃手、マリア・タチバナ。\n氷の銃弾は、狙った\n獲物を決して逃さない。	사격수，　마리아．\n얼음　탄환은　노린\n먹이를　놓치지　않는다．
S2M:M54LOW:27	dup=S2M:M01LOW:27	桐島流空手、桐島カンナ。\n圧倒的なパワーで、むらがる\n敵を粉砕する。	가라테의　달인，　칸나．\n압도적　파워로　몰려드는\n적을　분쇄한다．
S2M:M54LOW:28	dup=S2M:M01LOW:28	花組のマスコット、アイリス。\n超能力を使った、\n不思議な攻撃で敵と戦う。	화조의　마스코트，\n아이리스．\n초능력으로　적과　싸운다．
S2M:M54LOW:29	dup=S2M:M01LOW:29	発明家、李紅蘭。\n次々に繰り出す発明品で、\n敵味方をあっといわせるぞ。	발명가，　코란．\n신제품을　잇달아　내놓아\n적과　아군을　놀라게　한다．
S2M:M54LOW:30	dup=S2M:M01LOW:30	元星組隊員、ソレッタ・織姫。\nイタリアンローズの機体に乗り\n赤い貴族と呼ばれている。	전　별조　대원，　오리히메．\n이탈리안　로즈를　타고\n붉은　귀족이라　불린다．
S2M:M54LOW:31	dup=S2M:M01LOW:31	レニ・ミルヒシュトラーセ。\n戦闘のプロとして、正確な\n無駄のない攻撃を行う。	레니　밀히슈트라세．　전투의\n프로답게　정확하고　군더더기\n없는　공격을　한다．
S2M:M54LOW:32		「光武・改」大神機。\n撃破すると、\n演習終了となる。\n	「광무　개량형」\n오오가미기．　격파하면　연습\n종료．
S2M:M54LOW:33		「光武・改」さくら機。\n攻撃力・防御力共に平均的。\nスピードに優れる。	「광무　개량형」　사쿠라기．\n공격력・방어력　모두\n평균적．　속도가　뛰어나다．
S2M:M54LOW:34		「光武・改」すみれ機。\n攻防の能力は中程度だが、\n必殺技の範囲は超一流。	「광무　개량형」　스미레기．\n공방　능력은　중간이지만\n필살기　범위는　최고급．
S2M:M54LOW:35		「光武・改」マリア機。\n遠距離から単体に攻撃可能。\nただし防御力は低い。	「광무　개량형」　마리아기．\n원거리에서　단일　공격\n가능．　단，방어력은　낮다．
S2M:M54LOW:36		「光武・改」カンナ機。\n単体に対する戦闘力は\n花組最強である。	「광무　개량형」　칸나기．\n단일　전투력은\n화조　최강이다．
S2M:M54LOW:37		「光武・改」アイリス機。\n攻防の能力は低いが、唯一\n回復の必殺技を持つ機体。	「광무　개량형」　아이리스．\n공방　능력은　낮지만　유일한\n회복　필살기를　지닌　기체．
S2M:M54LOW:38		「光武・改」紅蘭機。\n遠距離から複数に攻撃可能。\n攻防共に比較的低めの性能。	「광무　개량형」　코란기．\n원거리　복수　공격이　가능．\n공방　모두　비교적　낮다．
S2M:M54LOW:39		「アイゼンクライト」織姫機。\n最も広い攻撃範囲を誇るが、\n近接戦闘はできない。	아이젠크라이트・오리히메기\n공격　범위가　가장　넓지만\n근접전은　못　한다．
S2M:M54LOW:40		「アイゼンクライト」レニ機。\n攻撃力はトップクラスだが、\n防御力が比較的低い。	「아이젠크라이트」　레니기．\n공격력은　최상급이지만\n방어력은　비교적　낮다．
S2M:M54LOW:41	dup=S2M:M52LOW:41	「雷撃砲」（らいげきほう）\nロ型脇侍よりも長い射程を持つ\n長射程砲台。攻撃力も高い。	「뇌격포」　로형　협시보다\n사거리가　길고　장거리\n포대．　공격력도　높다．
S2M:M54LOW:42	dup=S2M:M01LOW:42	メッセージ２０	메시지　２０
S2M:M54LOW:43	dup=S2M:M01LOW:43	今のところ、\nかばう必要はなさそうだな。	지금은\n보호할　필요　없어　보이네．
S2M:M54LOW:44	dup=S2M:M01LOW:44	さくらくん……\n君は俺が守る！	사쿠라　군……\n내가　지킬게！
S2M:M54LOW:45	dup=S2M:M01LOW:45	すみれくん……\n君の盾になってもいいかい。	스미레　군……\n네　방패가　되어도　될까？
S2M:M54LOW:46	dup=S2M:M01LOW:46	マリア……\n君の背中を守らせてくれ。	마리아……\n네　뒤를　지키게　해　줘．
S2M:M54LOW:47	dup=S2M:M01LOW:47	カンナ……\n俺は、君を全力で守るぞ！	칸나……　내가　온　힘을\n다해　지키마！
S2M:M54LOW:48	dup=S2M:M01LOW:48	アイリス……\n俺が側にいるから、\n安心していいよ。	아이리스……\n내가　곁에　있으니，\n안심해도　돼．
S2M:M54LOW:49	dup=S2M:M01LOW:49	紅蘭……\nいつだって君を助けにゆくよ。	코란……\n언제든　널　도우러　갈게．
S2M:M54LOW:50	dup=S2M:M01LOW:50	織姫くん……\n苦しいときは、\nいつでも俺を呼んでくれ！	오리히메　군……\n힘들　때는，\n언제든　날　불러！
S2M:M54LOW:51	dup=S2M:M01LOW:51	レニ……\nたまには、\n守られたっていいだろう？	레니……\n가끔은，\n보호받아도　괜찮잖아？
S2M:M54LOW:52	dup=S2M:M01LOW:52	がんばって！　大神さん！	힘내요！　오오가미　씨！
S2M:M54LOW:53	dup=S2M:M01LOW:53	大神さんが頼りです！	오오가미　씨만　믿을게요！
S2M:M54LOW:54	dup=S2M:M01LOW:54	無理しないでください、\n大神さん……	무리하지　마세요，\n오오가미　씨……
S2M:M54LOW:55	dup=S2M:M01LOW:55	がんばります！	힘낼게요！
S2M:M54LOW:56	dup=S2M:M01LOW:56	大神さんのために……\nあたし、やります！	오오가미　씨를　위해……\n제가　할게요！
S2M:M54LOW:57	dup=S2M:M01LOW:57	あたしが\nがんばらなくっちゃ！	제가　힘내야　해요！
S2M:M54LOW:58	dup=S2M:M01LOW:58	あたし……負けないわ……	저…　지지　않을　거예요…
S2M:M54LOW:59	dup=S2M:M01LOW:59	……ありがとうございます。\n大神さん。	……감사합니다．\n오오가미　씨．
S2M:M54LOW:60	dup=S2M:M01LOW:60	大神さんがいてくれるから、\nあたし、がんばれます！	오오가미　씨가　계시니까\n저도　힘낼　수　있어요！
S2M:M54LOW:61	dup=S2M:M01LOW:61	大丈夫ですか……大神さん。	괜찮으세요…　오오가미　씨．
S2M:M54LOW:62	dup=S2M:M01LOW:62	大神さん……\nごめんなさい……	오오가미　씨……\n죄송해요……
S2M:M54LOW:63	dup=S2M:M01LOW:63	ここは大神さんに\nお任せします……\n……ごめんなさい。	여기는　오오가미　씨에게\n맡길게요……\n……죄송해요．
S2M:M54LOW:64	dup=S2M:M01LOW:64	やりましたね、大神さん！	해냈네요，　오오가미　씨！
S2M:M54LOW:65	dup=S2M:M01LOW:65	今日の大神さん、\n一味違いますね。	오늘　오오가미　씨는\n평소와　다르네요．
S2M:M54LOW:66	dup=S2M:M01LOW:66	やりました！	해냈어요！
S2M:M54LOW:67	dup=S2M:M01LOW:67	大神さんのおかげです！	오오가미　씨　덕분이에요！
S2M:M54LOW:68	dup=S2M:M01LOW:68	大神さん……\nあたし、信じています。	오오가미　씨……\n저는　믿고　있어요．
S2M:M54LOW:69	dup=S2M:M01LOW:69	見せ場がきましてよ、少尉。	제　무대네요，　소위님．
S2M:M54LOW:70	dup=S2M:M01LOW:70	がんばってください、\nわたくしのために……	힘내　주세요，\n저를　위해……
S2M:M54LOW:71	dup=S2M:M01LOW:71	無理は禁物ですわ……	무리는　금물이에요……
S2M:M54LOW:72	dup=S2M:M01LOW:72	さあ、いきますわよ！	자，　갑니다！
S2M:M54LOW:73	dup=S2M:M01LOW:73	少尉、わたくしを\n見ていてくださいな。	소위님，\n저를　지켜봐　주세요．
S2M:M54LOW:74	dup=S2M:M01LOW:74	わたくしでなくては\nダメですわね。	저여야만　하겠군요．
S2M:M54LOW:75	dup=S2M:M01LOW:75	こ、この程度で……	이，　이　정도로……
S2M:M54LOW:76	dup=S2M:M01LOW:76	うれしいですわ……\n少尉……	기뻐요……\n소위님……
S2M:M54LOW:77	dup=S2M:M01LOW:77	わたくしを守ることが\nできるのは少尉だけですわ。	저를　지킬　수　있는　건\n소위님뿐이에요．
S2M:M54LOW:78	dup=S2M:M01LOW:78	かっ、身体が勝手に\n動いただけですわ……	몸이　저절로\n움직였을　뿐이에요……
S2M:M54LOW:79	dup=S2M:M01LOW:79	わたくしとしたことが……	저답지　않게……
S2M:M54LOW:80	dup=S2M:M01LOW:80	少尉を……\n……置いてはいけないのに！	소위님을……\n……두고　갈　수는　없는데！
S2M:M54LOW:81	dup=S2M:M01LOW:81	お見事ですわ、少尉。	훌륭해요，　소위님．
S2M:M54LOW:82	dup=S2M:M01LOW:82	りりしいですわよ、少尉。	늠름하시네요，　소위님．
S2M:M54LOW:83	dup=S2M:M01LOW:83	たいしたことありませんわね。	별것도　아니네요．
S2M:M54LOW:84	dup=S2M:M01LOW:84	見てくださいました？　少尉。	보셨나요？　소위님．
S2M:M54LOW:85	dup=S2M:M01LOW:85	んふっ、\nちょろいもんですわね。\nねぇ、少尉……	후훗，\n이　정도야　식은　죽이죠．\n그렇죠，　소위님……
S2M:M54LOW:86	dup=S2M:M01LOW:86	隊長、お願いします。	대장님，　부탁드려요．
S2M:M54LOW:87	dup=S2M:M01LOW:87	隊長……\n信じています。	대장님……\n믿고　있어요．
S2M:M54LOW:88	dup=S2M:M01LOW:88	隊長……\n慎重にいきましょう。	대장님……\n신중하게　가죠．
S2M:M54LOW:89	dup=S2M:M01LOW:89	さぁ、覚悟しなさい。	자，　각오하세요．
S2M:M54LOW:90	dup=S2M:M01LOW:90	私には、隊長が\nついていてくれる……	저에겐　대장님이\n곁에　계시니까……
S2M:M54LOW:91	dup=S2M:M01LOW:91	私がしっかりしなくては……	제가　정신　차려야……
S2M:M54LOW:92	dup=S2M:M01LOW:92	くっ、まだ……やれる！	큭，아직……　할　수　있어！
S2M:M54LOW:93	dup=S2M:M01LOW:93	すいません、隊長。	죄송해요，　대장님．
S2M:M54LOW:94	dup=S2M:M01LOW:94	隊長の背中……\nとても大きく見えます……	대장님　등……\n정말　커　보이네요……
S2M:M54LOW:95	dup=S2M:M01LOW:95	隊長が無事でよかった……	대장님이　무사해서　다행……
S2M:M54LOW:96	dup=S2M:M01LOW:96	隊長……申し訳ありません……	대장님……　죄송해요……
S2M:M54LOW:97	dup=S2M:M01LOW:97	もう少し……\n隊長と共に……	조금만　더……\n대장님과　함께……
S2M:M54LOW:98	dup=S2M:M01LOW:98	やりますね、隊長。	잘하시네요，　대장님．
S2M:M54LOW:99	dup=S2M:M01LOW:99	隊長が\nいてくださってよかった……	대장님이　계셔서　다행……
S2M:M54LOW:100	dup=S2M:M01LOW:100	ふんっ！　この程度……？	흥！　이　정도……？
S2M:M54LOW:101	dup=S2M:M01LOW:101	隊長、すばらしい指揮です！	대장님，　훌륭한　지휘예요！
S2M:M54LOW:102	dup=S2M:M01LOW:102	隊長が、私の力を\n何倍にもしてくれます。	대장님이　제　힘을\n몇　배나　키워　주세요．
S2M:M54LOW:103	dup=S2M:M01LOW:103	やっちまえ！　隊長！	해치워！　대장님！
S2M:M54LOW:104	dup=S2M:M01LOW:104	あたいがついてるぜ、隊長。	내가　곁에　있어，　대장．
S2M:M54LOW:105	dup=S2M:M01LOW:105	隊長の気合を見せてくれ！	대장님，　기합을　보여　줘！
S2M:M54LOW:106	dup=S2M:M01LOW:106	あたいの番だな！	내　차례구나！
S2M:M54LOW:107	dup=S2M:M01LOW:107	みていてくれよなっ！\n隊長！	지켜봐　줘！\n대장！
S2M:M54LOW:108	dup=S2M:M01LOW:108	まとめて面倒みるぜ！	한꺼번에　상대해　주마！
S2M:M54LOW:109	dup=S2M:M01LOW:109	まだまだ、\nどんどんかかってこいっ！	아직　멀었어，\n어서　덤벼！
S2M:M54LOW:110	dup=S2M:M01LOW:110	すまねぇな、隊長。	미안하군，　대장．
S2M:M54LOW:111	dup=S2M:M01LOW:111	へへっ、\n守られるってのも悪くないな。	헤헤，　보호받는　것도\n나쁘지　않군．
S2M:M54LOW:112	dup=S2M:M01LOW:112	へへっ、らしくないぜぇ？\n隊長！	헤헤，　나답지　않지？\n대장！
S2M:M54LOW:113	dup=S2M:M01LOW:113	ちくしょう……\nこんなところで……	젠장……\n이런　곳에서……
S2M:M54LOW:114	dup=S2M:M01LOW:114	隊長、すまない。\nあたいの分まで\nがんばってくれ！	대장，　미안하다．\n내　몫까지\n힘내　줘！
S2M:M54LOW:115	dup=S2M:M01LOW:115	やるじゃねぇか！　隊長！	제법이잖아！　대장！
S2M:M54LOW:116	dup=S2M:M01LOW:116	ほれぼれするぜ！　隊長！	감탄스럽군！　대장！
S2M:M54LOW:117	dup=S2M:M01LOW:117	ざっとこんなもんだぜ！	대충　이　정도지！
S2M:M54LOW:118	dup=S2M:M01LOW:118	へっへーん！\nどうだい！　隊長！	헤헤ー！\n어때！　대장！
S2M:M54LOW:119	dup=S2M:M01LOW:119	誰もあたいたちを\n止められねぇぜ！	아무도　우릴\n막을　수　없어！
S2M:M54LOW:120	dup=S2M:M01LOW:120	がんばろうね、お兄ちゃん。	힘내자，　오빠．
S2M:M54LOW:121	dup=S2M:M01LOW:121	お兄ちゃん、いっけぇー！	오빠，　가ー！
S2M:M54LOW:122	dup=S2M:M01LOW:122	お兄ちゃん……負けないで！	오빠……　지지　마！
S2M:M54LOW:123	dup=S2M:M01LOW:123	アイリス、いきまーす！	아이리스，　갑니다아！
S2M:M54LOW:124	dup=S2M:M01LOW:124	えへへっ、\nアイリスがんばるよ！	에헤헤，\n아이리스　힘낼게！
S2M:M54LOW:125	dup=S2M:M01LOW:125	アイリスが\nがんばらなくちゃ！	아이리스가\n힘내야　해！
S2M:M54LOW:126	dup=S2M:M01LOW:126	アイリス……もうだめ……	아이리스…　이제　안　돼…
S2M:M54LOW:127	dup=S2M:M01LOW:127	アイリスのために\n来てくれたんだぁー！	아이리스를　위해　왔구나ー！
S2M:M54LOW:128	dup=S2M:M01LOW:128	お兄ちゃんは、\n白馬のおうじさまだね！	오빠는\n백마　탄　왕자님이네！
S2M:M54LOW:129	dup=S2M:M01LOW:129	お兄ちゃん……\nアイリスがついてるからね。	오빠……\n아이리스가　곁에　있을게．
S2M:M54LOW:130	dup=S2M:M01LOW:130	あ……止まっちゃった……	아……　멈췄어……
S2M:M54LOW:131	dup=S2M:M01LOW:131	お兄ちゃん……\nごめんね……	오빠……\n미안해……
S2M:M54LOW:132	dup=S2M:M01LOW:132	わーい、やったね！\nお兄ちゃん！	와ー，　해냈다！\n오빠！
S2M:M54LOW:133	dup=S2M:M01LOW:133	お兄ちゃん、\nすごい、すっごーい！	오빠，\n대단해，　정말　대단해ー！
S2M:M54LOW:134	dup=S2M:M01LOW:134	アイリス、すごいでしょ！	아이리스，　대단하지！
S2M:M54LOW:135	dup=S2M:M01LOW:135	ねぇ、ねぇ！\nほめてほめて！	있잖아，　있잖아！\n칭찬해　줘，　칭찬해　줘！
S2M:M54LOW:136	dup=S2M:M01LOW:136	お兄ちゃんがいれば、\nアイリスなんにも恐くないよ！	오빠만　있으면，\n아이리스는　안　무서워！
S2M:M54LOW:137	dup=S2M:M01LOW:137	頼んだで、大神はん。	부탁한다，　오오가미　씨．
S2M:M54LOW:138	dup=S2M:M01LOW:138	ウチらの力、見せたろうで！	우리　힘을　보여　주자！
S2M:M54LOW:139	dup=S2M:M01LOW:139	だ、大丈夫かいな、大神はん。	괜찮나，　오오가미　씨．
S2M:M54LOW:140	dup=S2M:M01LOW:140	ほな、いってみよか！	그럼，　가　볼까！
S2M:M54LOW:141	dup=S2M:M01LOW:141	大神はん、\nウチにまーかしとき！	오오가미　씨，\n나한테　맡겨！
S2M:M54LOW:142	dup=S2M:M01LOW:142	ウチががんばらんと！	내가　힘내야　해！
S2M:M54LOW:143	dup=S2M:M01LOW:143	や、やばいで……	이，　이거　위험해……
S2M:M54LOW:144	dup=S2M:M01LOW:144	お、おおきに、\n大神はん……	고，　고마워，\n오오가미　씨……
S2M:M54LOW:145	dup=S2M:M01LOW:145	もう、そないなことされたら、\nウチ……	그렇게까지　해　주면，\n나……
S2M:M54LOW:146	dup=S2M:M01LOW:146	大神はんがおらんと、\nウチ……こまるんや。	오오가미　씨가　없으면，\n나……　곤란해．
S2M:M54LOW:147	dup=S2M:M01LOW:147	そのへんで、堪忍や……	이쯤에서　봐줘……
S2M:M54LOW:148	dup=S2M:M01LOW:148	大神はん、すんまへん。	오오가미　씨，　미안해．
S2M:M54LOW:149	dup=S2M:M01LOW:149	大神はん、その調子や！	오오가미　씨，　그　기세야！
S2M:M54LOW:150	dup=S2M:M01LOW:150	ええ感じやで！　大神はん！	좋은데！　오오가미　씨！
S2M:M54LOW:151	dup=S2M:M01LOW:151	いっちょあがりや！	한　건　해냈다！
S2M:M54LOW:152	dup=S2M:M01LOW:152	大神はん、\nやったで、ウチ！	오오가미　씨，\n나　해냈어！
S2M:M54LOW:153	dup=S2M:M01LOW:153	ウチらの力を合わせれば、\n千人力や！	우리　힘을　합치면，\n천군만마야！
S2M:M54LOW:154	dup=S2M:M01LOW:154	少尉さん、\nお手並み拝見でーす！	소위님，\n실력을　보여　주세요ー！
S2M:M54LOW:155	dup=S2M:M01LOW:155	早く終わらせて帰りましょー。	빨리　끝내고　돌아가요ー．
S2M:M54LOW:156	dup=S2M:M01LOW:156	ちょっと、\nヤバそうってカンジ！	잠깐，\n좀　위험해　보이는　느낌！
S2M:M54LOW:157	dup=S2M:M01LOW:157	たのしいでーす！	재밌어요ー！
S2M:M54LOW:158	dup=S2M:M01LOW:158	わたしを見ていてくださーい！	저를　지켜봐　주세요ー！
S2M:M54LOW:159	dup=S2M:M01LOW:159	日本のオトコ、\n頼りにならないでーす！	일본　남자는，\n도움이　안　되네요ー！
S2M:M54LOW:160	dup=S2M:M01LOW:160	シャワー浴びたいでーす！	샤워하고　싶어요ー！
S2M:M54LOW:161	dup=S2M:M01LOW:161	日本のオトコに、\nかばってもらうなんて……	일본　남자에게，\n보호받다니……
S2M:M54LOW:162	dup=S2M:M01LOW:162	少尉さん、\n無理しなくていいでーす……	소위님，\n무리하지　않아도　돼요……
S2M:M54LOW:163	dup=S2M:M01LOW:163	まったく、\nダメなオトコでーす！	정말이지，\n쓸모없는　남자네요ー！
S2M:M54LOW:164	dup=S2M:M01LOW:164	これ以上はカンベンでーす！	이　이상은　봐주겠어요ー！
S2M:M54LOW:165	dup=S2M:M01LOW:165	もうだめです。\n撤退します……隊長……	이젠　안　돼요．\n후퇴할게요……　대장……
S2M:M54LOW:166	dup=S2M:M01LOW:166	なかなかやるってカンジ！	제법인데요！
S2M:M54LOW:167	dup=S2M:M01LOW:167	少尉さん、\nちょーかっこいいでーす！	소위님，\n정말　멋져요ー！
S2M:M54LOW:168	dup=S2M:M01LOW:168	楽勝でーす！	거뜬해요ー！
S2M:M54LOW:169	dup=S2M:M01LOW:169	うふっ！\n拍手をくださーい！	후훗！\n박수　쳐　주세요ー！
S2M:M54LOW:170	dup=S2M:M01LOW:170	このデュオは最高でーす！	이　듀오는　최고예요ー！
S2M:M54LOW:171	dup=S2M:M01LOW:171	……行動開始。	……행동　개시．
S2M:M54LOW:172	dup=S2M:M07LOW:172	隊長、気を付けて。	대장님，　조심하세요．
S2M:M54LOW:173	dup=S2M:M01LOW:173	……危険だよ。	……위험해．
S2M:M54LOW:174	dup=S2M:M07LOW:174	いくよ！	가자！
S2M:M54LOW:175	dup=S2M:M07LOW:175	指示、よろしく。	지시，　잘　부탁해．
S2M:M54LOW:176	dup=S2M:M01LOW:174	頼れるのは自分だけ……	믿을　건　나뿐……
S2M:M54LOW:177	dup=S2M:M01LOW:177	機体の損傷が激しい……	기체　손상이　심해……
S2M:M54LOW:178	dup=S2M:M01LOW:178	………………	………………
S2M:M54LOW:179	dup=S2M:M07LOW:179	……ありがとう。	…고마워．
S2M:M54LOW:180	dup=S2M:M01LOW:180	隊長……しっかり……	대장……　정신　차려……
S2M:M54LOW:181	dup=S2M:M01LOW:181	一時、撤退……	일단　후퇴……
S2M:M54LOW:182	dup=S2M:M07LOW:182	隊長、\nあとは……よろしく。	대장，\n나머지는……　부탁해．
S2M:M54LOW:183	dup=S2M:M01LOW:183	目標、撃破確認……	목표　격파　확인……
S2M:M54LOW:184	dup=S2M:M07LOW:184	やるね、隊長。	잘하네，　대장．
S2M:M54LOW:185	dup=S2M:M01LOW:185	目標撃破……	목표　격파……
S2M:M54LOW:186	dup=S2M:M07LOW:186	隊長……\n次の指示を……	대장……\n다음　지시를……
S2M:M54LOW:187	dup=S2M:M01LOW:187	これが……ボクらの力……！	이게……　우리　힘……！
S2M:M54LOW:188	dup=S2M:M01LOW:188	そぉら、いくぜ！	자아，　간다！
S2M:M54LOW:189	dup=S2M:M01LOW:189	さぁ、楽しませてくれよ。	자，　즐겁게　해　줘．
S2M:M54LOW:190	dup=S2M:M01LOW:190	勝負は……これからだぜ！	승부는……　지금부터야！
S2M:M54LOW:191	dup=S2M:M01LOW:191	なかなか、\nやるじゃねぇか！	제법이군，\n잘하잖아！
S2M:M54LOW:192	dup=S2M:M01LOW:192	おもしれぇ……	재밌군……
S2M:M54LOW:193	dup=S2M:M01LOW:193	大丈夫か、水狐。	괜찮나，　수호．
S2M:M54LOW:194	dup=S2M:M01LOW:194	華麗に燃やしてあげますよ……	화려하게　태워　드리죠……
S2M:M54LOW:195	dup=S2M:M01LOW:195	覚悟してください。	각오하세요．
S2M:M54LOW:196	dup=S2M:M01LOW:196	あははははは！	아하하하하하！
S2M:M54LOW:197	dup=S2M:M01LOW:197	燃やしつくしてやる！	모조리　태워　주마！
S2M:M54LOW:198	dup=S2M:M01LOW:198	ご……ゴミが……	쓰……　쓰레기가……
S2M:M54LOW:199	dup=S2M:M01LOW:199	私の戦いを見せてあげる。	내　싸움을　보여　주지．
S2M:M54LOW:200	dup=S2M:M01LOW:200	やさしくしてあげるわ。	상냥하게　해　줄게．
S2M:M54LOW:201	dup=S2M:M01LOW:201	ふふふ……負けないわよ。	후후후…　지지　않을　거야．
S2M:M54LOW:202	dup=S2M:M01LOW:202	やるわね。\nさすが華撃団……	잘하네．\n역시　화격단……
S2M:M54LOW:203	dup=S2M:M01LOW:203	くっ……\nこれほどとはね……	큭……\n이　정도일　줄이야……
S2M:M54LOW:204	dup=S2M:M01LOW:204	さぁ、ワシの番じゃな。	자，　내　차례로구나．
S2M:M54LOW:205	dup=S2M:M01LOW:205	ワシの計算にぬかりはないぞ。	내　계산엔　빈틈없다．
S2M:M54LOW:206	dup=S2M:M01LOW:206	こ、このままでは\n終わらぬぞ……	이，　이대로는\n끝나지　않아……
S2M:M54LOW:207	dup=S2M:M01LOW:207	これも計算のうちじゃ。	이것도　계산　안이야．
S2M:M54LOW:208	dup=S2M:M01LOW:208	ぬうっ……\nこれは計算外じゃ……	으으……\n이건　계산　밖이야……
S2M:M54LOW:209	dup=S2M:M01LOW:209	狩りとってやる！	사냥해　주마！
S2M:M54LOW:210	dup=S2M:M01LOW:210	今、楽にしてやるからな。	지금　편하게　해　주마．
S2M:M54LOW:211	dup=S2M:M01LOW:211	ひ、ひねり殺してやる！	비，　비틀어　죽여　주마！
S2M:M54LOW:212	dup=S2M:M01LOW:212	勝ったと思うなよ……	이겼다고　생각하지　마……
S2M:M54LOW:213	dup=S2M:M01LOW:213	まだ、終わりではないぞ！	아직　끝나지　않았다！
S2M:M54LOW:214	dup=S2M:M01LOW:214	終わりにしてやる。	끝내　주마．
S2M:M54LOW:215	dup=S2M:M01LOW:215	いくぞ！　華撃団っ！	간다！　화격단！
S2M:M54LOW:216	dup=S2M:M01LOW:216	まだ、まだだっ！	아직，　아직이다！
S2M:M54LOW:217	dup=S2M:M01LOW:217	腕を上げたな……	실력이　늘었구나……
S2M:M54LOW:218	dup=S2M:M01LOW:218	ぐっ……\nわたしの復讐が……	큭……\n내　복수가……
S2M:M54LOW:219	dup=S2M:M01LOW:219	容赦はせぬぞ……	봐주지　않겠다……
S2M:M54LOW:220	dup=S2M:M01LOW:220	お前たちの罪を知れ……	너희의　죄를　깨달아라……
S2M:M54LOW:221	dup=S2M:M01LOW:221	戦いとはいつも無常だ……	싸움은　언제나　덧없다……
S2M:M54LOW:222	dup=S2M:M01LOW:222	愛は死んだ……	사랑은　죽었다……
S2M:M54LOW:223	dup=S2M:M01LOW:223	ぬぅ……やるな……	으음……　제법이군……
S2M:M54LOW:224	dup=S2M:M01LOW:224	私に触れるな！	나에게　손대지　마！
S2M:M54LOW:225	dup=S2M:M01LOW:225	帝都の恨みは、\nこの程度ではないぞ……	제도의　원한은，\n이　정도가　아니다……
S2M:M54LOW:226	dup=S2M:M01LOW:226	最後に勝つのは……私だ！	최후의　승자는……　나다！
S2M:M54LOW:227	dup=S2M:M01LOW:227	この程度で……ぬうっ！	이　정도로……　으음！
S2M:M54LOW:228	dup=S2M:M01LOW:228	思い上がるな……\n偽善者めっ！	우쭐대지　마……\n위선자　자식！
S2M:M92LOW:0		初級演習は、鴬谷での戦闘よ。\n敵の魔操機兵「八葉」を\n撃破するのが目的になるわ。	초급은　우구이스다니　전투．\n적　마조기병　「팔엽」을\n격파하는　게　목적이야．
S2M:M92LOW:1		中級演習は、池袋での戦闘ね。\n「天武」を使用して、\n「智拳」を撃破して！	중급　연습은　이케부쿠로\n전투야．　「천무」를　써서\n「지권」을　격파해！
S2M:M92LOW:2		上級演習は、武蔵内の仮想戦。\n五行衆筆頭・金剛の乗る機体、\n「大日剣」を倒すのが目的よ。	상급은　무사시　안　가상전．\n오행중　우두머리　금강의\n「대일검」　격파가　목적．
S2M:M92LOW:3		帝劇前で「光武・改」同士の\n模擬戦闘をおこないます。\n仮想の大神機が撃破目標よ。	제극　앞　「광무・개」끼리\n모의　전투를　벌여．\n가상　오오가미기가　목표야．
S2M:M92LOW:4		特級演習を開始するわ。\n各順位の戦闘データを見る時は\nカーソルで順位を選んでね。	특급　연습을　시작할게．\n순위별　데이터를　볼　때는\n커서로　순위를　골라　줘．
S2M:M92LOW:5		特級演習・壱位の戦闘データを\n確認できるわ。	특급　연습・１위의　전투\n데이터를　확인할　수　있어．
S2M:M92LOW:6		特級演習・弐位の戦闘データを\n確認できるわ。	특급　연습・２위의　전투\n데이터를　확인할　수　있어．
S2M:M92LOW:7		特級演習・参位の戦闘データを\n確認できるわ。	특급　연습・３위의　전투\n데이터를　확인할　수　있어．
S2M:M92LOW:8		特級演習・壱位の戦闘記録は\nこのようになっているわ。	특급　연습・１위의　전투\n기록은　이렇게　되어　있어．
S2M:M92LOW:9		特級演習・弐位の戦闘記録は\nこのようになっているわ。	특급　연습・２위의　전투\n기록은　이렇게　되어　있어．
S2M:M92LOW:10		特級演習・参位の戦闘記録は\nこのようになっているわ。	특급　연습・３위의　전투\n기록은　이렇게　되어　있어．
S2M:M92LOW:11		上級演習を開始するわ。\n各順位の戦闘データを見る時は\nカーソルで順位を選んでね。	상급　연습을　시작할게．\n순위별　데이터를　볼　때는\n커서로　순위를　골라　줘．
S2M:M92LOW:12		上級演習・壱位の戦闘データを\n確認できるわ。	상급　연습・１위의　전투\n데이터를　확인할　수　있어．
S2M:M92LOW:13		上級演習・弐位の戦闘データを\n確認できるわ。	상급　연습・２위의　전투\n데이터를　확인할　수　있어．
S2M:M92LOW:14		上級演習・参位の戦闘データを\n確認できるわ。	상급　연습・３위의　전투\n데이터를　확인할　수　있어．
S2M:M92LOW:15		上級演習・壱位の戦闘記録は\nこのようになっているわ。	상급　연습・１위의　전투\n기록은　이렇게　되어　있어．
S2M:M92LOW:16		上級演習・弐位の戦闘記録は\nこのようになっているわ。	상급　연습・２위의　전투\n기록은　이렇게　되어　있어．
S2M:M92LOW:17		上級演習・参位の戦闘記録は\nこのようになっているわ。	상급　연습・３위의　전투\n기록은　이렇게　되어　있어．
S2M:M92LOW:18		中級演習を開始するわ。\n各順位の戦闘データを見る時は\nカーソルで順位を選んでね。	중급　연습을　시작할게．\n순위별　데이터를　볼　때는\n커서로　순위를　골라　줘．
S2M:M92LOW:19		中級演習・壱位の戦闘データを\n確認できるわ。	중급　연습・１위의　전투\n데이터를　확인할　수　있어．
S2M:M92LOW:20		中級演習・弐位の戦闘データを\n確認できるわ。	중급　연습・２위의　전투\n데이터를　확인할　수　있어．
S2M:M92LOW:21		中級演習・参位の戦闘データを\n確認できるわ。	중급　연습・３위의　전투\n데이터를　확인할　수　있어．
S2M:M92LOW:22		中級演習・壱位の戦闘記録は\nこのようになっているわ。	중급　연습・１위의　전투\n기록은　이렇게　되어　있어．
S2M:M92LOW:23		中級演習・弐位の戦闘記録は\nこのようになっているわ。	중급　연습・２위의　전투\n기록은　이렇게　되어　있어．
S2M:M92LOW:24		中級演習・参位の戦闘記録は\nこのようになっているわ。	중급　연습・３위의　전투\n기록은　이렇게　되어　있어．
S2M:M92LOW:25		初級演習を開始するわ。\n各順位の戦闘データを見る時は\nカーソルで順位を選んでね。	초급　연습을　시작할게．\n순위별　데이터를　볼　때는\n커서로　순위를　골라　줘．
S2M:M92LOW:26		初級演習・壱位の戦闘データを\n確認できるわ。	초급　연습・１위의　전투\n데이터를　확인할　수　있어．
S2M:M92LOW:27		初級演習・弐位の戦闘データを\n確認できるわ。	초급　연습・２위의　전투\n데이터를　확인할　수　있어．
S2M:M92LOW:28		初級演習・参位の戦闘データを\n確認できるわ。	초급　연습・３위의　전투\n데이터를　확인할　수　있어．
S2M:M92LOW:29		初級演習・壱位の戦闘記録は\nこのようになっているわ。	초급　연습・１위의　전투\n기록은　이렇게　되어　있어．
S2M:M92LOW:30		初級演習・弐位の戦闘記録は\nこのようになっているわ。	초급　연습・２위의　전투\n기록은　이렇게　되어　있어．
S2M:M92LOW:31		初級演習・参位の戦闘記録は\nこのようになっているわ。	초급　연습・３위의　전투\n기록은　이렇게　되어　있어．
S2M:M92LOW:32		天才的な指揮だったわ。\nやっぱり、花組の隊長は\nあなたしかいないわね！	천재적인　지휘였어．\n역시　화조의　대장은\n너밖에　없구나！
S2M:M92LOW:33		すばらしい成績ね！\nこれなら、どんな敵が来ても\nけっして負けはしないわ！	훌륭한　성적이야！\n이러면　어떤　적이　와도\n결코　지지　않겠어！
S2M:M92LOW:34		かなりの腕前になってきたわ。\n実戦でも、この呼吸を\n忘れずにね。	제법　실력이　늘었구나．\n실전에서도　이　호흡을\n잊지　말도록．
S2M:M92LOW:35		いい動きができているわ。\n自分なりの戦いかたが\n身についてきたようね。	움직임이　좋아．\n자기만의　싸움　방식이\n몸에　밴　것　같네．
S2M:M92LOW:36		わるくない戦いぶりだったわ。\n常に、このくらいの成績を\n残すようにしてね。	나쁘지　않은　싸움이었어．\n늘　이　정도　성적은\n남기도록　해．
S2M:M92LOW:37		まあ、普通の成績ね。\nもっと効率よく戦えば、\nいい結果が得られるはずよ。	뭐，　보통　성적이네．\n더　효율적으로　싸우면\n좋은　결과가　나올　거야．
S2M:M92LOW:38		もう一歩というところかしら。\n基本は備わってきたようね。	한　걸음　모자란　느낌이야．\n기본은　갖춰진　것　같네．
S2M:M92LOW:39		まだまだ努力不足のようね。\n敵の動きをきちんと見れば\n対応索も見えてくるはずよ。	아직　노력이　부족한　듯해．\n적의　움직임을　잘　보면\n대응책도　보일　거야．
S2M:M92LOW:40		ひどい成績ね。\nもっと、各隊員の能力を\n把握しないと駄目よ。	형편없는　성적이야．\n각　대원의　능력을　더\n파악하지　않으면　안　돼．
S2M:M92LOW:41		こんな成績では、\n実戦に出るのは危険すぎるわ。\nもっと練習が必要ね。	이런　성적으로는　실전에\n나가기엔　너무　위험해．\n연습이　더　필요하겠어．
S2M:M92LOW:42	dup=S2M:M01LOW:42	メッセージ２０	메시지　２０
S2M:M92LOW:43	dup=S2M:M01LOW:43	今のところ、\nかばう必要はなさそうだな。	지금은\n보호할　필요　없어　보이네．
S2M:M92LOW:44	dup=S2M:M01LOW:44	さくらくん……\n君は俺が守る！	사쿠라　군……\n내가　지킬게！
S2M:M92LOW:45	dup=S2M:M01LOW:45	すみれくん……\n君の盾になってもいいかい。	스미레　군……\n네　방패가　되어도　될까？
S2M:M92LOW:46	dup=S2M:M01LOW:46	マリア……\n君の背中を守らせてくれ。	마리아……\n네　뒤를　지키게　해　줘．
S2M:M92LOW:47	dup=S2M:M01LOW:47	カンナ……\n俺は、君を全力で守るぞ！	칸나……　내가　온　힘을\n다해　지키마！
S2M:M92LOW:48	dup=S2M:M01LOW:48	アイリス……\n俺が側にいるから、\n安心していいよ。	아이리스……\n내가　곁에　있으니，\n안심해도　돼．
S2M:M92LOW:49	dup=S2M:M01LOW:49	紅蘭……\nいつだって君を助けにゆくよ。	코란……\n언제든　널　도우러　갈게．
S2M:M92LOW:50	dup=S2M:M01LOW:50	織姫くん……\n苦しいときは、\nいつでも俺を呼んでくれ！	오리히메　군……\n힘들　때는，\n언제든　날　불러！
S2M:M92LOW:51	dup=S2M:M01LOW:51	レニ……\nたまには、\n守られたっていいだろう？	레니……\n가끔은，\n보호받아도　괜찮잖아？
S2M:M92LOW:52	dup=S2M:M01LOW:52	がんばって！　大神さん！	힘내요！　오오가미　씨！
S2M:M92LOW:53	dup=S2M:M01LOW:53	大神さんが頼りです！	오오가미　씨만　믿을게요！
S2M:M92LOW:54	dup=S2M:M01LOW:54	無理しないでください、\n大神さん……	무리하지　마세요，\n오오가미　씨……
S2M:M92LOW:55	dup=S2M:M01LOW:55	がんばります！	힘낼게요！
S2M:M92LOW:56	dup=S2M:M01LOW:56	大神さんのために……\nあたし、やります！	오오가미　씨를　위해……\n제가　할게요！
S2M:M92LOW:57	dup=S2M:M01LOW:57	あたしが\nがんばらなくっちゃ！	제가　힘내야　해요！
S2M:M92LOW:58	dup=S2M:M01LOW:58	あたし……負けないわ……	저…　지지　않을　거예요…
S2M:M92LOW:59	dup=S2M:M01LOW:59	……ありがとうございます。\n大神さん。	……감사합니다．\n오오가미　씨．
S2M:M92LOW:60	dup=S2M:M01LOW:60	大神さんがいてくれるから、\nあたし、がんばれます！	오오가미　씨가　계시니까\n저도　힘낼　수　있어요！
S2M:M92LOW:61	dup=S2M:M01LOW:61	大丈夫ですか……大神さん。	괜찮으세요…　오오가미　씨．
S2M:M92LOW:62	dup=S2M:M01LOW:62	大神さん……\nごめんなさい……	오오가미　씨……\n죄송해요……
S2M:M92LOW:63	dup=S2M:M01LOW:63	ここは大神さんに\nお任せします……\n……ごめんなさい。	여기는　오오가미　씨에게\n맡길게요……\n……죄송해요．
S2M:M92LOW:64	dup=S2M:M01LOW:64	やりましたね、大神さん！	해냈네요，　오오가미　씨！
S2M:M92LOW:65	dup=S2M:M01LOW:65	今日の大神さん、\n一味違いますね。	오늘　오오가미　씨는\n평소와　다르네요．
S2M:M92LOW:66	dup=S2M:M01LOW:66	やりました！	해냈어요！
S2M:M92LOW:67	dup=S2M:M01LOW:67	大神さんのおかげです！	오오가미　씨　덕분이에요！
S2M:M92LOW:68	dup=S2M:M01LOW:68	大神さん……\nあたし、信じています。	오오가미　씨……\n저는　믿고　있어요．
S2M:M92LOW:69	dup=S2M:M01LOW:69	見せ場がきましてよ、少尉。	제　무대네요，　소위님．
S2M:M92LOW:70	dup=S2M:M01LOW:70	がんばってください、\nわたくしのために……	힘내　주세요，\n저를　위해……
S2M:M92LOW:71	dup=S2M:M01LOW:71	無理は禁物ですわ……	무리는　금물이에요……
S2M:M92LOW:72	dup=S2M:M01LOW:72	さあ、いきますわよ！	자，　갑니다！
S2M:M92LOW:73	dup=S2M:M01LOW:73	少尉、わたくしを\n見ていてくださいな。	소위님，\n저를　지켜봐　주세요．
S2M:M92LOW:74	dup=S2M:M01LOW:74	わたくしでなくては\nダメですわね。	저여야만　하겠군요．
S2M:M92LOW:75	dup=S2M:M01LOW:75	こ、この程度で……	이，　이　정도로……
S2M:M92LOW:76	dup=S2M:M01LOW:76	うれしいですわ……\n少尉……	기뻐요……\n소위님……
S2M:M92LOW:77	dup=S2M:M01LOW:77	わたくしを守ることが\nできるのは少尉だけですわ。	저를　지킬　수　있는　건\n소위님뿐이에요．
S2M:M92LOW:78	dup=S2M:M01LOW:78	かっ、身体が勝手に\n動いただけですわ……	몸이　저절로\n움직였을　뿐이에요……
S2M:M92LOW:79	dup=S2M:M01LOW:79	わたくしとしたことが……	저답지　않게……
S2M:M92LOW:80	dup=S2M:M01LOW:80	少尉を……\n……置いてはいけないのに！	소위님을……\n……두고　갈　수는　없는데！
S2M:M92LOW:81	dup=S2M:M01LOW:81	お見事ですわ、少尉。	훌륭해요，　소위님．
S2M:M92LOW:82	dup=S2M:M01LOW:82	りりしいですわよ、少尉。	늠름하시네요，　소위님．
S2M:M92LOW:83	dup=S2M:M01LOW:83	たいしたことありませんわね。	별것도　아니네요．
S2M:M92LOW:84		見てくださいました？少尉。	보셨나요？　소위님．
S2M:M92LOW:85	dup=S2M:M01LOW:85	んふっ、\nちょろいもんですわね。\nねぇ、少尉……	후훗，\n이　정도야　식은　죽이죠．\n그렇죠，　소위님……
S2M:M92LOW:86	dup=S2M:M01LOW:86	隊長、お願いします。	대장님，　부탁드려요．
S2M:M92LOW:87	dup=S2M:M01LOW:87	隊長……\n信じています。	대장님……\n믿고　있어요．
S2M:M92LOW:88	dup=S2M:M01LOW:88	隊長……\n慎重にいきましょう。	대장님……\n신중하게　가죠．
S2M:M92LOW:89	dup=S2M:M01LOW:89	さぁ、覚悟しなさい。	자，　각오하세요．
S2M:M92LOW:90	dup=S2M:M01LOW:90	私には、隊長が\nついていてくれる……	저에겐　대장님이\n곁에　계시니까……
S2M:M92LOW:91	dup=S2M:M01LOW:91	私がしっかりしなくては……	제가　정신　차려야……
S2M:M92LOW:92	dup=S2M:M01LOW:92	くっ、まだ……やれる！	큭，아직……　할　수　있어！
S2M:M92LOW:93	dup=S2M:M01LOW:93	すいません、隊長。	죄송해요，　대장님．
S2M:M92LOW:94	dup=S2M:M01LOW:94	隊長の背中……\nとても大きく見えます……	대장님　등……\n정말　커　보이네요……
S2M:M92LOW:95	dup=S2M:M01LOW:95	隊長が無事でよかった……	대장님이　무사해서　다행……
S2M:M92LOW:96	dup=S2M:M01LOW:96	隊長……申し訳ありません……	대장님……　죄송해요……
S2M:M92LOW:97	dup=S2M:M01LOW:97	もう少し……\n隊長と共に……	조금만　더……\n대장님과　함께……
S2M:M92LOW:98	dup=S2M:M01LOW:98	やりますね、隊長。	잘하시네요，　대장님．
S2M:M92LOW:99	dup=S2M:M01LOW:99	隊長が\nいてくださってよかった……	대장님이　계셔서　다행……
S2M:M92LOW:100		ふんっ！この程度……？	흥！　이　정도……？
S2M:M92LOW:101	dup=S2M:M01LOW:101	隊長、すばらしい指揮です！	대장님，　훌륭한　지휘예요！
S2M:M92LOW:102	dup=S2M:M01LOW:102	隊長が、私の力を\n何倍にもしてくれます。	대장님이　제　힘을\n몇　배나　키워　주세요．
S2M:M92LOW:103		やっちまえ！隊長！	해치워！　대장！
S2M:M92LOW:104	dup=S2M:M01LOW:104	あたいがついてるぜ、隊長。	내가　곁에　있어，　대장．
S2M:M92LOW:105	dup=S2M:M01LOW:105	隊長の気合を見せてくれ！	대장님，　기합을　보여　줘！
S2M:M92LOW:106	dup=S2M:M01LOW:106	あたいの番だな！	내　차례구나！
S2M:M92LOW:107	dup=S2M:M01LOW:107	みていてくれよなっ！\n隊長！	지켜봐　줘！\n대장！
S2M:M92LOW:108	dup=S2M:M01LOW:108	まとめて面倒みるぜ！	한꺼번에　상대해　주마！
S2M:M92LOW:109	dup=S2M:M01LOW:109	まだまだ、\nどんどんかかってこいっ！	아직　멀었어，\n어서　덤벼！
S2M:M92LOW:110	dup=S2M:M01LOW:110	すまねぇな、隊長。	미안하군，　대장．
S2M:M92LOW:111	dup=S2M:M01LOW:111	へへっ、\n守られるってのも悪くないな。	헤헤，　보호받는　것도\n나쁘지　않군．
S2M:M92LOW:112	dup=S2M:M01LOW:112	へへっ、らしくないぜぇ？\n隊長！	헤헤，　나답지　않지？\n대장！
S2M:M92LOW:113	dup=S2M:M01LOW:113	ちくしょう……\nこんなところで……	젠장……\n이런　곳에서……
S2M:M92LOW:114		隊長、あたいの分まで\nがんばってくれ！	대장，　내　몫까지\n힘내　줘！
S2M:M92LOW:115		やるじゃねぇか！隊長！	제법인데！　대장！
S2M:M92LOW:116		ほれぼれするぜ！隊長！	반할　지경이야！　대장！
S2M:M92LOW:117	dup=S2M:M01LOW:117	ざっとこんなもんだぜ！	대충　이　정도지！
S2M:M92LOW:118		へっへーん！\nどうだい！隊長！	헤헤ー！\n어때！　대장！
S2M:M92LOW:119	dup=S2M:M01LOW:119	誰もあたいたちを\n止められねぇぜ！	아무도　우릴\n막을　수　없어！
S2M:M92LOW:120	dup=S2M:M01LOW:120	がんばろうね、お兄ちゃん。	힘내자，　오빠．
S2M:M92LOW:121	dup=S2M:M01LOW:121	お兄ちゃん、いっけぇー！	오빠，　가ー！
S2M:M92LOW:122	dup=S2M:M01LOW:122	お兄ちゃん……負けないで！	오빠……　지지　마！
S2M:M92LOW:123	dup=S2M:M01LOW:123	アイリス、いきまーす！	아이리스，　갑니다아！
S2M:M92LOW:124	dup=S2M:M01LOW:124	えへへっ、\nアイリスがんばるよ！	에헤헤，\n아이리스　힘낼게！
S2M:M92LOW:125	dup=S2M:M01LOW:125	アイリスが\nがんばらなくちゃ！	아이리스가\n힘내야　해！
S2M:M92LOW:126	dup=S2M:M01LOW:126	アイリス……もうだめ……	아이리스…　이제　안　돼…
S2M:M92LOW:127	dup=S2M:M01LOW:127	アイリスのために\n来てくれたんだぁー！	아이리스를　위해　왔구나ー！
S2M:M92LOW:128	dup=S2M:M01LOW:128	お兄ちゃんは、\n白馬のおうじさまだね！	오빠는\n백마　탄　왕자님이네！
S2M:M92LOW:129		おにいちゃん……\nアイリスがついてるからね。	오빠……\n아이리스가　있으니까．
S2M:M92LOW:130	dup=S2M:M01LOW:130	あ……止まっちゃった……	아……　멈췄어……
S2M:M92LOW:131	dup=S2M:M01LOW:131	お兄ちゃん……\nごめんね……	오빠……\n미안해……
S2M:M92LOW:132	dup=S2M:M01LOW:132	わーい、やったね！\nお兄ちゃん！	와ー，　해냈다！\n오빠！
S2M:M92LOW:133	dup=S2M:M01LOW:133	お兄ちゃん、\nすごい、すっごーい！	오빠，\n대단해，　정말　대단해ー！
S2M:M92LOW:134	dup=S2M:M01LOW:134	アイリス、すごいでしょ！	아이리스，　대단하지！
S2M:M92LOW:135	dup=S2M:M01LOW:135	ねぇ、ねぇ！\nほめてほめて！	있잖아，　있잖아！\n칭찬해　줘，　칭찬해　줘！
S2M:M92LOW:136	dup=S2M:M01LOW:136	お兄ちゃんがいれば、\nアイリスなんにも恐くないよ！	오빠만　있으면，\n아이리스는　안　무서워！
S2M:M92LOW:137	dup=S2M:M01LOW:137	頼んだで、大神はん。	부탁한다，　오오가미　씨．
S2M:M92LOW:138	dup=S2M:M01LOW:138	ウチらの力、見せたろうで！	우리　힘을　보여　주자！
S2M:M92LOW:139	dup=S2M:M01LOW:139	だ、大丈夫かいな、大神はん。	괜찮나，　오오가미　씨．
S2M:M92LOW:140	dup=S2M:M01LOW:140	ほな、いってみよか！	그럼，　가　볼까！
S2M:M92LOW:141	dup=S2M:M01LOW:141	大神はん、\nウチにまーかしとき！	오오가미　씨，\n나한테　맡겨！
S2M:M92LOW:142	dup=S2M:M01LOW:142	ウチががんばらんと！	내가　힘내야　해！
S2M:M92LOW:143	dup=S2M:M01LOW:143	や、やばいで……	이，　이거　위험해……
S2M:M92LOW:144	dup=S2M:M01LOW:144	お、おおきに、\n大神はん……	고，　고마워，\n오오가미　씨……
S2M:M92LOW:145	dup=S2M:M01LOW:145	もう、そないなことされたら、\nウチ……	그렇게까지　해　주면，\n나……
S2M:M92LOW:146	dup=S2M:M01LOW:146	大神はんがおらんと、\nウチ……こまるんや。	오오가미　씨가　없으면，\n나……　곤란해．
S2M:M92LOW:147	dup=S2M:M01LOW:147	そのへんで、堪忍や……	이쯤에서　봐줘……
S2M:M92LOW:148	dup=S2M:M01LOW:148	大神はん、すんまへん。	오오가미　씨，　미안해．
S2M:M92LOW:149	dup=S2M:M01LOW:149	大神はん、その調子や！	오오가미　씨，　그　기세야！
S2M:M92LOW:150		ええ感じやで！大神はん！	느낌　좋은데！오오가미　씨！
S2M:M92LOW:151	dup=S2M:M01LOW:151	いっちょあがりや！	한　건　해냈다！
S2M:M92LOW:152	dup=S2M:M01LOW:152	大神はん、\nやったで、ウチ！	오오가미　씨，\n나　해냈어！
S2M:M92LOW:153	dup=S2M:M01LOW:153	ウチらの力を合わせれば、\n千人力や！	우리　힘을　합치면，\n천군만마야！
S2M:M92LOW:154	dup=S2M:M01LOW:154	少尉さん、\nお手並み拝見でーす！	소위님，\n실력을　보여　주세요ー！
S2M:M92LOW:155	dup=S2M:M01LOW:155	早く終わらせて帰りましょー。	빨리　끝내고　돌아가요ー．
S2M:M92LOW:156	dup=S2M:M01LOW:156	ちょっと、\nヤバそうってカンジ！	잠깐，\n좀　위험해　보이는　느낌！
S2M:M92LOW:157	dup=S2M:M01LOW:157	たのしいでーす！	재밌어요ー！
S2M:M92LOW:158	dup=S2M:M01LOW:158	わたしを見ていてくださーい！	저를　지켜봐　주세요ー！
S2M:M92LOW:159	dup=S2M:M10LOW:159	勝手にやらせてもらいまーす！	맘대로　하게　해　주세요ー！
S2M:M92LOW:160	dup=S2M:M01LOW:160	シャワー浴びたいでーす！	샤워하고　싶어요ー！
S2M:M92LOW:161	dup=S2M:M10LOW:161	あはっ！\n少尉さん、サンキュでーす！	아핫！\n소위님，　고마워요ー！
S2M:M92LOW:162	dup=S2M:M08LOW:162	少尉さん、\n無理しなくてもいいでーす……	소위님，\n무리하지　않아도　돼요……
S2M:M92LOW:163	dup=S2M:M01LOW:163	まったく、\nダメなオトコでーす！	정말이지，\n쓸모없는　남자네요ー！
S2M:M92LOW:164	dup=S2M:M01LOW:164	これ以上はカンベンでーす！	이　이상은　봐주겠어요ー！
S2M:M92LOW:165	dup=S2M:M01LOW:165	もうだめです。\n撤退します……隊長……	이젠　안　돼요．\n후퇴할게요……　대장……
S2M:M92LOW:166	dup=S2M:M01LOW:166	なかなかやるってカンジ！	제법인데요！
S2M:M92LOW:167	dup=S2M:M01LOW:167	少尉さん、\nちょーかっこいいでーす！	소위님，\n정말　멋져요ー！
S2M:M92LOW:168	dup=S2M:M01LOW:168	楽勝でーす！	거뜬해요ー！
S2M:M92LOW:169	dup=S2M:M01LOW:169	うふっ！\n拍手をくださーい！	후훗！\n박수　쳐　주세요ー！
S2M:M92LOW:170	dup=S2M:M01LOW:170	このデュオは最高でーす！	이　듀오는　최고예요ー！
S2M:M92LOW:171	dup=S2M:M01LOW:171	……行動開始。	……행동　개시．
S2M:M92LOW:172	dup=S2M:M07LOW:172	隊長、気を付けて。	대장님，　조심하세요．
S2M:M92LOW:173	dup=S2M:M01LOW:173	……危険だよ。	……위험해．
S2M:M92LOW:174	dup=S2M:M07LOW:174	いくよ！	가자！
S2M:M92LOW:175	dup=S2M:M07LOW:175	指示、よろしく。	지시，　잘　부탁해．
S2M:M92LOW:176	dup=S2M:M08LOW:176	ボクの力で……倒す……	내　힘으로…　쓰러뜨린다…
S2M:M92LOW:177	dup=S2M:M01LOW:177	機体の損傷が激しい……	기체　손상이　심해……
S2M:M92LOW:178	dup=S2M:M01LOW:178	………………	………………
S2M:M92LOW:179	dup=S2M:M07LOW:179	……ありがとう。	…고마워．
S2M:M92LOW:180	dup=S2M:M01LOW:180	隊長……しっかり……	대장……　정신　차려……
S2M:M92LOW:181	dup=S2M:M01LOW:181	一時、撤退……	일단　후퇴……
S2M:M92LOW:182	dup=S2M:M07LOW:182	隊長、\nあとは……よろしく。	대장，\n나머지는……　부탁해．
S2M:M92LOW:183	dup=S2M:M01LOW:183	目標、撃破確認……	목표　격파　확인……
S2M:M92LOW:184	dup=S2M:M07LOW:184	やるね、隊長。	잘하네，　대장．
S2M:M92LOW:185	dup=S2M:M01LOW:185	目標撃破……	목표　격파……
S2M:M92LOW:186	dup=S2M:M07LOW:186	隊長……\n次の指示を……	대장……\n다음　지시를……
S2M:M92LOW:187	dup=S2M:M01LOW:187	これが……ボクらの力……！	이게……　우리　힘……！
S2M:M92LOW:188	dup=S2M:M01LOW:188	そぉら、いくぜ！	자아，　간다！
S2M:M92LOW:189	dup=S2M:M01LOW:189	さぁ、楽しませてくれよ。	자，　즐겁게　해　줘．
S2M:M92LOW:190	dup=S2M:M01LOW:190	勝負は……これからだぜ！	승부는……　지금부터야！
S2M:M92LOW:191	dup=S2M:M01LOW:191	なかなか、\nやるじゃねぇか！	제법이군，\n잘하잖아！
S2M:M92LOW:192	dup=S2M:M01LOW:192	おもしれぇ……	재밌군……
S2M:M92LOW:193	dup=S2M:M01LOW:193	大丈夫か、水狐。	괜찮나，　수호．
S2M:M92LOW:194	dup=S2M:M01LOW:194	華麗に燃やしてあげますよ……	화려하게　태워　드리죠……
S2M:M92LOW:195	dup=S2M:M01LOW:195	覚悟してください。	각오하세요．
S2M:M92LOW:196	dup=S2M:M01LOW:196	あははははは！	아하하하하하！
S2M:M92LOW:197	dup=S2M:M01LOW:197	燃やしつくしてやる！	모조리　태워　주마！
S2M:M92LOW:198	dup=S2M:M01LOW:198	ご……ゴミが……	쓰……　쓰레기가……
S2M:M92LOW:199	dup=S2M:M01LOW:199	私の戦いを見せてあげる。	내　싸움을　보여　주지．
S2M:M92LOW:200	dup=S2M:M01LOW:200	やさしくしてあげるわ。	상냥하게　해　줄게．
S2M:M92LOW:201	dup=S2M:M01LOW:201	ふふふ……負けないわよ。	후후후…　지지　않을　거야．
S2M:M92LOW:202	dup=S2M:M01LOW:202	やるわね。\nさすが華撃団……	잘하네．\n역시　화격단……
S2M:M92LOW:203	dup=S2M:M01LOW:203	くっ……\nこれほどとはね……	큭……\n이　정도일　줄이야……
S2M:M92LOW:204	dup=S2M:M01LOW:204	さぁ、ワシの番じゃな。	자，　내　차례로구나．
S2M:M92LOW:205	dup=S2M:M01LOW:205	ワシの計算にぬかりはないぞ。	내　계산엔　빈틈없다．
S2M:M92LOW:206	dup=S2M:M01LOW:206	こ、このままでは\n終わらぬぞ……	이，　이대로는\n끝나지　않아……
S2M:M92LOW:207	dup=S2M:M01LOW:207	これも計算のうちじゃ。	이것도　계산　안이야．
S2M:M92LOW:208	dup=S2M:M01LOW:208	ぬうっ……\nこれは計算外じゃ……	으으……\n이건　계산　밖이야……
S2M:M92LOW:209	dup=S2M:M01LOW:209	狩りとってやる！	사냥해　주마！
S2M:M92LOW:210	dup=S2M:M01LOW:210	今、楽にしてやるからな。	지금　편하게　해　주마．
S2M:M92LOW:211	dup=S2M:M01LOW:211	ひ、ひねり殺してやる！	비，　비틀어　죽여　주마！
S2M:M92LOW:212	dup=S2M:M01LOW:212	勝ったと思うなよ……	이겼다고　생각하지　마……
S2M:M92LOW:213	dup=S2M:M01LOW:213	まだ、終わりではないぞ！	아직　끝나지　않았다！
S2M:M92LOW:214	dup=S2M:M01LOW:214	終わりにしてやる。	끝내　주마．
S2M:M92LOW:215		いくぞ！華撃団っ！	가자！　화격단！
S2M:M92LOW:216	dup=S2M:M01LOW:216	まだ、まだだっ！	아직，　아직이다！
S2M:M92LOW:217	dup=S2M:M01LOW:217	腕を上げたな……	실력이　늘었구나……
S2M:M92LOW:218	dup=S2M:M01LOW:218	ぐっ……\nわたしの復讐が……	큭……\n내　복수가……
S2M:M92LOW:219	dup=S2M:M01LOW:219	容赦はせぬぞ……	봐주지　않겠다……
S2M:M92LOW:220	dup=S2M:M01LOW:220	お前たちの罪を知れ……	너희의　죄를　깨달아라……
S2M:M92LOW:221	dup=S2M:M01LOW:221	戦いとはいつも無常だ……	싸움은　언제나　덧없다……
S2M:M92LOW:222	dup=S2M:M01LOW:222	愛は死んだ……	사랑은　죽었다……
S2M:M92LOW:223	dup=S2M:M01LOW:223	ぬぅ……やるな……	으음……　제법이군……
S2M:M92LOW:224	dup=S2M:M01LOW:224	私に触れるな！	나에게　손대지　마！
S2M:M92LOW:225	dup=S2M:M01LOW:225	帝都の恨みは、\nこの程度ではないぞ……	제도의　원한은，\n이　정도가　아니다……
S2M:M92LOW:226	dup=S2M:M01LOW:226	最後に勝つのは……私だ！	최후의　승자는……　나다！
S2M:M92LOW:227	dup=S2M:M01LOW:227	この程度で……ぬうっ！	이　정도로……　으음！
S2M:M92LOW:228	dup=S2M:M01LOW:228	思い上がるな……\n偽善者めっ！	우쭐대지　마……\n위선자　자식！
