key	file	index	id	flags	ja	ko
S1S:m01mes:0	m01mes.bin	0	0x00BA		せーの！	하나，　둘！
S1S:m01mes:1	m01mes.bin	1	0x00BB		勝利のポーズ……決めっ！	승리의　포즈……　결정！
S1S:m01mes:2	m01mes.bin	2	0x00B6	dup=S1A:0100tbl:578	ははは……\n混乱、恐怖、政府転覆……\n楽しいねえ。	하하하……\n혼란，　공포，　정부　전복……\n즐겁구나．
S1S:m01mes:3	m01mes.bin	3	0x00B7	dup=S1A:0100tbl:579	帝都は我ら黒之巣会が\nもらい受けた！	제도는　우리　흑지소회가\n접수했다！
S1S:m01mes:4	m01mes.bin	4	0x00B8	dup=S1A:0100tbl:580	屍の山を築き\n我らが力を見せてくれましょう。\nのう、叉丹殿。	시체의　산을　쌓고\n우리　힘을　보여　드리죠．\n그렇지　않습니까，　사탄　님．
S1S:m01mes:5	m01mes.bin	5	0x00B9	dup=S1A:0100tbl:581	フフフフ……	후후후후……
S1S:m01mes:6	m01mes.bin	6	0x0BB8	dup=S1A:0301tbl:917	そこまでよ！	거기까지야！
S1S:m01mes:7	m01mes.bin	7	0x0BB9		なにぃ？	뭐라고？
S1S:m01mes:8	m01mes.bin	8	0x0BBA		貴様らは！	네놈들은！
S1S:m01mes:9	m01mes.bin	9	0x0BBB	dup=S1A:0101tbl:783	…………	…………
S1S:m01mes:10	m01mes.bin	10	0x0BBC		帝国華撃団、参上！	제국화격단，　등장！
S1S:m01mes:11	m01mes.bin	11	0x0BBD		帝国華撃団とな？\nこざかしい！	제국화격단이라고？\n건방지군！
S1S:m01mes:12	m01mes.bin	12	0x0BBE		面白い……\nここはわたしが……	흥미롭군……\n여긴　내가……
S1S:m01mes:13	m01mes.bin	13	0x0BBF		ふん……\nまかせたぞ。	흠……\n맡기겠다．
S1S:m01mes:14	m01mes.bin	14	0x0BC0		お前達の実力、\nどれほどか見せてもらおう！	네놈들의　실력，\n얼마나　되는지　보여　봐라！
S1S:m01mes:15	m01mes.bin	15	0x0BC1		フフフ……\nやるではないか。	후후후……\n제법　하는군．
S1S:m01mes:16	m01mes.bin	16	0x0BC2		わたし自ら相手をしてくれよう。	내가　직접　상대해　주지．
S1S:m01mes:17	m01mes.bin	17	0x0BC3		逃げるわっ！	도망칠　거야！
S1S:m01mes:18	m01mes.bin	18	0x0BC4		華撃団よ！\nいずれ決着をつけよう！	화격단이여！\n언젠가　결판을　내자！
S1S:m01mes:19	m01mes.bin	19	0x2711	gaiji=81B8	やったぁぁぁっ‼	해냈다아‼
S1S:m01mes:20	m01mes.bin	20	0x2712		ふっ……\nさすがわたくしですわ。	후……\n역시　나답군요．
S1S:m01mes:21	m01mes.bin	21	0x2713		……いい調子だわ。	……순조롭네．
S1S:m01mes:22	m01mes.bin	22	0x2714		大神さん、すごいです！	오오가미　씨，　대단해요！
S1S:m01mes:23	m01mes.bin	23	0x2715		なかなか　おやりになるわね。	제법　하시는군요．
S1S:m01mes:24	m01mes.bin	24	0x2716		その調子です、少尉。	그　기세예요，　소위님．
S1S:m01mes:25	m01mes.bin	25	0x2717		帝都の平和をおびやかす者は\nあたしたちがゆるさない！	제도의　평화를　위협하는　자는\n우리가　용서하지　않아！
S1S:m01mes:26	m01mes.bin	26	0x2718		さあ、どこからでも\nかかってらっしゃい！	자，　어디서든\n덤벼　보시지！
S1S:m01mes:27	m01mes.bin	27	0x2719		では、これから\n光武の操縦法を教えますから\nきちんと聞いてください。	그럼　지금부터\n광무　조종법을　알려　드릴　테니\n잘　들어　주세요．
S1S:m01mes:28	m01mes.bin	28	0x271A		まずはさくら、あなたからよ。	우선　사쿠라，　네　차례야．
S1S:m01mes:29	m01mes.bin	29	0x271B		はい、行きます！	네，　갑니다！
S1S:m01mes:30	m01mes.bin	30	0x271C		行動順は移動力が関係しますが、\n隊員の気力が高ければ\n普段より早くなります。	행동　순서는　이동력이\n관계하지만，　대원의　기력이\n높으면　평소보다　빨라집니다．
S1S:m01mes:31	m01mes.bin	31	0x271D		隊員の気力は、そのまま\n戦闘力にも反映されますので\n気をつかってください。	대원의　기력은　그대로\n전투력에도　반영되니\n신경　써　주세요．
S1S:m01mes:32	m01mes.bin	32	0x271E		今のさくらのように、\n移動できる範囲内から\n移動先を決定します。	지금　사쿠라처럼，\n이동　가능한　범위　안에서\n이동　지점을　정합니다．
S1S:m01mes:33	m01mes.bin	33	0x271F		さくら、攻撃よ！	사쿠라，　공격해！
S1S:m01mes:34	m01mes.bin	34	0x2720	dup=S1A:0100tbl:160	はいっ！	네！
S1S:m01mes:35	m01mes.bin	35	0x2721		えぇぇぇーい！	에에에이！
S1S:m01mes:36	m01mes.bin	36	0x2722		このように、\n攻撃ができる範囲内から、\n目標を決めて攻撃します。	이처럼\n공격　가능한　범위　안에서\n목표를　정해　공격합니다．
S1S:m01mes:37	m01mes.bin	37	0x2723		『移動』と『攻撃』の\n両方が終わったら、\nその人の行動は終了します。	「이동」과　「공격」을\n둘　다　끝내면\n그　사람의　행동은　끝납니다．
S1S:m01mes:38	m01mes.bin	38	0x2724		次はすみれ、あなたよ。	다음은　스미레，　네　차례야．
S1S:m01mes:39	m01mes.bin	39	0x2725		フフフ……少尉。\nいよいよ真打ちの登場ですわよ。	후후후……　소위님．　드디어　진짜\n주역이　등장할　때예요．
S1S:m01mes:40	m01mes.bin	40	0x2726		この、高貴で華麗なわたくしの\n美技の数々……\nとくと、ごらんあそばせ。	이　고귀하고　화려한　제가　펼치는\n수많은　묘기……\n똑똑히　보시지요．
S1S:m01mes:41	m01mes.bin	41	0x2727		光武は段差を飛び降りても\nびくともしません。	광무는　단차에서　뛰어내려도\n끄떡없습니다．
S1S:m01mes:42	m01mes.bin	42	0x2728		しかし、登る場合は１段まで。\n２段以上の高い場所には\n登れません。	하지만　올라갈　때는　한　단까지．\n두　단　이상　높은　곳에는\n올라갈　수　없습니다．
S1S:m01mes:43	m01mes.bin	43	0x2729		わたくしに挑もうなんて、\n百万年早いですわ！	감히　나에게　도전하다니，\n백만　년은　이르십니다！
S1S:m01mes:44	m01mes.bin	44	0x272A		自分の番で一度に出来る行動は\n２回です。	자기　차례에　한　번에　할　수\n있는　행동은　두　번입니다．
S1S:m01mes:45	m01mes.bin	45	0x272B		さくらやすみれは、\n移動してから攻撃しましたが……	사쿠라와　스미레는\n이동한　뒤　공격했지만……
S1S:m01mes:46	m01mes.bin	46	0x272C		逆に攻撃してから、\n移動することもできます。	반대로　공격한　뒤\n이동할　수도　있습니다．
S1S:m01mes:47	m01mes.bin	47	0x272D		今、私は攻撃してから\n移動をしました。	지금　저는　공격한　뒤\n이동했습니다．
S1S:m01mes:48	m01mes.bin	48	0x272E		このように『攻撃』と『移動』は\n順番を自由に入れ換えることが\n出来ます。	이처럼　「공격」과　「이동」은\n순서를　자유롭게　바꿀　수\n있습니다．
S1S:m01mes:49	m01mes.bin	49	0x272F		攻撃してから移動するか、\n移動してから攻撃するか……	공격한　뒤　이동할지，\n이동한　뒤　공격할지……
S1S:m01mes:50	m01mes.bin	50	0x2730		その場の状況に合わせて、\n作戦を立ててください。	그때　상황에　맞춰\n작전을　세워　주세요．
S1S:m01mes:51	m01mes.bin	51	0x2731		ただし、同じ行動は\n２回できません。	단，　같은　행동은\n두　번　할　수　없습니다．
S1S:m01mes:52	m01mes.bin	52	0x2732		移動を２回、\n攻撃を２回することは\nできません。	이동을　두　번，\n공격을　두　번　하는　것은\n불가능합니다．
S1S:m01mes:53	m01mes.bin	53	0x2733		では大神少尉。\n自分の光武を\n動かしてみてください。	그럼　오오가미　소위님．\n자신의　광무를\n움직여　보세요．
S1S:m01mes:54	m01mes.bin	54	0x2734		さくら！\n敵の戦闘力はまだ不明よ。\n無理せず、防御しなさい。	사쿠라！\n적의　전투력은　아직　몰라．\n무리하지　말고　방어해．
S1S:m01mes:55	m01mes.bin	55	0x2735	dup=S1A:0100tbl:160	はいっ！	네！
S1S:m01mes:56	m01mes.bin	56	0x2736		おわかりですか？　少尉。	아시겠어요？　소위님．
S1S:m01mes:57	m01mes.bin	57	0x2737		光武には、耐久値を\n回復する機能が\n装備されています。	광무에는　내구치를\n회복하는　기능이\n장착되어　있습니다．
S1S:m01mes:58	m01mes.bin	58	0x2738		自分の機体だけでなく、\n仲間の光武を\n回復させることもできます。	자신의　기체뿐　아니라，\n동료의　광무도\n회복시킬　수　있습니다．
S1S:m01mes:59	m01mes.bin	59	0x2739		防御行動を行うと、\n敵から受けるダメージを\nやわらげることが出来ます。	방어　행동을　하면，\n적에게　받는　피해를\n줄일　수　있습니다．
S1S:m01mes:60	m01mes.bin	60	0x273A		この三下のやられ役が、\nわたくしの光武に\n傷をつけるなんて……	이　삼류　악역이\n감히　내　광무에\n상처를　내다니……
S1S:m01mes:61	m01mes.bin	61	0x273B		おてんと様がゆるしても、\nこのわたくしが許しませんわ！	해님이　용서해도\n이　내가　용서하지　않겠어요！
S1S:m01mes:62	m01mes.bin	62	0x273C		大神少尉、見ての通り……	오오가미　소위님，　보시다시피……
S1S:m01mes:63	m01mes.bin	63	0x273D		敵の攻撃をうけると\n気合がたまります。	적의　공격을　받으면\n기합이　쌓입니다．
S1S:m01mes:64	m01mes.bin	64	0x273E		今のすみれのように\n自分で気合をためることも\nできます。	지금　스미레처럼\n스스로　기합을　모을　수도\n있습니다．
S1S:m01mes:65	m01mes.bin	65	0x273F		気合がマンタンになると\n必殺攻撃を放つことができます。	기합이　가득　차면\n필살　공격을　펼칠　수　있습니다．
S1S:m01mes:66	m01mes.bin	66	0x2740		受けてごらんなさい！	받아　보시지요！
S1S:m01mes:67	m01mes.bin	67	0x2741		必殺！　神崎風塵流　胡蝶の舞\n（かんざきふうじんりゅう\n　こちょうのまい）！	필살！　칸자키　풍진류　호접의　춤\n칸자키　풍진류\n호접의　춤！
S1S:m01mes:68	m01mes.bin	68	0x2742		おほほほほほ！\nお話になりませんわ！	오호호호호호！\n말이　안　되네요！
S1S:m01mes:69	m01mes.bin	69	0x2743		少尉、\n最後に特殊能力について\n説明します。	소위님，\n마지막으로　특수능력을\n설명하겠습니다．
S1S:m01mes:70	m01mes.bin	70	0x2744		私たち花組の隊員は、\nそれぞれが特別な能力を\n持っています。	우리　화조　대원들은\n저마다　특별한　능력을\n지니고　있습니다．
S1S:m01mes:71	m01mes.bin	71	0x2745		その能力は、\n光武で増幅することによって、\n戦闘中に使うことが出来ます。	그　능력은\n광무로　증폭하면\n전투　중에　사용할　수　있습니다．
S1S:m01mes:72	m01mes.bin	72	0x2746		その力を特殊能力と呼びます。	그　힘을　특수능력이라　부릅니다．
S1S:m01mes:73	m01mes.bin	73	0x2747		ただし、特殊能力は\n使用者の精神に負担をかけるため\n回数に制限があります。	단，　특수능력은\n사용자의　정신에　부담을　주므로\n횟수　제한이　있습니다．
S1S:m01mes:74	m01mes.bin	74	0x2748		そしてこれが私の特殊能力です。	그리고　이것이　제　특수능력이에요
S1S:m01mes:75	m01mes.bin	75	0x2749		パダジェディ！	파다제디！
S1S:m01mes:76	m01mes.bin	76	0x274A		私の特殊能力はパダジェディ。	제　특수능력은　파다제디입니다．
S1S:m01mes:77	m01mes.bin	77	0x274B		この攻撃を受けた敵は\nしばらくマヒして、\n行動不能になります。	이　공격을　받은　적은\n잠시　마비되어\n행동　불능이　됩니다．
S1S:m01mes:78	m01mes.bin	78	0x274C		では、これからは、\n少尉に私たちの指揮を\nしてもらいます。	이제부터는\n소위님이　저희를\n지휘해　주세요．
S1S:m01mes:79	m01mes.bin	79	0x2774		まずは敵の魔操機兵、\n脇侍（わきじ）を\n全滅させましょう。	우선　적　마조기병인\n협시를\n전멸시키죠．
S1S:m01mes:80	m01mes.bin	80	0x27D8		黒之巣会の幹部のようですね。\n回復しながら戦った方が\nいいでしょう。	흑지소회　간부　같군요．\n회복하며　싸우는　편이\n좋겠습니다．
S1S:m01mes:81	m01mes.bin	81	0x4E16		みんな、俺が守らなくても\nだいじょうぶだな。	모두，　내가　지키지　않아도\n괜찮겠군．
S1S:m01mes:82	m01mes.bin	82	0x4E17		さくらくん……\n俺は必ず、きみを守る！	사쿠라　군……\n나는　반드시，　그대를　지키겠어！
S1S:m01mes:83	m01mes.bin	83	0x4E18		すみれくん……\n俺がいつでも守ってやるよ。	스미레　군……\n내가　언제든　지켜　주지．
S1S:m01mes:84	m01mes.bin	84	0x4E19		マリア……\nきみの背中を守らせてくれ。	마리아……\n네　뒤를　지키게　해　줘．
S1S:m01mes:85	m01mes.bin	85	0x4E1A		いつでも、アイリスのことを\n守ってあげるよ。	언제든　아이리스를\n지켜　줄게．
S1S:m01mes:86	m01mes.bin	86	0x4E1B		紅蘭は俺が守る！\nだから、心配するな！	코란은　내가　지킨다！\n그러니　걱정　마！
S1S:m01mes:87	m01mes.bin	87	0x4E1C		カンナ！\n防御なら俺にまかせろ！	칸나！\n방어라면　나한테　맡겨！
S1S:m01mes:88	m01mes.bin	88	0x7530	gaiji=81B8	逃げられたか……\nだが、帝都の平和は守ったぞ‼\nよし、全員帰還だ‼	도망쳤나……\n하지만　제도의　평화는　지켰다‼\n좋아，　전원　귀환이다‼
S1S:m01mes:89	m01mes.bin	89	0x7531		待って、大神さん。\n花組流のカーテンコールが\nまだですよ！	잠깐，　오오가미　씨．\n화조식　커튼콜이\n아직이에요！
S1S:m01mes:90	m01mes.bin	90	0x7532		な、なんだいそれ？	뭐，　그게　뭐야？
S1S:m01mes:91	m01mes.bin	91	0x4E20		大神少尉、\nやつらが黒之巣会です。	오오가미　소위님，\n저들이　흑지소회입니다．
S1S:m01mes:92	m01mes.bin	92	0x4E25		お願いするよ。\nすでに知っているよ。	부탁하지．\n이미　알고　있어．
S1S:m01mes:93	m01mes.bin	93	0x4E2A		そうでしたか。さすがですね。\nでは以後の指揮は\n大神少尉におまかせします。	그렇습니까．　역시　대단하시군요．\n그럼　이후　지휘는\n오오가미　소위님께　맡기겠습니다．
S1S:m01mes:94	m01mes.bin	94	0x4E2F	gaiji=81B8	戦闘では一瞬の判断ミスが\n死を招きます‼\n気を抜かないでください‼	전투　중에는　한순간의　판단\n착오가　죽음을　부릅니다‼\n방심하지　마세요‼
S1S:m01mes:95	m01mes.bin	95	0x4E31		一度に２つの行動ができます。\n『移動』と『攻撃』の２つが\n終わったので、行動は終了です。	한　번에　두　행동을　할　수\n있습니다．　「이동」과　「공격」을\n끝냈으므로　행동　종료입니다．
S1S:m01mes:96	m01mes.bin	96	0x4E34		次は私の番です。	다음은　제　차례입니다．
S1S:m01mes:97	m01mes.bin	97	0x4E39		気合が最大にたまったときには\n必殺攻撃を放つことができます。	기합이　최대로　쌓이면\n필살　공격을　펼칠　수　있습니다．
S1S:m01mes:98	m01mes.bin	98	0x4E3E		気合は、今のように\nためることも可能です。また\nダメージを受けても上がります。	기합은　지금처럼\n모을　수도　있습니다．　또한\n피해를　받아도　올라갑니다．
S1S:m01mes:99	m01mes.bin	99	0x4E43		必殺攻撃は強力ですが、\n使用すると\n気合が０になります。	필살　공격은　강력하지만，\n사용하면\n기합이　０이　됩니다．
S1S:m01mes:100	m01mes.bin	100	0x4E48		待って、すみれ。\nさくら機を回復してあげて。	잠깐，　스미레．\n사쿠라　기체를　회복시켜　줘．
S1S:m01mes:101	m01mes.bin	101	0x4E4D		まったく……これから\nわたくしの出番だというのに、\nなんでこんな田舎娘のために。	정말이지……　이제\n내　차례인데，\n왜　이런　시골　촌뜨기를　위해서．
S1S:m01mes:102	m01mes.bin	102	0x4E52		田舎娘ですみませんね！	시골　촌뜨기라　미안하네요！
S1S:m01mes:103	m01mes.bin	103	0x4E57		回数制限があるので、\n気をつけてください。	횟수　제한이　있으니，\n주의하세요．
S1S:m01mes:104	m01mes.bin	104	0x4E5C		他に、敵からの攻撃による\nダメージを軽減させるために\n『防御』ができます。	그　밖에　적의　공격으로　인한\n피해를　줄이기　위해\n「방어」를　할　수　있습니다．
S1S:m01mes:105	m01mes.bin	105	0x4E61		『防御』は、次の自分の番が\n来るまでの間、有効です。	「방어」는　다음　자기　차례가\n올　때까지　유효합니다．
S1S:m01mes:106	m01mes.bin	106	0x4E66		戦闘中は、一度に２回の行動が\nできますが、同系統の行動は\n１回しかできません。	전투　중에는　한　턴에\n두　번　행동할　수　있지만\n같은　계통은　한　번뿐입니다．
S1S:m01mes:107	m01mes.bin	107	0x4E6B		通常攻撃と必殺攻撃は\n同じ攻撃の系統なので、\n続けて行うことはできません。	일반　공격과　필살　공격은\n같은　공격　계통이므로\n연달아　할　수　없습니다．
S1S:m01mes:108	m01mes.bin	108	0x4E70		『ため』と『防御』と『回復』も\n同じ防衛系統なので、\n２回続けてできません。	「모으기」와　「방어」와\n「회복」도　같은　방어　계통이므로\n연달아　할　수　없습니다．
S1S:m01mes:109	m01mes.bin	109	0x4E75		行動の順番は自由なので、\n移動してからの攻撃も可能ですし\n攻撃してからの移動も可能です。	행동　순서는　자유이므로，\n이동　후　공격도　가능하고\n공격　후　이동도　가능합니다．
S1S:m01mes:110	m01mes.bin	110	0x4E30	dup=S1S:m01mes:27	では、これから\n光武の操縦法を教えますから\nきちんと聞いてください。	그럼　지금부터\n광무　조종법을　알려　드릴　테니\n잘　들어　주세요．
S1S:m01mes:111	m01mes.bin	111	0x07E3		あたしが、頑張んなきゃ！	내가　힘내야　해！
S1S:m01mes:112	m01mes.bin	112	0x07E4		行きます！	갑니다！
S1S:m01mes:113	m01mes.bin	113	0x07E5	gaiji=81B8	まかせてください‼	맡겨　주세요‼
S1S:m01mes:114	m01mes.bin	114	0x07E6		見ていてくださいね、\n大神さん。	지켜봐　주세요，\n오오가미　씨．
S1S:m01mes:115	m01mes.bin	115	0x07E7		まだ、まだ大丈夫……	아직，　아직　괜찮아……
S1S:m01mes:116	m01mes.bin	116	0x07E8	dup=S1A:0801tbl:1020	ありがとうございます！	감사합니다！
S1S:m01mes:117	m01mes.bin	117	0x07E9		がんばって！　大神さん！	힘내요！　오오가미　씨！
S1S:m01mes:118	m01mes.bin	118	0x07EA		大神さんが頼りです！	오오가미　씨만　믿을게요！
S1S:m01mes:119	m01mes.bin	119	0x07EB		きゃぁぁぁ……	꺄아아아……
S1S:m01mes:120	m01mes.bin	120	0x07EC		つっ、\n次は負けないわ！	다，\n다음엔　지지　않을　거야！
S1S:m01mes:121	m01mes.bin	121	0x07ED		大神さん……\n本当にごめんなさい……	오오가미　씨……\n정말　미안해요……
S1S:m01mes:122	m01mes.bin	122	0x07F9		わたくしの出番ですわね。	제　차례군요．
S1S:m01mes:123	m01mes.bin	123	0x07FA		オホホホホホ……	오호호호호호……
S1S:m01mes:124	m01mes.bin	124	0x07FB	gaiji=81B8	いきますわよ‼	갑니다‼
S1S:m01mes:125	m01mes.bin	125	0x07FC		今日のわたくしは\nあなたのために！	오늘의　저는\n당신을　위해！
S1S:m01mes:126	m01mes.bin	126	0x07FD		この程度では負けませんわ……	이　정도로는　지지　않아요……
S1S:m01mes:127	m01mes.bin	127	0x07FE		少尉……\nやはりわたくしのことを……	소위님……\n역시　저를……
S1S:m01mes:128	m01mes.bin	128	0x07FF		さっ、少尉の出番ですわよ！	자，　소위님　차례예요！
S1S:m01mes:129	m01mes.bin	129	0x0800		わたくしが見ていますわよ！	제가　보고　있어요！
S1S:m01mes:130	m01mes.bin	130	0x0801	gaiji=81B8	うわぁぁぁ……‼	우와아아아……‼
S1S:m01mes:131	m01mes.bin	131	0x0802		今日の所は\n負けておいてあげますわ！	오늘은\n져　드리도록　하죠！
S1S:m01mes:132	m01mes.bin	132	0x0803	gaiji=81B8	隊長には\nわたくしが必要ですのに‼	대장님께는\n제가　필요한데요‼
S1S:m01mes:133	m01mes.bin	133	0x080F		敵は私が倒すしかない！	적은　내가　쓰러뜨릴　수밖에！
S1S:m01mes:134	m01mes.bin	134	0x0810	gaiji=81AC	次の目標はどこ⁉	다음　목표는　어디⁉
S1S:m01mes:135	m01mes.bin	135	0x0811		死にたいなら、\n前にでなさい……	죽고　싶다면，\n앞으로　나와……
S1S:m01mes:136	m01mes.bin	136	0x0812		作戦指示を\nお願いします！	작전　지시를\n부탁합니다！
S1S:m01mes:137	m01mes.bin	137	0x0813	gaiji=81B8	まだよ‼　まだまだ‼	아직이야‼　아직　멀었어‼
S1S:m01mes:138	m01mes.bin	138	0x0814	gaiji=81B8	…………………………‼	…………………………‼
S1S:m01mes:139	m01mes.bin	139	0x0815		頑張ってください……隊長！	힘내세요……　대장님！
S1S:m01mes:140	m01mes.bin	140	0x0816		隊長、生きて帰りましょう！	대장님，　살아서　돌아가요！
S1S:m01mes:141	m01mes.bin	141	0x0817		ああぁぁぁ……	아아아아……
S1S:m01mes:142	m01mes.bin	142	0x0818	gaiji=81B8	つ、強いわ‼\n撤退‼	강해‼\n후퇴‼
S1S:m01mes:143	m01mes.bin	143	0x0819		すみません隊長。\n撤退します！	미안해요，　대장님．\n후퇴하겠습니다！
S1S:m01mes:144	m01mes.bin	144	0x0827		アイリスだって、\nがんばるモン！	아이리스도\n힘낼　거야！
S1S:m01mes:145	m01mes.bin	145	0x0828		アイリス、いきまーす！	아이리스，　갑니다아！
S1S:m01mes:146	m01mes.bin	146	0x0829		アイリス、強いんだよぉ！	아이리스，　강하다구！
S1S:m01mes:147	m01mes.bin	147	0x082A	gaiji=81B8	アイリス、\nお兄ちゃんのために、頑張る‼	아이리스，\n오빠를　위해　힘낼게‼
S1S:m01mes:148	m01mes.bin	148	0x082B		なんか、\nバチバチいってるよ……	뭔가，\n파직파직　소리가　나……
S1S:m01mes:149	m01mes.bin	149	0x082C		お兄ちゃん、だーいすき！	오빠，　정말　좋아해！
S1S:m01mes:150	m01mes.bin	150	0x082D		お兄ちゃん！　ファイトッ！	오빠！　힘내！
S1S:m01mes:151	m01mes.bin	151	0x082E		アイリスが見てるからね！	아이리스가　보고　있으니까！
S1S:m01mes:152	m01mes.bin	152	0x082F		きゃあぁぁぁ……	꺄아아아……
S1S:m01mes:153	m01mes.bin	153	0x0830		お星様の……\nバカ……	별님……\n바보……
S1S:m01mes:154	m01mes.bin	154	0x0831		お兄ちゃん、ゴメンね……	오빠，　미안해……
S1S:m01mes:155	m01mes.bin	155	0x083D		ウチも\n頑張らせてもらうで～	나도\n힘낼게데이～
S1S:m01mes:156	m01mes.bin	156	0x083E		科学をなめたら、\nあかんでぇ～	과학을　얕보면，\n안　된데이～
S1S:m01mes:157	m01mes.bin	157	0x083F	gaiji=81B8	ほんなら、いくでー‼	그럼，　간다‼
S1S:m01mes:158	m01mes.bin	158	0x0840		ウチを見ててやー！	나를　봐　줘～！
S1S:m01mes:159	m01mes.bin	159	0x0841		ダメージ喰らいすぎや！	너무　많이　맞았데이！
S1S:m01mes:160	m01mes.bin	160	0x0842		ウチ感動や～！	나　감동했데이～！
S1S:m01mes:161	m01mes.bin	161	0x0843		ウチが応援してるでぇ～！	내가　응원하고　있데이～！
S1S:m01mes:162	m01mes.bin	162	0x0844		がんばってや！　大神はん！	힘내래이！　오오가미　씨！
S1S:m01mes:163	m01mes.bin	163	0x0845		うわあぁぁぁぁ……	으아아아아……
S1S:m01mes:164	m01mes.bin	164	0x0846		あちゃー……\nいかれた……	아차……\n망가졌어……
S1S:m01mes:165	m01mes.bin	165	0x0847		隊長はん、\n迷惑かけてすんまへん……	대장님，\n폐를　끼쳐서　미안하데이……
S1S:m01mes:166	m01mes.bin	166	0x0854	gaiji=81B8	よっしゃ！\nやってやるか‼	좋아！\n해　볼까‼
S1S:m01mes:167	m01mes.bin	167	0x0855		気合いを入れるぜ！\nチェストォォ！	기합을　넣자！\n체스토오오！
S1S:m01mes:168	m01mes.bin	168	0x0856		桐島流の奥義、見せてやるぜ！	키리시마류의　비기，　보여　주마！
S1S:m01mes:169	m01mes.bin	169	0x0857	gaiji=81B8	さぁ‼\n行こうぜ、隊長‼	자아‼\n가자，　대장‼
S1S:m01mes:170	m01mes.bin	170	0x0858	gaiji=81B8	だいじょうぶ！\nまだ平気だぜ‼	괜찮아！\n아직　문제없어‼
S1S:m01mes:171	m01mes.bin	171	0x0859		さんきゅ！　助かったぜ！	고마워！　살았다！
S1S:m01mes:172	m01mes.bin	172	0x085A		いこうぜ！　隊長！	가자！　대장！
S1S:m01mes:173	m01mes.bin	173	0x085B		隊長の力を見せてやれ！	대장의　힘을　보여　줘！
S1S:m01mes:174	m01mes.bin	174	0x085C		うあああぁぁぁぁ……	으아아아아……
S1S:m01mes:175	m01mes.bin	175	0x085D		くっ、\nまだまだ修行がたりない……	큭，\n아직　수련이　부족해……
S1S:m01mes:176	m01mes.bin	176	0x085E		隊長のために、\n戦わなくちゃ……	대장을　위해\n싸워야　해……
S1S:m01mes:177	m01mes.bin	177	0x096E	dup=S1A:0804tbl:180	よっしゃあ！	좋았어！
S1S:m01mes:178	m01mes.bin	178	0x0D0A		やったわ！	해냈어！
S1S:m01mes:179	m01mes.bin	179	0x0D0B		やりましたわ！	해냈어요！
S1S:m01mes:180	m01mes.bin	180	0x0D0C		ふっ！	후！
S1S:m01mes:181	m01mes.bin	181	0x0D0D		やったでー！	해냈데이！
S1S:m01mes:182	m01mes.bin	182	0x0D0E	gaiji=81B8	わーい　わーい‼	와아　와아‼
S1S:m01mes:183	m01mes.bin	183	0xEA60		ねえ、大神さん……	저기，　오오가미　씨……
S1S:m01mes:184	m01mes.bin	184	0xEA6A	dup=S1A:0502tbl:740	えっ？	응？
S1S:m01mes:185	m01mes.bin	185	0xEA74		この場所で戦うなんて、\n複雑な気分ですね。	이곳에서　싸운다니，\n복잡한　기분이네요．
S1S:m01mes:186	m01mes.bin	186	0xEA7E		なんで？\nきみと初めて出会った場所だね\nきみが新聞記事になった所だね	왜？\n우리가　처음　만난　곳이야\n네가　신문　기사에　난　곳이야
S1S:m01mes:187	m01mes.bin	187	0xEA88	dup=S1A:0801tbl:492	なんで？	왜？
S1S:m01mes:188	m01mes.bin	188	0xEA92		……そっか。\n大神さんにはどうでもいいこと\nですね……	……그렇구나．\n오오가미　씨에게는\n아무래도　상관없는　일이군요……
S1S:m01mes:189	m01mes.bin	189	0xEA9C		きみと初めて出会った場所だね。	우리가　처음　만난　곳이야．
S1S:m01mes:190	m01mes.bin	190	0xEAA6		えへへ……そうですね。\n初めて出会った場所で\n一緒に初陣なんて……運命かな。	에헤헤……　그렇네요．　처음　만난\n곳에서　함께　첫　출전이라니……\n운명일까요．
S1S:m01mes:191	m01mes.bin	191	0xEAB0		きみが新聞記事になった所だね。\n『謎の少女、怪物を一刀両断』\nだっけ。	네가　신문　기사에　난　곳이야．\n『수수께끼의　소녀，　괴물을\n일도양단』　이었지．
S1S:m01mes:192	m01mes.bin	192	0xEABA		ん、もう……！　恥ずかしいこと\n思い出させないでください！	정말……！　부끄러운　걸\n떠올리게　하지　마세요！
S1S:m01mes:193	m01mes.bin	193	0xEAC4	dup=S1A:0101tbl:910	……？	……？
S1S:m01mes:194	m01mes.bin	194	0xEACE	dup=S1S:m01mes:188	……そっか。\n大神さんにはどうでもいいこと\nですね……	……그렇구나．\n오오가미　씨에게는\n아무래도　상관없는　일이군요……
S1S:m01mes:195	m01mes.bin	195	0x0004	dup=S1S:m01mes:0	せーの！	하나，　둘！
S1S:m02mes:0	m02mes.bin	0	0x012D		ほな、アレいこか！	그럼，　그거　해　볼까！
S1S:m02mes:1	m02mes.bin	1	0x012E	dup=S1S:m01mes:1	勝利のポーズ……決めっ！	승리의　포즈……　결정！
S1S:m02mes:2	m02mes.bin	2	0x07E3	dup=S1S:m01mes:111	あたしが、頑張んなきゃ！	내가　힘내야　해！
S1S:m02mes:3	m02mes.bin	3	0x07E4	dup=S1S:m01mes:112	行きます！	갑니다！
S1S:m02mes:4	m02mes.bin	4	0x07E5	dup=S1S:m01mes:113;gaiji=81B8	まかせてください‼	맡겨　주세요‼
S1S:m02mes:5	m02mes.bin	5	0x07E6	dup=S1S:m01mes:114	見ていてくださいね、\n大神さん。	지켜봐　주세요，\n오오가미　씨．
S1S:m02mes:6	m02mes.bin	6	0x07E7	dup=S1S:m01mes:115	まだ、まだ大丈夫……	아직，　아직　괜찮아……
S1S:m02mes:7	m02mes.bin	7	0x07E8	dup=S1A:0801tbl:1020	ありがとうございます！	감사합니다！
S1S:m02mes:8	m02mes.bin	8	0x07E9	dup=S1S:m01mes:117	がんばって！　大神さん！	힘내요！　오오가미　씨！
S1S:m02mes:9	m02mes.bin	9	0x07EA	dup=S1S:m01mes:118	大神さんが頼りです！	오오가미　씨만　믿을게요！
S1S:m02mes:10	m02mes.bin	10	0x07EB	dup=S1S:m01mes:119	きゃぁぁぁ……	꺄아아아……
S1S:m02mes:11	m02mes.bin	11	0x07EC	dup=S1S:m01mes:120	つっ、\n次は負けないわ！	다，\n다음엔　지지　않을　거야！
S1S:m02mes:12	m02mes.bin	12	0x07ED	dup=S1S:m01mes:121	大神さん……\n本当にごめんなさい……	오오가미　씨……\n정말　미안해요……
S1S:m02mes:13	m02mes.bin	13	0x07F9	dup=S1S:m01mes:122	わたくしの出番ですわね。	제　차례군요．
S1S:m02mes:14	m02mes.bin	14	0x07FA	dup=S1S:m01mes:123	オホホホホホ……	오호호호호호……
S1S:m02mes:15	m02mes.bin	15	0x07FB	dup=S1S:m01mes:124;gaiji=81B8	いきますわよ‼	갑니다‼
S1S:m02mes:16	m02mes.bin	16	0x07FC	dup=S1S:m01mes:125	今日のわたくしは\nあなたのために！	오늘의　저는\n당신을　위해！
S1S:m02mes:17	m02mes.bin	17	0x07FD	dup=S1S:m01mes:126	この程度では負けませんわ……	이　정도로는　지지　않아요……
S1S:m02mes:18	m02mes.bin	18	0x07FE	dup=S1S:m01mes:127	少尉……\nやはりわたくしのことを……	소위님……\n역시　저를……
S1S:m02mes:19	m02mes.bin	19	0x07FF	dup=S1S:m01mes:128	さっ、少尉の出番ですわよ！	자，　소위님　차례예요！
S1S:m02mes:20	m02mes.bin	20	0x0800	dup=S1S:m01mes:129	わたくしが見ていますわよ！	제가　보고　있어요！
S1S:m02mes:21	m02mes.bin	21	0x0801	dup=S1S:m01mes:130;gaiji=81B8	うわぁぁぁ……‼	우와아아아……‼
S1S:m02mes:22	m02mes.bin	22	0x0802	dup=S1S:m01mes:131	今日の所は\n負けておいてあげますわ！	오늘은\n져　드리도록　하죠！
S1S:m02mes:23	m02mes.bin	23	0x0803	dup=S1S:m01mes:132;gaiji=81B8	隊長には\nわたくしが必要ですのに‼	대장님께는\n제가　필요한데요‼
S1S:m02mes:24	m02mes.bin	24	0x080F	dup=S1S:m01mes:133	敵は私が倒すしかない！	적은　내가　쓰러뜨릴　수밖에！
S1S:m02mes:25	m02mes.bin	25	0x0810	dup=S1S:m01mes:134;gaiji=81AC	次の目標はどこ⁉	다음　목표는　어디⁉
S1S:m02mes:26	m02mes.bin	26	0x0811	dup=S1S:m01mes:135	死にたいなら、\n前にでなさい……	죽고　싶다면，\n앞으로　나와……
S1S:m02mes:27	m02mes.bin	27	0x0812	dup=S1S:m01mes:136	作戦指示を\nお願いします！	작전　지시를\n부탁합니다！
S1S:m02mes:28	m02mes.bin	28	0x0813	dup=S1S:m01mes:137;gaiji=81B8	まだよ‼　まだまだ‼	아직이야‼　아직　멀었어‼
S1S:m02mes:29	m02mes.bin	29	0x0814	dup=S1S:m01mes:138;gaiji=81B8	…………………………‼	…………………………‼
S1S:m02mes:30	m02mes.bin	30	0x0815	dup=S1S:m01mes:139	頑張ってください……隊長！	힘내세요……　대장님！
S1S:m02mes:31	m02mes.bin	31	0x0816	dup=S1S:m01mes:140	隊長、生きて帰りましょう！	대장님，　살아서　돌아가요！
S1S:m02mes:32	m02mes.bin	32	0x0817	dup=S1S:m01mes:141	ああぁぁぁ……	아아아아……
S1S:m02mes:33	m02mes.bin	33	0x0818	dup=S1S:m01mes:142;gaiji=81B8	つ、強いわ‼\n撤退‼	강해‼\n후퇴‼
S1S:m02mes:34	m02mes.bin	34	0x0819	dup=S1S:m01mes:143	すみません隊長。\n撤退します！	미안해요，　대장님．\n후퇴하겠습니다！
S1S:m02mes:35	m02mes.bin	35	0x0827	dup=S1S:m01mes:144	アイリスだって、\nがんばるモン！	아이리스도\n힘낼　거야！
S1S:m02mes:36	m02mes.bin	36	0x0828	dup=S1S:m01mes:145	アイリス、いきまーす！	아이리스，　갑니다아！
S1S:m02mes:37	m02mes.bin	37	0x0829	dup=S1S:m01mes:146	アイリス、強いんだよぉ！	아이리스，　강하다구！
S1S:m02mes:38	m02mes.bin	38	0x082A	dup=S1S:m01mes:147;gaiji=81B8	アイリス、\nお兄ちゃんのために、頑張る‼	아이리스，\n오빠를　위해　힘낼게‼
S1S:m02mes:39	m02mes.bin	39	0x082B	dup=S1S:m01mes:148	なんか、\nバチバチいってるよ……	뭔가，\n파직파직　소리가　나……
S1S:m02mes:40	m02mes.bin	40	0x082C	dup=S1S:m01mes:149	お兄ちゃん、だーいすき！	오빠，　정말　좋아해！
S1S:m02mes:41	m02mes.bin	41	0x082D	dup=S1S:m01mes:150	お兄ちゃん！　ファイトッ！	오빠！　힘내！
S1S:m02mes:42	m02mes.bin	42	0x082E	dup=S1S:m01mes:151	アイリスが見てるからね！	아이리스가　보고　있으니까！
S1S:m02mes:43	m02mes.bin	43	0x082F	dup=S1S:m01mes:152	きゃあぁぁぁ……	꺄아아아……
S1S:m02mes:44	m02mes.bin	44	0x0830	dup=S1S:m01mes:153	お星様の……\nバカ……	별님……\n바보……
S1S:m02mes:45	m02mes.bin	45	0x0831	dup=S1S:m01mes:154	お兄ちゃん、ゴメンね……	오빠，　미안해……
S1S:m02mes:46	m02mes.bin	46	0x083D	dup=S1S:m01mes:155	ウチも\n頑張らせてもらうで～	나도\n힘낼게데이～
S1S:m02mes:47	m02mes.bin	47	0x083E	dup=S1S:m01mes:156	科学をなめたら、\nあかんでぇ～	과학을　얕보면，\n안　된데이～
S1S:m02mes:48	m02mes.bin	48	0x083F	dup=S1S:m01mes:157;gaiji=81B8	ほんなら、いくでー‼	그럼，　간다‼
S1S:m02mes:49	m02mes.bin	49	0x0840	dup=S1S:m01mes:158	ウチを見ててやー！	나를　봐　줘～！
S1S:m02mes:50	m02mes.bin	50	0x0841	dup=S1S:m01mes:159	ダメージ喰らいすぎや！	너무　많이　맞았데이！
S1S:m02mes:51	m02mes.bin	51	0x0842	dup=S1S:m01mes:160	ウチ感動や～！	나　감동했데이～！
S1S:m02mes:52	m02mes.bin	52	0x0843	dup=S1S:m01mes:161	ウチが応援してるでぇ～！	내가　응원하고　있데이～！
S1S:m02mes:53	m02mes.bin	53	0x0844	dup=S1S:m01mes:162	がんばってや！　大神はん！	힘내래이！　오오가미　씨！
S1S:m02mes:54	m02mes.bin	54	0x0845	dup=S1S:m01mes:163	うわあぁぁぁぁ……	으아아아아……
S1S:m02mes:55	m02mes.bin	55	0x0846	dup=S1S:m01mes:164	あちゃー……\nいかれた……	아차……\n망가졌어……
S1S:m02mes:56	m02mes.bin	56	0x0847	dup=S1S:m01mes:165	隊長はん、\n迷惑かけてすんまへん……	대장님，\n폐를　끼쳐서　미안하데이……
S1S:m02mes:57	m02mes.bin	57	0x0854	dup=S1S:m01mes:166;gaiji=81B8	よっしゃ！\nやってやるか‼	좋아！\n해　볼까‼
S1S:m02mes:58	m02mes.bin	58	0x0855	dup=S1S:m01mes:167	気合いを入れるぜ！\nチェストォォ！	기합을　넣자！\n체스토오오！
S1S:m02mes:59	m02mes.bin	59	0x0856	dup=S1S:m01mes:168	桐島流の奥義、見せてやるぜ！	키리시마류의　비기，　보여　주마！
S1S:m02mes:60	m02mes.bin	60	0x0857	dup=S1S:m01mes:169;gaiji=81B8	さぁ‼\n行こうぜ、隊長‼	자아‼\n가자，　대장‼
S1S:m02mes:61	m02mes.bin	61	0x0858	dup=S1S:m01mes:170;gaiji=81B8	だいじょうぶ！\nまだ平気だぜ‼	괜찮아！\n아직　문제없어‼
S1S:m02mes:62	m02mes.bin	62	0x0859	dup=S1S:m01mes:171	さんきゅ！　助かったぜ！	고마워！　살았다！
S1S:m02mes:63	m02mes.bin	63	0x085A	dup=S1S:m01mes:172	いこうぜ！　隊長！	가자！　대장！
S1S:m02mes:64	m02mes.bin	64	0x085B	dup=S1S:m01mes:173	隊長の力を見せてやれ！	대장의　힘을　보여　줘！
S1S:m02mes:65	m02mes.bin	65	0x085C	dup=S1S:m01mes:174	うあああぁぁぁぁ……	으아아아아……
S1S:m02mes:66	m02mes.bin	66	0x085D	dup=S1S:m01mes:175	くっ、\nまだまだ修行がたりない……	큭，\n아직　수련이　부족해……
S1S:m02mes:67	m02mes.bin	67	0x085E	dup=S1S:m01mes:176	隊長のために、\n戦わなくちゃ……	대장을　위해\n싸워야　해……
S1S:m02mes:68	m02mes.bin	68	0x096E	dup=S1A:0804tbl:180	よっしゃあ！	좋았어！
S1S:m02mes:69	m02mes.bin	69	0x0D0A	dup=S1S:m01mes:178	やったわ！	해냈어！
S1S:m02mes:70	m02mes.bin	70	0x0D0B	dup=S1S:m01mes:179	やりましたわ！	해냈어요！
S1S:m02mes:71	m02mes.bin	71	0x0D0C	dup=S1S:m01mes:180	ふっ！	후！
S1S:m02mes:72	m02mes.bin	72	0x0D0D	dup=S1S:m01mes:181	やったでー！	해냈데이！
S1S:m02mes:73	m02mes.bin	73	0x0D0E	dup=S1S:m01mes:182;gaiji=81B8	わーい　わーい‼	와아　와아‼
S1S:m02mes:74	m02mes.bin	74	0x0BC5		オンキリキリバサラウンバッタ\nオンキリキリバサラウンバッタ\nオンキリキリバサラ…………	온키리키리바사라운밧타\n온키리키리바사라운밧타\n온키리키리바사라……
S1S:m02mes:75	m02mes.bin	75	0x0BC6		魔都の門は見えたり！	마도의　문이　보인다！
S1S:m02mes:76	m02mes.bin	76	0x0BC7		そこまでや！	거기까지데이！
S1S:m02mes:77	m02mes.bin	77	0x0BC8	dup=S1S:m01mes:10	帝国華撃団、参上！	제국화격단，　등장！
S1S:m02mes:78	m02mes.bin	78	0x0BC9		むう……？	음……？
S1S:m02mes:79	m02mes.bin	79	0x0BCA		よし、敵はすべて片づけたな。	좋아，　적은　전부　처리했군．
S1S:m02mes:80	m02mes.bin	80	0x0BCB	gaiji=81B8	いいえ‼　あれを見て下さい！	아니에요‼　저걸　보세요！
S1S:m02mes:81	m02mes.bin	81	0x0BCC	gaiji=81AC	な……何ですの？\nこの異常な妖気は？\n化け物……⁉	뭐……　뭔가요？\n이　이상한　요기는？\n괴물……⁉
S1S:m02mes:82	m02mes.bin	82	0x0BCD		なるほど……\nこやつらが叉丹を……	그렇군……\n이놈들이　사탄을……
S1S:m02mes:83	m02mes.bin	83	0x0BCE	gaiji=81B8	貴様、何者だ‼	네놈은　누구냐‼
S1S:m02mes:84	m02mes.bin	84	0x0BCF		我は天海！　偉大なる黒之巣会の\n総帥……帝都の最初にして最後の\n支配者である！	나는　텐카이！　위대한　흑지소회의\n총수……　제도의　처음이자　마지막\n지배자다！
S1S:m02mes:85	m02mes.bin	85	0x0BD0	gaiji=81AC	何っ⁉\n	뭐라고⁉
S1S:m02mes:86	m02mes.bin	86	0x0BD1	gaiji=81B8	我が野望を阻む愚か者どもめ……\n頭が高いわ‼	나의　야망을　방해하는　어리석은\n놈들아……　감히　고개를　들다니‼
S1S:m02mes:87	m02mes.bin	87	0x0BD2	gaiji=81B8	うぬらに我が相手は\nつとまらぬ‼	너희　따위는\n나의　상대가　못　된다‼
S1S:m02mes:88	m02mes.bin	88	0x0BD3	gaiji=81B8	かァァァァァァーっ‼	카아아아아아아‼
S1S:m02mes:89	m02mes.bin	89	0x0BD4		もはや我が目的は果たされた……\nうぬらはせいぜい我が玩具と\n戯れておれ！	이제　나의　목적은　이루어졌다……\n너희는　내　장난감과\n실컷　놀아라！
S1S:m02mes:90	m02mes.bin	90	0x0F9F		地獄の戯れをのぉ……\nハハハハハハ……！	지옥의　장난을　말이지……\n하하하하하하……！
S1S:m02mes:91	m02mes.bin	91	0x0BD5		敵の本体はこっちよ！\n本体をたたくのよ！	적의　본체는　이쪽이야！\n본체를　공격해！
S1S:m02mes:92	m02mes.bin	92	0x4E20		敵を全滅しなさい。\nそうしなくては、\n帝都タワーは守りきれないわ。	적을　전멸시켜．\n그러지　않으면\n제도　타워를　지킬　수　없어．
S1S:m02mes:93	m02mes.bin	93	0x3A98		ふふっ、大神くん。\n紅蘭はあなたを気に入った\nみたいね……。	후후，　오오가미　군．\n코란이　당신을　마음에　들어　한\n모양이네……．
S1S:m02mes:94	m02mes.bin	94	0x3A99		そ、そないなこと……。\nただ大神はんと一緒なら、\nいつもより力を出せる様な……	그，　그런　게……　단지　오오가미\n씨와　함께라면，　평소보다　힘을\n낼　수　있을　것　같아서……
S1S:m02mes:95	m02mes.bin	95	0x3A9A		『信じる心』は大切よ。\n気合いを入れて、紅蘭と共に\n攻撃してごらんなさい。	「믿는　마음」은　중요해．\n기합을　넣고，　코란과　함께\n공격해　봐．
S1S:m02mes:96	m02mes.bin	96	0x4E16	dup=S1S:m01mes:81	みんな、俺が守らなくても\nだいじょうぶだな。	모두，　내가　지키지　않아도\n괜찮겠군．
S1S:m02mes:97	m02mes.bin	97	0x4E17	dup=S1S:m01mes:82	さくらくん……\n俺は必ず、きみを守る！	사쿠라　군……\n나는　반드시，　그대를　지키겠어！
S1S:m02mes:98	m02mes.bin	98	0x4E18	dup=S1S:m01mes:83	すみれくん……\n俺がいつでも守ってやるよ。	스미레　군……\n내가　언제든　지켜　주지．
S1S:m02mes:99	m02mes.bin	99	0x4E19	dup=S1S:m01mes:84	マリア……\nきみの背中を守らせてくれ。	마리아……\n네　뒤를　지키게　해　줘．
S1S:m02mes:100	m02mes.bin	100	0x4E1A	dup=S1S:m01mes:85	いつでも、アイリスのことを\n守ってあげるよ。	언제든　아이리스를\n지켜　줄게．
S1S:m02mes:101	m02mes.bin	101	0x4E1B	dup=S1S:m01mes:86	紅蘭は俺が守る！\nだから、心配するな！	코란은　내가　지킨다！\n그러니　걱정　마！
S1S:m02mes:102	m02mes.bin	102	0x4E1C	dup=S1S:m01mes:87	カンナ！\n防御なら俺にまかせろ！	칸나！\n방어라면　나한테　맡겨！
S1S:m02mes:103	m02mes.bin	103	0x4E21		よしっ、\n帝都タワーは守ってみせる！	좋아，\n제도　타워는　내가　지킨다！
S1S:m02mes:104	m02mes.bin	104	0x4E22	gaiji=81AC	な、何ぃ⁉	뭐，　뭐라고⁉
S1S:m02mes:105	m02mes.bin	105	0x4E23		隊長！\n今までの敵よりも強力です。\n防御中心の陣形で行きましょう。	대장！\n지금까지　적보다　강력합니다．\n방어　중심　진형으로　가죠．
S1S:m02mes:106	m02mes.bin	106	0x4E24		正面から戦っては勝ち目はないわ\n「蒸気スタンド」の上に乗って\n機会をうかがうのよ！	정면으로　싸워서는　승산이　없어\n「증기　스탠드」　위에　올라가\n기회를　엿보는　거야！
S1S:m02mes:107	m02mes.bin	107	0x4E25		この声……\n本当に誰なんでしょう？	이　목소리……\n정말　누구일까요？
S1S:m02mes:108	m02mes.bin	108	0x4E26		いっくでぇ～！\nウチの初仕事や！	간다아～！\n내　첫　임무데이！
S1S:m02mes:109	m02mes.bin	109	0x4E27	gaiji=81AC	くそうっ！\nなんて強力な⁉	젠장！\n이게　무슨　강력함이야⁉
S1S:m02mes:110	m02mes.bin	110	0x4E28	gaiji=81AC	…………⁉\n今までとは違いすぎる！	…………⁉\n지금까지와　너무　달라！
S1S:m02mes:111	m02mes.bin	111	0x4E29		そんな……\nわたくしにここまで\n被害をあたえるとは……	그런……\n나에게　이렇게까지\n피해를　주다니……
S1S:m02mes:112	m02mes.bin	112	0x4E2A	gaiji=81AC	そんな⁉\n強すぎる……！	뭐라고⁉\n너무　강해……！
S1S:m02mes:113	m02mes.bin	113	0x4E2B	gaiji=81AC	なんちゅう強さや！\nハンパやないで⁉	이게　무슨　강함이데이！\n장난　아니데이⁉
S1S:m02mes:114	m02mes.bin	114	0x4E2C		敵の本体を探知したわ！\nこれから翔鯨丸で砲撃します！\n着弾点にいる人は退避して！	적의　본체를　탐지했어요！　지금\n상경환으로　포격할게요！　착탄\n지점에　있는　사람은　피하세요！
S1S:m02mes:115	m02mes.bin	115	0x4E2D		あれが本体のようね……\n本体を倒せば亡霊も消えるはず。\n後は任せたわよ、大神隊長。	저게　본체인　모양이네……　본체를\n쓰러뜨리면　망령도　사라질　거야．\n뒤는　부탁할게，　오오가미　대장．
S1S:m02mes:116	m02mes.bin	116	0x4E2E		り、了解。\n全機本体を集中攻撃せよ！	알，　알겠습니다．　전　기체，\n본체를　집중　공격하라！
S1S:m02mes:117	m02mes.bin	117	0x4E2F		やったぞ！	해냈다！
S1S:m02mes:118	m02mes.bin	118	0x4E30		まあ、わたくしがいれば\n当然ですわね。	뭐，　내가　있으면\n당연하지요．
S1S:m02mes:119	m02mes.bin	119	0x4E31		大神くん、よくやったわね。	오오가미　군，　잘했어．
S1S:m02mes:120	m02mes.bin	120	0x4E32	dup=S1A:0601tbl:253;gaiji=81AC	…………⁉	…………⁉
S1S:m02mes:121	m02mes.bin	121	0x4E33		しまった！	큰일이다！
S1S:m02mes:122	m02mes.bin	122	0x4E34		なんてこっちゃ……\nウチの初陣で……	이게　무슨　일이데이……\n내　첫　출전인데……
S1S:m02mes:123	m02mes.bin	123	0x4E35		大神少尉……\nあなたを少し\n買いかぶりすぎたようね。	오오가미　소위님……\n당신을　조금\n과대평가한　모양이네．
S1S:m02mes:124	m02mes.bin	124	0x4E36	gaiji=81AC	⁉　なんや？\nけったいな動きやなあ……	⁉　뭐야？\n이상한　움직임이네……
S1S:m02mes:125	m02mes.bin	125	0x4E37	gaiji=81AC	なんだ⁉\n妙な行動だな……	뭐지⁉\n묘한　행동이군……
S1S:m02mes:126	m02mes.bin	126	0x4E38	gaiji=81AC	どうした⁉\nどこかに向かっている様だが？	어떻게　된　거지⁉\n어딘가로　향하는　것　같다만？
S1S:m02mes:127	m02mes.bin	127	0x4E39		大神少尉、敵本体の目標は\n帝都タワーのようです。\nたどり着くまでに破壊しなさい！	오오가미　소위님，　적　본체의\n목표는　제도　타워인　모양입니다．\n도착하기　전에　파괴하세요！
S1S:m02mes:128	m02mes.bin	128	0x4E3A	gaiji=81B8	何だって！\nくそぉっ、させるかぁ‼	뭐라고！\n젠장，　뜻대로　둘까　보냐‼
S1S:m02mes:129	m02mes.bin	129	0x4E3B	gaiji=81B8	まずいで！\n帝都タワーで自爆する気や‼\nそれまでに倒さんと‼	큰일이데이！\n제도　타워에서　자폭하려는　기라‼\n그　전에　쓰러뜨려야　해‼
S1S:m02mes:130	m02mes.bin	130	0x4E3C	gaiji=81B8	まずいぞ！\n奴は帝都タワーで自爆する気だ！\nそれまでに倒さなくては‼	큰일이다！　놈은　제도　타워에서\n자폭하려　해！　그　전에\n쓰러뜨려야　한다‼
S1S:m02mes:131	m02mes.bin	131	0x4E3D	gaiji=81B8	少尉、どうにかして\n奴の動きを止めなくては‼	소위님，　어떻게든\n놈의　움직임을　멈춰야　해‼
S1S:m02mes:132	m02mes.bin	132	0x4E3E		くそっ！　このままでは……	젠장！　이대로라면……
S1S:m02mes:134	m02mes.bin	134	0x4E40		大神少尉！\n味方の光武を回り込ませて\n敵の進路をふさぎましょう！	오오가미　소위님！\n아군　광무를　우회시켜\n적의　진로를　막읍시다！
S1S:m02mes:135	m02mes.bin	135	0x4E41		よし、みんな！\n光武で敵の進行を\n食い止めるぞ！	좋아，　모두！\n광무로　적의　진격을\n막는다！
S1S:m02mes:137	m02mes.bin	137	0x4E43		敵のしかけた砲台は、\n私や紅蘭ならば、\n遠距離から破壊できます。	적이　설치한　포대는，\n저나　코란이라면\n원거리에서　파괴할　수　있습니다．
S1S:m02mes:138	m02mes.bin	138	0x4E44		恐ろしく強力な敵です。\nしばらく防戦して\n様子を見ましょう。	무시무시하게　강한　적입니다．\n잠시　수세를　취하며\n상황을　봅시다．
S1S:m02mes:139	m02mes.bin	139	0x4E45		敵の本体を集中攻撃しましょう。\nときには機体で敵の進行を\n食い止めることも必要です。	적　본체를　집중　공격하죠．\n때로는　기체로　적의　진격을\n막는　것도　필요합니다．
S1S:m02mes:140	m02mes.bin	140	0x4E46	gaiji=81B8	やった、やったで！\nウチの初白星や‼	해냈다，　해냈데이！\n내　첫　승리다‼
S1S:m02mes:141	m02mes.bin	141	0x4E47		よしっ！　その調子だ！	좋아！　그　기세다！
S1S:m02mes:142	m02mes.bin	142	0x4E48		大神少尉。いままでの敵とは\n比較にならない強さです。\n防御しながら戦ってください。	오오가미　소위님．　지금까지\n적과는　비교도　안　될　만큼\n강합니다．　방어하면서　싸우세요．
S1S:m02mes:143	m02mes.bin	143	0x4E49		ちゅーことは、\n帝都タワー壊されても\n任務失敗っていうこっちゃな。	그렇다는　건，\n제도　타워가　부서져도\n임무　실패라는　거네．
S1S:m02mes:144	m02mes.bin	144	0x4E4A	gaiji=81B8	おのれ！\n帝都タワーは後回しだ。\n先に奴らを始末してくれる‼	이놈！\n제도　타워는　나중이다．\n먼저　저놈들을　처리해　주마‼
S1S:m02mes:147	m02mes.bin	147	0x4E84		なあ、大神はん。\nウチはどう戦えばええやろか？	저기，　오오가미　씨．\n나는　어떻게　싸워야　할까？
S1S:m02mes:148	m02mes.bin	148	0x4E85		最前線にでろ\n後方で遠距離攻撃だ\n後ろで見ていろ	최전선으로　나가\n후방에서　원거리　공격\n뒤에서　지켜보기
S1S:m02mes:149	m02mes.bin	149	0x4E86		大神はん、それでも隊長かいな？\n仲間の能力が、まるで\nわかっとらんようやな？	오오가미　씨，　그래도　대장이야？\n동료　능력을　전혀\n모르는　것　같구만？
S1S:m02mes:150	m02mes.bin	150	0x4E87		ええか、ウチが得意なのは、\n離れた複数の敵を攻撃する事や。\nしっかり覚えとき！	잘　들어，　내가　잘하는　건\n떨어진　여러　적을　공격하는\n거야．　잘　기억해　둬！
S1S:m02mes:152	m02mes.bin	152	0x4E89		当たりや！\nさすが隊長やな！\nウチの能力をようわかっとるで！	정답이데이！\n역시　대장이네！\n내　능력을　잘　알고　있구만！
S1S:m02mes:153	m02mes.bin	153	0x4E8A	gaiji=81B8	敵が固まっている所には、\nウチの攻撃が役にたつで‼	적이　뭉쳐　있는　곳에서는，\n내　공격이　도움이　된데이‼
S1S:m02mes:154	m02mes.bin	154	0x4E8B		な、なんやて！\nみんな必死に戦かっとるのに、\nウチだけ見とるんかいな！	뭐，　뭐라고！\n모두　필사적으로　싸우는데\n나만　구경하란　기가！
S1S:m02mes:155	m02mes.bin	155	0x4E8C		ウチも帝国華撃団の一員や！\n見てるだけなんて、\nガマンできんで！	나도　제국화격단의　일원이야！\n구경만　하고　있을　순　없데이！
S1S:m02mes:156	m02mes.bin	156	0x4E8D		確かにウチは後ろから\n攻撃するのが得意や。	확실히　나는　뒤에서\n공격하는　게　특기야．
S1S:m02mes:157	m02mes.bin	157	0x4E8E		そやけど、遠距離攻撃と\n複数攻撃は、きっと重宝するで！	하지만　원거리　공격과　다중\n공격은　분명　유용할　거데이！
S1S:m02mes:158	m02mes.bin	158	0x4E8F		なんや……わからんのか。	뭐야……　모르는　거야．
S1S:m02mes:159	m02mes.bin	159	0x4E90		せっかくの初戦闘なんやから\nもっと気ぃつかってて\nほしかったな、ホンマ……	모처럼　첫　전투인데\n좀　더　신경　써　주길\n바랐는데，　정말……
S1S:m02mes:160	m02mes.bin	160	0x4E91		ほな……\nウチもがんばりますさかい、\n大神はんも、しっかり頼むで！	그럼……\n나도　힘낼　테니까，\n오오가미　씨도　잘　부탁해！
S1S:m02mes:162	m02mes.bin	162	0x4E93		待ってください、少尉！\n敵は既に大がかりな戦闘準備を\n整えています。	잠깐만요，　소위님！\n적은　이미　대규모　전투　준비를\n마친　상태입니다．
S1S:m02mes:163	m02mes.bin	163	0x4E94		これは、砲台の様ですが、\n横に並んだ目標を狙うようです。\n破壊して進みましょう。	이건　포대인　것　같은데，\n가로로　늘어선　적을　노립니다．\n파괴하며　나아가죠．
S1S:m02mes:164	m02mes.bin	164	0x4E95		これは「蒸気スタンド」です。\n耐久力を回復できます。\nここを確保すれば、有利ですね。	이건　「증기　스탠드」예요．\n내구력을　회복할　수　있어요．\n여기를　확보하면　유리하겠네요．
S1S:m02mes:165	m02mes.bin	165	0x4E96	gaiji=81B8	戦況はわかった。\nようし、戦闘開始だ‼	전황은　알았다．\n좋아，　전투　개시다‼
S1S:m02mes:167	m02mes.bin	167	0x4E98		大神さん。\n今日、舞台の修理に\n来ませんでしたね！	오오가미　씨．\n오늘　무대　수리에\n오지　않았죠！
S1S:m02mes:168	m02mes.bin	168	0x4E99		どうせ、あのきれいな\n女の人のことを\n考えていたんでしょう？	어차피　그　예쁜\n여자분　생각을\n하고　있었죠？
S1S:m02mes:169	m02mes.bin	169	0x4E9A		実は、そうなんだ……\nそ、そんなことないよ\nきみの事をかんがえてたのさ	사실　그래……\n그，　그런　건　아니야\n너를　생각하고　있었어
S1S:m02mes:170	m02mes.bin	170	0x4E9B		ふ～ん、そうですか！\nぼんやりしてて攻撃されても\n知りませんから！	흐음，　그런가요！\n멍하니　있다가　공격받아도\n모를　테니까요！
S1S:m02mes:171	m02mes.bin	171	0x4E9C		………………。	………………。
S1S:m02mes:172	m02mes.bin	172	0x4E9D	gaiji=81B8	わかりました。\n大神さんのこと、信用します！\n頑張って、戦いましょう‼	알겠습니다．\n오오가미　씨를　믿을게요！\n힘내서　싸워요‼
S1S:m02mes:173	m02mes.bin	173	0x4E9E		大神さん！\n女は、そういうウソには\n敏感なんですからね！	오오가미　씨！\n여자는　그런　거짓말에\n민감하니까요！
S1S:m02mes:174	m02mes.bin	174	0x4E9F		そんなウソをつくくらいなら、\n正直に答えてくれれば\nよかったのに！	그런　거짓말을　할　바엔，\n솔직히　대답해　줬으면\n좋았을　텐데요！
S1S:m02mes:175	m02mes.bin	175	0x4EA0		そうですよね。\nこんな時にする質問じゃ\nないですよね。	그렇죠．\n이런　때　할　질문은\n아니었어요．
S1S:m02mes:176	m02mes.bin	176	0x4EA1	gaiji=81B8	それに、あたし……\n大神さんを信じてますから！\nさあ、がんばって戦いましょう‼	게다가　저……\n오오가미　씨를　믿고　있으니까요！\n자，　힘내서　싸워요‼
S1S:m02mes:177	m02mes.bin	177	0x4EA2		あれは、十世紀ごろ\nウチの国で開発された\n『火せん』ちゅうモノや！	저건　１０세기쯤\n우리나라에서　개발된\n『화선』이라는　물건이야！
S1S:m02mes:178	m02mes.bin	178	0x4EA3	gaiji=81AC	かせん……？\n士官学校で習った、\n空飛ぶ爆弾の事か⁉	화선……？\n사관학교에서　배운，\n하늘을　나는　폭탄　말인가⁉
S1S:m02mes:179	m02mes.bin	179	0x4EA4		そや……でも、本物に\nお目にかかるんは初めてや。\n気ぃつけてな、みんな！	맞데이……　하지만　진짜를\n보는　건　처음이데이．\n조심해，　모두！
S1S:m02mes:180	m02mes.bin	180	0x0006	dup=S1S:m02mes:0	ほな、アレいこか！	그럼，　그거　해　볼까！
S1S:m03mes:0	m03mes.bin	0	0x07E3	dup=S1S:m01mes:111	あたしが、頑張んなきゃ！	내가　힘내야　해！
S1S:m03mes:1	m03mes.bin	1	0x07E4	dup=S1S:m01mes:112	行きます！	갑니다！
S1S:m03mes:2	m03mes.bin	2	0x07E5	dup=S1S:m01mes:113;gaiji=81B8	まかせてください‼	맡겨　주세요‼
S1S:m03mes:3	m03mes.bin	3	0x07E6	dup=S1S:m01mes:114	見ていてくださいね、\n大神さん。	지켜봐　주세요，\n오오가미　씨．
S1S:m03mes:4	m03mes.bin	4	0x07E7	dup=S1S:m01mes:115	まだ、まだ大丈夫……	아직，　아직　괜찮아……
S1S:m03mes:5	m03mes.bin	5	0x07E8	dup=S1A:0801tbl:1020	ありがとうございます！	감사합니다！
S1S:m03mes:6	m03mes.bin	6	0x07E9	dup=S1S:m01mes:117	がんばって！　大神さん！	힘내요！　오오가미　씨！
S1S:m03mes:7	m03mes.bin	7	0x07EA	dup=S1S:m01mes:118	大神さんが頼りです！	오오가미　씨만　믿을게요！
S1S:m03mes:8	m03mes.bin	8	0x07EB	dup=S1S:m01mes:119	きゃぁぁぁ……	꺄아아아……
S1S:m03mes:9	m03mes.bin	9	0x07EC	dup=S1S:m01mes:120	つっ、\n次は負けないわ！	다，\n다음엔　지지　않을　거야！
S1S:m03mes:10	m03mes.bin	10	0x07ED	dup=S1S:m01mes:121	大神さん……\n本当にごめんなさい……	오오가미　씨……\n정말　미안해요……
S1S:m03mes:11	m03mes.bin	11	0x07F9	dup=S1S:m01mes:122	わたくしの出番ですわね。	제　차례군요．
S1S:m03mes:12	m03mes.bin	12	0x07FA	dup=S1S:m01mes:123	オホホホホホ……	오호호호호호……
S1S:m03mes:13	m03mes.bin	13	0x07FB	dup=S1S:m01mes:124;gaiji=81B8	いきますわよ‼	갑니다‼
S1S:m03mes:14	m03mes.bin	14	0x07FC	dup=S1S:m01mes:125	今日のわたくしは\nあなたのために！	오늘의　저는\n당신을　위해！
S1S:m03mes:15	m03mes.bin	15	0x07FD	dup=S1S:m01mes:126	この程度では負けませんわ……	이　정도로는　지지　않아요……
S1S:m03mes:16	m03mes.bin	16	0x07FE	dup=S1S:m01mes:127	少尉……\nやはりわたくしのことを……	소위님……\n역시　저를……
S1S:m03mes:17	m03mes.bin	17	0x07FF	dup=S1S:m01mes:128	さっ、少尉の出番ですわよ！	자，　소위님　차례예요！
S1S:m03mes:18	m03mes.bin	18	0x0800	dup=S1S:m01mes:129	わたくしが見ていますわよ！	제가　보고　있어요！
S1S:m03mes:19	m03mes.bin	19	0x0801	dup=S1S:m01mes:130;gaiji=81B8	うわぁぁぁ……‼	우와아아아……‼
S1S:m03mes:20	m03mes.bin	20	0x0802	dup=S1S:m01mes:131	今日の所は\n負けておいてあげますわ！	오늘은\n져　드리도록　하죠！
S1S:m03mes:21	m03mes.bin	21	0x0803	dup=S1S:m01mes:132;gaiji=81B8	隊長には\nわたくしが必要ですのに‼	대장님께는\n제가　필요한데요‼
S1S:m03mes:22	m03mes.bin	22	0x080F	dup=S1S:m01mes:133	敵は私が倒すしかない！	적은　내가　쓰러뜨릴　수밖에！
S1S:m03mes:23	m03mes.bin	23	0x0810	dup=S1S:m01mes:134;gaiji=81AC	次の目標はどこ⁉	다음　목표는　어디⁉
S1S:m03mes:24	m03mes.bin	24	0x0811	dup=S1S:m01mes:135	死にたいなら、\n前にでなさい……	죽고　싶다면，\n앞으로　나와……
S1S:m03mes:25	m03mes.bin	25	0x0812	dup=S1S:m01mes:136	作戦指示を\nお願いします！	작전　지시를\n부탁합니다！
S1S:m03mes:26	m03mes.bin	26	0x0813	dup=S1S:m01mes:137;gaiji=81B8	まだよ‼　まだまだ‼	아직이야‼　아직　멀었어‼
S1S:m03mes:27	m03mes.bin	27	0x0814	dup=S1S:m01mes:138;gaiji=81B8	…………………………‼	…………………………‼
S1S:m03mes:28	m03mes.bin	28	0x0815	dup=S1S:m01mes:139	頑張ってください……隊長！	힘내세요……　대장님！
S1S:m03mes:29	m03mes.bin	29	0x0816	dup=S1S:m01mes:140	隊長、生きて帰りましょう！	대장님，　살아서　돌아가요！
S1S:m03mes:30	m03mes.bin	30	0x0817	dup=S1S:m01mes:141	ああぁぁぁ……	아아아아……
S1S:m03mes:31	m03mes.bin	31	0x0818	dup=S1S:m01mes:142;gaiji=81B8	つ、強いわ‼\n撤退‼	강해‼\n후퇴‼
S1S:m03mes:32	m03mes.bin	32	0x0819	dup=S1S:m01mes:143	すみません隊長。\n撤退します！	미안해요，　대장님．\n후퇴하겠습니다！
S1S:m03mes:33	m03mes.bin	33	0x0827	dup=S1S:m01mes:144	アイリスだって、\nがんばるモン！	아이리스도\n힘낼　거야！
S1S:m03mes:34	m03mes.bin	34	0x0828	dup=S1S:m01mes:145	アイリス、いきまーす！	아이리스，　갑니다아！
S1S:m03mes:35	m03mes.bin	35	0x0829	dup=S1S:m01mes:146	アイリス、強いんだよぉ！	아이리스，　강하다구！
S1S:m03mes:36	m03mes.bin	36	0x082A	dup=S1S:m01mes:147;gaiji=81B8	アイリス、\nお兄ちゃんのために、頑張る‼	아이리스，\n오빠를　위해　힘낼게‼
S1S:m03mes:37	m03mes.bin	37	0x082B	dup=S1S:m01mes:148	なんか、\nバチバチいってるよ……	뭔가，\n파직파직　소리가　나……
S1S:m03mes:38	m03mes.bin	38	0x082C	dup=S1S:m01mes:149	お兄ちゃん、だーいすき！	오빠，　정말　좋아해！
S1S:m03mes:39	m03mes.bin	39	0x082D	dup=S1S:m01mes:150	お兄ちゃん！　ファイトッ！	오빠！　힘내！
S1S:m03mes:40	m03mes.bin	40	0x082E	dup=S1S:m01mes:151	アイリスが見てるからね！	아이리스가　보고　있으니까！
S1S:m03mes:41	m03mes.bin	41	0x082F	dup=S1S:m01mes:152	きゃあぁぁぁ……	꺄아아아……
S1S:m03mes:42	m03mes.bin	42	0x0830	dup=S1S:m01mes:153	お星様の……\nバカ……	별님……\n바보……
S1S:m03mes:43	m03mes.bin	43	0x0831	dup=S1S:m01mes:154	お兄ちゃん、ゴメンね……	오빠，　미안해……
S1S:m03mes:44	m03mes.bin	44	0x083D	dup=S1S:m01mes:155	ウチも\n頑張らせてもらうで～	나도\n힘낼게데이～
S1S:m03mes:45	m03mes.bin	45	0x083E	dup=S1S:m01mes:156	科学をなめたら、\nあかんでぇ～	과학을　얕보면，\n안　된데이～
S1S:m03mes:46	m03mes.bin	46	0x083F	dup=S1S:m01mes:157;gaiji=81B8	ほんなら、いくでー‼	그럼，　간다‼
S1S:m03mes:47	m03mes.bin	47	0x0840	dup=S1S:m01mes:158	ウチを見ててやー！	나를　봐　줘～！
S1S:m03mes:48	m03mes.bin	48	0x0841	dup=S1S:m01mes:159	ダメージ喰らいすぎや！	너무　많이　맞았데이！
S1S:m03mes:49	m03mes.bin	49	0x0842	dup=S1S:m01mes:160	ウチ感動や～！	나　감동했데이～！
S1S:m03mes:50	m03mes.bin	50	0x0843	dup=S1S:m01mes:161	ウチが応援してるでぇ～！	내가　응원하고　있데이～！
S1S:m03mes:51	m03mes.bin	51	0x0844	dup=S1S:m01mes:162	がんばってや！　大神はん！	힘내래이！　오오가미　씨！
S1S:m03mes:52	m03mes.bin	52	0x0845	dup=S1S:m01mes:163	うわあぁぁぁぁ……	으아아아아……
S1S:m03mes:53	m03mes.bin	53	0x0846	dup=S1S:m01mes:164	あちゃー……\nいかれた……	아차……\n망가졌어……
S1S:m03mes:54	m03mes.bin	54	0x0847	dup=S1S:m01mes:165	隊長はん、\n迷惑かけてすんまへん……	대장님，\n폐를　끼쳐서　미안하데이……
S1S:m03mes:55	m03mes.bin	55	0x0854	dup=S1S:m01mes:166;gaiji=81B8	よっしゃ！\nやってやるか‼	좋아！\n해　볼까‼
S1S:m03mes:56	m03mes.bin	56	0x0855	dup=S1S:m01mes:167	気合いを入れるぜ！\nチェストォォ！	기합을　넣자！\n체스토오오！
S1S:m03mes:57	m03mes.bin	57	0x0856	dup=S1S:m01mes:168	桐島流の奥義、見せてやるぜ！	키리시마류의　비기，　보여　주마！
S1S:m03mes:58	m03mes.bin	58	0x0857	dup=S1S:m01mes:169;gaiji=81B8	さぁ‼\n行こうぜ、隊長‼	자아‼\n가자，　대장‼
S1S:m03mes:59	m03mes.bin	59	0x0858	dup=S1S:m01mes:170;gaiji=81B8	だいじょうぶ！\nまだ平気だぜ‼	괜찮아！\n아직　문제없어‼
S1S:m03mes:60	m03mes.bin	60	0x0859	dup=S1S:m01mes:171	さんきゅ！　助かったぜ！	고마워！　살았다！
S1S:m03mes:61	m03mes.bin	61	0x085A	dup=S1S:m01mes:172	いこうぜ！　隊長！	가자！　대장！
S1S:m03mes:62	m03mes.bin	62	0x085B	dup=S1S:m01mes:173	隊長の力を見せてやれ！	대장의　힘을　보여　줘！
S1S:m03mes:63	m03mes.bin	63	0x085C	dup=S1S:m01mes:174	うあああぁぁぁぁ……	으아아아아……
S1S:m03mes:64	m03mes.bin	64	0x085D	dup=S1S:m01mes:175	くっ、\nまだまだ修行がたりない……	큭，\n아직　수련이　부족해……
S1S:m03mes:65	m03mes.bin	65	0x085E	dup=S1S:m01mes:176	隊長のために、\n戦わなくちゃ……	대장을　위해\n싸워야　해……
S1S:m03mes:66	m03mes.bin	66	0x096E	dup=S1A:0804tbl:180	よっしゃあ！	좋았어！
S1S:m03mes:67	m03mes.bin	67	0x0D0A	dup=S1S:m01mes:178	やったわ！	해냈어！
S1S:m03mes:68	m03mes.bin	68	0x0D0B	dup=S1S:m01mes:179	やりましたわ！	해냈어요！
S1S:m03mes:69	m03mes.bin	69	0x0D0C	dup=S1S:m01mes:180	ふっ！	후！
S1S:m03mes:70	m03mes.bin	70	0x0D0D	dup=S1S:m01mes:181	やったでー！	해냈데이！
S1S:m03mes:71	m03mes.bin	71	0x0D0E	dup=S1S:m01mes:182;gaiji=81B8	わーい　わーい‼	와아　와아‼
S1S:m03mes:72	m03mes.bin	72	0x0BD6	gaiji=81B8	そこまでだ黒之巣会‼	거기까지다　흑지소회‼
S1S:m03mes:73	m03mes.bin	73	0x0BD7	gaiji=81B8	帝国華撃団！　参上‼	제국화격단！　등장‼
S1S:m03mes:74	m03mes.bin	74	0x0BD8		フンッ！\n現れおったな、帝都の犬どもめ！	흥！\n나타났구나，　제도의　개들아！
S1S:m03mes:75	m03mes.bin	75	0x0BD9		フハハハハ……！\nだが遅かったようだな。	후하하하하……！\n하지만　늦은　모양이군．
S1S:m03mes:76	m03mes.bin	76	0x0BDA		六破星降魔陣　第二の封印は\nこの蒼き刹那が\nすでに解き放ったわ！	육파성　강마진　제２　봉인은\n이　푸른　찰나가\n이미　풀어　버렸다！
S1S:m03mes:77	m03mes.bin	77	0x0D11	dup=S1S:m02mes:74	オンキリキリバサラウンバッタ\nオンキリキリバサラウンバッタ\nオンキリキリバサラ…………	온키리키리바사라운밧타\n온키리키리바사라운밧타\n온키리키리바사라……
S1S:m03mes:78	m03mes.bin	78	0x4E16	dup=S1S:m01mes:81	みんな、俺が守らなくても\nだいじょうぶだな。	모두，　내가　지키지　않아도\n괜찮겠군．
S1S:m03mes:79	m03mes.bin	79	0x4E17	dup=S1S:m01mes:82	さくらくん……\n俺は必ず、きみを守る！	사쿠라　군……\n나는　반드시，　그대를　지키겠어！
S1S:m03mes:80	m03mes.bin	80	0x4E18	dup=S1S:m01mes:83	すみれくん……\n俺がいつでも守ってやるよ。	스미레　군……\n내가　언제든　지켜　주지．
S1S:m03mes:81	m03mes.bin	81	0x4E19	dup=S1S:m01mes:84	マリア……\nきみの背中を守らせてくれ。	마리아……\n네　뒤를　지키게　해　줘．
S1S:m03mes:82	m03mes.bin	82	0x4E1A	dup=S1S:m01mes:85	いつでも、アイリスのことを\n守ってあげるよ。	언제든　아이리스를\n지켜　줄게．
S1S:m03mes:83	m03mes.bin	83	0x4E1B	dup=S1S:m01mes:86	紅蘭は俺が守る！\nだから、心配するな！	코란은　내가　지킨다！\n그러니　걱정　마！
S1S:m03mes:84	m03mes.bin	84	0x4E1C	dup=S1S:m01mes:87	カンナ！\n防御なら俺にまかせろ！	칸나！\n방어라면　나한테　맡겨！
S1S:m03mes:85	m03mes.bin	85	0x7530	dup=S1A:0900tbl:767	フフフ……	후후후……
S1S:m03mes:86	m03mes.bin	86	0x7532		我が下僕どもよ、\n奴等を生かして帰すな！	나의　하인들아，\n저들을　살려　보내지　마라！
S1S:m03mes:87	m03mes.bin	87	0x7535		ところどころ置かれている\nドラム缶はただの障害物よ。\n攻撃で排除しながら進んで。	곳곳에　놓인\n드럼통은　그저　장애물이야．\n공격으로　치우며　나아가．
S1S:m03mes:88	m03mes.bin	88	0x7534		カンナは接近戦が得意よ。\n大神くんやさくらと\n同じ使い方をすべきね。	칸나는　근접전이　특기야．\n오오가미　군이나　사쿠라와\n같은　방식으로　써야겠지．
S1S:m03mes:89	m03mes.bin	89	0x7533		ここでは敵の幹部を\n倒すことが目的よ。\n他は無視してもいいわ。	여기서는　적　간부를\n쓰러뜨리는　것이　목적이야．\n나머지는　무시해도　돼．
S1S:m03mes:90	m03mes.bin	90	0x7536		よっしゃ！\nあたいの初出撃だ！\n気合い入れていくぜ！	좋아！\n내　첫　출격이다！\n기합　넣고　가자！
S1S:m03mes:91	m03mes.bin	91	0x7537		よし！　まず一機だ！\n隊長、あんたいい指揮\nしてるじゃねぇか！	좋아！　우선　한　대다！\n대장，　자네　지휘\n제법　괜찮은데！
S1S:m03mes:92	m03mes.bin	92	0x7538		追い詰めたぞ、刹那とやら！	몰아붙였다，　찰나라는　놈！
S1S:m03mes:93	m03mes.bin	93	0x7539		アハハハ……\nそれで追いつめたつもりか！	아하하하……\n그게　몰아붙인　거라고　생각하나！
S1S:m03mes:94	m03mes.bin	94	0x753A	gaiji=81B8	大神さん！\n逃げ遅れた男の子が‼	오오가미　씨！\n도망치지　못한　남자아이가‼
S1S:m03mes:95	m03mes.bin	95	0x753B		ヤバイで大神はん！	위험하데이，　오오가미　씨！
S1S:m03mes:96	m03mes.bin	96	0x753C		どうする？　隊長！	어떻게　할래？　대장！
S1S:m03mes:97	m03mes.bin	97	0x753D	gaiji=81B8	やめろぉぉ‼	그만둬어어‼
S1S:m03mes:98	m03mes.bin	98	0x753E	gaiji=81B8	もらった‼	해치웠다‼
S1S:m03mes:99	m03mes.bin	99	0x753F	gaiji=81B8	ぐああぁぁぁぁ……‼	으아아아아……‼
S1S:m03mes:100	m03mes.bin	100	0x7540	gaiji=81B8	敵を倒すのが先だ！\n攻撃を続行しろ‼	적을　쓰러뜨리는　게　먼저다！\n공격을　계속해‼
S1S:m03mes:101	m03mes.bin	101	0x7541	gaiji=81B8	あぶないっ‼	위험해‼
S1S:m03mes:102	m03mes.bin	102	0x7542	gaiji=81AC	くそっ！　どうする⁉	젠장！　어떻게　하지⁉
S1S:m03mes:103	m03mes.bin	103	0x7543		戦場で他に気を取られるとは\nなんと愚かな！	전장에서　다른　데　정신을　팔다니\n정말　어리석구나！
S1S:m03mes:104	m03mes.bin	104	0xBDC1		つきあってはおれん！	더는　상대　못　하겠다！
S1S:m03mes:105	m03mes.bin	105	0x7544		子供を助ける	아이를　구한다
S1S:m03mes:106	m03mes.bin	106	0x7594		隊長！\nあたいはどう戦えばいいんだい？	대장！\n난　어떻게　싸워야　하지？
S1S:m03mes:107	m03mes.bin	107	0x7595		後方から攻撃\n前線で切り込め\nとにかくメシを食え	후방에서　공격\n전선으로　파고들기\n일단　밥부터　먹기
S1S:m03mes:108	m03mes.bin	108	0x7596		隊長！\n本気で言ってんのか？	대장！\n진심으로　하는　말이야？
S1S:m03mes:109	m03mes.bin	109	0x7597		新しい仲間が加わったら、\nそいつの能力くらい\nちゃんと調べときなよ。	새　동료가　합류하면，\n그　녀석　능력　정도는\n제대로　확인해　둬．
S1S:m03mes:110	m03mes.bin	110	0x7598		まぁ、いいか……	뭐，　됐나……
S1S:m03mes:111	m03mes.bin	111	0x7599		あたいの特技は、空手だぜ。\nだから、接近戦が得意なんだ。\n最前線で使ってくれよ！	내　특기는　공수도야．\n그래서　근접전이　특기지．\n최전선에서　써　줘！
S1S:m03mes:112	m03mes.bin	112	0x759A		おっ、さすが隊長だね！\n仲間のことが、ちゃんと\nわかってるじゃないか！	오，　역시　대장이네！\n동료에　대해\n제대로　알고　있잖아！
S1S:m03mes:113	m03mes.bin	113	0x759B	dup=S1S:m03mes:111	あたいの特技は、空手だぜ。\nだから、接近戦が得意なんだ。\n最前線で使ってくれよ！	내　특기는　공수도야．\n그래서　근접전이　특기지．\n최전선에서　써　줘！
S1S:m03mes:114	m03mes.bin	114	0x759C		あたいの得意な琉球空手で、\n敵をたたきのめしてやるぜ！	내　특기인　류큐　공수도로\n적을　두들겨　패　주지！
S1S:m03mes:115	m03mes.bin	115	0x759D	dup=S1A:0400tbl:482;gaiji=81B8	…………‼	……．．！！
S1S:m03mes:116	m03mes.bin	116	0x759E	dup=S1A:0400tbl:482;gaiji=81B8	…………‼	……．．！！
S1S:m03mes:117	m03mes.bin	117	0x759F		もう……いい！\n聞いたあたいが、バカだったよ！	이제……　됐어！\n들은　내가　바보였지！
S1S:m03mes:118	m03mes.bin	118	0x75A0		なんだ……わかんないのかよ？	뭐야……　모르겠어？
S1S:m03mes:119	m03mes.bin	119	0x75A1		しょうがねぇな……\n今回だけは教えてやるよ。	어쩔　수　없네……\n이번만은　알려　줄게．
S1S:m03mes:120	m03mes.bin	120	0x75A3		大神くん、\nあの機体は、黒之巣会幹部\n刹那のものよ。	오오가미　군，\n저　기체는　흑지소회　간부\n찰나의　것이야．
S1S:m03mes:121	m03mes.bin	121	0x75A4		やつを倒せば\nこの騒ぎは収まるわ。\nすぐに向かって！	놈을　쓰러뜨리면\n이　소동은　가라앉을　거야．\n서둘러　가！
S1S:m03mes:122	m03mes.bin	122	0x75A5	dup=S1A:0806tbl:71;gaiji=81B8	了解‼	알겠습니다‼
S1S:m03mes:123	m03mes.bin	123	0x003C	dup=S1S:m01mes:111	あたしが、頑張んなきゃ！	내가　힘내야　해！
S1S:m04mes:0	m04mes.bin	0	0x07E3	dup=S1S:m01mes:111	あたしが、頑張んなきゃ！	내가　힘내야　해！
S1S:m04mes:1	m04mes.bin	1	0x07E4	dup=S1S:m01mes:112	行きます！	갑니다！
S1S:m04mes:2	m04mes.bin	2	0x07E5	dup=S1S:m01mes:113;gaiji=81B8	まかせてください‼	맡겨　주세요‼
S1S:m04mes:3	m04mes.bin	3	0x07E6	dup=S1S:m01mes:114	見ていてくださいね、\n大神さん。	지켜봐　주세요，\n오오가미　씨．
S1S:m04mes:4	m04mes.bin	4	0x07E7	dup=S1S:m01mes:115	まだ、まだ大丈夫……	아직，　아직　괜찮아……
S1S:m04mes:5	m04mes.bin	5	0x07E8	dup=S1A:0801tbl:1020	ありがとうございます！	감사합니다！
S1S:m04mes:6	m04mes.bin	6	0x07E9	dup=S1S:m01mes:117	がんばって！　大神さん！	힘내요！　오오가미　씨！
S1S:m04mes:7	m04mes.bin	7	0x07EA	dup=S1S:m01mes:118	大神さんが頼りです！	오오가미　씨만　믿을게요！
S1S:m04mes:8	m04mes.bin	8	0x07EB	dup=S1S:m01mes:119	きゃぁぁぁ……	꺄아아아……
S1S:m04mes:9	m04mes.bin	9	0x07EC	dup=S1S:m01mes:120	つっ、\n次は負けないわ！	다，\n다음엔　지지　않을　거야！
S1S:m04mes:10	m04mes.bin	10	0x07ED	dup=S1S:m01mes:121	大神さん……\n本当にごめんなさい……	오오가미　씨……\n정말　미안해요……
S1S:m04mes:11	m04mes.bin	11	0x07F9	dup=S1S:m01mes:122	わたくしの出番ですわね。	제　차례군요．
S1S:m04mes:12	m04mes.bin	12	0x07FA	dup=S1S:m01mes:123	オホホホホホ……	오호호호호호……
S1S:m04mes:13	m04mes.bin	13	0x07FB	dup=S1S:m01mes:124;gaiji=81B8	いきますわよ‼	갑니다‼
S1S:m04mes:14	m04mes.bin	14	0x07FC	dup=S1S:m01mes:125	今日のわたくしは\nあなたのために！	오늘의　저는\n당신을　위해！
S1S:m04mes:15	m04mes.bin	15	0x07FD	dup=S1S:m01mes:126	この程度では負けませんわ……	이　정도로는　지지　않아요……
S1S:m04mes:16	m04mes.bin	16	0x07FE	dup=S1S:m01mes:127	少尉……\nやはりわたくしのことを……	소위님……\n역시　저를……
S1S:m04mes:17	m04mes.bin	17	0x07FF	dup=S1S:m01mes:128	さっ、少尉の出番ですわよ！	자，　소위님　차례예요！
S1S:m04mes:18	m04mes.bin	18	0x0800	dup=S1S:m01mes:129	わたくしが見ていますわよ！	제가　보고　있어요！
S1S:m04mes:19	m04mes.bin	19	0x0801	dup=S1S:m01mes:130;gaiji=81B8	うわぁぁぁ……‼	우와아아아……‼
S1S:m04mes:20	m04mes.bin	20	0x0802	dup=S1S:m01mes:131	今日の所は\n負けておいてあげますわ！	오늘은\n져　드리도록　하죠！
S1S:m04mes:21	m04mes.bin	21	0x0803	dup=S1S:m01mes:132;gaiji=81B8	隊長には\nわたくしが必要ですのに‼	대장님께는\n제가　필요한데요‼
S1S:m04mes:22	m04mes.bin	22	0x080F	dup=S1S:m01mes:133	敵は私が倒すしかない！	적은　내가　쓰러뜨릴　수밖에！
S1S:m04mes:23	m04mes.bin	23	0x0810	dup=S1S:m01mes:134;gaiji=81AC	次の目標はどこ⁉	다음　목표는　어디⁉
S1S:m04mes:24	m04mes.bin	24	0x0811	dup=S1S:m01mes:135	死にたいなら、\n前にでなさい……	죽고　싶다면，\n앞으로　나와……
S1S:m04mes:25	m04mes.bin	25	0x0812	dup=S1S:m01mes:136	作戦指示を\nお願いします！	작전　지시를\n부탁합니다！
S1S:m04mes:26	m04mes.bin	26	0x0813	dup=S1S:m01mes:137;gaiji=81B8	まだよ‼　まだまだ‼	아직이야‼　아직　멀었어‼
S1S:m04mes:27	m04mes.bin	27	0x0814	dup=S1S:m01mes:138;gaiji=81B8	…………………………‼	…………………………‼
S1S:m04mes:28	m04mes.bin	28	0x0815	dup=S1S:m01mes:139	頑張ってください……隊長！	힘내세요……　대장님！
S1S:m04mes:29	m04mes.bin	29	0x0816	dup=S1S:m01mes:140	隊長、生きて帰りましょう！	대장님，　살아서　돌아가요！
S1S:m04mes:30	m04mes.bin	30	0x0817	dup=S1S:m01mes:141	ああぁぁぁ……	아아아아……
S1S:m04mes:31	m04mes.bin	31	0x0818	dup=S1S:m01mes:142;gaiji=81B8	つ、強いわ‼\n撤退‼	강해‼\n후퇴‼
S1S:m04mes:32	m04mes.bin	32	0x0819	dup=S1S:m01mes:143	すみません隊長。\n撤退します！	미안해요，　대장님．\n후퇴하겠습니다！
S1S:m04mes:33	m04mes.bin	33	0x0827	dup=S1S:m01mes:144	アイリスだって、\nがんばるモン！	아이리스도\n힘낼　거야！
S1S:m04mes:34	m04mes.bin	34	0x0828	dup=S1S:m01mes:145	アイリス、いきまーす！	아이리스，　갑니다아！
S1S:m04mes:35	m04mes.bin	35	0x0829	dup=S1S:m01mes:146	アイリス、強いんだよぉ！	아이리스，　강하다구！
S1S:m04mes:36	m04mes.bin	36	0x082A	dup=S1S:m01mes:147;gaiji=81B8	アイリス、\nお兄ちゃんのために、頑張る‼	아이리스，\n오빠를　위해　힘낼게‼
S1S:m04mes:37	m04mes.bin	37	0x082B	dup=S1S:m01mes:148	なんか、\nバチバチいってるよ……	뭔가，\n파직파직　소리가　나……
S1S:m04mes:38	m04mes.bin	38	0x082C	dup=S1S:m01mes:149	お兄ちゃん、だーいすき！	오빠，　정말　좋아해！
S1S:m04mes:39	m04mes.bin	39	0x082D	dup=S1S:m01mes:150	お兄ちゃん！　ファイトッ！	오빠！　힘내！
S1S:m04mes:40	m04mes.bin	40	0x082E	dup=S1S:m01mes:151	アイリスが見てるからね！	아이리스가　보고　있으니까！
S1S:m04mes:41	m04mes.bin	41	0x082F	dup=S1S:m01mes:152	きゃあぁぁぁ……	꺄아아아……
S1S:m04mes:42	m04mes.bin	42	0x0830	dup=S1S:m01mes:153	お星様の……\nバカ……	별님……\n바보……
S1S:m04mes:43	m04mes.bin	43	0x0831	dup=S1S:m01mes:154	お兄ちゃん、ゴメンね……	오빠，　미안해……
S1S:m04mes:44	m04mes.bin	44	0x083D	dup=S1S:m01mes:155	ウチも\n頑張らせてもらうで～	나도\n힘낼게데이～
S1S:m04mes:45	m04mes.bin	45	0x083E	dup=S1S:m01mes:156	科学をなめたら、\nあかんでぇ～	과학을　얕보면，\n안　된데이～
S1S:m04mes:46	m04mes.bin	46	0x083F	dup=S1S:m01mes:157;gaiji=81B8	ほんなら、いくでー‼	그럼，　간다‼
S1S:m04mes:47	m04mes.bin	47	0x0840	dup=S1S:m01mes:158	ウチを見ててやー！	나를　봐　줘～！
S1S:m04mes:48	m04mes.bin	48	0x0841	dup=S1S:m01mes:159	ダメージ喰らいすぎや！	너무　많이　맞았데이！
S1S:m04mes:49	m04mes.bin	49	0x0842	dup=S1S:m01mes:160	ウチ感動や～！	나　감동했데이～！
S1S:m04mes:50	m04mes.bin	50	0x0843	dup=S1S:m01mes:161	ウチが応援してるでぇ～！	내가　응원하고　있데이～！
S1S:m04mes:51	m04mes.bin	51	0x0844	dup=S1S:m01mes:162	がんばってや！　大神はん！	힘내래이！　오오가미　씨！
S1S:m04mes:52	m04mes.bin	52	0x0845	dup=S1S:m01mes:163	うわあぁぁぁぁ……	으아아아아……
S1S:m04mes:53	m04mes.bin	53	0x0846	dup=S1S:m01mes:164	あちゃー……\nいかれた……	아차……\n망가졌어……
S1S:m04mes:54	m04mes.bin	54	0x0847	dup=S1S:m01mes:165	隊長はん、\n迷惑かけてすんまへん……	대장님，\n폐를　끼쳐서　미안하데이……
S1S:m04mes:55	m04mes.bin	55	0x0854	dup=S1S:m01mes:166;gaiji=81B8	よっしゃ！\nやってやるか‼	좋아！\n해　볼까‼
S1S:m04mes:56	m04mes.bin	56	0x0855	dup=S1S:m01mes:167	気合いを入れるぜ！\nチェストォォ！	기합을　넣자！\n체스토오오！
S1S:m04mes:57	m04mes.bin	57	0x0856	dup=S1S:m01mes:168	桐島流の奥義、見せてやるぜ！	키리시마류의　비기，　보여　주마！
S1S:m04mes:58	m04mes.bin	58	0x0857	dup=S1S:m01mes:169;gaiji=81B8	さぁ‼\n行こうぜ、隊長‼	자아‼\n가자，　대장‼
S1S:m04mes:59	m04mes.bin	59	0x0858	dup=S1S:m01mes:170;gaiji=81B8	だいじょうぶ！\nまだ平気だぜ‼	괜찮아！\n아직　문제없어‼
S1S:m04mes:60	m04mes.bin	60	0x0859	dup=S1S:m01mes:171	さんきゅ！　助かったぜ！	고마워！　살았다！
S1S:m04mes:61	m04mes.bin	61	0x085A	dup=S1S:m01mes:172	いこうぜ！　隊長！	가자！　대장！
S1S:m04mes:62	m04mes.bin	62	0x085B	dup=S1S:m01mes:173	隊長の力を見せてやれ！	대장의　힘을　보여　줘！
S1S:m04mes:63	m04mes.bin	63	0x085C	dup=S1S:m01mes:174	うあああぁぁぁぁ……	으아아아아……
S1S:m04mes:64	m04mes.bin	64	0x085D	dup=S1S:m01mes:175	くっ、\nまだまだ修行がたりない……	큭，\n아직　수련이　부족해……
S1S:m04mes:65	m04mes.bin	65	0x085E	dup=S1S:m01mes:176	隊長のために、\n戦わなくちゃ……	대장을　위해\n싸워야　해……
S1S:m04mes:66	m04mes.bin	66	0x096E	dup=S1A:0804tbl:180	よっしゃあ！	좋았어！
S1S:m04mes:67	m04mes.bin	67	0x0D0A	dup=S1S:m01mes:178	やったわ！	해냈어！
S1S:m04mes:68	m04mes.bin	68	0x0D0B	dup=S1S:m01mes:179	やりましたわ！	해냈어요！
S1S:m04mes:69	m04mes.bin	69	0x0D0C	dup=S1S:m01mes:180	ふっ！	후！
S1S:m04mes:70	m04mes.bin	70	0x0D0D	dup=S1S:m01mes:181	やったでー！	해냈데이！
S1S:m04mes:71	m04mes.bin	71	0x0D0E	dup=S1S:m01mes:182;gaiji=81B8	わーい　わーい‼	와아　와아‼
S1S:m04mes:72	m04mes.bin	72	0x0D09	dup=S1S:m03mes:73;gaiji=81B8	帝国華撃団！　参上‼	제국화격단！　등장‼
S1S:m04mes:73	m04mes.bin	73	0x4E16	dup=S1S:m01mes:81	みんな、俺が守らなくても\nだいじょうぶだな。	모두，　내가　지키지　않아도\n괜찮겠군．
S1S:m04mes:74	m04mes.bin	74	0x4E17	dup=S1S:m01mes:82	さくらくん……\n俺は必ず、きみを守る！	사쿠라　군……\n나는　반드시，　그대를　지키겠어！
S1S:m04mes:75	m04mes.bin	75	0x4E18	dup=S1S:m01mes:83	すみれくん……\n俺がいつでも守ってやるよ。	스미레　군……\n내가　언제든　지켜　주지．
S1S:m04mes:76	m04mes.bin	76	0x4E19	dup=S1S:m01mes:84	マリア……\nきみの背中を守らせてくれ。	마리아……\n네　뒤를　지키게　해　줘．
S1S:m04mes:77	m04mes.bin	77	0x4E1A	dup=S1S:m01mes:85	いつでも、アイリスのことを\n守ってあげるよ。	언제든　아이리스를\n지켜　줄게．
S1S:m04mes:78	m04mes.bin	78	0x4E1B	dup=S1S:m01mes:86	紅蘭は俺が守る！\nだから、心配するな！	코란은　내가　지킨다！\n그러니　걱정　마！
S1S:m04mes:79	m04mes.bin	79	0x4E1C	dup=S1S:m01mes:87	カンナ！\n防御なら俺にまかせろ！	칸나！\n방어라면　나한테　맡겨！
S1S:m04mes:80	m04mes.bin	80	0x9C40		黒之巣会！　どこに逃げた！	흑지소회！　어디로　도망쳤지！
S1S:m04mes:81	m04mes.bin	81	0x9C41		刹那！　出てこい！	찰나！　나와라！
S1S:m04mes:82	m04mes.bin	82	0x9C42		ククククク！\nよほど自分の過去を知られるのが\n恐いとみえるな！	크크크크크！　아무래도　자신의\n과거가　알려지는　게　몹시　두려운\n모양이군！
S1S:m04mes:83	m04mes.bin	83	0x9C43	gaiji=81B8	し、しまった……‼	아，　안　돼……‼
S1S:m04mes:84	m04mes.bin	84	0x9C44		大神さん、あれ見て！	오오가미　씨，　저것　좀　봐！
S1S:m04mes:85	m04mes.bin	85	0x9C45	gaiji=81B8	マリア‼	마리아‼
S1S:m04mes:86	m04mes.bin	86	0x9C46		急げ！\n一刻も早くマリアを救出するぞ！	서둘러！\n최대한　빨리　마리아를　구출하자！
S1S:m04mes:87	m04mes.bin	87	0x9C47	dup=S1A:0102tbl:383	了解！	알겠습니다！
S1S:m04mes:88	m04mes.bin	88	0x9C48		集団の敵は、紅蘭の攻撃か、\nすみれの必殺技を使うのが\n有効だわ。	집단　적에게는　코란의　공격이나，\n스미레의　필살기를　쓰는　게\n효과적이야．
S1S:m04mes:89	m04mes.bin	89	0x9C49		障害物は、普通に攻撃すれば\n壊せるけど、時間がかかるわ。\n避けた方が無難よ。	장애물은　보통　공격하면\n부술　수　있지만，　시간이　걸려．\n피하는　편이　안전해．
S1S:m04mes:90	m04mes.bin	90	0x9C4A		敵の攻撃範囲と、移動範囲を\nしっかり把握しておくことが、\n戦いの基本よ。	적의　공격　범위와　이동　범위를\n확실히　파악하는　것이\n전투의　기본이야．
S1S:m04mes:91	m04mes.bin	91	0x9C4B		何？\nマリアがいないぞ！	뭐？\n마리아가　없어！
S1S:m04mes:92	m04mes.bin	92	0x9C4C		大神さん、\nマリアさんいませんよ！	오오가미　씨，\n마리아　씨가　없어요！
S1S:m04mes:93	m04mes.bin	93	0x9C4D		少尉、マリアさんいないわよ！	소위님，　마리아　씨가　없어요！
S1S:m04mes:94	m04mes.bin	94	0x9C4E		隊長、マリアいねぇぞ！	대장，　마리아가　없어！
S1S:m04mes:95	m04mes.bin	95	0x9C4F		大神はん、マリアはんおらんで。	오오가미　씨，　마리아가　없데이．
S1S:m04mes:96	m04mes.bin	96	0x9C50		なにか、マリアの行き先を知る\n手がかりはないかしら？	뭔가　마리아의　행방을　알　수\n있는　단서가　없을까？
S1S:m04mes:97	m04mes.bin	97	0x9C51	gaiji=81B8	……‼　ロケットが落ちてる！\nマリアのだ！	……‼　로켓이　떨어져　있어！\n마리아　거야！
S1S:m04mes:98	m04mes.bin	98	0x9C52	gaiji=81B8	大神さん！\nロケットが落ちてます！\n……これ、マリアさんの物だわ‼	오오가미　씨！　로켓이　떨어져\n있어요！　……이거，　마리아　씨\n물건이에요‼
S1S:m04mes:99	m04mes.bin	99	0x9C53	gaiji=81AC	少尉！\nロケットが落ちてますわ。\nマリアさんのものでなくて⁉	소위님！\n로켓이　떨어져　있네요．\n마리아　씨　것　아닌가요⁉
S1S:m04mes:100	m04mes.bin	100	0x9C54		隊長！\nロケットが落ちてる！\nこれ、マリアのだ！	대장！\n로켓이　떨어져　있어！\n이거　마리아　거야！
S1S:m04mes:101	m04mes.bin	101	0x9C55	gaiji=81B8	大神はん！\nロケット落ちてるで。\n……マリアはんのや‼	오오가미　씨！\n로켓이　떨어져　있데이．\n……마리아　씨　거여‼
S1S:m04mes:102	m04mes.bin	102	0x9C56		くそっ、\n一足遅かったか……	젠장，\n한발　늦었나……
S1S:m04mes:103	m04mes.bin	103	0x9C57	gaiji=81B8	フハハハハハ……‼	후하하하하하……‼
S1S:m04mes:104	m04mes.bin	104	0x9C58	dup=S1A:0502tbl:45;gaiji=81AC	⁉	！？
S1S:m04mes:105	m04mes.bin	105	0x9C59		女は預かった。\n返してほしくば、大神一郎……\n貴様一人で来るがよい！	여자는　내가　데려갔다．　되찾고\n싶거든，　오오가미　이치로……\n네놈　혼자　오거라！
S1S:m04mes:106	m04mes.bin	106	0x9C5A	gaiji=81B8	その時まで、この女の命は\n預かっておく‼\n	그때까지　이　여자의　목숨은\n내가　맡아　두겠다‼\n
S1S:m04mes:107	m04mes.bin	107	0x9C5B		何て卑怯な……\n黒之巣会、気に入らないね！	얼마나　비겁한　짓이야……\n흑지소회，　마음에　안　들어！
S1S:m04mes:108	m04mes.bin	108	0x9C5C		隊長！　あれをご覧になって！	대장！　저걸　보세요！
S1S:m04mes:109	m04mes.bin	109	0x9C5D		これに乗れ……\nという事でしょうか？	이걸　타라는\n뜻인가요？
S1S:m04mes:110	m04mes.bin	110	0x9C5E		大神さん！　これはワナです。	오오가미　씨！　이건　함정이에요．
S1S:m04mes:111	m04mes.bin	111	0x9C5F		そうだ！\nやられるって、わかってるのに\n行くなんて無茶だぜ！	맞아！\n당할　걸　알면서\n가다니　무모해！
S1S:m04mes:112	m04mes.bin	112	0x9C60		自分の部下も守れなくて\n何が隊長だ！	자기　부하도　지키지　못하면서\n무슨　대장이야！
S1S:m04mes:113	m04mes.bin	113	0x9C61	dup=S1A:0101tbl:99	大神さん……	오오가미　씨……
S1S:m04mes:114	m04mes.bin	114	0x9C62		いいか……\nもしマリアだけでも\n戻って来られたなら……	좋아……\n만약　마리아만이라도\n돌아온다면……
S1S:m04mes:115	m04mes.bin	115	0x9C63		彼女を隊長として\n花組を再編しろ！	그녀를　대장으로　삼아\n화조를　재편해라！
S1S:m04mes:116	m04mes.bin	116	0x9C64		大神はん！\nなに、ゆうとるんや？	오오가미　씨！\n무슨　소리　하는　기가？
S1S:m04mes:117	m04mes.bin	117	0x9C65	gaiji=81B8	必ず、マリアを\n救出してくるからな！\n……あとは頼んだぞ‼	반드시　마리아를\n구출해　올　테니까！\n……뒤를　부탁한다‼
S1S:m04mes:118	m04mes.bin	118	0x9C66		隊長ォォォっ！	대장님！
S1S:m04mes:119	m04mes.bin	119	0x9C68		マリア機は動けないようね。\nとなりに行って、\n助け出してあげて。	마리아　기체는　움직일　수　없는\n모양이네．　옆으로　가서　구해\n줘．
S1S:m04mes:120	m04mes.bin	120	0x9C69	gaiji=81B8	ははは！\nまんまとかかったな‼	하하하！\n보기　좋게　걸려들었군‼
S1S:m04mes:121	m04mes.bin	121	0x003C	dup=S1S:m01mes:111	あたしが、頑張んなきゃ！	내가　힘내야　해！
S1S:m05mes:0	m05mes.bin	0	0x07E3	dup=S1S:m01mes:111	あたしが、頑張んなきゃ！	내가　힘내야　해！
S1S:m05mes:1	m05mes.bin	1	0x07E4	dup=S1S:m01mes:112	行きます！	갑니다！
S1S:m05mes:2	m05mes.bin	2	0x07E5	dup=S1S:m01mes:113;gaiji=81B8	まかせてください‼	맡겨　주세요‼
S1S:m05mes:3	m05mes.bin	3	0x07E6	dup=S1S:m01mes:114	見ていてくださいね、\n大神さん。	지켜봐　주세요，\n오오가미　씨．
S1S:m05mes:4	m05mes.bin	4	0x07E7	dup=S1S:m01mes:115	まだ、まだ大丈夫……	아직，　아직　괜찮아……
S1S:m05mes:5	m05mes.bin	5	0x07E8	dup=S1A:0801tbl:1020	ありがとうございます！	감사합니다！
S1S:m05mes:6	m05mes.bin	6	0x07E9	dup=S1S:m01mes:117	がんばって！　大神さん！	힘내요！　오오가미　씨！
S1S:m05mes:7	m05mes.bin	7	0x07EA	dup=S1S:m01mes:118	大神さんが頼りです！	오오가미　씨만　믿을게요！
S1S:m05mes:8	m05mes.bin	8	0x07EB	dup=S1S:m01mes:119	きゃぁぁぁ……	꺄아아아……
S1S:m05mes:9	m05mes.bin	9	0x07EC	dup=S1S:m01mes:120	つっ、\n次は負けないわ！	다，\n다음엔　지지　않을　거야！
S1S:m05mes:10	m05mes.bin	10	0x07ED	dup=S1S:m01mes:121	大神さん……\n本当にごめんなさい……	오오가미　씨……\n정말　미안해요……
S1S:m05mes:11	m05mes.bin	11	0x07F9	dup=S1S:m01mes:122	わたくしの出番ですわね。	제　차례군요．
S1S:m05mes:12	m05mes.bin	12	0x07FA	dup=S1S:m01mes:123	オホホホホホ……	오호호호호호……
S1S:m05mes:13	m05mes.bin	13	0x07FB	dup=S1S:m01mes:124;gaiji=81B8	いきますわよ‼	갑니다‼
S1S:m05mes:14	m05mes.bin	14	0x07FC	dup=S1S:m01mes:125	今日のわたくしは\nあなたのために！	오늘의　저는\n당신을　위해！
S1S:m05mes:15	m05mes.bin	15	0x07FD	dup=S1S:m01mes:126	この程度では負けませんわ……	이　정도로는　지지　않아요……
S1S:m05mes:16	m05mes.bin	16	0x07FE	dup=S1S:m01mes:127	少尉……\nやはりわたくしのことを……	소위님……\n역시　저를……
S1S:m05mes:17	m05mes.bin	17	0x07FF	dup=S1S:m01mes:128	さっ、少尉の出番ですわよ！	자，　소위님　차례예요！
S1S:m05mes:18	m05mes.bin	18	0x0800	dup=S1S:m01mes:129	わたくしが見ていますわよ！	제가　보고　있어요！
S1S:m05mes:19	m05mes.bin	19	0x0801	dup=S1S:m01mes:130;gaiji=81B8	うわぁぁぁ……‼	우와아아아……‼
S1S:m05mes:20	m05mes.bin	20	0x0802	dup=S1S:m01mes:131	今日の所は\n負けておいてあげますわ！	오늘은\n져　드리도록　하죠！
S1S:m05mes:21	m05mes.bin	21	0x0803	dup=S1S:m01mes:132;gaiji=81B8	隊長には\nわたくしが必要ですのに‼	대장님께는\n제가　필요한데요‼
S1S:m05mes:22	m05mes.bin	22	0x080F	dup=S1S:m01mes:133	敵は私が倒すしかない！	적은　내가　쓰러뜨릴　수밖에！
S1S:m05mes:23	m05mes.bin	23	0x0810	dup=S1S:m01mes:134;gaiji=81AC	次の目標はどこ⁉	다음　목표는　어디⁉
S1S:m05mes:24	m05mes.bin	24	0x0811	dup=S1S:m01mes:135	死にたいなら、\n前にでなさい……	죽고　싶다면，\n앞으로　나와……
S1S:m05mes:25	m05mes.bin	25	0x0812	dup=S1S:m01mes:136	作戦指示を\nお願いします！	작전　지시를\n부탁합니다！
S1S:m05mes:26	m05mes.bin	26	0x0813	dup=S1S:m01mes:137;gaiji=81B8	まだよ‼　まだまだ‼	아직이야‼　아직　멀었어‼
S1S:m05mes:27	m05mes.bin	27	0x0814		わ、わたしなんかの為に……	저，　저　같은　사람을　위해……
S1S:m05mes:28	m05mes.bin	28	0x0815	dup=S1S:m01mes:139	頑張ってください……隊長！	힘내세요……　대장님！
S1S:m05mes:29	m05mes.bin	29	0x0816	dup=S1S:m01mes:140	隊長、生きて帰りましょう！	대장님，　살아서　돌아가요！
S1S:m05mes:30	m05mes.bin	30	0x0817	dup=S1S:m01mes:141	ああぁぁぁ……	아아아아……
S1S:m05mes:31	m05mes.bin	31	0x0818	dup=S1S:m01mes:142;gaiji=81B8	つ、強いわ‼\n撤退‼	강해‼\n후퇴‼
S1S:m05mes:32	m05mes.bin	32	0x0819	dup=S1S:m01mes:143	すみません隊長。\n撤退します！	미안해요，　대장님．\n후퇴하겠습니다！
S1S:m05mes:33	m05mes.bin	33	0x0827	dup=S1S:m01mes:144	アイリスだって、\nがんばるモン！	아이리스도\n힘낼　거야！
S1S:m05mes:34	m05mes.bin	34	0x0828	dup=S1S:m01mes:145	アイリス、いきまーす！	아이리스，　갑니다아！
S1S:m05mes:35	m05mes.bin	35	0x0829	dup=S1S:m01mes:146	アイリス、強いんだよぉ！	아이리스，　강하다구！
S1S:m05mes:36	m05mes.bin	36	0x082A	dup=S1S:m01mes:147;gaiji=81B8	アイリス、\nお兄ちゃんのために、頑張る‼	아이리스，\n오빠를　위해　힘낼게‼
S1S:m05mes:37	m05mes.bin	37	0x082B	dup=S1S:m01mes:148	なんか、\nバチバチいってるよ……	뭔가，\n파직파직　소리가　나……
S1S:m05mes:38	m05mes.bin	38	0x082C	dup=S1S:m01mes:149	お兄ちゃん、だーいすき！	오빠，　정말　좋아해！
S1S:m05mes:39	m05mes.bin	39	0x082D	dup=S1S:m01mes:150	お兄ちゃん！　ファイトッ！	오빠！　힘내！
S1S:m05mes:40	m05mes.bin	40	0x082E	dup=S1S:m01mes:151	アイリスが見てるからね！	아이리스가　보고　있으니까！
S1S:m05mes:41	m05mes.bin	41	0x082F	dup=S1S:m01mes:152	きゃあぁぁぁ……	꺄아아아……
S1S:m05mes:42	m05mes.bin	42	0x0830	dup=S1S:m01mes:153	お星様の……\nバカ……	별님……\n바보……
S1S:m05mes:43	m05mes.bin	43	0x0831	dup=S1S:m01mes:154	お兄ちゃん、ゴメンね……	오빠，　미안해……
S1S:m05mes:44	m05mes.bin	44	0x083D	dup=S1S:m01mes:155	ウチも\n頑張らせてもらうで～	나도\n힘낼게데이～
S1S:m05mes:45	m05mes.bin	45	0x083E	dup=S1S:m01mes:156	科学をなめたら、\nあかんでぇ～	과학을　얕보면，\n안　된데이～
S1S:m05mes:46	m05mes.bin	46	0x083F	dup=S1S:m01mes:157;gaiji=81B8	ほんなら、いくでー‼	그럼，　간다‼
S1S:m05mes:47	m05mes.bin	47	0x0840	dup=S1S:m01mes:158	ウチを見ててやー！	나를　봐　줘～！
S1S:m05mes:48	m05mes.bin	48	0x0841	dup=S1S:m01mes:159	ダメージ喰らいすぎや！	너무　많이　맞았데이！
S1S:m05mes:49	m05mes.bin	49	0x0842	dup=S1S:m01mes:160	ウチ感動や～！	나　감동했데이～！
S1S:m05mes:50	m05mes.bin	50	0x0843	dup=S1S:m01mes:161	ウチが応援してるでぇ～！	내가　응원하고　있데이～！
S1S:m05mes:51	m05mes.bin	51	0x0844	dup=S1S:m01mes:162	がんばってや！　大神はん！	힘내래이！　오오가미　씨！
S1S:m05mes:52	m05mes.bin	52	0x0845	dup=S1S:m01mes:163	うわあぁぁぁぁ……	으아아아아……
S1S:m05mes:53	m05mes.bin	53	0x0846	dup=S1S:m01mes:164	あちゃー……\nいかれた……	아차……\n망가졌어……
S1S:m05mes:54	m05mes.bin	54	0x0847	dup=S1S:m01mes:165	隊長はん、\n迷惑かけてすんまへん……	대장님，\n폐를　끼쳐서　미안하데이……
S1S:m05mes:55	m05mes.bin	55	0x0854	dup=S1S:m01mes:166;gaiji=81B8	よっしゃ！\nやってやるか‼	좋아！\n해　볼까‼
S1S:m05mes:56	m05mes.bin	56	0x0855	dup=S1S:m01mes:167	気合いを入れるぜ！\nチェストォォ！	기합을　넣자！\n체스토오오！
S1S:m05mes:57	m05mes.bin	57	0x0856	dup=S1S:m01mes:168	桐島流の奥義、見せてやるぜ！	키리시마류의　비기，　보여　주마！
S1S:m05mes:58	m05mes.bin	58	0x0857	dup=S1S:m01mes:169;gaiji=81B8	さぁ‼\n行こうぜ、隊長‼	자아‼\n가자，　대장‼
S1S:m05mes:59	m05mes.bin	59	0x0858	dup=S1S:m01mes:170;gaiji=81B8	だいじょうぶ！\nまだ平気だぜ‼	괜찮아！\n아직　문제없어‼
S1S:m05mes:60	m05mes.bin	60	0x0859	dup=S1S:m01mes:171	さんきゅ！　助かったぜ！	고마워！　살았다！
S1S:m05mes:61	m05mes.bin	61	0x085A	dup=S1S:m01mes:172	いこうぜ！　隊長！	가자！　대장！
S1S:m05mes:62	m05mes.bin	62	0x085B	dup=S1S:m01mes:173	隊長の力を見せてやれ！	대장의　힘을　보여　줘！
S1S:m05mes:63	m05mes.bin	63	0x085C	dup=S1S:m01mes:174	うあああぁぁぁぁ……	으아아아아……
S1S:m05mes:64	m05mes.bin	64	0x085D	dup=S1S:m01mes:175	くっ、\nまだまだ修行がたりない……	큭，\n아직　수련이　부족해……
S1S:m05mes:65	m05mes.bin	65	0x085E	dup=S1S:m01mes:176	隊長のために、\n戦わなくちゃ……	대장을　위해\n싸워야　해……
S1S:m05mes:66	m05mes.bin	66	0x096E	dup=S1A:0804tbl:180	よっしゃあ！	좋았어！
S1S:m05mes:67	m05mes.bin	67	0x0D0A	dup=S1S:m01mes:178	やったわ！	해냈어！
S1S:m05mes:68	m05mes.bin	68	0x0D0B	dup=S1S:m01mes:179	やりましたわ！	해냈어요！
S1S:m05mes:69	m05mes.bin	69	0x0D0C	dup=S1S:m01mes:180	ふっ！	후！
S1S:m05mes:70	m05mes.bin	70	0x0D0D	dup=S1S:m01mes:181	やったでー！	해냈데이！
S1S:m05mes:71	m05mes.bin	71	0x0D0E	dup=S1S:m01mes:182;gaiji=81B8	わーい　わーい‼	와아　와아‼
S1S:m05mes:72	m05mes.bin	72	0x01B7		みんな……いくわよっ！	얘들아……　가자！
S1S:m05mes:73	m05mes.bin	73	0x01B8	dup=S1S:m01mes:1	勝利のポーズ……決めっ！	승리의　포즈……　결정！
S1S:m05mes:74	m05mes.bin	74	0x0BDC	gaiji=81B8	黒之巣会に栄光あれ～～～～‼	흑지소회에　영광　있으라～～～～‼
S1S:m05mes:75	m05mes.bin	75	0x4E16	dup=S1S:m01mes:81	みんな、俺が守らなくても\nだいじょうぶだな。	모두，　내가　지키지　않아도\n괜찮겠군．
S1S:m05mes:76	m05mes.bin	76	0x4E17	dup=S1S:m01mes:82	さくらくん……\n俺は必ず、きみを守る！	사쿠라　군……\n나는　반드시，　그대를　지키겠어！
S1S:m05mes:77	m05mes.bin	77	0x4E18	dup=S1S:m01mes:83	すみれくん……\n俺がいつでも守ってやるよ。	스미레　군……\n내가　언제든　지켜　주지．
S1S:m05mes:78	m05mes.bin	78	0x4E19	dup=S1S:m01mes:84	マリア……\nきみの背中を守らせてくれ。	마리아……\n네　뒤를　지키게　해　줘．
S1S:m05mes:79	m05mes.bin	79	0x4E1A	dup=S1S:m01mes:85	いつでも、アイリスのことを\n守ってあげるよ。	언제든　아이리스를\n지켜　줄게．
S1S:m05mes:80	m05mes.bin	80	0x4E1B	dup=S1S:m01mes:86	紅蘭は俺が守る！\nだから、心配するな！	코란은　내가　지킨다！\n그러니　걱정　마！
S1S:m05mes:81	m05mes.bin	81	0x4E1C	dup=S1S:m01mes:87	カンナ！\n防御なら俺にまかせろ！	칸나！\n방어라면　나한테　맡겨！
S1S:m05mes:82	m05mes.bin	82	0x88B8		マリアはあなたに\n絶大な信頼をよせているわ。	마리아는　당신을\n굉장히　신뢰하고　있어．
S1S:m05mes:83	m05mes.bin	83	0x88B9	gaiji=81B8	そんな……あやめさん……‼	그런……　아야메　씨……‼
S1S:m05mes:84	m05mes.bin	84	0x88BA		そばにいて戦ってあげて。\nきっとマリアも\n心を開いてくれるわ。	곁에　붙어서　싸워　줘．\n분명　마리아도\n마음을　열　거야．
S1S:m05mes:85	m05mes.bin	85	0xC350		敵の動きは素早いわ。\n利用できる物は何でも使用して\n敵の動きを止めることが重要よ！	적의　움직임은　빨라．\n이용할　수　있는　건　뭐든　써서\n적의　움직임을　막는　게　중요해！
S1S:m05mes:86	m05mes.bin	86	0xC351	gaiji=81B8	お前だけは許さない‼	너만은　용서하지　않겠다‼
S1S:m05mes:87	m05mes.bin	87	0xC352		障害物を利用したり、\n機体で壁を作ったりして\n敵を袋小路に追いつめなさい。	장애물을　이용하거나，\n기체로　벽을　만들거나　해서\n적을　궁지로　몰아넣어．
S1S:m05mes:88	m05mes.bin	88	0xC353	gaiji=81B8	私を怒らせた事を……\n地獄で悔やむがいい‼	나를　화나게　한　일을……\n지옥에서　후회하도록　해라‼
S1S:m05mes:89	m05mes.bin	89	0xC35A		私はもう、過去を振り返らない！	난　이제　과거를　돌아보지　않아！
S1S:m05mes:90	m05mes.bin	90	0xC35B	dup=S1A:0109tbl:71	マリア……	마리아……
S1S:m05mes:91	m05mes.bin	91	0xC35C	gaiji=81B8	私を信じてくれた\n人たちのためにも……\n貴様だけはこの手で‼	나를　믿어　준\n사람들을　위해서라도……\n너만은　내　손으로‼
S1S:m05mes:92	m05mes.bin	92	0xC35D	gaiji=81B8	私は負けない！\n私は恐れない！\n私は、帝国華撃団の隊員だ‼	나는　지지　않아！\n나는　두렵지　않아！\n나는　제국화격단의　대원이다‼
S1S:m05mes:93	m05mes.bin	93	0xC35E	gaiji=81B8	帝都の平和を守ること！\nそれが私の……帝撃の使命‼\nだから必ず貴様を倒す‼	제도의　평화를　지키는　것！\n그것이　나의……　제극의　사명‼\n그러니　반드시　널　쓰러뜨린다‼
S1S:m05mes:94	m05mes.bin	94	0xC35F	gaiji=81B8	この敵だけは\n私に倒させてください‼	이　적만은\n제가　쓰러뜨리게　해　주세요‼
S1S:m05mes:95	m05mes.bin	95	0xEA74		くそう！　おまえら、\nよってたかって\n攻撃しおって！	젠장！　너희들，\n떼거지로\n공격하다니！
S1S:m05mes:96	m05mes.bin	96	0xEA7E		この卑怯もの！	이　비겁한　놈！
S1S:m05mes:97	m05mes.bin	97	0x003C	dup=S1S:m01mes:111	あたしが、頑張んなきゃ！	내가　힘내야　해！
S1S:m06mes:0	m06mes.bin	0	0x024A		せ～の……	하나，　둘……
S1S:m06mes:1	m06mes.bin	1	0x024B		勝利のポーズ\n……決めっ！	승리의　포즈\n……　결정！
S1S:m06mes:2	m06mes.bin	2	0x0BBC	dup=S1S:m01mes:10	帝国華撃団、参上！	제국화격단，　등장！
S1S:m06mes:3	m06mes.bin	3	0x0BDD		はっはっはっ……\n燃えろ、燃えろ！	하하하하……\n불타라，　불타！
S1S:m06mes:4	m06mes.bin	4	0x0BDE		うぬう……\nこうなれば、我が奥義で\n貴様らを血の海に沈めてくれる。	으으……\n이렇게　된　이상　내　비기로\n네놈들을　피바다에　처넣어　주마．
S1S:m06mes:5	m06mes.bin	5	0x0BDF		おわぁぁぁぁぁぁぁっ！	으아아아아아아앗！
S1S:m06mes:6	m06mes.bin	6	0x0D12	dup=S1S:m02mes:74	オンキリキリバサラウンバッタ\nオンキリキリバサラウンバッタ\nオンキリキリバサラ…………	온키리키리바사라운밧타\n온키리키리바사라운밧타\n온키리키리바사라……
S1S:m06mes:7	m06mes.bin	7	0x2710	dup=S1S:m02mes:74	オンキリキリバサラウンバッタ\nオンキリキリバサラウンバッタ\nオンキリキリバサラ…………	온키리키리바사라운밧타\n온키리키리바사라운밧타\n온키리키리바사라……
S1S:m06mes:8	m06mes.bin	8	0x2715		えぇぇぇぇい！	에에에에이！
S1S:m06mes:9	m06mes.bin	9	0x271A	gaiji=81B8	な、なにヤツ！\nどこから現れたのだ‼	누，　누구냐！\n어디서　나타난　거냐‼
S1S:m06mes:10	m06mes.bin	10	0x271F		ようやったでアイリス。\n何もせえへんから\nこっち来ぃや。	잘했데이　아이리스．\n아무것도　안　할　테니\n이리　온나．
S1S:m06mes:11	m06mes.bin	11	0x2724		アイリスちゃーん。\nおりこうさんね。\nさあ、こちらへいらっしゃい。	아이리스　짱．\n참　착하구나．\n자，　이리　오렴．
S1S:m06mes:12	m06mes.bin	12	0x2729		よしよし。\nいい子だから、こっちへおいで。	옳지　옳지．\n착한　아이니까，　이리　오렴．
S1S:m06mes:13	m06mes.bin	13	0x272E		つかまえましたわ！\nおとなしくなさい。	잡았어요！\n얌전히　있으세요．
S1S:m06mes:14	m06mes.bin	14	0x2733		もう逃げられへんで！	이제　도망　못　간데이！
S1S:m06mes:15	m06mes.bin	15	0x2738		ほら、いい子にするんだ！	자，　얌전히　있어！
S1S:m06mes:16	m06mes.bin	16	0x273D		みんな……\nみんな……ウソつきだ！	모두……\n모두……　거짓말쟁이야！
S1S:m06mes:17	m06mes.bin	17	0x2742		あ……わたくしの美しい機体が\nな、なんてこと……	아……　내　아름다운　기체가\n이，　이게　무슨　일이……
S1S:m06mes:18	m06mes.bin	18	0x2747	gaiji=81AC	隊長！　どうしますか⁉	대장！　어떻게　할까요⁉
S1S:m06mes:19	m06mes.bin	19	0x274C		アイリスを救出する！\n敵の撃破が優先だ！	아이리스를　구출한다！\n적　격파가　우선이다！
S1S:m06mes:21	m06mes.bin	21	0x2756		いかん……よし！\nみんなは敵を防いでくれ！\n俺がアイリスを止める！	안　돼……　좋아！\n모두　적을　막아　줘！\n내가　아이리스를　막을게！
S1S:m06mes:22	m06mes.bin	22	0x275B		せやかて、ウチらにも\n攻撃してくるんやで！	그래도　우리한테도\n공격해　온다　아이가！
S1S:m06mes:23	m06mes.bin	23	0x2760		危険すぎます！	너무　위험합니다！
S1S:m06mes:24	m06mes.bin	24	0x2765		だが、このままでは\nアイリスも街の人々も\nただではすまない……	하지만　이대로라면\n아이리스도　거리　사람들도\n무사하지　못해……
S1S:m06mes:25	m06mes.bin	25	0x276A		……やるしかない。	……할　수밖에　없어．
S1S:m06mes:26	m06mes.bin	26	0x276F	dup=S1A:0901tbl:46;gaiji=81B8	……‼	……‼
S1S:m06mes:27	m06mes.bin	27	0x2774		大神さん！\nあたしも行きます！	오오가미　씨！\n저도　갑니다！
S1S:m06mes:28	m06mes.bin	28	0x2779		敵を先に片づける！	적을　먼저　처리한다！
S1S:m06mes:29	m06mes.bin	29	0x277E	gaiji=81B8	隊長‼\nアイリスはどないすんのや！	대장‼\n아이리스는　어쩔　기가！
S1S:m06mes:30	m06mes.bin	30	0x2783		あ！　さくら！\n隊長、さくら機が……	아！　사쿠라！\n대장，　사쿠라　기체가……
S1S:m06mes:31	m06mes.bin	31	0x2788		アイリスはあたしが！\nみんなは敵を！	아이리스는　내가！\n모두는　적을！
S1S:m06mes:32	m06mes.bin	32	0x278D	gaiji=81B8	うっうっ……お兄ちゃん、\nやっぱりアイリスのことなんて\nどうでもいいんだ‼	흑흑……　오빠，\n역시　오빠는　아이리스　따위\n아무래도　상관없는　거지‼
S1S:m06mes:33	m06mes.bin	33	0x2792		アイリス！\n待ちなさい！	아이리스！\n기다려！
S1S:m06mes:34	m06mes.bin	34	0x2794		くっ、アイリスと敵、\nどちらを優先すれば\nいいんだ……	젠장，　아이리스와　적　중\n어느　쪽을　우선해야\n하지……
S1S:m06mes:35	m06mes.bin	35	0x2797	gaiji=81B8	さあ、アイリス。\nいくぞ‼	자，　아이리스．\n가자‼
S1S:m06mes:36	m06mes.bin	36	0x279C	gaiji=81B8	うん‼	응‼
S1S:m06mes:37	m06mes.bin	37	0x27A1		アイリス……\n良かった……	아이리스……\n다행이다……
S1S:m06mes:38	m06mes.bin	38	0x27A6		まったくこの子は、\n心配させて……	정말이지　이　아이는，\n걱정하게　만들고……
S1S:m06mes:39	m06mes.bin	39	0x27AB		初陣だ。\nがんばれよ、アイリス！	첫　출전이다．\n힘내라，　아이리스！
S1S:m06mes:40	m06mes.bin	40	0x27B0		よっしゃ！\nこれで花組勢ぞろいや！	좋아！\n이걸로　화조가　모두　모였데이！
S1S:m06mes:41	m06mes.bin	41	0x27B5	gaiji=81B8	改めていくぞっ‼	다시　가자‼
S1S:m06mes:42	m06mes.bin	42	0x27BA	dup=S1S:m01mes:10	帝国華撃団、参上！	제국화격단，　등장！
S1S:m06mes:43	m06mes.bin	43	0x27BF		このスイッチをひねれば\nいいんだよね？\nいっくよー！	이　스위치를　돌리면\n되는　거지？\n간다아！
S1S:m06mes:44	m06mes.bin	44	0x27C4		よし！　門が開いたぞ！\n総員突撃！　	좋아！　문이　열렸다！\n전원　돌격！
S1S:m06mes:45	m06mes.bin	45	0x27C9	gaiji=81B8	待ちなさーい‼	기다려‼
S1S:m06mes:46	m06mes.bin	46	0x27CE	gaiji=81B8	いやぁぁぁぁっ‼	싫어어어어‼
S1S:m06mes:47	m06mes.bin	47	0x27D3		ひえー、なんちゅうパワーや！\nウチの攻撃でもビクともしない\nこの門を……	히에，　이게　무슨　힘이데이！\n우리　공격에도　끄떡없는\n이　문을……
S1S:m06mes:48	m06mes.bin	48	0x27D8		な、なにはともあれ\n門が開いたぞ！\n総員突撃！　	어，　어쨌든\n문이　열렸다！\n전원　돌격！
S1S:m06mes:49	m06mes.bin	49	0x27DD		大神くん！\n今、雷門を開閉させる\n蒸気分配機を作動させるわ！	오오가미　군！\n지금　뇌문을　여닫는\n증기　분배기를　작동시킬게！
S1S:m06mes:50	m06mes.bin	50	0x27E2		少々手荒だけど……いくわよ！	조금　거칠지만……　갑니다！
S1S:m06mes:51	m06mes.bin	51	0x27EC	gaiji=81AC	うわっ、何が起こったんだ⁉	우왓，　무슨　일이　일어난　거야⁉
S1S:m06mes:52	m06mes.bin	52	0x27F1	gaiji=81AC	きゃあっ、何が起こったの⁉	꺄악，　무슨　일이　일어난　거야⁉
S1S:m06mes:53	m06mes.bin	53	0x27F6	gaiji=81AC,81B8	きゃあ‼\n何が起こったんですの⁉	꺄아‼\n무슨　일이　일어난　건가요⁉
S1S:m06mes:54	m06mes.bin	54	0x27FB	dup=S1A:1001tbl:381;gaiji=81AC	何⁉	뭐라고⁉
S1S:m06mes:55	m06mes.bin	55	0x2800	gaiji=81AC,81B8	うわっ‼\n何が起こったんだ⁉	우왓‼\n무슨　일이　일어난　거야⁉
S1S:m06mes:56	m06mes.bin	56	0x2805	gaiji=81AC,81B8	わあっ‼\n何が起こったんや⁉	와앗‼\n무슨　일이　일어난　기고⁉
S1S:m06mes:57	m06mes.bin	57	0x280A	gaiji=81AC,81B8	きゃあぁー‼\n何でこんな所にーっ⁉	꺄아아ー‼\n왜　이런　데에　있는　거야⁉
S1S:m06mes:58	m06mes.bin	58	0x280F		はっはっは！\n我が召喚術で一人ずつ\n冥土に送ってくれるわ！	하하하！\n내　소환술로　한　명씩\n저승으로　보내　주마！
S1S:m06mes:59	m06mes.bin	59	0x2814	gaiji=81B8	貴様らも\n身内を殺される苦しみを知れい‼	너희도\n가족을　잃는　고통을　알아라‼
S1S:m06mes:60	m06mes.bin	60	0x2819		大神くん！\n急いで雷門を開けるのよ！	오오가미　군！\n서둘러　뇌문을　여는　거야！
S1S:m06mes:61	m06mes.bin	61	0x281A		大神くん！\n私も翔鯨丸で援護に向かうわ！\nそれまでもちこたえて！	오오가미　군！\n나도　상경환으로　지원하러　갈게！\n그때까지　버텨！
S1S:m06mes:62	m06mes.bin	62	0x281E	dup=S1A:0901tbl:81	わかりました！	알겠습니다！
S1S:m06mes:63	m06mes.bin	63	0x283C	gaiji=81B8	よし、やったぞ‼\n勝利のポーズ……	좋아，　해냈다‼\n승리의　포즈……
S1S:m06mes:64	m06mes.bin	64	0x2841		戦闘が終わった俺たちを\n待っていたのは……	전투가　끝난　우리를\n기다리고　있던　것은……
S1S:m06mes:65	m06mes.bin	65	0x2846		ボロボロになった光武の中で\n目を回しているさくらくんと\n	처참하게　망가진　광무　안에서\n빙글빙글　돌고　있는　사쿠라　군과
S1S:m06mes:66	m06mes.bin	66	0x284B		そのかたわらで眠っている\nアイリスだった……	그　곁에서　잠들어　있는\n아이리스였다……
S1S:m06mes:67	m06mes.bin	67	0x2850		そして……メチャクチャに\n破壊された雷門……	그리고……　엉망으로\n파괴된　뇌문……
S1S:m06mes:68	m06mes.bin	68	0x2855		大神くん！\nまずは脇侍を全滅させて！	오오가미　군！\n우선　협시를　전멸시켜！
S1S:m06mes:69	m06mes.bin	69	0x285A		見るからに攻撃力の高い敵だわ。\n防御を有効に活用するのよ。	보기에도　공격력이　높은　적이야．\n방어를　효과적으로　활용해．
S1S:m06mes:70	m06mes.bin	70	0x4E16	dup=S1S:m01mes:81	みんな、俺が守らなくても\nだいじょうぶだな。	모두，　내가　지키지　않아도\n괜찮겠군．
S1S:m06mes:71	m06mes.bin	71	0x4E17	dup=S1S:m01mes:82	さくらくん……\n俺は必ず、きみを守る！	사쿠라　군……\n나는　반드시，　그대를　지키겠어！
S1S:m06mes:72	m06mes.bin	72	0x4E18	dup=S1S:m01mes:83	すみれくん……\n俺がいつでも守ってやるよ。	스미레　군……\n내가　언제든　지켜　주지．
S1S:m06mes:73	m06mes.bin	73	0x4E19	dup=S1S:m01mes:84	マリア……\nきみの背中を守らせてくれ。	마리아……\n네　뒤를　지키게　해　줘．
S1S:m06mes:74	m06mes.bin	74	0x4E1A	dup=S1S:m01mes:85	いつでも、アイリスのことを\n守ってあげるよ。	언제든　아이리스를\n지켜　줄게．
S1S:m06mes:75	m06mes.bin	75	0x4E1B	dup=S1S:m01mes:86	紅蘭は俺が守る！\nだから、心配するな！	코란은　내가　지킨다！\n그러니　걱정　마！
S1S:m06mes:76	m06mes.bin	76	0x4E1C	dup=S1S:m01mes:87	カンナ！\n防御なら俺にまかせろ！	칸나！\n방어라면　나한테　맡겨！
S1S:m06mes:77	m06mes.bin	77	0x88B8		アイリス、\n大神隊長をどう思ってる？	아이리스，　오오가미　대장님을\n어떻게　생각해？
S1S:m06mes:78	m06mes.bin	78	0x88B9		えへへ……！\nアイリスね……\nお兄ちゃん、だ～い好き！	에헤헤……！\n아이리스는　말이야……\n오빠，　정말　좋아해！
S1S:m06mes:79	m06mes.bin	79	0x88BA	gaiji=81B8	お兄ちゃんといっしょなら、\nアイリスすご～く強くなれると\n思うよ‼	오빠와　함께라면\n아이리스는　아주　강해질　수\n있을　것　같아‼
S1S:m06mes:80	m06mes.bin	80	0x88BC		大神くん、\nアイリスを受けとめてあげてね。	오오가미　군，\n아이리스를　받아　줘．
S1S:m06mes:81	m06mes.bin	81	0x9C40		敵は蒸気分配機を占拠して\n雷門を閉めているわ。\nそこを奪い返せば……	적은　증기　분배기를　점거해\n뇌문을　닫고　있어．\n그곳을　되찾으면……
S1S:m06mes:82	m06mes.bin	82	0xEA60		隊長。敵の幹部は雷門の\n向こうの浅草寺にいます。\n一気に叩きましょう。	대장．　적　간부는　뇌문\n너머　센소지에　있습니다．\n단숨에　공격하죠．
S1S:m06mes:83	m06mes.bin	83	0xEA6A		そう簡単にはいかんようや。\n途中にある雷門が\n閉められとるで。	그렇게　간단히는　안　될　것\n같데이．　중간에　있는　뇌문이\n닫혀　있데이．
S1S:m06mes:84	m06mes.bin	84	0xEA74		しかたない。\n……気が引けるが\n門を破壊して進もう。	어쩔　수　없다．\n……마음은　무겁지만\n문을　부수고　나아가자．
S1S:m06mes:85	m06mes.bin	85	0xEA7E		光武の力じゃ無理やで。\n雷門は以前焼失した苦い経験から\nシルスウス鋼で再建してるんや！	광무의　힘으론　무리데이．\n뇌문은　불탄　경험　때문에\n실스우스강으로　지었거든！
S1S:m06mes:86	m06mes.bin	86	0xEA88		光武の攻撃だろうが\n翔鯨丸の砲撃だろうが\n受けつけへんで。	광무　공격이든\n상경환　포격이든\n끄떡도　안　한데이．
S1S:m06mes:87	m06mes.bin	87	0xEA92	gaiji=81AC	何？　それでは\n絶対に中に入れないのか⁉	뭐？　그럼\n절대로　안에　못　들어가는　거야⁉
S1S:m06mes:88	m06mes.bin	88	0xEA9C		あわてなさんなって。\n雷門を開くための装置が、\n内側にあるはずや。	서두르지　마래이．\n뇌문을　여는　장치가\n안쪽에　있을　기다．
S1S:m06mes:89	m06mes.bin	89	0xEAA6		敵が占拠しているようだな。\nだが、どうやって行けば……\n光武ではあの塀を飛び越せない！	적이　점거한　모양이군．　하지만\n어떻게　가지……　광무로는　저\n담을　넘을　수　없어！
S1S:m06mes:90	m06mes.bin	90	0xEAB0		それじゃ\nアイリスの出番だね！	그럼\n아이리스　차례네！
S1S:m06mes:91	m06mes.bin	91	0xEAB1	gaiji=81B8	仕方がない。\nみんな、まずは脇侍を\n全滅させるんだ‼	어쩔　수　없다．\n모두，　우선　협시를\n전멸시키자‼
S1S:m06mes:92	m06mes.bin	92	0xEABA		集まらなければ、何もできぬ\n虫ケラどもめ。	모이지　않으면　아무것도　못　하는\n벌레　같은　놈들아．
S1S:m06mes:93	m06mes.bin	93	0xEAC4		貴様らに倒された\n兄者の無念……\nこの羅刹が晴らしてくれるわ！	네놈들에게　쓰러진\n형님의　원한……\n이　라세츠가　풀어　주마！
S1S:m06mes:94	m06mes.bin	94	0xEACE		黒之巣会の恐怖、\nとくと味わうがよい！	흑지소회의　공포를\n똑똑히　맛보거라！
S1S:m06mes:95	m06mes.bin	95	0xEAD8		さて、大神よ……\n冥土に送ってやる前に、お前に\n一つ聞きたいことがある……	자，　오오가미……\n저승으로　보내기　전에　네게\n하나　묻고　싶은　게　있다……
S1S:m06mes:96	m06mes.bin	96	0xEADD		今のお前にとって、\n一番大事な隊員は誰だ！	지금　네게　가장　중요한　대원은\n누구냐！
S1S:m06mes:97	m06mes.bin	97	0xEAE2		さくら\nすみれ\nその他	사쿠라\n스미레\n그　외
S1S:m06mes:98	m06mes.bin	98	0xEAE3		マリア\nアイリス\nその他	마리아\n아이리스\n그　외
S1S:m06mes:99	m06mes.bin	99	0xEAE4		紅蘭\nカンナ	코란\n칸나
S1S:m06mes:100	m06mes.bin	100	0xEB32		さくらくんだ。	사쿠라　군이다．
S1S:m06mes:101	m06mes.bin	101	0xEB33	dup=S1A:0202tbl:854;gaiji=81AC	お、大神さん⁉	오，　오오가미　씨？！
S1S:m06mes:102	m06mes.bin	102	0xEB34		さくらだな。\nふふふ……承知した。	사쿠라군．\n후후후……　알겠다．
S1S:m06mes:103	m06mes.bin	103	0xEB3C		すみれくんだ。	스미레　군이다．
S1S:m06mes:104	m06mes.bin	104	0xEB3D	dup=S1A:0102tbl:255;gaiji=81AC	しょ、少尉⁉	소，　소위⁉
S1S:m06mes:105	m06mes.bin	105	0xEB3E		すみれだな。\nふふふ……承知した。	스미레군．\n후후후……　알겠다．
S1S:m06mes:106	m06mes.bin	106	0xEB46		マリアだ。	마리아다．
S1S:m06mes:107	m06mes.bin	107	0xEB47	gaiji=81AC	た、隊長⁉	대，　대장⁉
S1S:m06mes:108	m06mes.bin	108	0xEB48		マリアだな。\nふふふ……承知した。	마리아군．\n후후후……　알겠다．
S1S:m06mes:109	m06mes.bin	109	0xEB50		アイリスだ。	아이리스다．
S1S:m06mes:110	m06mes.bin	110	0xEB51	dup=S1A:0902tbl:548;gaiji=81AC	お兄ちゃん⁉	오빠⁉
S1S:m06mes:111	m06mes.bin	111	0xEB52		アイリスだな。\nふふふ……承知した。	아이리스군．\n후후후……　알겠다．
S1S:m06mes:112	m06mes.bin	112	0xEB53	dup=S1S:m06mes:109	アイリスだ。	아이리스다．
S1S:m06mes:113	m06mes.bin	113	0xEB54		見捨てたくせによく言えるな。\nやはり自分が一番かわいいか。	날　버려　놓고　잘도　말하는군．\n역시　자기　자신이　제일　소중한가
S1S:m06mes:114	m06mes.bin	114	0xEB5A		紅蘭だ。	코란이다．
S1S:m06mes:115	m06mes.bin	115	0xEB5B	dup=S1A:0902tbl:546;gaiji=81AC	大神はん⁉	오오가미　씨⁉
S1S:m06mes:116	m06mes.bin	116	0xEB5C		紅蘭だな。\nふふふ……承知した。	코란이군．\n후후후……　알겠다．
S1S:m06mes:117	m06mes.bin	117	0xEB64		カンナだ。	칸나다．
S1S:m06mes:118	m06mes.bin	118	0xEB65	dup=S1A:0902tbl:550;gaiji=81AC	隊長⁉	대장⁉
S1S:m06mes:119	m06mes.bin	119	0xEB66		カンナだな。\nふふふ……承知した。	칸나군．\n후후후……　알겠다．
S1S:m06mes:120	m06mes.bin	120	0xEB6E	dup=S1A:0100tbl:142	……	……
S1S:m06mes:121	m06mes.bin	121	0xEB6F		……そうか……\nお前にとって、花組は\nその程度のものなのだな……	……그렇군……\n네게　화조는\n그　정도의　존재였나……
S1S:m06mes:122	m06mes.bin	122	0x07E3	dup=S1S:m01mes:111	あたしが、頑張んなきゃ！	내가　힘내야　해！
S1S:m06mes:123	m06mes.bin	123	0x07E4	dup=S1S:m01mes:112	行きます！	갑니다！
S1S:m06mes:124	m06mes.bin	124	0x07E5	dup=S1S:m01mes:113;gaiji=81B8	まかせてください‼	맡겨　주세요‼
S1S:m06mes:125	m06mes.bin	125	0x07E6	dup=S1S:m01mes:114	見ていてくださいね、\n大神さん。	지켜봐　주세요，\n오오가미　씨．
S1S:m06mes:126	m06mes.bin	126	0x07E7	dup=S1S:m01mes:115	まだ、まだ大丈夫……	아직，　아직　괜찮아……
S1S:m06mes:127	m06mes.bin	127	0x07E8	dup=S1A:0801tbl:1020	ありがとうございます！	감사합니다！
S1S:m06mes:128	m06mes.bin	128	0x07E9	dup=S1S:m01mes:117	がんばって！　大神さん！	힘내요！　오오가미　씨！
S1S:m06mes:129	m06mes.bin	129	0x07EA	dup=S1S:m01mes:118	大神さんが頼りです！	오오가미　씨만　믿을게요！
S1S:m06mes:130	m06mes.bin	130	0x07EB	dup=S1S:m01mes:119	きゃぁぁぁ……	꺄아아아……
S1S:m06mes:131	m06mes.bin	131	0x07EC	dup=S1S:m01mes:120	つっ、\n次は負けないわ！	다，\n다음엔　지지　않을　거야！
S1S:m06mes:132	m06mes.bin	132	0x07ED	dup=S1S:m01mes:121	大神さん……\n本当にごめんなさい……	오오가미　씨……\n정말　미안해요……
S1S:m06mes:133	m06mes.bin	133	0x07F9	dup=S1S:m01mes:122	わたくしの出番ですわね。	제　차례군요．
S1S:m06mes:134	m06mes.bin	134	0x07FA	dup=S1S:m01mes:123	オホホホホホ……	오호호호호호……
S1S:m06mes:135	m06mes.bin	135	0x07FB	dup=S1S:m01mes:124;gaiji=81B8	いきますわよ‼	갑니다‼
S1S:m06mes:136	m06mes.bin	136	0x07FC	dup=S1S:m01mes:125	今日のわたくしは\nあなたのために！	오늘의　저는\n당신을　위해！
S1S:m06mes:137	m06mes.bin	137	0x07FD	dup=S1S:m01mes:126	この程度では負けませんわ……	이　정도로는　지지　않아요……
S1S:m06mes:138	m06mes.bin	138	0x07FE	dup=S1S:m01mes:127	少尉……\nやはりわたくしのことを……	소위님……\n역시　저를……
S1S:m06mes:139	m06mes.bin	139	0x07FF	dup=S1S:m01mes:128	さっ、少尉の出番ですわよ！	자，　소위님　차례예요！
S1S:m06mes:140	m06mes.bin	140	0x0800	dup=S1S:m01mes:129	わたくしが見ていますわよ！	제가　보고　있어요！
S1S:m06mes:141	m06mes.bin	141	0x0801	dup=S1S:m01mes:130;gaiji=81B8	うわぁぁぁ……‼	우와아아아……‼
S1S:m06mes:142	m06mes.bin	142	0x0802	dup=S1S:m01mes:131	今日の所は\n負けておいてあげますわ！	오늘은\n져　드리도록　하죠！
S1S:m06mes:143	m06mes.bin	143	0x0803	dup=S1S:m01mes:132;gaiji=81B8	隊長には\nわたくしが必要ですのに‼	대장님께는\n제가　필요한데요‼
S1S:m06mes:144	m06mes.bin	144	0x080F	dup=S1S:m01mes:133	敵は私が倒すしかない！	적은　내가　쓰러뜨릴　수밖에！
S1S:m06mes:145	m06mes.bin	145	0x0810	dup=S1S:m01mes:134;gaiji=81AC	次の目標はどこ⁉	다음　목표는　어디⁉
S1S:m06mes:146	m06mes.bin	146	0x0811	dup=S1S:m01mes:135	死にたいなら、\n前にでなさい……	죽고　싶다면，\n앞으로　나와……
S1S:m06mes:147	m06mes.bin	147	0x0812	dup=S1S:m01mes:136	作戦指示を\nお願いします！	작전　지시를\n부탁합니다！
S1S:m06mes:148	m06mes.bin	148	0x0813	dup=S1S:m01mes:137;gaiji=81B8	まだよ‼　まだまだ‼	아직이야‼　아직　멀었어‼
S1S:m06mes:149	m06mes.bin	149	0x0814	dup=S1S:m05mes:27	わ、わたしなんかの為に……	저，　저　같은　사람을　위해……
S1S:m06mes:150	m06mes.bin	150	0x0815	dup=S1S:m01mes:139	頑張ってください……隊長！	힘내세요……　대장님！
S1S:m06mes:151	m06mes.bin	151	0x0816	dup=S1S:m01mes:140	隊長、生きて帰りましょう！	대장님，　살아서　돌아가요！
S1S:m06mes:152	m06mes.bin	152	0x0817	dup=S1S:m01mes:141	ああぁぁぁ……	아아아아……
S1S:m06mes:153	m06mes.bin	153	0x0818	dup=S1S:m01mes:142;gaiji=81B8	つ、強いわ‼\n撤退‼	강해‼\n후퇴‼
S1S:m06mes:154	m06mes.bin	154	0x0819	dup=S1S:m01mes:143	すみません隊長。\n撤退します！	미안해요，　대장님．\n후퇴하겠습니다！
S1S:m06mes:155	m06mes.bin	155	0x0827	dup=S1S:m01mes:144	アイリスだって、\nがんばるモン！	아이리스도\n힘낼　거야！
S1S:m06mes:156	m06mes.bin	156	0x0828	dup=S1S:m01mes:145	アイリス、いきまーす！	아이리스，　갑니다아！
S1S:m06mes:157	m06mes.bin	157	0x0829	dup=S1S:m01mes:146	アイリス、強いんだよぉ！	아이리스，　강하다구！
S1S:m06mes:158	m06mes.bin	158	0x082A	dup=S1S:m01mes:147;gaiji=81B8	アイリス、\nお兄ちゃんのために、頑張る‼	아이리스，\n오빠를　위해　힘낼게‼
S1S:m06mes:159	m06mes.bin	159	0x082B	dup=S1S:m01mes:148	なんか、\nバチバチいってるよ……	뭔가，\n파직파직　소리가　나……
S1S:m06mes:160	m06mes.bin	160	0x082C	dup=S1S:m01mes:149	お兄ちゃん、だーいすき！	오빠，　정말　좋아해！
S1S:m06mes:161	m06mes.bin	161	0x082D	dup=S1S:m01mes:150	お兄ちゃん！　ファイトッ！	오빠！　힘내！
S1S:m06mes:162	m06mes.bin	162	0x082E	dup=S1S:m01mes:151	アイリスが見てるからね！	아이리스가　보고　있으니까！
S1S:m06mes:163	m06mes.bin	163	0x082F	dup=S1S:m01mes:152	きゃあぁぁぁ……	꺄아아아……
S1S:m06mes:164	m06mes.bin	164	0x0830	dup=S1S:m01mes:153	お星様の……\nバカ……	별님……\n바보……
S1S:m06mes:165	m06mes.bin	165	0x0831	dup=S1S:m01mes:154	お兄ちゃん、ゴメンね……	오빠，　미안해……
S1S:m06mes:166	m06mes.bin	166	0x083D	dup=S1S:m01mes:155	ウチも\n頑張らせてもらうで～	나도\n힘낼게데이～
S1S:m06mes:167	m06mes.bin	167	0x083E	dup=S1S:m01mes:156	科学をなめたら、\nあかんでぇ～	과학을　얕보면，\n안　된데이～
S1S:m06mes:168	m06mes.bin	168	0x083F	dup=S1S:m01mes:157;gaiji=81B8	ほんなら、いくでー‼	그럼，　간다‼
S1S:m06mes:169	m06mes.bin	169	0x0840	dup=S1S:m01mes:158	ウチを見ててやー！	나를　봐　줘～！
S1S:m06mes:170	m06mes.bin	170	0x0841	dup=S1S:m01mes:159	ダメージ喰らいすぎや！	너무　많이　맞았데이！
S1S:m06mes:171	m06mes.bin	171	0x0842	dup=S1S:m01mes:160	ウチ感動や～！	나　감동했데이～！
S1S:m06mes:172	m06mes.bin	172	0x0843	dup=S1S:m01mes:161	ウチが応援してるでぇ～！	내가　응원하고　있데이～！
S1S:m06mes:173	m06mes.bin	173	0x0844	dup=S1S:m01mes:162	がんばってや！　大神はん！	힘내래이！　오오가미　씨！
S1S:m06mes:174	m06mes.bin	174	0x0845	dup=S1S:m01mes:163	うわあぁぁぁぁ……	으아아아아……
S1S:m06mes:175	m06mes.bin	175	0x0846	dup=S1S:m01mes:164	あちゃー……\nいかれた……	아차……\n망가졌어……
S1S:m06mes:176	m06mes.bin	176	0x0847	dup=S1S:m01mes:165	隊長はん、\n迷惑かけてすんまへん……	대장님，\n폐를　끼쳐서　미안하데이……
S1S:m06mes:177	m06mes.bin	177	0x0854	dup=S1S:m01mes:166;gaiji=81B8	よっしゃ！\nやってやるか‼	좋아！\n해　볼까‼
S1S:m06mes:178	m06mes.bin	178	0x0855	dup=S1S:m01mes:167	気合いを入れるぜ！\nチェストォォ！	기합을　넣자！\n체스토오오！
S1S:m06mes:179	m06mes.bin	179	0x0856	dup=S1S:m01mes:168	桐島流の奥義、見せてやるぜ！	키리시마류의　비기，　보여　주마！
S1S:m06mes:180	m06mes.bin	180	0x0857	dup=S1S:m01mes:169;gaiji=81B8	さぁ‼\n行こうぜ、隊長‼	자아‼\n가자，　대장‼
S1S:m06mes:181	m06mes.bin	181	0x0858	dup=S1S:m01mes:170;gaiji=81B8	だいじょうぶ！\nまだ平気だぜ‼	괜찮아！\n아직　문제없어‼
S1S:m06mes:182	m06mes.bin	182	0x0859	dup=S1S:m01mes:171	さんきゅ！　助かったぜ！	고마워！　살았다！
S1S:m06mes:183	m06mes.bin	183	0x085A	dup=S1S:m01mes:172	いこうぜ！　隊長！	가자！　대장！
S1S:m06mes:184	m06mes.bin	184	0x085B	dup=S1S:m01mes:173	隊長の力を見せてやれ！	대장의　힘을　보여　줘！
S1S:m06mes:185	m06mes.bin	185	0x085C	dup=S1S:m01mes:174	うあああぁぁぁぁ……	으아아아아……
S1S:m06mes:186	m06mes.bin	186	0x085D	dup=S1S:m01mes:175	くっ、\nまだまだ修行がたりない……	큭，\n아직　수련이　부족해……
S1S:m06mes:187	m06mes.bin	187	0x085E	dup=S1S:m01mes:176	隊長のために、\n戦わなくちゃ……	대장을　위해\n싸워야　해……
S1S:m06mes:188	m06mes.bin	188	0x096E	dup=S1A:0804tbl:180	よっしゃあ！	좋았어！
S1S:m06mes:189	m06mes.bin	189	0x0D0A	dup=S1S:m01mes:178	やったわ！	해냈어！
S1S:m06mes:190	m06mes.bin	190	0x0D0B	dup=S1S:m01mes:179	やりましたわ！	해냈어요！
S1S:m06mes:191	m06mes.bin	191	0x0D0C	dup=S1S:m01mes:180	ふっ！	후！
S1S:m06mes:192	m06mes.bin	192	0x0D0D	dup=S1S:m01mes:181	やったでー！	해냈데이！
S1S:m06mes:193	m06mes.bin	193	0x0D0E	dup=S1S:m01mes:182;gaiji=81B8	わーい　わーい‼	와아　와아‼
S1S:m06mes:194	m06mes.bin	194	0x000C	dup=S1S:m06mes:0	せ～の……	하나，　둘……
S1S:m07mes:0	m07mes.bin	0	0x07E3	dup=S1S:m01mes:111	あたしが、頑張んなきゃ！	내가　힘내야　해！
S1S:m07mes:1	m07mes.bin	1	0x07E4	dup=S1S:m01mes:112	行きます！	갑니다！
S1S:m07mes:2	m07mes.bin	2	0x07E5	dup=S1S:m01mes:113;gaiji=81B8	まかせてください‼	맡겨　주세요‼
S1S:m07mes:3	m07mes.bin	3	0x07E6	dup=S1S:m01mes:114	見ていてくださいね、\n大神さん。	지켜봐　주세요，\n오오가미　씨．
S1S:m07mes:4	m07mes.bin	4	0x07E7	dup=S1S:m01mes:115	まだ、まだ大丈夫……	아직，　아직　괜찮아……
S1S:m07mes:5	m07mes.bin	5	0x07E8	dup=S1A:0801tbl:1020	ありがとうございます！	감사합니다！
S1S:m07mes:6	m07mes.bin	6	0x07E9	dup=S1S:m01mes:117	がんばって！　大神さん！	힘내요！　오오가미　씨！
S1S:m07mes:7	m07mes.bin	7	0x07EA	dup=S1S:m01mes:118	大神さんが頼りです！	오오가미　씨만　믿을게요！
S1S:m07mes:8	m07mes.bin	8	0x07EB	dup=S1S:m01mes:119	きゃぁぁぁ……	꺄아아아……
S1S:m07mes:9	m07mes.bin	9	0x07EC	dup=S1S:m01mes:120	つっ、\n次は負けないわ！	다，\n다음엔　지지　않을　거야！
S1S:m07mes:10	m07mes.bin	10	0x07ED	dup=S1S:m01mes:121	大神さん……\n本当にごめんなさい……	오오가미　씨……\n정말　미안해요……
S1S:m07mes:11	m07mes.bin	11	0x07F9	dup=S1S:m01mes:122	わたくしの出番ですわね。	제　차례군요．
S1S:m07mes:12	m07mes.bin	12	0x07FA	dup=S1S:m01mes:123	オホホホホホ……	오호호호호호……
S1S:m07mes:13	m07mes.bin	13	0x07FB	dup=S1S:m01mes:124;gaiji=81B8	いきますわよ‼	갑니다‼
S1S:m07mes:14	m07mes.bin	14	0x07FC	dup=S1S:m01mes:125	今日のわたくしは\nあなたのために！	오늘의　저는\n당신을　위해！
S1S:m07mes:15	m07mes.bin	15	0x07FD	dup=S1S:m01mes:126	この程度では負けませんわ……	이　정도로는　지지　않아요……
S1S:m07mes:16	m07mes.bin	16	0x07FE	dup=S1S:m01mes:127	少尉……\nやはりわたくしのことを……	소위님……\n역시　저를……
S1S:m07mes:17	m07mes.bin	17	0x07FF	dup=S1S:m01mes:128	さっ、少尉の出番ですわよ！	자，　소위님　차례예요！
S1S:m07mes:18	m07mes.bin	18	0x0800	dup=S1S:m01mes:129	わたくしが見ていますわよ！	제가　보고　있어요！
S1S:m07mes:19	m07mes.bin	19	0x0801	dup=S1S:m01mes:130;gaiji=81B8	うわぁぁぁ……‼	우와아아아……‼
S1S:m07mes:20	m07mes.bin	20	0x0802	dup=S1S:m01mes:131	今日の所は\n負けておいてあげますわ！	오늘은\n져　드리도록　하죠！
S1S:m07mes:21	m07mes.bin	21	0x0803	dup=S1S:m01mes:132;gaiji=81B8	隊長には\nわたくしが必要ですのに‼	대장님께는\n제가　필요한데요‼
S1S:m07mes:22	m07mes.bin	22	0x080F	dup=S1S:m01mes:133	敵は私が倒すしかない！	적은　내가　쓰러뜨릴　수밖에！
S1S:m07mes:23	m07mes.bin	23	0x0810	dup=S1S:m01mes:134;gaiji=81AC	次の目標はどこ⁉	다음　목표는　어디⁉
S1S:m07mes:24	m07mes.bin	24	0x0811	dup=S1S:m01mes:135	死にたいなら、\n前にでなさい……	죽고　싶다면，\n앞으로　나와……
S1S:m07mes:25	m07mes.bin	25	0x0812	dup=S1S:m01mes:136	作戦指示を\nお願いします！	작전　지시를\n부탁합니다！
S1S:m07mes:26	m07mes.bin	26	0x0813	dup=S1S:m01mes:137;gaiji=81B8	まだよ‼　まだまだ‼	아직이야‼　아직　멀었어‼
S1S:m07mes:27	m07mes.bin	27	0x0814	dup=S1S:m05mes:27	わ、わたしなんかの為に……	저，　저　같은　사람을　위해……
S1S:m07mes:28	m07mes.bin	28	0x0815	dup=S1S:m01mes:139	頑張ってください……隊長！	힘내세요……　대장님！
S1S:m07mes:29	m07mes.bin	29	0x0816	dup=S1S:m01mes:140	隊長、生きて帰りましょう！	대장님，　살아서　돌아가요！
S1S:m07mes:30	m07mes.bin	30	0x0817	dup=S1S:m01mes:141	ああぁぁぁ……	아아아아……
S1S:m07mes:31	m07mes.bin	31	0x0818	dup=S1S:m01mes:142;gaiji=81B8	つ、強いわ‼\n撤退‼	강해‼\n후퇴‼
S1S:m07mes:32	m07mes.bin	32	0x0819	dup=S1S:m01mes:143	すみません隊長。\n撤退します！	미안해요，　대장님．\n후퇴하겠습니다！
S1S:m07mes:33	m07mes.bin	33	0x0827	dup=S1S:m01mes:144	アイリスだって、\nがんばるモン！	아이리스도\n힘낼　거야！
S1S:m07mes:34	m07mes.bin	34	0x0828	dup=S1S:m01mes:145	アイリス、いきまーす！	아이리스，　갑니다아！
S1S:m07mes:35	m07mes.bin	35	0x0829	dup=S1S:m01mes:146	アイリス、強いんだよぉ！	아이리스，　강하다구！
S1S:m07mes:36	m07mes.bin	36	0x082A	dup=S1S:m01mes:147;gaiji=81B8	アイリス、\nお兄ちゃんのために、頑張る‼	아이리스，\n오빠를　위해　힘낼게‼
S1S:m07mes:37	m07mes.bin	37	0x082B	dup=S1S:m01mes:148	なんか、\nバチバチいってるよ……	뭔가，\n파직파직　소리가　나……
S1S:m07mes:38	m07mes.bin	38	0x082C	dup=S1S:m01mes:149	お兄ちゃん、だーいすき！	오빠，　정말　좋아해！
S1S:m07mes:39	m07mes.bin	39	0x082D	dup=S1S:m01mes:150	お兄ちゃん！　ファイトッ！	오빠！　힘내！
S1S:m07mes:40	m07mes.bin	40	0x082E	dup=S1S:m01mes:151	アイリスが見てるからね！	아이리스가　보고　있으니까！
S1S:m07mes:41	m07mes.bin	41	0x082F	dup=S1S:m01mes:152	きゃあぁぁぁ……	꺄아아아……
S1S:m07mes:42	m07mes.bin	42	0x0830	dup=S1S:m01mes:153	お星様の……\nバカ……	별님……\n바보……
S1S:m07mes:43	m07mes.bin	43	0x0831	dup=S1S:m01mes:154	お兄ちゃん、ゴメンね……	오빠，　미안해……
S1S:m07mes:44	m07mes.bin	44	0x083D	dup=S1S:m01mes:155	ウチも\n頑張らせてもらうで～	나도\n힘낼게데이～
S1S:m07mes:45	m07mes.bin	45	0x083E	dup=S1S:m01mes:156	科学をなめたら、\nあかんでぇ～	과학을　얕보면，\n안　된데이～
S1S:m07mes:46	m07mes.bin	46	0x083F	dup=S1S:m01mes:157;gaiji=81B8	ほんなら、いくでー‼	그럼，　간다‼
S1S:m07mes:47	m07mes.bin	47	0x0840	dup=S1S:m01mes:158	ウチを見ててやー！	나를　봐　줘～！
S1S:m07mes:48	m07mes.bin	48	0x0841	dup=S1S:m01mes:159	ダメージ喰らいすぎや！	너무　많이　맞았데이！
S1S:m07mes:49	m07mes.bin	49	0x0842	dup=S1S:m01mes:160	ウチ感動や～！	나　감동했데이～！
S1S:m07mes:50	m07mes.bin	50	0x0843	dup=S1S:m01mes:161	ウチが応援してるでぇ～！	내가　응원하고　있데이～！
S1S:m07mes:51	m07mes.bin	51	0x0844	dup=S1S:m01mes:162	がんばってや！　大神はん！	힘내래이！　오오가미　씨！
S1S:m07mes:52	m07mes.bin	52	0x0845	dup=S1S:m01mes:163	うわあぁぁぁぁ……	으아아아아……
S1S:m07mes:53	m07mes.bin	53	0x0846	dup=S1S:m01mes:164	あちゃー……\nいかれた……	아차……\n망가졌어……
S1S:m07mes:54	m07mes.bin	54	0x0847	dup=S1S:m01mes:165	隊長はん、\n迷惑かけてすんまへん……	대장님，\n폐를　끼쳐서　미안하데이……
S1S:m07mes:55	m07mes.bin	55	0x0854	dup=S1S:m01mes:166;gaiji=81B8	よっしゃ！\nやってやるか‼	좋아！\n해　볼까‼
S1S:m07mes:56	m07mes.bin	56	0x0855	dup=S1S:m01mes:167	気合いを入れるぜ！\nチェストォォ！	기합을　넣자！\n체스토오오！
S1S:m07mes:57	m07mes.bin	57	0x0856	dup=S1S:m01mes:168	桐島流の奥義、見せてやるぜ！	키리시마류의　비기，　보여　주마！
S1S:m07mes:58	m07mes.bin	58	0x0857	dup=S1S:m01mes:169;gaiji=81B8	さぁ‼\n行こうぜ、隊長‼	자아‼\n가자，　대장‼
S1S:m07mes:59	m07mes.bin	59	0x0858	dup=S1S:m01mes:170;gaiji=81B8	だいじょうぶ！\nまだ平気だぜ‼	괜찮아！\n아직　문제없어‼
S1S:m07mes:60	m07mes.bin	60	0x0859	dup=S1S:m01mes:171	さんきゅ！　助かったぜ！	고마워！　살았다！
S1S:m07mes:61	m07mes.bin	61	0x085A	dup=S1S:m01mes:172	いこうぜ！　隊長！	가자！　대장！
S1S:m07mes:62	m07mes.bin	62	0x085B	dup=S1S:m01mes:173	隊長の力を見せてやれ！	대장의　힘을　보여　줘！
S1S:m07mes:63	m07mes.bin	63	0x085C	dup=S1S:m01mes:174	うあああぁぁぁぁ……	으아아아아……
S1S:m07mes:64	m07mes.bin	64	0x085D	dup=S1S:m01mes:175	くっ、\nまだまだ修行がたりない……	큭，\n아직　수련이　부족해……
S1S:m07mes:65	m07mes.bin	65	0x085E	dup=S1S:m01mes:176	隊長のために、\n戦わなくちゃ……	대장을　위해\n싸워야　해……
S1S:m07mes:66	m07mes.bin	66	0x096E	dup=S1A:0804tbl:180	よっしゃあ！	좋았어！
S1S:m07mes:67	m07mes.bin	67	0x0D0A	dup=S1S:m01mes:178	やったわ！	해냈어！
S1S:m07mes:68	m07mes.bin	68	0x0D0B	dup=S1S:m01mes:179	やりましたわ！	해냈어요！
S1S:m07mes:69	m07mes.bin	69	0x0D0C	dup=S1S:m01mes:180	ふっ！	후！
S1S:m07mes:70	m07mes.bin	70	0x0D0D	dup=S1S:m01mes:181	やったでー！	해냈데이！
S1S:m07mes:71	m07mes.bin	71	0x0D0E	dup=S1S:m01mes:182;gaiji=81B8	わーい　わーい‼	와아　와아‼
S1S:m07mes:72	m07mes.bin	72	0x029E		それでは……	그럼……
S1S:m07mes:73	m07mes.bin	73	0x029F		いきますわよっ！	갑니다！
S1S:m07mes:74	m07mes.bin	74	0x02A0	dup=S1S:m01mes:1	勝利のポーズ……決めっ！	승리의　포즈……　결정！
S1S:m07mes:75	m07mes.bin	75	0x0D13	dup=S1S:m02mes:74	オンキリキリバサラウンバッタ\nオンキリキリバサラウンバッタ\nオンキリキリバサラ…………	온키리키리바사라운밧타\n온키리키리바사라운밧타\n온키리키리바사라……
S1S:m07mes:76	m07mes.bin	76	0x0BE0	dup=S1S:m01mes:10	帝国華撃団、参上！	제국화격단，　등장！
S1S:m07mes:77	m07mes.bin	77	0x0BE1		ほほほ。\n飛んで火にいるなんとやらね。	호호호．　불　속으로　뛰어드는\n불나방이구나．
S1S:m07mes:78	m07mes.bin	78	0x76DC		わらわの精鋭部隊の前に\nまとめて朽ち果てるが良いわ！	내　정예　부대　앞에서\n한꺼번에　썩어　문드러져라！
S1S:m07mes:79	m07mes.bin	79	0x0BE2		わらわは紅のミロク。\nお望み通り、\nお相手してさしあげましょう。	나는　붉은　미로쿠．\n원하는　대로，\n상대해　드리죠．
S1S:m07mes:80	m07mes.bin	80	0x0BE3		観念しろ！\nもはや後はないぞ！	각오해라！\n이제　물러날　곳은　없다！
S1S:m07mes:81	m07mes.bin	81	0x0BE4		フフフ、これしきで勝ったと\n思っているのか？	후후후，　이　정도로　이겼다고\n생각하나？
S1S:m07mes:82	m07mes.bin	82	0x0BE5		んっ？　全然効かないわよ！	응？　전혀　안　아픈데！
S1S:m07mes:83	m07mes.bin	83	0x0BE6		ふ……\nこれで終わったと思うな！	흥……\n이걸로　끝났다고　생각하지　마라！
S1S:m07mes:84	m07mes.bin	84	0x2710	dup=S1A:0900tbl:767	フフフ……	후후후……
S1S:m07mes:85	m07mes.bin	85	0x2711		おいおい。\nずいぶん、みんなと\n離れちまったじゃないか！	이봐　이봐．\n모두와　꽤\n떨어져　버렸잖아！
S1S:m07mes:86	m07mes.bin	86	0x2712		さくらさん！\nどうしてもっと近くに\n降りてこなかったんですの？	사쿠라　씨！\n왜　좀　더　가까이\n내려오지　않은　거예요？
S1S:m07mes:87	m07mes.bin	87	0x2713		すみません。\n地形が複雑で、ここに降りるしか\nなかったんです！	죄송해요．\n지형이　복잡해서　여기로\n내려올　수밖에　없었어요！
S1S:m07mes:88	m07mes.bin	88	0x2714		二手にわかれてしまったか……\nみんな、気を引き締めていくぞ！	둘로　갈라져　버렸나……\n모두，　마음을　다잡고　가자！
S1S:m07mes:89	m07mes.bin	89	0x2715		おいおい！\n足手まといになるから、\n近くに来るんじゃねえよ！	이봐！\n방해만　되니까\n가까이　오지　마！
S1S:m07mes:90	m07mes.bin	90	0x2716		あ～ら。あなたみたいに\n頑丈なだけが取り柄の人は\nわたくしの盾がお似合いですわ！	어머．　당신처럼\n튼튼한　것만　장점인　사람은\n제　방패가　잘　어울리겠군요！
S1S:m07mes:91	m07mes.bin	91	0x2717		あなたみたいな三下は、\nわたくしの後ろにいるのが、\nお似合いでしてよ！	당신　같은　삼류는\n제　뒤에　있는　게\n어울리겠군요！
S1S:m07mes:92	m07mes.bin	92	0x2718		へっ！\nそっちこそ、ジャマになるから、\n後ろにさがってな！	쳇！\n그쪽이야말로　방해되니까\n뒤로　물러나！
S1S:m07mes:93	m07mes.bin	93	0x2719		出てくるがよい！\nわらわが忠実なるしもべ、\n紅蜂隊！	나와라！\n나의　충실한　하인，\n홍봉대！
S1S:m07mes:94	m07mes.bin	94	0x271A		フフフフフ……\nまずは小手調べ……	후후후후후……\n우선　간단한　시험……
S1S:m07mes:95	m07mes.bin	95	0x271B		……どういう事だ？	……무슨　뜻이지？
S1S:m07mes:96	m07mes.bin	96	0x271C		まぁ、ヤツの光線も\n只のハッタリだったようだし……	뭐，　저　녀석의　광선도\n허풍에　불과했던　모양이고……
S1S:m07mes:97	m07mes.bin	97	0x271D		攻撃範囲をよく考えて。\nマリアや紅蘭をうまく使う事ね。	공격　범위를　잘　생각해．\n마리아와　코란을　잘　활용해．
S1S:m07mes:98	m07mes.bin	98	0x271E		カンナとすみれを守れるのは、\n大神隊長、あなただけよ。	칸나와　스미레를　지킬　수　있는\n건　오오가미　대장，　당신뿐이야．
S1S:m07mes:99	m07mes.bin	99	0x271F		フフフフ……\nなかなかやるじゃない。\nごほうびをあ・げ・る……	후후후후……\n제법　하는군．\n상을　주지……
S1S:m07mes:100	m07mes.bin	100	0x2720		フフフ……\n気に入っていただけて？	후후후……\n마음에　드셨나요？
S1S:m07mes:101	m07mes.bin	101	0x2721		隊長は\nどっちの肩を持つんだい？	대장은\n어느　편을　들　거야？
S1S:m07mes:102	m07mes.bin	102	0x2722		さすが隊長！\nわかってるじゃないか！\nさあ、ガンガンいこうぜ！	역시　대장이네！\n잘　알고　있잖아！\n자，　팍팍　가자고！
S1S:m07mes:103	m07mes.bin	103	0x2723	dup=S1A:0501tbl:354	あ～ら、そうですの？	어머，　그러신가요？
S1S:m07mes:104	m07mes.bin	104	0x2724		わかりましたわ！\nでしたら隊長は、その筋肉女と、\n仲良くやっていればいいですわ！	알겠어요！\n그렇다면　대장은　그　근육　여자와\n사이좋게　지내세요！
S1S:m07mes:105	m07mes.bin	105	0x2725	gaiji=81B8	な、何ィ～‼	뭐，　뭐라고‼
S1S:m07mes:106	m07mes.bin	106	0x2726		そうかい！\nわかったよ！\n見そこなったぜ、隊長！	그래！\n알았다고！\n잘못　봤군，　대장！
S1S:m07mes:107	m07mes.bin	107	0x2727		おーっほっほっほ！\nさすがは少尉ですわ。\n良くわかってらっしゃること！	오호호호호！\n역시　소위님이군요．\n잘　알고　계시네요！
S1S:m07mes:108	m07mes.bin	108	0x2728		？\nどうしたんだよ、隊長。\n黙りこんじまって？	？\n왜　그래，　대장．\n멍하니　있고？
S1S:m07mes:109	m07mes.bin	109	0x2729		あなたがくだらないことを\n聞いたりするからですわ。	당신이　시시한　질문을\n했기　때문이에요．
S1S:m07mes:110	m07mes.bin	110	0x272A	gaiji=81AC	なんだとぉ⁉	뭐라고오⁉
S1S:m07mes:111	m07mes.bin	111	0x272B		いいかげんにしないか！\n俺たちの目的は、黒之巣会を\n倒すことだぞ！	그만하지！\n우리의　목적은　흑지소회를\n쓰러뜨리는　거다！
S1S:m07mes:112	m07mes.bin	112	0x272C		それなのに、こんな所で\n仲間割れをして\nどうするんだ！	그런데　이런　곳에서\n동료끼리　싸워서\n어쩌자는　거야！
S1S:m07mes:113	m07mes.bin	113	0x272D	dup=S1A:0400tbl:482;gaiji=81B8	…………‼	……．．！！
S1S:m07mes:114	m07mes.bin	114	0x272E		……\n確かに隊長のおっしゃることも\nもっともですわ。	……\n확실히　대장님　말씀이\n맞아요．
S1S:m07mes:115	m07mes.bin	115	0x272F		カンナさん、ここはひとまず\n休戦といたしませんこと？	칸나　씨，　여기서는　일단\n휴전하지　않겠어요？
S1S:m07mes:116	m07mes.bin	116	0x2730		わかった！\n共同戦線だな。\n黒之巣会を倒そうぜ！	알았다！\n공동　전선이군．\n흑지소회를　쓰러뜨리자！
S1S:m07mes:117	m07mes.bin	117	0x2731		隊長はどちらの味方なのです？	대장은　어느　편인가요？
S1S:m07mes:118	m07mes.bin	118	0x2732		どうしたんですの？\n黙りこんだりして？	왜　그러세요？\n멍하니　계시고？
S1S:m07mes:119	m07mes.bin	119	0x2733	gaiji=81B8	オマエがくだらない\n質問をするからだよ‼	네가　시시한\n질문을　하니까　그렇지‼
S1S:m07mes:120	m07mes.bin	120	0x2734	dup=S1A:0502tbl:510;gaiji=81AC	なんですって⁉	뭐라고요⁉
S1S:m07mes:121	m07mes.bin	121	0x2735	dup=S1A:0400tbl:482;gaiji=81B8	…………‼	……．．！！
S1S:m07mes:122	m07mes.bin	122	0x2736		……\n確かに隊長の言うことも\nもっともだよな。	……\n확실히　대장　말이　맞지．
S1S:m07mes:123	m07mes.bin	123	0x2737		なあ、すみれ。\nここはひとまず、\n休戦にしないか？	있잖아，　스미레．\n여기서는　일단\n휴전하지　않을래？
S1S:m07mes:124	m07mes.bin	124	0x2738		わかりましたわ。\n共同戦線ですわね！\n黒之巣会を倒しますわよ！	알겠습니다．\n공동　전선이군요！\n흑지소회를　쓰러뜨리죠！
S1S:m07mes:125	m07mes.bin	125	0x2739		紅蜂隊は２回移動できるわ。\n追い詰める、囲むといった\n戦略が有効なはずよ！	홍봉대는　두　번　이동할　수\n있어．　몰아붙이기，　포위　같은\n전략이　효과적일　거야！
S1S:m07mes:126	m07mes.bin	126	0x273A		崖の上の敵は、\n紅蘭が離れて狙っている隙に、\nアイリスを向けるのが有効よ！	절벽　위의　적은　코란이　멀리서\n노리는　동안　아이리스를　보내는\n게　효과적이야！
S1S:m07mes:127	m07mes.bin	127	0x273B		やるじゃねぇか……	제법인데……
S1S:m07mes:128	m07mes.bin	128	0x273C		へぇ、強ぇな。\n見直したぜ！	헤에，　강하군．\n다시　봤어！
S1S:m07mes:129	m07mes.bin	129	0x273D		やりますわね……	제법이군……
S1S:m07mes:130	m07mes.bin	130	0x273E		なかなか強いじゃないですの。\n見直しましたわ。	꽤　강하군요．\n다시　봤어요．
S1S:m07mes:131	m07mes.bin	131	0x273F		カンナ\nすみれ	칸나\n스미레
S1S:m07mes:132	m07mes.bin	132	0x2742		……まあいい。\n今は、こちらを優先せねばな……	……뭐，　좋아．　지금은　이쪽을\n먼저　처리해야　하니……
S1S:m07mes:133	m07mes.bin	133	0x2743		帝国華撃団よ……\n待たせたな。\n今こそ相手をしてくれよう。	제국화격단이여……\n기다리게　했군．\n지금이야말로　상대해　주마．
S1S:m07mes:134	m07mes.bin	134	0x2774		大神はんの注文通りに\nみんなの光武を調整したで。\nこれで、ええやろか？	오오가미　씨가　주문한　대로\n모두의　광무를　조정했데이．\n이　정도면　되겠나？
S1S:m07mes:135	m07mes.bin	135	0x2779		ミロクの言うとおり\n紅蜂隊全てを退治しなくては\nならないようね。	미로쿠　말대로\n홍봉대를　전부　처치해야\n하는　모양이네．
S1S:m07mes:136	m07mes.bin	136	0x277A	gaiji=81B8	紅蜂隊を残さず倒して\n目にもの見せてやるのよ！\n大神くん‼	홍봉대를　하나도　남김없이\n쓰러뜨려　본때를　보여　주는\n거야！　오오가미　군‼
S1S:m07mes:137	m07mes.bin	137	0x277E		全ての紅蜂隊を倒して\nミロクを戦いの場に\n引き出すのよ。	홍봉대를　전부　쓰러뜨려\n미로쿠를　전장으로\n끌어내는　거야．
S1S:m07mes:138	m07mes.bin	138	0x4E16	dup=S1S:m01mes:81	みんな、俺が守らなくても\nだいじょうぶだな。	모두，　내가　지키지　않아도\n괜찮겠군．
S1S:m07mes:139	m07mes.bin	139	0x4E17	dup=S1S:m01mes:82	さくらくん……\n俺は必ず、きみを守る！	사쿠라　군……\n나는　반드시，　그대를　지키겠어！
S1S:m07mes:140	m07mes.bin	140	0x4E18	dup=S1S:m01mes:83	すみれくん……\n俺がいつでも守ってやるよ。	스미레　군……\n내가　언제든　지켜　주지．
S1S:m07mes:141	m07mes.bin	141	0x4E19	dup=S1S:m01mes:84	マリア……\nきみの背中を守らせてくれ。	마리아……\n네　뒤를　지키게　해　줘．
S1S:m07mes:142	m07mes.bin	142	0x4E1A	dup=S1S:m01mes:85	いつでも、アイリスのことを\n守ってあげるよ。	언제든　아이리스를\n지켜　줄게．
S1S:m07mes:143	m07mes.bin	143	0x4E1B	dup=S1S:m01mes:86	紅蘭は俺が守る！\nだから、心配するな！	코란은　내가　지킨다！\n그러니　걱정　마！
S1S:m07mes:144	m07mes.bin	144	0x4E1C	dup=S1S:m01mes:87	カンナ！\n防御なら俺にまかせろ！	칸나！\n방어라면　나한테　맡겨！
S1S:m07mes:145	m07mes.bin	145	0x88B8		隊長！　あたい、\nなんか今日、調子がいいんだ。	대장！　나　오늘\n왠지　컨디션이　좋아．
S1S:m07mes:146	m07mes.bin	146	0x88B9		それに……隊長とだったら\nもっと強くなれそうな\n気がしてさ……	게다가……　대장과　함께라면\n더　강해질　수　있을　것\n같아서……
S1S:m07mes:147	m07mes.bin	147	0x88BA		だから、となりで一緒に\n戦ってほしいんだ。	그러니까，　옆에서　함께\n싸워　줬으면　해．
S1S:m07mes:148	m07mes.bin	148	0x88BB	gaiji=81B8	じゃあ……頼んだぜ！\n隊長‼	그럼……　부탁할게！\n대장‼
S1S:m07mes:149	m07mes.bin	149	0x88BD		少尉……、\nわたくし、非常に調子が\nよろしいのです。	소위님……\n저，　컨디션이　아주\n좋답니다．
S1S:m07mes:150	m07mes.bin	150	0x88BE		いつもよりも、\nもっとすばらしい姿を\nお見せすることができますわ。	평소보다\n더　멋진　모습을\n보여　드릴　수　있어요．
S1S:m07mes:151	m07mes.bin	151	0x88BF		少尉……\nわたくしのそばにいてください。\nけっして後悔はさせませんわ。	소위님……\n제　곁에　있어　주세요．\n절대　후회하게　하지　않겠어요．
S1S:m07mes:152	m07mes.bin	152	0xEA60		叉丹……\nあなたが手を焼いた華撃団を\nわらわが倒す。	사탄……\n당신이　애먹은　화격단을\n내가　쓰러뜨리겠어．
S1S:m07mes:153	m07mes.bin	153	0xEA6A		これで天海さまの信頼は\nわらわがひとりじめ……\nほほほほほほ……	이제　텐카이　님의　신뢰는\n내가　독차지……\n호호호호호호……
S1S:m07mes:154	m07mes.bin	154	0x003C	dup=S1S:m01mes:111	あたしが、頑張んなきゃ！	내가　힘내야　해！
S1S:m08mes:0	m08mes.bin	0	0x0866	dup=S1A:0700tbl:499	ふふふ……	후후후……
S1S:m08mes:1	m08mes.bin	1	0x0867	dup=S1A:0100tbl:595	あははは……	아하하하……
S1S:m08mes:2	m08mes.bin	2	0x0BB8	dup=S1A:0301tbl:917	そこまでよ！	거기까지야！
S1S:m08mes:3	m08mes.bin	3	0x00BA	dup=S1S:m01mes:0	せーの！	하나，　둘！
S1S:m08mes:4	m08mes.bin	4	0x02A0	dup=S1S:m06mes:1	勝利のポーズ\n……決めっ！	승리의　포즈\n……　결정！
S1S:m08mes:5	m08mes.bin	5	0x0BE7		もう、アカンわ……	이제，　안　되겠데이……
S1S:m08mes:6	m08mes.bin	6	0x0BE8	gaiji=81B8	あきらめては、ダメ‼	포기하면　안　돼‼
S1S:m08mes:7	m08mes.bin	7	0x0BE9	gaiji=81B8	ここまでだな……小娘ども。\n我らに逆ろうた愚かさを\n地獄で悔やむがよい‼	여기까지다……　꼬맹이들．\n우리에게　맞선　어리석음을\n지옥에서　후회해라‼
S1S:m08mes:8	m08mes.bin	8	0x0BEA	gaiji=81AC	な、何っ⁉	뭐，　뭐라고⁉
S1S:m08mes:9	m08mes.bin	9	0x0BEB	gaiji=81B8	さくら‼	사쿠라‼
S1S:m08mes:10	m08mes.bin	10	0x0BEC	gaiji=81B8	お兄ちゃん‼	오빠‼
S1S:m08mes:11	m08mes.bin	11	0x0BED	gaiji=81B8	隊長‼	대장‼
S1S:m08mes:12	m08mes.bin	12	0x0BEE	gaiji=81B8	遅いで二人とも‼	너희　둘　다　늦었데이‼
S1S:m08mes:13	m08mes.bin	13	0x0BEF	gaiji=81B8	まったくですわ‼	정말이에요‼
S1S:m08mes:14	m08mes.bin	14	0x0BF1	dup=S1A:0601tbl:1055;gaiji=81B8	はいっ‼	네‼
S1S:m08mes:15	m08mes.bin	15	0x0BF2	gaiji=81B8	馬鹿め！\nたった二機で何ができる‼\n者ども行けっ‼	바보　녀석！\n고작　두　기로　뭘　할　수　있지‼\n모두　가라‼
S1S:m08mes:16	m08mes.bin	16	0x0BF3		この紅のミロクの\n本当の力を見せる時が来た様ね。	이　붉은　미로쿠의　진짜　힘을\n보여　줄　때가　온　모양이군．
S1S:m08mes:17	m08mes.bin	17	0x0BF4		きゃあああああぁ～！	꺄아아아아아아～！
S1S:m08mes:18	m08mes.bin	18	0x0BF5		お～っほほほほほほ！	오호호호호호호！
S1S:m08mes:19	m08mes.bin	19	0x0BF6	gaiji=81AC	えっ？　まさか！\nミロクの声⁉	엣？　설마！\n미로쿠의　목소리⁉
S1S:m08mes:20	m08mes.bin	20	0x0BF7		機体の爆発に紛れて\n逃げよったんや！\nほんましぶといやっちゃで！	기체　폭발에　숨어\n도망쳤데이！\n정말　질긴　녀석이데이！
S1S:m08mes:21	m08mes.bin	21	0x0BF8		ほほほほ！\nこれで、勝ったなんて\n思わないことね。	호호호호！\n이걸로　이겼다고\n생각하지　마！
S1S:m08mes:22	m08mes.bin	22	0x77C2		今頃は叉丹が……\nほほ、ほほほ……\nおほほほほ……！	지금쯤　사탄이……\n호호，　호호호……\n오호호호호……！
S1S:m08mes:23	m08mes.bin	23	0x0BFA		米田中将や\nあやめさんが心配です！\nとりあえず上に上がりましょう。	요네다　중장과\n아야메　씨가　걱정돼요！\n일단　위로　올라가요．
S1S:m08mes:24	m08mes.bin	24	0x2710	gaiji=81B8	ドアを開けたわ！\nみんな急いで退避して‼	문을　열었어요！\n모두　서둘러　대피하세요‼
S1S:m08mes:25	m08mes.bin	25	0x2711	gaiji=81B8	ドアを開けたぞ！\nみんな急いで退避するんだ‼	문을　열었다！\n모두　서둘러　대피해‼
S1S:m08mes:26	m08mes.bin	26	0x2712	gaiji=81B8	ドアを開けたよ！\nみんなはやく逃げてー‼	문　열었어！\n모두　빨리　도망쳐ー‼
S1S:m08mes:27	m08mes.bin	27	0x2713	gaiji=81B8	やったわ！\nこれでミロクを追いつめることが\n出来ますよ‼	해냈어요！\n이걸로　미로쿠를　몰아붙일　수\n있어요‼
S1S:m08mes:28	m08mes.bin	28	0x2714		よし、やったぞ！\nこれでミロクを追いつめられる！	좋아，　해냈다！　이걸로　미로쿠를\n몰아붙일　수　있어！
S1S:m08mes:29	m08mes.bin	29	0x2715	gaiji=81B8	ＯＫ！\nあとはミロクを包囲するだけよ‼	ＯＫ！　이제　미로쿠를　포위하기만\n하면　돼‼
S1S:m08mes:30	m08mes.bin	30	0x2716		やったで！\nこれでミロクんとこに\n行けるで！	해냈데이！\n이걸로　미로쿠에게\n갈　수　있데이！
S1S:m08mes:31	m08mes.bin	31	0x2717		おほほほほほ！\nあとはあのハデな女を\n倒すだけですわ。	오호호호호호！\n이제　저　화려한　여자를\n쓰러뜨리기만　하면　되겠군요．
S1S:m08mes:32	m08mes.bin	32	0x2718		よっしゃ！\nこれでミロクを追いつめたぜ！	좋아！\n이걸로　미로쿠를　몰아붙였다！
S1S:m08mes:33	m08mes.bin	33	0x2719		やったぁ！\nこれでミロクの所に行けるね！	해냈다！\n이걸로　미로쿠에게　갈　수　있네！
S1S:m08mes:34	m08mes.bin	34	0x271A		みんな……ありがとう。	모두……　고마워．
S1S:m08mes:35	m08mes.bin	35	0x271B		欠番	결번
S1S:m08mes:36	m08mes.bin	36	0x271C	dup=S1S:m08mes:35	欠番	결번
S1S:m08mes:37	m08mes.bin	37	0x271D		わーい、\nさくらが帰ってきた！	와아，\n사쿠라가　돌아왔다！
S1S:m08mes:38	m08mes.bin	38	0x271E	dup=S1A:0101tbl:788	アイリス……	아이리스……
S1S:m08mes:39	m08mes.bin	39	0x271F		さくらはん、\n心配してたんやで！	사쿠라　씨，\n걱정했데이！
S1S:m08mes:40	m08mes.bin	40	0x2720		紅蘭……ありがとう。	코란……　고마워．
S1S:m08mes:41	m08mes.bin	41	0x2721		さくら。\nみんな待ってたのよ。	사쿠라．\n모두　기다리고　있었어．
S1S:m08mes:42	m08mes.bin	42	0x2722		マリアさん……	마리아　씨……
S1S:m08mes:43	m08mes.bin	43	0x2723		まったく人騒がせなんだから。\nでも、これで役者は\nそろいましたわね。	정말　사람을　걱정시키는군요．\n하지만　이걸로　출연진은\n다　모였군요．
S1S:m08mes:44	m08mes.bin	44	0x2724		すみれさん……	스미레　씨……
S1S:m08mes:45	m08mes.bin	45	0x2725		さくら、待ってたんだぜ！\nやっぱりお前さんがいないと、\nピリッとしなくてさ。	사쿠라，　기다리고　있었다고！\n역시　네가　없으면\n영　맥이　안　나서　말이야．
S1S:m08mes:46	m08mes.bin	46	0x2726		ありがとう……カンナさん。	고마워……　칸나　씨．
S1S:m08mes:47	m08mes.bin	47	0x2727	gaiji=81B8	みんな……\nあたしにはみんながついている！\n大神さんと花組のみんなが‼	모두……\n내게는　모두가　함께야！\n오오가미　씨와　화조　모두가‼
S1S:m08mes:48	m08mes.bin	48	0x2728		あたしは負けない！\nみんなのためにも……\n絶対に負けない！	나는　지지　않아！\n모두를　위해서라도……\n절대　지지　않아！
S1S:m08mes:49	m08mes.bin	49	0x2729		ライトの点灯しているところに、\nドアを開けるスイッチがあるわ！	불이　켜진　곳에\n문을　여는　스위치가　있어！
S1S:m08mes:50	m08mes.bin	50	0x272A	dup=S1S:m07mes:93	出てくるがよい！\nわらわが忠実なるしもべ、\n紅蜂隊！	나와라！\n나의　충실한　하인，\n홍봉대！
S1S:m08mes:51	m08mes.bin	51	0x272B	gaiji=81B8	ドアを開けるスイッチは\nライトの点灯しているところだ。\n行くぞ‼　さくらくん。	문을　여는　스위치는\n불이　켜진　곳에　있다．\n가자‼　사쿠라　군．
S1S:m08mes:52	m08mes.bin	52	0x272C	gaiji=81AC	ま、まさか！\nヤツらの襲撃は\n俺たちを足止めするために⁉	서，　설마！\n저들의　습격은\n우리　발을　묶으려고⁉
S1S:m08mes:53	m08mes.bin	53	0x272D		おにいちゃん……\n何か隠れているよ……	오빠……\n뭔가　숨어　있어……
S1S:m08mes:54	m08mes.bin	54	0x272E	gaiji=81B8	こちらの階にも脇侍が数機\n侵入して手こずっているの‼\n助言はできないけどがんばって‼	이　층에도　협시　몇　기가\n들어와서　애먹이고　있어‼\n도움은　못　주지만　힘내‼
S1S:m08mes:55	m08mes.bin	55	0x272F		大神さん……\nさっきの　あたしの\n子供の時の話なんですけど……	오오가미　씨……\n아까　제　어린　시절\n이야기　말인데……
S1S:m08mes:56	m08mes.bin	56	0x2730		あの話……\n誰にも言わないでくださいね……	그　이야기……　아무에게도　말하지\n말아　주세요……
S1S:m08mes:57	m08mes.bin	57	0x2731		わかった。\n二人だけの秘密だ。	알았어．\n둘만의　비밀이야．
S1S:m08mes:58	m08mes.bin	58	0x2732		えへへ……\nなんだか……てれますね。	에헤헤……\n왠지……　부끄럽네요．
S1S:m08mes:59	m08mes.bin	59	0x2733		でも大神さんに話してよかった。\nあたし……もう過去の記憶に\n負けませんから。	그래도　오오가미　씨에게　말하길\n잘했어요．　저는……　이제　과거의\n기억에　지지　않을　테니까요．
S1S:m08mes:60	m08mes.bin	60	0x2734		だって、あたしには\n大神さんや、花組のみんなが\nついてるんですもの。	왜냐하면　제게는\n오오가미　씨와　화조　모두가\n함께　있으니까요．
S1S:m08mes:61	m08mes.bin	61	0x2735	dup=S1A:0101tbl:134	さくらくん……	사쿠라　군……
S1S:m08mes:62	m08mes.bin	62	0x2736		大神さん、行きましょう！\nみんなで力をあわせれば\n必ず、勝てます！	오오가미　씨，　가요！\n다　함께　힘을　합치면\n반드시　이길　수　있어요！
S1S:m08mes:63	m08mes.bin	63	0x2737		話してもいいじゃないか。\n隊員同士、秘密はよくないよ。	말해도　괜찮잖아．\n대원끼리　비밀은　좋지　않아．
S1S:m08mes:64	m08mes.bin	64	0x2738		だめです！\nこれは大神さんと\nあたしだけの秘密です。	안　돼요！\n이건　오오가미　씨와\n저만의　비밀이에요．
S1S:m08mes:65	m08mes.bin	65	0x2739	dup=S1A:0206tbl:364	うーん……\nどうしようかな……	음…\n어떻게　할까…
S1S:m08mes:66	m08mes.bin	66	0x273A		いいですか大神さん！\nもしもしゃべったら、\nあたしの雷が落ちますよ！	좋아요，　오오가미　씨！\n만약　말하면\n제　벼락이　떨어질　거예요！
S1S:m08mes:67	m08mes.bin	67	0x273B	gaiji=81B8	いいっ‼\nわ、わかった！\n絶対にしゃべらないよ！	좋아‼\n아，　알았어！\n절대　말하지　않을게！
S1S:m08mes:68	m08mes.bin	68	0x2774	gaiji=81AC,81B8	お……おばちゃん……⁉\nこ……このガキ……‼	아……　아줌마……⁉\n이……　이　꼬맹이가……‼
S1S:m08mes:69	m08mes.bin	69	0x277E		わかった。\n話してもいいじゃないか。	알았어．\n말해도　괜찮잖아．
S1S:m08mes:70	m08mes.bin	70	0x27D8		大神はん！　整備品の中には\n紅蜂隊の化けとんのが\nあるようやで！	오오가미　씨！　정비품　중에\n홍봉대가　변장한　게\n있는　것　같데이！
S1S:m08mes:71	m08mes.bin	71	0x3A98		あたし……大神さんを\n信頼しています！	저……　오오가미　씨를\n믿고　있어요！
S1S:m08mes:72	m08mes.bin	72	0x3A99		あたし、大神さんと一緒なら\nもっと力を出せそうな\n気がするんです！	저，　오오가미　씨와　함께라면\n더　힘을　낼　수　있을　것\n같아요！
S1S:m08mes:73	m08mes.bin	73	0x3A9A		だから、大神さん……\nそばにいてくださいね！	그러니　오오가미　씨……\n곁에　있어　주세요！
S1S:m08mes:74	m08mes.bin	74	0x4E16	dup=S1S:m01mes:81	みんな、俺が守らなくても\nだいじょうぶだな。	모두，　내가　지키지　않아도\n괜찮겠군．
S1S:m08mes:75	m08mes.bin	75	0x4E17	dup=S1S:m01mes:82	さくらくん……\n俺は必ず、きみを守る！	사쿠라　군……\n나는　반드시，　그대를　지키겠어！
S1S:m08mes:76	m08mes.bin	76	0x4E18	dup=S1S:m01mes:83	すみれくん……\n俺がいつでも守ってやるよ。	스미레　군……\n내가　언제든　지켜　주지．
S1S:m08mes:77	m08mes.bin	77	0x4E19	dup=S1S:m01mes:84	マリア……\nきみの背中を守らせてくれ。	마리아……\n네　뒤를　지키게　해　줘．
S1S:m08mes:78	m08mes.bin	78	0x4E1A	dup=S1S:m01mes:85	いつでも、アイリスのことを\n守ってあげるよ。	언제든　아이리스를\n지켜　줄게．
S1S:m08mes:79	m08mes.bin	79	0x4E1B	dup=S1S:m01mes:86	紅蘭は俺が守る！\nだから、心配するな！	코란은　내가　지킨다！\n그러니　걱정　마！
S1S:m08mes:80	m08mes.bin	80	0x4E1C	dup=S1S:m01mes:87	カンナ！\n防御なら俺にまかせろ！	칸나！\n방어라면　나한테　맡겨！
S1S:m08mes:81	m08mes.bin	81	0x07E3	dup=S1S:m01mes:111	あたしが、頑張んなきゃ！	내가　힘내야　해！
S1S:m08mes:82	m08mes.bin	82	0x07E4	dup=S1S:m01mes:112	行きます！	갑니다！
S1S:m08mes:83	m08mes.bin	83	0x07E5	dup=S1S:m01mes:113;gaiji=81B8	まかせてください‼	맡겨　주세요‼
S1S:m08mes:84	m08mes.bin	84	0x07E6	dup=S1S:m01mes:114	見ていてくださいね、\n大神さん。	지켜봐　주세요，\n오오가미　씨．
S1S:m08mes:85	m08mes.bin	85	0x07E7	dup=S1S:m01mes:115	まだ、まだ大丈夫……	아직，　아직　괜찮아……
S1S:m08mes:86	m08mes.bin	86	0x07E8	dup=S1A:0801tbl:1020	ありがとうございます！	감사합니다！
S1S:m08mes:87	m08mes.bin	87	0x07E9	dup=S1S:m01mes:117	がんばって！　大神さん！	힘내요！　오오가미　씨！
S1S:m08mes:88	m08mes.bin	88	0x07EA	dup=S1S:m01mes:118	大神さんが頼りです！	오오가미　씨만　믿을게요！
S1S:m08mes:89	m08mes.bin	89	0x07EB	dup=S1S:m01mes:119	きゃぁぁぁ……	꺄아아아……
S1S:m08mes:90	m08mes.bin	90	0x07EC	dup=S1S:m01mes:120	つっ、\n次は負けないわ！	다，\n다음엔　지지　않을　거야！
S1S:m08mes:91	m08mes.bin	91	0x07ED	dup=S1S:m01mes:121	大神さん……\n本当にごめんなさい……	오오가미　씨……\n정말　미안해요……
S1S:m08mes:92	m08mes.bin	92	0x07F9	dup=S1S:m01mes:122	わたくしの出番ですわね。	제　차례군요．
S1S:m08mes:93	m08mes.bin	93	0x07FA	dup=S1S:m01mes:123	オホホホホホ……	오호호호호호……
S1S:m08mes:94	m08mes.bin	94	0x07FB	dup=S1S:m01mes:124;gaiji=81B8	いきますわよ‼	갑니다‼
S1S:m08mes:95	m08mes.bin	95	0x07FC	dup=S1S:m01mes:125	今日のわたくしは\nあなたのために！	오늘의　저는\n당신을　위해！
S1S:m08mes:96	m08mes.bin	96	0x07FD	dup=S1S:m01mes:126	この程度では負けませんわ……	이　정도로는　지지　않아요……
S1S:m08mes:97	m08mes.bin	97	0x07FE	dup=S1S:m01mes:127	少尉……\nやはりわたくしのことを……	소위님……\n역시　저를……
S1S:m08mes:98	m08mes.bin	98	0x07FF	dup=S1S:m01mes:128	さっ、少尉の出番ですわよ！	자，　소위님　차례예요！
S1S:m08mes:99	m08mes.bin	99	0x0800	dup=S1S:m01mes:129	わたくしが見ていますわよ！	제가　보고　있어요！
S1S:m08mes:100	m08mes.bin	100	0x0801	dup=S1S:m01mes:130;gaiji=81B8	うわぁぁぁ……‼	우와아아아……‼
S1S:m08mes:101	m08mes.bin	101	0x0802	dup=S1S:m01mes:131	今日の所は\n負けておいてあげますわ！	오늘은\n져　드리도록　하죠！
S1S:m08mes:102	m08mes.bin	102	0x0803	dup=S1S:m01mes:132;gaiji=81B8	隊長には\nわたくしが必要ですのに‼	대장님께는\n제가　필요한데요‼
S1S:m08mes:103	m08mes.bin	103	0x080F	dup=S1S:m01mes:133	敵は私が倒すしかない！	적은　내가　쓰러뜨릴　수밖에！
S1S:m08mes:104	m08mes.bin	104	0x0810	dup=S1S:m01mes:134;gaiji=81AC	次の目標はどこ⁉	다음　목표는　어디⁉
S1S:m08mes:105	m08mes.bin	105	0x0811	dup=S1S:m01mes:135	死にたいなら、\n前にでなさい……	죽고　싶다면，\n앞으로　나와……
S1S:m08mes:106	m08mes.bin	106	0x0812	dup=S1S:m01mes:136	作戦指示を\nお願いします！	작전　지시를\n부탁합니다！
S1S:m08mes:107	m08mes.bin	107	0x0813	dup=S1S:m01mes:137;gaiji=81B8	まだよ‼　まだまだ‼	아직이야‼　아직　멀었어‼
S1S:m08mes:108	m08mes.bin	108	0x0814	dup=S1S:m05mes:27	わ、わたしなんかの為に……	저，　저　같은　사람을　위해……
S1S:m08mes:109	m08mes.bin	109	0x0815	dup=S1S:m01mes:139	頑張ってください……隊長！	힘내세요……　대장님！
S1S:m08mes:110	m08mes.bin	110	0x0816	dup=S1S:m01mes:140	隊長、生きて帰りましょう！	대장님，　살아서　돌아가요！
S1S:m08mes:111	m08mes.bin	111	0x0817	dup=S1S:m01mes:141	ああぁぁぁ……	아아아아……
S1S:m08mes:112	m08mes.bin	112	0x0818	dup=S1S:m01mes:142;gaiji=81B8	つ、強いわ‼\n撤退‼	강해‼\n후퇴‼
S1S:m08mes:113	m08mes.bin	113	0x0819	dup=S1S:m01mes:143	すみません隊長。\n撤退します！	미안해요，　대장님．\n후퇴하겠습니다！
S1S:m08mes:114	m08mes.bin	114	0x0827	dup=S1S:m01mes:144	アイリスだって、\nがんばるモン！	아이리스도\n힘낼　거야！
S1S:m08mes:115	m08mes.bin	115	0x0828	dup=S1S:m01mes:145	アイリス、いきまーす！	아이리스，　갑니다아！
S1S:m08mes:116	m08mes.bin	116	0x0829	dup=S1S:m01mes:146	アイリス、強いんだよぉ！	아이리스，　강하다구！
S1S:m08mes:117	m08mes.bin	117	0x082A	dup=S1S:m01mes:147;gaiji=81B8	アイリス、\nお兄ちゃんのために、頑張る‼	아이리스，\n오빠를　위해　힘낼게‼
S1S:m08mes:118	m08mes.bin	118	0x082B	dup=S1S:m01mes:148	なんか、\nバチバチいってるよ……	뭔가，\n파직파직　소리가　나……
S1S:m08mes:119	m08mes.bin	119	0x082C	dup=S1S:m01mes:149	お兄ちゃん、だーいすき！	오빠，　정말　좋아해！
S1S:m08mes:120	m08mes.bin	120	0x082D	dup=S1S:m01mes:150	お兄ちゃん！　ファイトッ！	오빠！　힘내！
S1S:m08mes:121	m08mes.bin	121	0x082E	dup=S1S:m01mes:151	アイリスが見てるからね！	아이리스가　보고　있으니까！
S1S:m08mes:122	m08mes.bin	122	0x082F	dup=S1S:m01mes:152	きゃあぁぁぁ……	꺄아아아……
S1S:m08mes:123	m08mes.bin	123	0x0830	dup=S1S:m01mes:153	お星様の……\nバカ……	별님……\n바보……
S1S:m08mes:124	m08mes.bin	124	0x0831	dup=S1S:m01mes:154	お兄ちゃん、ゴメンね……	오빠，　미안해……
S1S:m08mes:125	m08mes.bin	125	0x083D	dup=S1S:m01mes:155	ウチも\n頑張らせてもらうで～	나도\n힘낼게데이～
S1S:m08mes:126	m08mes.bin	126	0x083E	dup=S1S:m01mes:156	科学をなめたら、\nあかんでぇ～	과학을　얕보면，\n안　된데이～
S1S:m08mes:127	m08mes.bin	127	0x083F	dup=S1S:m01mes:157;gaiji=81B8	ほんなら、いくでー‼	그럼，　간다‼
S1S:m08mes:128	m08mes.bin	128	0x0840	dup=S1S:m01mes:158	ウチを見ててやー！	나를　봐　줘～！
S1S:m08mes:129	m08mes.bin	129	0x0841	dup=S1S:m01mes:159	ダメージ喰らいすぎや！	너무　많이　맞았데이！
S1S:m08mes:130	m08mes.bin	130	0x0842	dup=S1S:m01mes:160	ウチ感動や～！	나　감동했데이～！
S1S:m08mes:131	m08mes.bin	131	0x0843	dup=S1S:m01mes:161	ウチが応援してるでぇ～！	내가　응원하고　있데이～！
S1S:m08mes:132	m08mes.bin	132	0x0844	dup=S1S:m01mes:162	がんばってや！　大神はん！	힘내래이！　오오가미　씨！
S1S:m08mes:133	m08mes.bin	133	0x0845	dup=S1S:m01mes:163	うわあぁぁぁぁ……	으아아아아……
S1S:m08mes:134	m08mes.bin	134	0x0846	dup=S1S:m01mes:164	あちゃー……\nいかれた……	아차……\n망가졌어……
S1S:m08mes:135	m08mes.bin	135	0x0847	dup=S1S:m01mes:165	隊長はん、\n迷惑かけてすんまへん……	대장님，\n폐를　끼쳐서　미안하데이……
S1S:m08mes:136	m08mes.bin	136	0x0854	dup=S1S:m01mes:166;gaiji=81B8	よっしゃ！\nやってやるか‼	좋아！\n해　볼까‼
S1S:m08mes:137	m08mes.bin	137	0x0855	dup=S1S:m01mes:167	気合いを入れるぜ！\nチェストォォ！	기합을　넣자！\n체스토오오！
S1S:m08mes:138	m08mes.bin	138	0x0856	dup=S1S:m01mes:168	桐島流の奥義、見せてやるぜ！	키리시마류의　비기，　보여　주마！
S1S:m08mes:139	m08mes.bin	139	0x0857	dup=S1S:m01mes:169;gaiji=81B8	さぁ‼\n行こうぜ、隊長‼	자아‼\n가자，　대장‼
S1S:m08mes:140	m08mes.bin	140	0x0858	dup=S1S:m01mes:170;gaiji=81B8	だいじょうぶ！\nまだ平気だぜ‼	괜찮아！\n아직　문제없어‼
S1S:m08mes:141	m08mes.bin	141	0x0859	dup=S1S:m01mes:171	さんきゅ！　助かったぜ！	고마워！　살았다！
S1S:m08mes:142	m08mes.bin	142	0x085A	dup=S1S:m01mes:172	いこうぜ！　隊長！	가자！　대장！
S1S:m08mes:143	m08mes.bin	143	0x085B	dup=S1S:m01mes:173	隊長の力を見せてやれ！	대장의　힘을　보여　줘！
S1S:m08mes:144	m08mes.bin	144	0x085C	dup=S1S:m01mes:174	うあああぁぁぁぁ……	으아아아아……
S1S:m08mes:145	m08mes.bin	145	0x085D	dup=S1S:m01mes:175	くっ、\nまだまだ修行がたりない……	큭，\n아직　수련이　부족해……
S1S:m08mes:146	m08mes.bin	146	0x085E	dup=S1S:m01mes:176	隊長のために、\n戦わなくちゃ……	대장을　위해\n싸워야　해……
S1S:m08mes:147	m08mes.bin	147	0x096E	dup=S1A:0804tbl:180	よっしゃあ！	좋았어！
S1S:m08mes:148	m08mes.bin	148	0x0D0A	dup=S1S:m01mes:178	やったわ！	해냈어！
S1S:m08mes:149	m08mes.bin	149	0x0D0B	dup=S1S:m01mes:179	やりましたわ！	해냈어요！
S1S:m08mes:150	m08mes.bin	150	0x0D0C	dup=S1S:m01mes:180	ふっ！	후！
S1S:m08mes:151	m08mes.bin	151	0x0D0D	dup=S1S:m01mes:181	やったでー！	해냈데이！
S1S:m08mes:152	m08mes.bin	152	0x0D0E	dup=S1S:m01mes:182;gaiji=81B8	わーい　わーい‼	와아　와아‼
S1S:m08mes:153	m08mes.bin	153	0xEA60		ねえ、紅蘭。\nこのへんにある光武みたいの\nなあに？	저기，　코란．\n이　근처에　있는　광무　같은　건\n뭐야？
S1S:m08mes:154	m08mes.bin	154	0xEA6A		この格納庫には、光武の修理用に\n部品と器具がおいてあるんや。\n当然、光武の外装の予備もや。	이　격납고에는　광무　수리용\n부품과　도구가　놓여　있데이．\n당연히　광무　외장　예비도　있고．
S1S:m08mes:155	m08mes.bin	155	0xEA74		……でも、こないぎょうさん\nあったかいな？	……그래도，　이렇게　많이\n있었나？
S1S:m08mes:156	m08mes.bin	156	0xEA7E		くぅぅぅぅ～！	쿠우우우우～！
S1S:m08mes:157	m08mes.bin	157	0x00CD	dup=S1A:0700tbl:499	ふふふ……	후후후……
S1S:m09mes:0	m09mes.bin	0	0x0BFC		ええ！\nこの辺りの妖気の高まり……\n間違いありませんわ！	네！\n이　근처　요기의　고조……\n틀림없어요！
S1S:m09mes:1	m09mes.bin	1	0x0BFD		行き止まりだぜ。	막다른　길이야．
S1S:m09mes:2	m09mes.bin	2	0x0BFE		ふははははは！\nごくろうだな、華撃団！	후하하하하하！\n수고가　많군，　화격단！
S1S:m09mes:3	m09mes.bin	3	0x0BFF		あの男は、黒之巣会の……！	저　남자는　흑지소회의……！
S1S:m09mes:4	m09mes.bin	4	0x0C00		っちゅうことは、やっぱり\nこの辺に天海がおんねんな。	그렇다면　역시\n이　근처에　텐카이가　있는　기가．
S1S:m09mes:5	m09mes.bin	5	0x0C02	gaiji=81AC	親玉……⁉\nフフフ……	두목……⁉\n후후후……
S1S:m09mes:6	m09mes.bin	6	0x0C03		上野公園でわたくしに\nコテンパンにされたのを\n懲りてらっしゃらない様ね。	우에노　공원에서　제게　박살　난\n걸로도　아직　정신을　못　차리셨나\n보군요．
S1S:m09mes:7	m09mes.bin	7	0x0C04		隊長！\nこの男を倒して、天海の居場所を\n吐かせましょう！	대장！　이　남자를　쓰러뜨려\n텐카이의　위치를　불게　합시다！
S1S:m09mes:8	m09mes.bin	8	0x0C05	gaiji=81AC	それはどうかな⁉	그건　어떨까⁉
S1S:m09mes:9	m09mes.bin	9	0x0C07	gaiji=81B8	ええぇぇいっ‼	에에에에잇‼
S1S:m09mes:10	m09mes.bin	10	0x0C09		遅ればせながら\n真宮寺さくら、参上！	늦었지만\n신구지　사쿠라，　등장！
S1S:m09mes:11	m09mes.bin	11	0x0C0A		おそいのよ！\n……あなたって人は！	늦었어！\n……당신이란　사람은！
S1S:m09mes:12	m09mes.bin	12	0x0C0B		隊長！　みんな！　黒之巣会の\n本拠地が分かりました。\nここは退いて下さい！	대장！　모두！　흑지소회의\n본거지를　알아냈어요．\n여긴　물러나　주세요！
S1S:m09mes:13	m09mes.bin	13	0x0C0C	gaiji=81AC	本当⁉	정말⁉
S1S:m09mes:14	m09mes.bin	14	0x0C0D		説明は後です。\n一気に戦線を離脱します！\nあたしの後についてきて！	설명은　나중에　할게요．\n단숨에　전선에서　이탈합니다！\n제　뒤를　따라와요！
S1S:m09mes:15	m09mes.bin	15	0x0C0E	gaiji=81B8	あたしの大事な仲間を\n傷つけるヤツは……\n許さない‼	소중한　동료를\n다치게　하는　놈은……\n용서하지　않아‼
S1S:m09mes:16	m09mes.bin	16	0x0C10	dup=S1A:0806tbl:71;gaiji=81B8	了解‼	알겠습니다‼
S1S:m09mes:17	m09mes.bin	17	0x0C11		天海か華撃団か……\nどちらが勝つも良し……\nフフフ……	텐카이냐　화격단이냐……\n어느　쪽이　이겨도　좋다……\n후후후……
S1S:m09mes:18	m09mes.bin	18	0x2710		すみれくん！　このあたりだな！	스미레　군！　이　근처지！
S1S:m09mes:19	m09mes.bin	19	0x2711		貴様ごときに\nかまっているひまはない！\n親玉の天海はどこだ！	네놈　따위와\n상대할　여유는　없다！\n두목　텐카이는　어디냐！
S1S:m09mes:20	m09mes.bin	20	0x2712		くそう！\n総員、攻撃態勢だ！	젠장！\n전원　공격　태세다！
S1S:m09mes:21	m09mes.bin	21	0x2713		……大……くん？\nこれは……ワナ……\n退…………	……오오가미……　군？\n이건……　함정……\n물러……
S1S:m09mes:22	m09mes.bin	22	0x2714		あやめさん？　ワナ？\nまずい、総員攻撃態勢で\n後方へ退避しろ！	아야메　씨？　함정？\n큰일이다，　전원　공격　태세로\n후방으로　대피해！
S1S:m09mes:23	m09mes.bin	23	0x2715		フフフ……\n逃がさん！	후후후……\n도망　못　간다！
S1S:m09mes:24	m09mes.bin	24	0x2716		クッ……！\nこういうことか！	큭……！\n이런　뜻이었나！
S1S:m09mes:25	m09mes.bin	25	0x2717		やられちゃうよぉ～！	당하겠어어～！
S1S:m09mes:26	m09mes.bin	26	0x2718		こうなったらヤケクソや！	이렇게　된　이상　자포자기다！
S1S:m09mes:27	m09mes.bin	27	0x2719		やれるところまで\nやってやらー！	할　수　있는　데까지\n해　주겠어！
S1S:m09mes:28	m09mes.bin	28	0x271A	gaiji=81B8	くそっ！\n敵の数が多すぎる‼	젠장！\n적이　너무　많아‼
S1S:m09mes:29	m09mes.bin	29	0x271B	gaiji=81AC	隊長……\nどうするんだ⁉	대장……\n어떻게　할　거야⁉
S1S:m09mes:30	m09mes.bin	30	0x271C		こうなったら……\n玉砕覚悟で攻撃するぞ！	이렇게　된　이상……\n전멸　각오로　공격한다！
S1S:m09mes:31	m09mes.bin	31	0x271D		隊長！\nあきらめないでください！	대장！\n포기하지　마세요！
S1S:m09mes:32	m09mes.bin	32	0x271E	gaiji=81AC	私たちが……帝国華撃団が\n全滅してしまったら……\nこの帝都はどうなるんですか⁉	우리……　제국화격단이\n전멸해　버리면……\n이　제도는　어떻게　되나요⁉
S1S:m09mes:33	m09mes.bin	33	0x271F		そうや！\n玉砕なんて言葉を、\n軽々しく口にしたらあかん！	맞데이！\n전멸　따위라는　말을\n함부로　입에　올리면　안　돼！
S1S:m09mes:34	m09mes.bin	34	0x2720		天海を……黒之巣会を倒せるのは\nウチらしかおらんのや！	텐카이를……　흑지소회를　쓰러뜨릴\n수　있는　건　우리뿐이야！
S1S:m09mes:35	m09mes.bin	35	0x2721		少尉、ここは守備陣形をしいて、\n脱出の機会を待ちましょう！	소위님，　여기서는　수비　진형을\n짜고，　탈출　기회를　기다리죠！
S1S:m09mes:36	m09mes.bin	36	0x2722		みんな、命をムダにするな！\nこの大軍とまともにぶつかっても\n勝負にならない。	모두　목숨을　헛되이　하지　마！\n이　대군과　정면으로　부딪쳐도\n승산이　없어．
S1S:m09mes:37	m09mes.bin	37	0x2723		とりあえず、守備陣形をしけ！\nあとは脱出の機会を待とう！	일단　수비　진형을　짜！\n그다음　탈출　기회를　기다리자！
S1S:m09mes:38	m09mes.bin	38	0x2724		了解しましたわ。たしかにここは\n神崎すみれ様が立つ舞台には\nふさわしくなさそうですわ。	알겠습니다．　확실히　이곳은\n칸자키　스미레　님이　설　무대로는\n어울리지　않아　보이네요．
S1S:m09mes:39	m09mes.bin	39	0x2725	dup=S1A:0102tbl:383	了解！	알겠습니다！
S1S:m09mes:40	m09mes.bin	40	0x2726		うん、わかった！	응，　알았어！
S1S:m09mes:41	m09mes.bin	41	0x2727		了解や！\n逃げるのかて立派な戦法やしな。	알겠데이！　도망치는　것도　훌륭한\n전법이니까．
S1S:m09mes:42	m09mes.bin	42	0x2728		了解、隊長！\nあたいたちは、こんなところで\n死ぬわけにはいかねえもんな！	알았다，　대장！\n우린　이런　데서\n죽을　수는　없지！
S1S:m09mes:43	m09mes.bin	43	0x2729		そやけど……\nこの大軍を相手に\nどれだけもつやろか……	하지만……\n이　대군을　상대로\n얼마나　버틸　수　있을까……
S1S:m09mes:44	m09mes.bin	44	0x272A		このままやと、\n遅かれ早かれ、全滅や……\n絶体絶命やな。	이대로라면，\n조만간　전멸이야……\n절체절명이네．
S1S:m09mes:45	m09mes.bin	45	0x272B		けれど……\n絶体絶命の状況ですわね。	하지만……\n절체절명의　상황이네요．
S1S:m09mes:46	m09mes.bin	46	0x272C		この大軍を相手に、いつまで\n耐えられるでしょうか……	이　대군을　상대로，　언제까지\n버틸　수　있을까요……
S1S:m09mes:47	m09mes.bin	47	0x272D		……大神はんも打つ手なし、か。\n絶体絶命やな……	……오오가미　씨도　수가　없나．\n절체절명이네……
S1S:m09mes:48	m09mes.bin	48	0x272E		確かに、この大軍を突破して\n脱出するのは難しそうですわね。	확실히　이　대군을　뚫고\n탈출하는　건　어려워　보이네요．
S1S:m09mes:49	m09mes.bin	49	0x272F	gaiji=81AC	な　なにごとですの⁉	뭐，　무슨　일이죠⁉
S1S:m09mes:50	m09mes.bin	50	0x2730	gaiji=81AC	あれは……⁉	저건……⁉
S1S:m09mes:51	m09mes.bin	51	0x2731	gaiji=81B8	翔鯨丸‼	상경환‼
S1S:m09mes:52	m09mes.bin	52	0x2732	gaiji=81B8	さくらくん！\n無事だったのか‼	사쿠라　군！\n무사했나‼
S1S:m09mes:53	m09mes.bin	53	0x2733	gaiji=81B8	よし！　みんな！\nさくらくんに続け‼	좋아！　모두！\n사쿠라　군을　따라가‼
S1S:m09mes:54	m09mes.bin	54	0x277E		玉砕覚悟で攻撃するぞ！\n命をムダにするな！	전멸　각오로　공격한다！\n목숨을　헛되이　하지　마！
S1S:m09mes:55	m09mes.bin	55	0x4E16	dup=S1S:m01mes:81	みんな、俺が守らなくても\nだいじょうぶだな。	모두，　내가　지키지　않아도\n괜찮겠군．
S1S:m09mes:56	m09mes.bin	56	0x4E17	dup=S1S:m01mes:82	さくらくん……\n俺は必ず、きみを守る！	사쿠라　군……\n나는　반드시，　그대를　지키겠어！
S1S:m09mes:57	m09mes.bin	57	0x4E18	dup=S1S:m01mes:83	すみれくん……\n俺がいつでも守ってやるよ。	스미레　군……\n내가　언제든　지켜　주지．
S1S:m09mes:58	m09mes.bin	58	0x4E19	dup=S1S:m01mes:84	マリア……\nきみの背中を守らせてくれ。	마리아……\n네　뒤를　지키게　해　줘．
S1S:m09mes:59	m09mes.bin	59	0x4E1A	dup=S1S:m01mes:85	いつでも、アイリスのことを\n守ってあげるよ。	언제든　아이리스를\n지켜　줄게．
S1S:m09mes:60	m09mes.bin	60	0x4E1B	dup=S1S:m01mes:86	紅蘭は俺が守る！\nだから、心配するな！	코란은　내가　지킨다！\n그러니　걱정　마！
S1S:m09mes:61	m09mes.bin	61	0x4E1C	dup=S1S:m01mes:87	カンナ！\n防御なら俺にまかせろ！	칸나！\n방어라면　나한테　맡겨！
S1S:m09mes:62	m09mes.bin	62	0x07E3	dup=S1S:m01mes:111	あたしが、頑張んなきゃ！	내가　힘내야　해！
S1S:m09mes:63	m09mes.bin	63	0x07E4	dup=S1S:m01mes:112	行きます！	갑니다！
S1S:m09mes:64	m09mes.bin	64	0x07E5	dup=S1S:m01mes:113;gaiji=81B8	まかせてください‼	맡겨　주세요‼
S1S:m09mes:65	m09mes.bin	65	0x07E6	dup=S1S:m01mes:114	見ていてくださいね、\n大神さん。	지켜봐　주세요，\n오오가미　씨．
S1S:m09mes:66	m09mes.bin	66	0x07E7	dup=S1S:m01mes:115	まだ、まだ大丈夫……	아직，　아직　괜찮아……
S1S:m09mes:67	m09mes.bin	67	0x07E8	dup=S1A:0801tbl:1020	ありがとうございます！	감사합니다！
S1S:m09mes:68	m09mes.bin	68	0x07E9	dup=S1S:m01mes:117	がんばって！　大神さん！	힘내요！　오오가미　씨！
S1S:m09mes:69	m09mes.bin	69	0x07EA	dup=S1S:m01mes:118	大神さんが頼りです！	오오가미　씨만　믿을게요！
S1S:m09mes:70	m09mes.bin	70	0x07EB	dup=S1S:m01mes:119	きゃぁぁぁ……	꺄아아아……
S1S:m09mes:71	m09mes.bin	71	0x07EC	dup=S1S:m01mes:120	つっ、\n次は負けないわ！	다，\n다음엔　지지　않을　거야！
S1S:m09mes:72	m09mes.bin	72	0x07ED	dup=S1S:m01mes:121	大神さん……\n本当にごめんなさい……	오오가미　씨……\n정말　미안해요……
S1S:m09mes:73	m09mes.bin	73	0x07F9	dup=S1S:m01mes:122	わたくしの出番ですわね。	제　차례군요．
S1S:m09mes:74	m09mes.bin	74	0x07FA	dup=S1S:m01mes:123	オホホホホホ……	오호호호호호……
S1S:m09mes:75	m09mes.bin	75	0x07FB	dup=S1S:m01mes:124;gaiji=81B8	いきますわよ‼	갑니다‼
S1S:m09mes:76	m09mes.bin	76	0x07FC	dup=S1S:m01mes:125	今日のわたくしは\nあなたのために！	오늘의　저는\n당신을　위해！
S1S:m09mes:77	m09mes.bin	77	0x07FD	dup=S1S:m01mes:126	この程度では負けませんわ……	이　정도로는　지지　않아요……
S1S:m09mes:78	m09mes.bin	78	0x07FE	dup=S1S:m01mes:127	少尉……\nやはりわたくしのことを……	소위님……\n역시　저를……
S1S:m09mes:79	m09mes.bin	79	0x07FF	dup=S1S:m01mes:128	さっ、少尉の出番ですわよ！	자，　소위님　차례예요！
S1S:m09mes:80	m09mes.bin	80	0x0800	dup=S1S:m01mes:129	わたくしが見ていますわよ！	제가　보고　있어요！
S1S:m09mes:81	m09mes.bin	81	0x0801	dup=S1S:m01mes:130;gaiji=81B8	うわぁぁぁ……‼	우와아아아……‼
S1S:m09mes:82	m09mes.bin	82	0x0802	dup=S1S:m01mes:131	今日の所は\n負けておいてあげますわ！	오늘은\n져　드리도록　하죠！
S1S:m09mes:83	m09mes.bin	83	0x0803	dup=S1S:m01mes:132;gaiji=81B8	隊長には\nわたくしが必要ですのに‼	대장님께는\n제가　필요한데요‼
S1S:m09mes:84	m09mes.bin	84	0x080F	dup=S1S:m01mes:133	敵は私が倒すしかない！	적은　내가　쓰러뜨릴　수밖에！
S1S:m09mes:85	m09mes.bin	85	0x0810	dup=S1S:m01mes:134;gaiji=81AC	次の目標はどこ⁉	다음　목표는　어디⁉
S1S:m09mes:86	m09mes.bin	86	0x0811	dup=S1S:m01mes:135	死にたいなら、\n前にでなさい……	죽고　싶다면，\n앞으로　나와……
S1S:m09mes:87	m09mes.bin	87	0x0812	dup=S1S:m01mes:136	作戦指示を\nお願いします！	작전　지시를\n부탁합니다！
S1S:m09mes:88	m09mes.bin	88	0x0813	dup=S1S:m01mes:137;gaiji=81B8	まだよ‼　まだまだ‼	아직이야‼　아직　멀었어‼
S1S:m09mes:89	m09mes.bin	89	0x0814	dup=S1S:m05mes:27	わ、わたしなんかの為に……	저，　저　같은　사람을　위해……
S1S:m09mes:90	m09mes.bin	90	0x0815	dup=S1S:m01mes:139	頑張ってください……隊長！	힘내세요……　대장님！
S1S:m09mes:91	m09mes.bin	91	0x0816	dup=S1S:m01mes:140	隊長、生きて帰りましょう！	대장님，　살아서　돌아가요！
S1S:m09mes:92	m09mes.bin	92	0x0817	dup=S1S:m01mes:141	ああぁぁぁ……	아아아아……
S1S:m09mes:93	m09mes.bin	93	0x0818	dup=S1S:m01mes:142;gaiji=81B8	つ、強いわ‼\n撤退‼	강해‼\n후퇴‼
S1S:m09mes:94	m09mes.bin	94	0x0819	dup=S1S:m01mes:143	すみません隊長。\n撤退します！	미안해요，　대장님．\n후퇴하겠습니다！
S1S:m09mes:95	m09mes.bin	95	0x0827	dup=S1S:m01mes:144	アイリスだって、\nがんばるモン！	아이리스도\n힘낼　거야！
S1S:m09mes:96	m09mes.bin	96	0x0828	dup=S1S:m01mes:145	アイリス、いきまーす！	아이리스，　갑니다아！
S1S:m09mes:97	m09mes.bin	97	0x0829	dup=S1S:m01mes:146	アイリス、強いんだよぉ！	아이리스，　강하다구！
S1S:m09mes:98	m09mes.bin	98	0x082A	dup=S1S:m01mes:147;gaiji=81B8	アイリス、\nお兄ちゃんのために、頑張る‼	아이리스，\n오빠를　위해　힘낼게‼
S1S:m09mes:99	m09mes.bin	99	0x082B	dup=S1S:m01mes:148	なんか、\nバチバチいってるよ……	뭔가，\n파직파직　소리가　나……
S1S:m09mes:100	m09mes.bin	100	0x082C	dup=S1S:m01mes:149	お兄ちゃん、だーいすき！	오빠，　정말　좋아해！
S1S:m09mes:101	m09mes.bin	101	0x082D	dup=S1S:m01mes:150	お兄ちゃん！　ファイトッ！	오빠！　힘내！
S1S:m09mes:102	m09mes.bin	102	0x082E	dup=S1S:m01mes:151	アイリスが見てるからね！	아이리스가　보고　있으니까！
S1S:m09mes:103	m09mes.bin	103	0x082F	dup=S1S:m01mes:152	きゃあぁぁぁ……	꺄아아아……
S1S:m09mes:104	m09mes.bin	104	0x0830	dup=S1S:m01mes:153	お星様の……\nバカ……	별님……\n바보……
S1S:m09mes:105	m09mes.bin	105	0x0831	dup=S1S:m01mes:154	お兄ちゃん、ゴメンね……	오빠，　미안해……
S1S:m09mes:106	m09mes.bin	106	0x083D	dup=S1S:m01mes:155	ウチも\n頑張らせてもらうで～	나도\n힘낼게데이～
S1S:m09mes:107	m09mes.bin	107	0x083E	dup=S1S:m01mes:156	科学をなめたら、\nあかんでぇ～	과학을　얕보면，\n안　된데이～
S1S:m09mes:108	m09mes.bin	108	0x083F	dup=S1S:m01mes:157;gaiji=81B8	ほんなら、いくでー‼	그럼，　간다‼
S1S:m09mes:109	m09mes.bin	109	0x0840	dup=S1S:m01mes:158	ウチを見ててやー！	나를　봐　줘～！
S1S:m09mes:110	m09mes.bin	110	0x0841	dup=S1S:m01mes:159	ダメージ喰らいすぎや！	너무　많이　맞았데이！
S1S:m09mes:111	m09mes.bin	111	0x0842	dup=S1S:m01mes:160	ウチ感動や～！	나　감동했데이～！
S1S:m09mes:112	m09mes.bin	112	0x0843	dup=S1S:m01mes:161	ウチが応援してるでぇ～！	내가　응원하고　있데이～！
S1S:m09mes:113	m09mes.bin	113	0x0844	dup=S1S:m01mes:162	がんばってや！　大神はん！	힘내래이！　오오가미　씨！
S1S:m09mes:114	m09mes.bin	114	0x0845	dup=S1S:m01mes:163	うわあぁぁぁぁ……	으아아아아……
S1S:m09mes:115	m09mes.bin	115	0x0846	dup=S1S:m01mes:164	あちゃー……\nいかれた……	아차……\n망가졌어……
S1S:m09mes:116	m09mes.bin	116	0x0847	dup=S1S:m01mes:165	隊長はん、\n迷惑かけてすんまへん……	대장님，\n폐를　끼쳐서　미안하데이……
S1S:m09mes:117	m09mes.bin	117	0x0854	dup=S1S:m01mes:166;gaiji=81B8	よっしゃ！\nやってやるか‼	좋아！\n해　볼까‼
S1S:m09mes:118	m09mes.bin	118	0x0855	dup=S1S:m01mes:167	気合いを入れるぜ！\nチェストォォ！	기합을　넣자！\n체스토오오！
S1S:m09mes:119	m09mes.bin	119	0x0856	dup=S1S:m01mes:168	桐島流の奥義、見せてやるぜ！	키리시마류의　비기，　보여　주마！
S1S:m09mes:120	m09mes.bin	120	0x0857	dup=S1S:m01mes:169;gaiji=81B8	さぁ‼\n行こうぜ、隊長‼	자아‼\n가자，　대장‼
S1S:m09mes:121	m09mes.bin	121	0x0858	dup=S1S:m01mes:170;gaiji=81B8	だいじょうぶ！\nまだ平気だぜ‼	괜찮아！\n아직　문제없어‼
S1S:m09mes:122	m09mes.bin	122	0x0859	dup=S1S:m01mes:171	さんきゅ！　助かったぜ！	고마워！　살았다！
S1S:m09mes:123	m09mes.bin	123	0x085A	dup=S1S:m01mes:172	いこうぜ！　隊長！	가자！　대장！
S1S:m09mes:124	m09mes.bin	124	0x085B	dup=S1S:m01mes:173	隊長の力を見せてやれ！	대장의　힘을　보여　줘！
S1S:m09mes:125	m09mes.bin	125	0x085C	dup=S1S:m01mes:174	うあああぁぁぁぁ……	으아아아아……
S1S:m09mes:126	m09mes.bin	126	0x085D	dup=S1S:m01mes:175	くっ、\nまだまだ修行がたりない……	큭，\n아직　수련이　부족해……
S1S:m09mes:127	m09mes.bin	127	0x085E	dup=S1S:m01mes:176	隊長のために、\n戦わなくちゃ……	대장을　위해\n싸워야　해……
S1S:m09mes:128	m09mes.bin	128	0x096E	dup=S1A:0804tbl:180	よっしゃあ！	좋았어！
S1S:m09mes:129	m09mes.bin	129	0x0D0A	dup=S1S:m01mes:178	やったわ！	해냈어！
S1S:m09mes:130	m09mes.bin	130	0x0D0B	dup=S1S:m01mes:179	やりましたわ！	해냈어요！
S1S:m09mes:131	m09mes.bin	131	0x0D0C	dup=S1S:m01mes:180	ふっ！	후！
S1S:m09mes:132	m09mes.bin	132	0x0D0D	dup=S1S:m01mes:181	やったでー！	해냈데이！
S1S:m09mes:133	m09mes.bin	133	0x0D0E	dup=S1S:m01mes:182;gaiji=81B8	わーい　わーい‼	와아　와아‼
S1S:m09mes:134	m09mes.bin	134	0x0161	dup=S1S:m09mes:0	ええ！\nこの辺りの妖気の高まり……\n間違いありませんわ！	네！\n이　근처　요기의　고조……\n틀림없어요！
S1S:m10mes:0	m10mes.bin	0	0x0BB8	dup=S1S:m01mes:10	帝国華撃団、参上！	제국화격단，　등장！
S1S:m10mes:1	m10mes.bin	1	0x0C12	gaiji=81B8	隊長！　後ろからも敵です！\nここは二手にわかれましょう‼	대장！　뒤에서도　적입니다！\n여긴　둘로　나눕시다‼
S1S:m10mes:2	m10mes.bin	2	0x0C16	dup=S1A:0102tbl:383	了解！	알겠습니다！
S1S:m10mes:3	m10mes.bin	3	0x0C10	dup=S1A:0102tbl:383	了解！	알겠습니다！
S1S:m10mes:4	m10mes.bin	4	0x0C17	gaiji=81B8	負けないわっ！\n来なさいっ‼	지지　않아！\n덤벼‼
S1S:m10mes:5	m10mes.bin	5	0x0C18	gaiji=81B8	かかってらっしゃい‼	덤벼　보시지‼
S1S:m10mes:6	m10mes.bin	6	0x0C19	gaiji=81B8	オラオラァ‼\nどんどん来い‼	어이　어이‼\n계속　와라‼
S1S:m10mes:7	m10mes.bin	7	0x0C1A		ほな、\nひと暴れさしてもらいましょか！	그럼，\n한바탕　날뛰어　볼까！
S1S:m10mes:8	m10mes.bin	8	0x0C1B		アイリスだって負けないモン！	아이리스도　안　져！
S1S:m10mes:9	m10mes.bin	9	0x0C1C		死にたい者は\n前に出てきなさい！	죽고　싶은　자는\n앞으로　나와라！
S1S:m10mes:10	m10mes.bin	10	0x2710		よし！　三人は俺と一緒に突入！\n残りの三人にはここで敵を\nくい止めてもらう！	좋아！　세　명은　나와　함께\n돌입！　나머지　세　명은　여기서\n적을　막아　줘！
S1S:m10mes:11	m10mes.bin	11	0x2711		大神さん！\nあたしも大神さんと\n一緒に行きます！	오오가미　씨！\n저도　오오가미　씨와\n함께　갈게요！
S1S:m10mes:12	m10mes.bin	12	0x2712		よし！\nさくらくん、一緒に来てくれ！	좋아！\n사쿠라　군，　함께　가자！
S1S:m10mes:13	m10mes.bin	13	0x2713	dup=S1A:0101tbl:99	大神さん……	오오가미　씨……
S1S:m10mes:14	m10mes.bin	14	0x2714		ありがとうございます！\nあたし、大神さんと一緒なら\n何も恐くありません！	고마워요！\n오오가미　씨와　함께라면\n아무것도　무섭지　않아요！
S1S:m10mes:15	m10mes.bin	15	0x2715		さくらくん……\nきみはここに残るんだ。	사쿠라　군……\n너는　여기에　남아라．
S1S:m10mes:16	m10mes.bin	16	0x2716		……\n	……\n
S1S:m10mes:17	m10mes.bin	17	0x2717	dup=S1A:0206tbl:380	……わかりました。	…　알겠습니다．
S1S:m10mes:18	m10mes.bin	18	0x2718		でも……大神さん。\n必ず……帰ってきてくださいね！\nあたし……待ってますからね！	하지만……　오오가미　씨．\n반드시……　돌아와　주세요！\n저……　기다릴　테니까요！
S1S:m10mes:19	m10mes.bin	19	0x2719		心配しないでください。\n絶対に足手まといには\nなりませんから。	걱정하지　마세요．\n절대　방해되지　않을게요．
S1S:m10mes:20	m10mes.bin	20	0x271A		さあ、大神さん。\nこれが最後の戦いです！\n気を引きしめていきましょう。	자，　오오가미　씨．\n이것이　마지막　싸움이에요！\n마음을　다잡고　갑시다．
S1S:m10mes:21	m10mes.bin	21	0x271B		……あたしでは不安ですか？	……제가　불안한가요？
S1S:m10mes:22	m10mes.bin	22	0x271C		わかりました、あたしはここに\n残ります。大神さん、\n必ず天海を倒してくださいね。	알겠습니다，　저는　남을게요．\n오오가미　씨，　반드시\n텐카이를　쓰러뜨려　주세요．
S1S:m10mes:23	m10mes.bin	23	0x271D		少尉……この大舞台に\nこのわたくしをおいていくなんて\nおっしゃらないですわよね？	소위님……　이　큰　무대에\n저를　두고　가겠다고\n하시지는　않겠죠？
S1S:m10mes:24	m10mes.bin	24	0x271E	dup=S1A:0402tbl:27	もちろんだよ。	물론이지．
S1S:m10mes:25	m10mes.bin	25	0x271F		当たり前ですわ。\n神崎すみれ、一世一代の舞台を\nお見せしますわ！	당연하지요．\n칸자키　스미레의　일생일대　무대를\n보여　드리겠어요！
S1S:m10mes:26	m10mes.bin	26	0x2720		つらいだろうけど……\nすみれくんはここに残るんだ。	힘들겠지만……\n스미레　군은　여기에　남아라．
S1S:m10mes:27	m10mes.bin	27	0x2721		……わかりましたわ。\n真打ちは最後に登場ですものね。\nわたくしはここに残りますわ。	……알겠습니다．　진짜　주역은\n마지막에　등장하는　법이죠．　저는\n여기에　남겠습니다．
S1S:m10mes:28	m10mes.bin	28	0x2722		少尉。\n考えているヒマは\nありませんわよ。	소위님．\n생각할　틈이　없어요．
S1S:m10mes:29	m10mes.bin	29	0x2723		わたくしが行かないで\nいったい誰が行くというのです？	제가　가지　않으면\n대체　누가　간다는　거죠？
S1S:m10mes:30	m10mes.bin	30	0x2724		少尉、そんな……	소위님，　설마……
S1S:m10mes:31	m10mes.bin	31	0x2725		……わかりましたわ。\nわたくしはここに残ることに\nいたします。	……알겠습니다．\n저는　여기에　남기로\n하겠습니다．
S1S:m10mes:32	m10mes.bin	32	0x2726		大神はん。\nいよいよ最後の戦いやな。\nウチも気合い十分やで！	오오가미　씨．\n드디어　마지막　싸움이네．\n나도　기합은　충분하데이！
S1S:m10mes:33	m10mes.bin	33	0x2727		ありがとう、紅蘭。\nきみが来てくれると、\n心強いよ。	고마워，　코란．\n네가　와　주면\n마음이　든든해．
S1S:m10mes:34	m10mes.bin	34	0x2728		な、なんや大神はん。\nあらたまって……\nウチ、照れるやないか……	뭐，　뭐야　오오가미　씨．\n새삼스럽게……\n나　부끄럽데이……
S1S:m10mes:35	m10mes.bin	35	0x2729		……とにかくウチ、\n大神はんの期待を裏切らんよう\nがんばりまっせ！	……어쨌든　나는，　오오가미　씨의\n기대를　저버리지　않도록\n힘내겠데이！
S1S:m10mes:36	m10mes.bin	36	0x272A		紅蘭、きみはここに残って\n後ろからの敵をくい止めてくれ。\nきみにしかできないことなんだ。	코란，　너는　여기에　남아\n뒤에서　오는　적을　막아　줘．\n너만이　할　수　있는　일이야．
S1S:m10mes:37	m10mes.bin	37	0x272B	dup=S1S:m10mes:16	……\n	……\n
S1S:m10mes:38	m10mes.bin	38	0x272C		わかったで、大神はん。\nウチの戦いは大勢が相手の方が\n本領発揮できるもんな。	알겠데이，　오오가미　씨．\n내　싸움은　많은　상대일수록\n실력을　발휘하니까．
S1S:m10mes:39	m10mes.bin	39	0x272D		ウチはここに残って、\n大神はんの後ろを守りますわ。\nあとはウチにまかしとき！	나는　여기에　남아서，\n오오가미　씨의　뒤를　지킬게．\n나한테　맡기라！
S1S:m10mes:40	m10mes.bin	40	0x272E		なに渋い顔してんのや、\n大神はん。	왜　그렇게　심각한　표정이야，\n오오가미　씨．
S1S:m10mes:41	m10mes.bin	41	0x272F	gaiji=81B8	止めたってウチは行くで。\nこんな燃えとるんは\n久しぶりや‼\n	말려도　나는　갈　거데이．\n이렇게　불타오르는　건\n오랜만이데이‼
S1S:m10mes:42	m10mes.bin	42	0x2730		……無理せんでもええで。\nウチはここに残りますわ。	……무리하지　않아도　돼．\n나는　여기에　남을게．
S1S:m10mes:43	m10mes.bin	43	0x2731		ザコどもはウチにまかしとき。\nそのかわり、絶対に\n天海を倒すんやで！	잡졸들은　나한테　맡겨．\n대신　반드시\n텐카이를　쓰러뜨려！
S1S:m10mes:44	m10mes.bin	44	0x2732		隊長。最後の戦いには\n私も同行させていただきます。	대장．　마지막　싸움에는\n저도　동행하겠습니다．
S1S:m10mes:45	m10mes.bin	45	0x2733		よし行くぞ、マリア。	좋아，　가자　마리아．
S1S:m10mes:46	m10mes.bin	46	0x2734		はい！\nみんな、必ず生きて帰るわよ！	네！\n모두　반드시　살아　돌아와！
S1S:m10mes:47	m10mes.bin	47	0x2735	dup=S1S:m10mes:16	……\n	……\n
S1S:m10mes:48	m10mes.bin	48	0x2736		マリア、君はここに残ってくれ。\n副隊長として、ここでの戦いを\n指揮してほしいんだ。	마리아，　너는　여기에　남아　줘．\n부대장으로서　여기서의　싸움을\n지휘해　줬으면　해．
S1S:m10mes:49	m10mes.bin	49	0x2737		……わかりました。\n私はここに残ります。	……알겠습니다．\n저는　여기에　남겠습니다．
S1S:m10mes:50	m10mes.bin	50	0x2738		だけど、隊長……\n必ず……\n必ず無事に……	하지만，　대장……\n반드시……\n반드시　무사히……
S1S:m10mes:51	m10mes.bin	51	0x2739		私には、副隊長として\n最後の戦いを見届ける\n責任があります。	저는　부대장으로서\n마지막　싸움을　지켜볼\n책임이　있습니다．
S1S:m10mes:52	m10mes.bin	52	0x273A		隊長。勝手なようですが\n私は行かせてもらいます。	대장．　제멋대로인　말　같지만\n저는　가게　해　주세요．
S1S:m10mes:53	m10mes.bin	53	0x273B		……隊長。\nまよっているのですか？	……대장．\n망설이고　계신　건가요？
S1S:m10mes:54	m10mes.bin	54	0x273C		……わかりました。\n私はここに残ることにします。\nそして、隊長の背中を守ります。	……알겠습니다．　저는　여기에\n남겠습니다．　그리고　대장의　등을\n지키겠습니다．
S1S:m10mes:55	m10mes.bin	55	0x273D	gaiji=81B8	お兄ちゃん、行こう‼	오빠，　가자‼
S1S:m10mes:56	m10mes.bin	56	0x273E		よし、行くぞアイリス！	좋아，　가자　아이리스！
S1S:m10mes:57	m10mes.bin	57	0x273F		うん！\nアイリス、お兄ちゃんがいれば\nなにも恐くないよ！	응！\n아이리스는　오빠만　있으면\n아무것도　무섭지　않아！
S1S:m10mes:58	m10mes.bin	58	0x2740	dup=S1A:0100tbl:142	……	……
S1S:m10mes:59	m10mes.bin	59	0x2741		アイリス、君はここに残るんだ。\nここから先は危険すぎる。\n俺にまかせてくれ。	오빠는　아이리스를　여기　남겨야\n해．　여기서부터는　너무　위험해．\n나한테　맡겨．
S1S:m10mes:60	m10mes.bin	60	0x2742	dup=S1A:0102tbl:560	うん……わかった。	응……알겠어．
S1S:m10mes:61	m10mes.bin	61	0x2743	dup=S1S:m10mes:16	……\n	……\n
S1S:m10mes:62	m10mes.bin	62	0x2744		お兄ちゃんは、アイリスのことを\n心配してくれてるんだもんね……	오빠는　아이리스를\n걱정해　주는　거구나……
S1S:m10mes:63	m10mes.bin	63	0x2745		アイリスいい子で待ってるから、\nだからお兄ちゃん\nぜったい負けないでね！	아이리스는　착하게　기다릴\n테니까，　그러니까　오빠　절대\n지지　마！
S1S:m10mes:64	m10mes.bin	64	0x2746	dup=S1S:m10mes:16	……\n	……\n
S1S:m10mes:65	m10mes.bin	65	0x2747		お兄ちゃん……\nアイリス、お兄ちゃんと\nいっしょに行く！	오빠……\n아이리스，　오빠와\n같이　갈래！
S1S:m10mes:66	m10mes.bin	66	0x2748		わがまま言ってゴメンね。\nでもアイリス、お兄ちゃんの\n役に立ちたいの！	제멋대로　말해서　미안해．\n하지만　아이리스，　오빠에게\n도움이　되고　싶어！
S1S:m10mes:67	m10mes.bin	67	0x2749		……アイリスここで待ってるよ。\nだって、お兄ちゃんのジャマに\nなりたくないもん。	……아이리스는　여기서　기다릴게．\n오빠에게　방해되고\n싶지　않으니까．
S1S:m10mes:68	m10mes.bin	68	0x274A		けど、お兄ちゃん……\nぜったい、負けないでね！	하지만　오빠……\n절대　지지　마！
S1S:m10mes:69	m10mes.bin	69	0x274B		隊長！\nこの戦い、あたいも\nつれてってもらうぜ！	대장！\n이번　싸움，　나도\n데려가　줘！
S1S:m10mes:70	m10mes.bin	70	0x274C		いいとも。一緒に戦おう。\nカンナがいれば、百人力だ。	좋지．　함께　싸우자．\n칸나가　있으면　천군만마지．
S1S:m10mes:71	m10mes.bin	71	0x274D		ああ、まかしときな！\nあたいが隊長のことを\n守ってやるからよ！	그래，　맡겨　둬！\n내가　대장을\n지켜　줄　테니까！
S1S:m10mes:72	m10mes.bin	72	0x274E		いや、カンナは残ってくれ。\n後ろからどんなに敵が来ても\nキミならば止めることができる。	아니，　칸나는　남아　줘．\n뒤에서　아무리　적이　와도\n너라면　막을　수　있어．
S1S:m10mes:73	m10mes.bin	73	0x274F		カンナなら、\nここを守れるはずだ。\n頼む、カンナ。	칸나라면\n여기를　지킬　수　있을　거야．\n부탁한다，　칸나．
S1S:m10mes:74	m10mes.bin	74	0x2750		わかった。\n後ろで仲間を守るのも、\n大事な戦いだもんな。	알았어．\n뒤에서　동료를　지키는　것도\n중요한　싸움이니까．
S1S:m10mes:75	m10mes.bin	75	0x2751		隊長の命、あたいが預かったよ。\nだから、こころおきなく\n戦ってきなよ！	대장의　목숨，　내가　맡을게．\n그러니　마음　놓고\n싸우고　와！
S1S:m10mes:76	m10mes.bin	76	0x2752		迷ってる場合じゃないだろ。\n隊長がなんて言おうが、\nあたいはついていくよ。	망설일　때가　아니잖아．\n대장이　뭐라고　해도\n나는　따라갈　거야．
S1S:m10mes:77	m10mes.bin	77	0x2753		……わかったよ、隊長。\nそんな顔しなさんなって。	……알았어，　대장．\n그렇게　심각한　얼굴　하지　마．
S1S:m10mes:78	m10mes.bin	78	0x2754		あたいはここに残って、\n敵をくい止める。だから、\n隊長は思いっきり戦ってこいよ！	나는　여기에　남아\n적을　막을게．　그러니\n대장은　마음껏　싸우고　와！
S1S:m10mes:79	m10mes.bin	79	0x2755	gaiji=81B8	よし‼\n突撃する三人は\n俺の後ろに続け！	좋아‼\n돌격하는　세　명은\n내　뒤를　따라와！
S1S:m10mes:80	m10mes.bin	80	0x2756		他の者はここで\n敵を食い止めてくれ！	다른　사람들은　여기서\n적을　막아　줘！
S1S:m10mes:81	m10mes.bin	81	0x4E16	dup=S1S:m01mes:81	みんな、俺が守らなくても\nだいじょうぶだな。	모두，　내가　지키지　않아도\n괜찮겠군．
S1S:m10mes:82	m10mes.bin	82	0x4E17	dup=S1S:m01mes:82	さくらくん……\n俺は必ず、きみを守る！	사쿠라　군……\n나는　반드시，　그대를　지키겠어！
S1S:m10mes:83	m10mes.bin	83	0x4E18	dup=S1S:m01mes:83	すみれくん……\n俺がいつでも守ってやるよ。	스미레　군……\n내가　언제든　지켜　주지．
S1S:m10mes:84	m10mes.bin	84	0x4E19	dup=S1S:m01mes:84	マリア……\nきみの背中を守らせてくれ。	마리아……\n네　뒤를　지키게　해　줘．
S1S:m10mes:85	m10mes.bin	85	0x4E1A	dup=S1S:m01mes:85	いつでも、アイリスのことを\n守ってあげるよ。	언제든　아이리스를\n지켜　줄게．
S1S:m10mes:86	m10mes.bin	86	0x4E1B	dup=S1S:m01mes:86	紅蘭は俺が守る！\nだから、心配するな！	코란은　내가　지킨다！\n그러니　걱정　마！
S1S:m10mes:87	m10mes.bin	87	0x4E1C	dup=S1S:m01mes:87	カンナ！\n防御なら俺にまかせろ！	칸나！\n방어라면　나한테　맡겨！
S1S:m10mes:88	m10mes.bin	88	0x4E20		一緒に来てくれ。\nきみはここに残るんだ。	같이　가　줘．\n너는　여기에　남아．
S1S:m10mes:89	m10mes.bin	89	0x4E21		もちろんだよ。\nすみれくんはここに残るんだ。	물론이지．\n스미레　군은　여기에　남아．
S1S:m10mes:90	m10mes.bin	90	0x4E22		君が来てくれると、心強いよ。\n君は敵をくい止めてくれ。	네가　와　주면　든든해．\n너는　적을　막아　줘．
S1S:m10mes:91	m10mes.bin	91	0x4E23		よし行くぞ、マリア。\nきみはここに残ってくれ。	좋아，　가자　마리아．\n너는　여기에　남아　줘．
S1S:m10mes:92	m10mes.bin	92	0x4E24		よし、行くぞアイリス！\nきみはここに残るんだ。	좋아，　가자　아이리스！\n너는　여기에　남아．
S1S:m10mes:93	m10mes.bin	93	0x4E25		いいとも。一緒に戦おう！\nいや、カンナは残ってくれ。	좋아．　함께　싸우자！\n아니，　칸나는　남아　줘．
S1S:m10mes:94	m10mes.bin	94	0x01B4	dup=S1S:m01mes:10	帝国華撃団、参上！	제국화격단，　등장！
S1S:m11mes:0	m11mes.bin	0	0x07E3	dup=S1S:m01mes:111	あたしが、頑張んなきゃ！	내가　힘내야　해！
S1S:m11mes:1	m11mes.bin	1	0x07E4	dup=S1S:m01mes:112	行きます！	갑니다！
S1S:m11mes:2	m11mes.bin	2	0x07E5	dup=S1S:m01mes:113;gaiji=81B8	まかせてください‼	맡겨　주세요‼
S1S:m11mes:3	m11mes.bin	3	0x07E6	dup=S1S:m01mes:114	見ていてくださいね、\n大神さん。	지켜봐　주세요，\n오오가미　씨．
S1S:m11mes:4	m11mes.bin	4	0x07E7	dup=S1S:m01mes:115	まだ、まだ大丈夫……	아직，　아직　괜찮아……
S1S:m11mes:5	m11mes.bin	5	0x07E8	dup=S1A:0801tbl:1020	ありがとうございます！	감사합니다！
S1S:m11mes:6	m11mes.bin	6	0x07E9	dup=S1S:m01mes:117	がんばって！　大神さん！	힘내요！　오오가미　씨！
S1S:m11mes:7	m11mes.bin	7	0x07EA	dup=S1S:m01mes:118	大神さんが頼りです！	오오가미　씨만　믿을게요！
S1S:m11mes:8	m11mes.bin	8	0x07EB	dup=S1S:m01mes:119	きゃぁぁぁ……	꺄아아아……
S1S:m11mes:9	m11mes.bin	9	0x07EC	dup=S1S:m01mes:120	つっ、\n次は負けないわ！	다，\n다음엔　지지　않을　거야！
S1S:m11mes:10	m11mes.bin	10	0x07ED	dup=S1S:m01mes:121	大神さん……\n本当にごめんなさい……	오오가미　씨……\n정말　미안해요……
S1S:m11mes:11	m11mes.bin	11	0x07F9	dup=S1S:m01mes:122	わたくしの出番ですわね。	제　차례군요．
S1S:m11mes:12	m11mes.bin	12	0x07FA	dup=S1S:m01mes:123	オホホホホホ……	오호호호호호……
S1S:m11mes:13	m11mes.bin	13	0x07FB	dup=S1S:m01mes:124;gaiji=81B8	いきますわよ‼	갑니다‼
S1S:m11mes:14	m11mes.bin	14	0x07FC	dup=S1S:m01mes:125	今日のわたくしは\nあなたのために！	오늘의　저는\n당신을　위해！
S1S:m11mes:15	m11mes.bin	15	0x07FD	dup=S1S:m01mes:126	この程度では負けませんわ……	이　정도로는　지지　않아요……
S1S:m11mes:16	m11mes.bin	16	0x07FE	dup=S1S:m01mes:127	少尉……\nやはりわたくしのことを……	소위님……\n역시　저를……
S1S:m11mes:17	m11mes.bin	17	0x07FF	dup=S1S:m01mes:128	さっ、少尉の出番ですわよ！	자，　소위님　차례예요！
S1S:m11mes:18	m11mes.bin	18	0x0800	dup=S1S:m01mes:129	わたくしが見ていますわよ！	제가　보고　있어요！
S1S:m11mes:19	m11mes.bin	19	0x0801	dup=S1S:m01mes:130;gaiji=81B8	うわぁぁぁ……‼	우와아아아……‼
S1S:m11mes:20	m11mes.bin	20	0x0802	dup=S1S:m01mes:131	今日の所は\n負けておいてあげますわ！	오늘은\n져　드리도록　하죠！
S1S:m11mes:21	m11mes.bin	21	0x0803	dup=S1S:m01mes:132;gaiji=81B8	隊長には\nわたくしが必要ですのに‼	대장님께는\n제가　필요한데요‼
S1S:m11mes:22	m11mes.bin	22	0x080F	dup=S1S:m01mes:133	敵は私が倒すしかない！	적은　내가　쓰러뜨릴　수밖에！
S1S:m11mes:23	m11mes.bin	23	0x0810	dup=S1S:m01mes:134;gaiji=81AC	次の目標はどこ⁉	다음　목표는　어디⁉
S1S:m11mes:24	m11mes.bin	24	0x0811	dup=S1S:m01mes:135	死にたいなら、\n前にでなさい……	죽고　싶다면，\n앞으로　나와……
S1S:m11mes:25	m11mes.bin	25	0x0812	dup=S1S:m01mes:136	作戦指示を\nお願いします！	작전　지시를\n부탁합니다！
S1S:m11mes:26	m11mes.bin	26	0x0813	dup=S1S:m01mes:137;gaiji=81B8	まだよ‼　まだまだ‼	아직이야‼　아직　멀었어‼
S1S:m11mes:27	m11mes.bin	27	0x0814	dup=S1S:m05mes:27	わ、わたしなんかの為に……	저，　저　같은　사람을　위해……
S1S:m11mes:28	m11mes.bin	28	0x0815	dup=S1S:m01mes:139	頑張ってください……隊長！	힘내세요……　대장님！
S1S:m11mes:29	m11mes.bin	29	0x0816	dup=S1S:m01mes:140	隊長、生きて帰りましょう！	대장님，　살아서　돌아가요！
S1S:m11mes:30	m11mes.bin	30	0x0817	dup=S1S:m01mes:141	ああぁぁぁ……	아아아아……
S1S:m11mes:31	m11mes.bin	31	0x0818	dup=S1S:m01mes:142;gaiji=81B8	つ、強いわ‼\n撤退‼	강해‼\n후퇴‼
S1S:m11mes:32	m11mes.bin	32	0x0819	dup=S1S:m01mes:143	すみません隊長。\n撤退します！	미안해요，　대장님．\n후퇴하겠습니다！
S1S:m11mes:33	m11mes.bin	33	0x0827	dup=S1S:m01mes:144	アイリスだって、\nがんばるモン！	아이리스도\n힘낼　거야！
S1S:m11mes:34	m11mes.bin	34	0x0828	dup=S1S:m01mes:145	アイリス、いきまーす！	아이리스，　갑니다아！
S1S:m11mes:35	m11mes.bin	35	0x0829	dup=S1S:m01mes:146	アイリス、強いんだよぉ！	아이리스，　강하다구！
S1S:m11mes:36	m11mes.bin	36	0x082A	dup=S1S:m01mes:147;gaiji=81B8	アイリス、\nお兄ちゃんのために、頑張る‼	아이리스，\n오빠를　위해　힘낼게‼
S1S:m11mes:37	m11mes.bin	37	0x082B	dup=S1S:m01mes:148	なんか、\nバチバチいってるよ……	뭔가，\n파직파직　소리가　나……
S1S:m11mes:38	m11mes.bin	38	0x082C	dup=S1S:m01mes:149	お兄ちゃん、だーいすき！	오빠，　정말　좋아해！
S1S:m11mes:39	m11mes.bin	39	0x082D	dup=S1S:m01mes:150	お兄ちゃん！　ファイトッ！	오빠！　힘내！
S1S:m11mes:40	m11mes.bin	40	0x082E	dup=S1S:m01mes:151	アイリスが見てるからね！	아이리스가　보고　있으니까！
S1S:m11mes:41	m11mes.bin	41	0x082F	dup=S1S:m01mes:152	きゃあぁぁぁ……	꺄아아아……
S1S:m11mes:42	m11mes.bin	42	0x0830	dup=S1S:m01mes:153	お星様の……\nバカ……	별님……\n바보……
S1S:m11mes:43	m11mes.bin	43	0x0831	dup=S1S:m01mes:154	お兄ちゃん、ゴメンね……	오빠，　미안해……
S1S:m11mes:44	m11mes.bin	44	0x083D	dup=S1S:m01mes:155	ウチも\n頑張らせてもらうで～	나도\n힘낼게데이～
S1S:m11mes:45	m11mes.bin	45	0x083E	dup=S1S:m01mes:156	科学をなめたら、\nあかんでぇ～	과학을　얕보면，\n안　된데이～
S1S:m11mes:46	m11mes.bin	46	0x083F	dup=S1S:m01mes:157;gaiji=81B8	ほんなら、いくでー‼	그럼，　간다‼
S1S:m11mes:47	m11mes.bin	47	0x0840	dup=S1S:m01mes:158	ウチを見ててやー！	나를　봐　줘～！
S1S:m11mes:48	m11mes.bin	48	0x0841	dup=S1S:m01mes:159	ダメージ喰らいすぎや！	너무　많이　맞았데이！
S1S:m11mes:49	m11mes.bin	49	0x0842	dup=S1S:m01mes:160	ウチ感動や～！	나　감동했데이～！
S1S:m11mes:50	m11mes.bin	50	0x0843	dup=S1S:m01mes:161	ウチが応援してるでぇ～！	내가　응원하고　있데이～！
S1S:m11mes:51	m11mes.bin	51	0x0844	dup=S1S:m01mes:162	がんばってや！　大神はん！	힘내래이！　오오가미　씨！
S1S:m11mes:52	m11mes.bin	52	0x0845	dup=S1S:m01mes:163	うわあぁぁぁぁ……	으아아아아……
S1S:m11mes:53	m11mes.bin	53	0x0846	dup=S1S:m01mes:164	あちゃー……\nいかれた……	아차……\n망가졌어……
S1S:m11mes:54	m11mes.bin	54	0x0847	dup=S1S:m01mes:165	隊長はん、\n迷惑かけてすんまへん……	대장님，\n폐를　끼쳐서　미안하데이……
S1S:m11mes:55	m11mes.bin	55	0x0854	dup=S1S:m01mes:166;gaiji=81B8	よっしゃ！\nやってやるか‼	좋아！\n해　볼까‼
S1S:m11mes:56	m11mes.bin	56	0x0855	dup=S1S:m01mes:167	気合いを入れるぜ！\nチェストォォ！	기합을　넣자！\n체스토오오！
S1S:m11mes:57	m11mes.bin	57	0x0856	dup=S1S:m01mes:168	桐島流の奥義、見せてやるぜ！	키리시마류의　비기，　보여　주마！
S1S:m11mes:58	m11mes.bin	58	0x0857	dup=S1S:m01mes:169;gaiji=81B8	さぁ‼\n行こうぜ、隊長‼	자아‼\n가자，　대장‼
S1S:m11mes:59	m11mes.bin	59	0x0858	dup=S1S:m01mes:170;gaiji=81B8	だいじょうぶ！\nまだ平気だぜ‼	괜찮아！\n아직　문제없어‼
S1S:m11mes:60	m11mes.bin	60	0x0859	dup=S1S:m01mes:171	さんきゅ！　助かったぜ！	고마워！　살았다！
S1S:m11mes:61	m11mes.bin	61	0x085A	dup=S1S:m01mes:172	いこうぜ！　隊長！	가자！　대장！
S1S:m11mes:62	m11mes.bin	62	0x085B	dup=S1S:m01mes:173	隊長の力を見せてやれ！	대장의　힘을　보여　줘！
S1S:m11mes:63	m11mes.bin	63	0x085C	dup=S1S:m01mes:174	うあああぁぁぁぁ……	으아아아아……
S1S:m11mes:64	m11mes.bin	64	0x085D	dup=S1S:m01mes:175	くっ、\nまだまだ修行がたりない……	큭，\n아직　수련이　부족해……
S1S:m11mes:65	m11mes.bin	65	0x085E	dup=S1S:m01mes:176	隊長のために、\n戦わなくちゃ……	대장을　위해\n싸워야　해……
S1S:m11mes:66	m11mes.bin	66	0x096E	dup=S1A:0804tbl:180	よっしゃあ！	좋았어！
S1S:m11mes:67	m11mes.bin	67	0x0D0A	dup=S1S:m01mes:178	やったわ！	해냈어！
S1S:m11mes:68	m11mes.bin	68	0x0D0B	dup=S1S:m01mes:179	やりましたわ！	해냈어요！
S1S:m11mes:69	m11mes.bin	69	0x0D0C	dup=S1S:m01mes:180	ふっ！	후！
S1S:m11mes:70	m11mes.bin	70	0x0D0D	dup=S1S:m01mes:181	やったでー！	해냈데이！
S1S:m11mes:71	m11mes.bin	71	0x0D0E	dup=S1S:m01mes:182;gaiji=81B8	わーい　わーい‼	와아　와아‼
S1S:m11mes:72	m11mes.bin	72	0x0C16	dup=S1A:0102tbl:383	了解！	알겠습니다！
S1S:m11mes:73	m11mes.bin	73	0x2710		なんだ！　ここは？	뭐야！　여긴　어디지？
S1S:m11mes:74	m11mes.bin	74	0x2711		……日本橋の地下に\nこんな地下空洞が\nあったなんて……	……니혼바시　지하에\n이런　지하　공동이\n있었다니……
S1S:m11mes:75	m11mes.bin	75	0x2712		なんて悪趣味な場所なんですの！	이렇게　취향　나쁜　곳이라니！
S1S:m11mes:76	m11mes.bin	76	0x2713	gaiji=81B8	隊長……\n奥に怪しい建造物が\nあります‼	대장……\n안쪽에　수상한　건조물이\n있어요‼
S1S:m11mes:77	m11mes.bin	77	0x2714	gaiji=81B8	なにあれぇ～っ！\nいやーん、気持ち悪い‼	저게　뭐야아～！\n싫어ー，　기분　나빠‼
S1S:m11mes:78	m11mes.bin	78	0x2715		なんや、あの機械は……\nどうせ物騒なもんに\nきまっとるで！	뭐야，　저　기계는……\n어차피　위험한　물건임이\n틀림없데이！
S1S:m11mes:79	m11mes.bin	79	0x2716	gaiji=81B8	ここが本拠地かい。\n腕がなるねえ‼	여기가　본거지인가．\n팔이　근질근질하군‼
S1S:m11mes:80	m11mes.bin	80	0x2717		見て！\n扉があるわ！	봐！\n문이　있어！
S1S:m11mes:81	m11mes.bin	81	0x2718		ごらんになって！\n奥に扉がありますわ！	보세요！\n안쪽에　문이　있어요！
S1S:m11mes:82	m11mes.bin	82	0x2719		隊長！　奥に扉があります！	대장！　안쪽에　문이　있어요！
S1S:m11mes:83	m11mes.bin	83	0x271A		お兄ちゃん！見て！\n奥に扉があるよ！	오빠！　봐！\n안쪽에　문이　있어！
S1S:m11mes:84	m11mes.bin	84	0x271B		大神はん、見てみい！\n奥のほうに、変な扉があるで！	오오가미　씨，　봐래이！\n안쪽에　이상한　문이　있데이！
S1S:m11mes:85	m11mes.bin	85	0x271C		見ろよ、隊長！\n奥に、扉があるぜ！	봐，　대장！\n안쪽에　문이　있어！
S1S:m11mes:86	m11mes.bin	86	0x271D		あの中に天海がいるのか…？	저　안에　텐카이가　있는　건가…？
S1S:m11mes:87	m11mes.bin	87	0x271E		しかし、何か邪悪な力で\n封印されているようだ……\nどうやったら開くのだろう？	하지만　뭔가　사악한　힘으로\n봉인된　모양이야……\n어떻게　열어야　할까？
S1S:m11mes:88	m11mes.bin	88	0x4E20		大神さん……\nまず、あの怪しい建物を\n破壊しましょう！	오오가미　씨……\n우선　저　수상한　건물을\n파괴하죠！
S1S:m11mes:89	m11mes.bin	89	0x271F		少尉、まずはあの妙な建物を\n片づけるのが先決だと\n思いますわ。	소위님，　우선　저　이상한　건물을\n처리하는　게　먼저라고\n생각해요．
S1S:m11mes:90	m11mes.bin	90	0x2720		隊長。ここはじっくりと、\nあの建造物を一つずつ\n破壊していきましょう。	대장．　여기서는　신중하게，\n저　건조물을　하나씩\n파괴해　나가죠．
S1S:m11mes:91	m11mes.bin	91	0x2721		お兄ちゃん……あのヘンなの\nぜんぶ壊しちゃおうよ！	오빠……　저　이상한　거\n전부　부숴　버리자！
S1S:m11mes:92	m11mes.bin	92	0x2722		大神はん……無茶は禁物や。\nまずは、あのけったいな機械を、\n壊していきまひょ！	오오가미　씨……　무리는\n금물이데이．　우선　저　괴상한\n기계를　부수자고！
S1S:m11mes:93	m11mes.bin	93	0x2723		隊長……あたい、あの建物が\n妙に気になるんだ。\n壊しておこうぜ！	대장……　나　저　건물이\n이상하게　신경　쓰여．\n부숴　두자고！
S1S:m11mes:94	m11mes.bin	94	0x2724		扉の前に一つ……	문　앞에　하나……
S1S:m11mes:95	m11mes.bin	95	0x2725		一番奥に一つ……	맨　안쪽에　하나……
S1S:m11mes:96	m11mes.bin	96	0x2726		扉の前のものは\n後回しにして……	문　앞의　것은\n나중으로　미루고……
S1S:m11mes:97	m11mes.bin	97	0x2727		一番奥に、いっこ。	맨　안쪽에　하나．
S1S:m11mes:98	m11mes.bin	98	0x2728		扉の真ん前に一つあるなあ……	문　바로　앞에　하나　있네……
S1S:m11mes:99	m11mes.bin	99	0x2729		一番奥のほうにあるやつが\nまず一つだろ……	맨　안쪽에　있는　게\n우선　하나겠지……
S1S:m11mes:100	m11mes.bin	100	0x272A		坂の下のほうにも一つ……	비탈　아래쪽에도　하나……
S1S:m11mes:101	m11mes.bin	101	0x272B		坂の下のところに一つ……	비탈　아래쪽에　하나……
S1S:m11mes:102	m11mes.bin	102	0x272C		ここにも一つ、\n同じ形の建造物がありますね。	여기에도　하나，\n같은　모양의　건조물이　있네요．
S1S:m11mes:103	m11mes.bin	103	0x272D		ここに、もう一つ。	여기에　하나　더．
S1S:m11mes:104	m11mes.bin	104	0x272E		この坂のとこにも、\n同じのが一つ、ありますなあ。	이　비탈에도\n같은　게　하나　있구먼．
S1S:m11mes:105	m11mes.bin	105	0x272F		もう一つ、ここにも\n同じやつがあるぜ。	여기에도　하나　더\n같은　놈이　있네．
S1S:m11mes:106	m11mes.bin	106	0x2730		そして、坂の上にも一つ……\n三つとも、すべて\n破壊してしまいましょう！	그리고　비탈　위에도　하나……\n세　개　모두\n전부　파괴하죠！
S1S:m11mes:107	m11mes.bin	107	0x2731		それと、坂の上にも一つ……\n三つとも破壊すれば、\n道が開けるような気がしますわ。	그리고　비탈　위에도　하나……\n세　개를　모두　파괴하면\n길이　열릴　것　같군요．
S1S:m11mes:108	m11mes.bin	108	0x2732		ここにも同じものがあります。\nとにかく、扉への道をはばむ物は\n破壊していくしかないでしょう。	여기에도　같은　게　있어요．\n어쨌든　문으로　가는　길을　막는\n건　파괴할　수밖에　없겠죠．
S1S:m11mes:109	m11mes.bin	109	0x2733		ここにも、もういっこあるよ。\nヘンなものはどんどん\n壊しちゃおうよ、お兄ちゃん！	여기에도　하나　더　있어．\n이상한　건　계속\n부숴　버리자，　오빠！
S1S:m11mes:110	m11mes.bin	110	0x2734		ここにもあるで。\nこれは、全部ぶっ壊さんと\n先には行けんみたいやな。	여기에도　있데이．\n이걸　전부　박살　내지　않으면\n앞으로　못　가는　모양이네．
S1S:m11mes:111	m11mes.bin	111	0x2735		やれやれ、ここにも\n一つあるぜ。とりあえず、\n片っ端からぶっ壊そうぜ！	이런，　여기에도\n하나　있군．　일단\n닥치는　대로　부수자고！
S1S:m11mes:112	m11mes.bin	112	0x2736	gaiji=81B8	ずいぶん頑丈そうだが‼\nドアの部分が弱点のようだ。\nみんな、建物のドアを狙うぞ！	상당히　튼튼해　보이지만‼\n문　부분이　약점인　모양이다．\n모두，　건물의　문을　노려라！
S1S:m11mes:113	m11mes.bin	113	0x2737	gaiji=81B8	みんな！　行くぞ‼	모두！　가자‼
S1S:m11mes:114	m11mes.bin	114	0x2738		まず、一つ撃破ですね！\n残りはふたつです！	우선　하나　격파했네요！\n남은　건　두　개예요！
S1S:m11mes:115	m11mes.bin	115	0x2739		あと、ふたつですわね。	이제　두　개　남았군요．
S1S:m11mes:116	m11mes.bin	116	0x273A		どうやらこれは、魔操機兵の\n工場のようですね。残り二つも\n急いで破壊しましょう！	아무래도　이건　마조기병　공장인\n것　같네요．　남은　두　곳도\n서둘러　파괴하죠！
S1S:m11mes:117	m11mes.bin	117	0x273B		お兄ちゃん！\nアイリスが壊したよ！\n残りはあとふたつだね！	오빠！\n아이리스가　부쉈어！\n이제　두　개　남았네！
S1S:m11mes:118	m11mes.bin	118	0x273C		これは、魔操機兵をつくりだす\n工場みたいなもんや。\n他も急いで壊したほうがええな！	이건　마조기병을　만드는\n공장　같은　기계데이．\n다른　곳도　서둘러　부수자！
S1S:m11mes:119	m11mes.bin	119	0x273D		よおし、とりあえず\n一つめは撃破したぜ。\n残りふたつも片づけようぜ！	좋아，　일단\n첫　번째는　격파했다．\n남은　두　곳도　처리하자！
S1S:m11mes:120	m11mes.bin	120	0x273E	gaiji=81B8	よし！　残り二ヶ所だ‼	좋아！　이제　두　군데　남았다‼
S1S:m11mes:121	m11mes.bin	121	0x273F		大神さん、ふたつめも\n撃破しました！\n残りはあと一つです！	오오가미　씨，　두　번째도\n격파했어요！\n이제　하나　남았어요！
S1S:m11mes:122	m11mes.bin	122	0x2740		少尉、\n残るはひとつですわよ。	소위님，\n이제　하나　남았어요．
S1S:m11mes:123	m11mes.bin	123	0x2741		隊長、残りはあと一つです。\n急ぎましょう。	대장，　이제　하나　남았어요．\n서두르죠．
S1S:m11mes:124	m11mes.bin	124	0x2742		残りはあといっこだね！	이제　하나　남았어！
S1S:m11mes:125	m11mes.bin	125	0x2743		ふたつめも\nぶっ壊したで！\n残りはあと一つや！	두　번째도\n박살　냈데이！\n이제　하나　남았데이！
S1S:m11mes:126	m11mes.bin	126	0x2744		隊長、残りはあと一つだ。\n気合いを入れていこうぜ！	대장，　이제　하나　남았다．\n기합　넣고　가자！
S1S:m11mes:127	m11mes.bin	127	0x2745		よおし……\nみんな、残るはあと一つだ。\n一気に破壊するぞ！	좋아……\n모두，　이제　하나　남았다．\n단숨에　파괴하자！
S1S:m11mes:128	m11mes.bin	128	0x2746		大神さん！\n最後の一つも破壊しました！	오오가미　씨！\n마지막　하나도　파괴했어요！
S1S:m11mes:129	m11mes.bin	129	0x2747		少尉！\n最後の一つも破壊しましたわ！	소위님！\n마지막　하나도　파괴했어요！
S1S:m11mes:130	m11mes.bin	130	0x2748		隊長。\nこれですべてを破壊しました！	대장．\n이걸로　전부　파괴했어요！
S1S:m11mes:131	m11mes.bin	131	0x2749		お兄ちゃん！\nこれで全部壊しちゃったよ！	오빠！\n이제　전부　부쉈어！
S1S:m11mes:132	m11mes.bin	132	0x274A		大神はん！\n最後の一つも\nぶっ壊したで！	오오가미　씨！\n마지막　하나도\n박살　냈데이！
S1S:m11mes:133	m11mes.bin	133	0x274B		隊長！　最後のひとつも\nようやくぶっ壊したぜ！	대장！　마지막　하나도\n드디어　박살　냈어！
S1S:m11mes:134	m11mes.bin	134	0x274C		みんな、よくやった！\n脇侍の発生も、これでひとまず\nくい止められるだろう。	모두，　잘했다！\n협시　발생도　이걸로　일단\n막을　수　있겠지．
S1S:m11mes:135	m11mes.bin	135	0x274D	gaiji=81AC	……なんだ⁉	……뭐지⁉
S1S:m11mes:136	m11mes.bin	136	0x274E	gaiji=81B8	よし！　乗り込むぞ‼	좋아！　쳐들어가자‼
S1S:m11mes:137	m11mes.bin	137	0x274F	gaiji=81B8	あの３つの機械は脇侍の工場よ。\n全て破壊して‼	저　세　기계는　협시　공장이야．\n전부　파괴해‼
S1S:m11mes:138	m11mes.bin	138	0x2750		扉の部分が弱点のようね。\nそこを攻撃すれば\n破壊できそうよ。	문　부분이　약점인　모양이네．\n그곳을　공격하면\n파괴할　수　있을　것　같아．
S1S:m11mes:139	m11mes.bin	139	0x3A98		さくらは大神くんをこころから\n信頼しているわ。気合い十分の時\nいっしょに攻撃してみて。	사쿠라는　오오가미　군을　진심으로\n믿고　있어．　기합이　충분할　때\n함께　공격해　봐．
S1S:m11mes:140	m11mes.bin	140	0x3A99		すみれは大神くんをこころから\n信頼しているわ。気合い十分の時\nいっしょに攻撃してみて。	스미레는　오오가미　군을　진심으로\n믿고　있어．　기합이　충분할　때\n함께　공격해　봐．
S1S:m11mes:141	m11mes.bin	141	0x3A9A		マリアは大神くんをこころから\n信頼しているわ。気合い十分の時\nいっしょに攻撃してみて。	마리아는　오오가미　군을　진심으로\n믿고　있어．　기합이　충분할　때\n함께　공격해　봐．
S1S:m11mes:142	m11mes.bin	142	0x3A9B		アイリスは大神くんをこころから\n信頼しているわ。気合い十分の時\nいっしょに攻撃してみて。	아이리스는　오오가미　군을\n진심으로　믿고　있어．　기합이\n충분할　때　함께　공격해　봐．
S1S:m11mes:143	m11mes.bin	143	0x3A9C		カンナは大神くんをこころから\n信頼しているわ。気合い十分の時\nいっしょに攻撃してみて。	칸나는　오오가미　군을　진심으로\n믿고　있어．　기합이　충분할　때\n함께　공격해　봐．
S1S:m11mes:144	m11mes.bin	144	0x3A9D		紅蘭は大神くんをこころから\n信頼しているわ。気合い十分の時\nいっしょに攻撃してみて。	코란은　오오가미　군을　진심으로\n믿고　있어．　기합이　충분할　때\n함께　공격해　봐．
S1S:m11mes:145	m11mes.bin	145	0x4E16	dup=S1S:m01mes:81	みんな、俺が守らなくても\nだいじょうぶだな。	모두，　내가　지키지　않아도\n괜찮겠군．
S1S:m11mes:146	m11mes.bin	146	0x4E17	dup=S1S:m01mes:82	さくらくん……\n俺は必ず、きみを守る！	사쿠라　군……\n나는　반드시，　그대를　지키겠어！
S1S:m11mes:147	m11mes.bin	147	0x4E18	dup=S1S:m01mes:83	すみれくん……\n俺がいつでも守ってやるよ。	스미레　군……\n내가　언제든　지켜　주지．
S1S:m11mes:148	m11mes.bin	148	0x4E19	dup=S1S:m01mes:84	マリア……\nきみの背中を守らせてくれ。	마리아……\n네　뒤를　지키게　해　줘．
S1S:m11mes:149	m11mes.bin	149	0x4E1A	dup=S1S:m01mes:85	いつでも、アイリスのことを\n守ってあげるよ。	언제든　아이리스를\n지켜　줄게．
S1S:m11mes:150	m11mes.bin	150	0x4E1B	dup=S1S:m01mes:86	紅蘭は俺が守る！\nだから、心配するな！	코란은　내가　지킨다！\n그러니　걱정　마！
S1S:m11mes:151	m11mes.bin	151	0x4E1C	dup=S1S:m01mes:87	カンナ！\n防御なら俺にまかせろ！	칸나！\n방어라면　나한테　맡겨！
S1S:m11mes:152	m11mes.bin	152	0x003C	dup=S1S:m01mes:111	あたしが、頑張んなきゃ！	내가　힘내야　해！
S1S:m12mes:0	m12mes.bin	0	0x07E3	dup=S1S:m01mes:111	あたしが、頑張んなきゃ！	내가　힘내야　해！
S1S:m12mes:1	m12mes.bin	1	0x07E4	dup=S1S:m01mes:112	行きます！	갑니다！
S1S:m12mes:2	m12mes.bin	2	0x07E5	gaiji=81B8	まかせて下さい‼	맡겨　주세요‼
S1S:m12mes:3	m12mes.bin	3	0x07E6	dup=S1S:m01mes:114	見ていてくださいね、\n大神さん。	지켜봐　주세요，\n오오가미　씨．
S1S:m12mes:4	m12mes.bin	4	0x07E7	dup=S1S:m01mes:115	まだ、まだ大丈夫……	아직，　아직　괜찮아……
S1S:m12mes:5	m12mes.bin	5	0x07E8	dup=S1A:0801tbl:1020	ありがとうございます！	감사합니다！
S1S:m12mes:6	m12mes.bin	6	0x07E9	dup=S1S:m01mes:117	がんばって！　大神さん！	힘내요！　오오가미　씨！
S1S:m12mes:7	m12mes.bin	7	0x07EA	dup=S1S:m01mes:118	大神さんが頼りです！	오오가미　씨만　믿을게요！
S1S:m12mes:8	m12mes.bin	8	0x07EB	dup=S1S:m01mes:119	きゃぁぁぁ……	꺄아아아……
S1S:m12mes:9	m12mes.bin	9	0x07EC	dup=S1S:m01mes:120	つっ、\n次は負けないわ！	다，\n다음엔　지지　않을　거야！
S1S:m12mes:10	m12mes.bin	10	0x07ED	dup=S1S:m01mes:121	大神さん……\n本当にごめんなさい……	오오가미　씨……\n정말　미안해요……
S1S:m12mes:11	m12mes.bin	11	0x07F9	dup=S1S:m01mes:122	わたくしの出番ですわね。	제　차례군요．
S1S:m12mes:12	m12mes.bin	12	0x07FA	dup=S1S:m01mes:123	オホホホホホ……	오호호호호호……
S1S:m12mes:13	m12mes.bin	13	0x07FB	dup=S1S:m01mes:124;gaiji=81B8	いきますわよ‼	갑니다‼
S1S:m12mes:14	m12mes.bin	14	0x07FC	dup=S1S:m01mes:125	今日のわたくしは\nあなたのために！	오늘의　저는\n당신을　위해！
S1S:m12mes:15	m12mes.bin	15	0x07FD	dup=S1S:m01mes:126	この程度では負けませんわ……	이　정도로는　지지　않아요……
S1S:m12mes:16	m12mes.bin	16	0x07FE	dup=S1S:m01mes:127	少尉……\nやはりわたくしのことを……	소위님……\n역시　저를……
S1S:m12mes:17	m12mes.bin	17	0x07FF	dup=S1S:m01mes:128	さっ、少尉の出番ですわよ！	자，　소위님　차례예요！
S1S:m12mes:18	m12mes.bin	18	0x0800	dup=S1S:m01mes:129	わたくしが見ていますわよ！	제가　보고　있어요！
S1S:m12mes:19	m12mes.bin	19	0x0801	dup=S1S:m01mes:130;gaiji=81B8	うわぁぁぁ……‼	우와아아아……‼
S1S:m12mes:20	m12mes.bin	20	0x0802	dup=S1S:m01mes:131	今日の所は\n負けておいてあげますわ！	오늘은\n져　드리도록　하죠！
S1S:m12mes:21	m12mes.bin	21	0x0803	dup=S1S:m01mes:132;gaiji=81B8	隊長には\nわたくしが必要ですのに‼	대장님께는\n제가　필요한데요‼
S1S:m12mes:22	m12mes.bin	22	0x080F	dup=S1S:m01mes:133	敵は私が倒すしかない！	적은　내가　쓰러뜨릴　수밖에！
S1S:m12mes:23	m12mes.bin	23	0x0810	dup=S1S:m01mes:134;gaiji=81AC	次の目標はどこ⁉	다음　목표는　어디⁉
S1S:m12mes:24	m12mes.bin	24	0x0811	dup=S1S:m01mes:135	死にたいなら、\n前にでなさい……	죽고　싶다면，\n앞으로　나와……
S1S:m12mes:25	m12mes.bin	25	0x0812	dup=S1S:m01mes:136	作戦指示を\nお願いします！	작전　지시를\n부탁합니다！
S1S:m12mes:26	m12mes.bin	26	0x0813	dup=S1S:m01mes:137;gaiji=81B8	まだよ‼　まだまだ‼	아직이야‼　아직　멀었어‼
S1S:m12mes:27	m12mes.bin	27	0x0814	dup=S1S:m05mes:27	わ、わたしなんかの為に……	저，　저　같은　사람을　위해……
S1S:m12mes:28	m12mes.bin	28	0x0815	dup=S1S:m01mes:139	頑張ってください……隊長！	힘내세요……　대장님！
S1S:m12mes:29	m12mes.bin	29	0x0816	dup=S1S:m01mes:140	隊長、生きて帰りましょう！	대장님，　살아서　돌아가요！
S1S:m12mes:30	m12mes.bin	30	0x0817	dup=S1S:m01mes:141	ああぁぁぁ……	아아아아……
S1S:m12mes:31	m12mes.bin	31	0x0818	dup=S1S:m01mes:142;gaiji=81B8	つ、強いわ‼\n撤退‼	강해‼\n후퇴‼
S1S:m12mes:32	m12mes.bin	32	0x0819		すいません隊長、\n撤退します！	미안해요，　대장님．\n후퇴하겠습니다！
S1S:m12mes:33	m12mes.bin	33	0x0827	dup=S1S:m01mes:144	アイリスだって、\nがんばるモン！	아이리스도\n힘낼　거야！
S1S:m12mes:34	m12mes.bin	34	0x0828	dup=S1S:m01mes:145	アイリス、いきまーす！	아이리스，　갑니다아！
S1S:m12mes:35	m12mes.bin	35	0x0829	dup=S1S:m01mes:146	アイリス、強いんだよぉ！	아이리스，　강하다구！
S1S:m12mes:36	m12mes.bin	36	0x082A	dup=S1S:m01mes:147;gaiji=81B8	アイリス、\nお兄ちゃんのために、頑張る‼	아이리스，\n오빠를　위해　힘낼게‼
S1S:m12mes:37	m12mes.bin	37	0x082B	dup=S1S:m01mes:148	なんか、\nバチバチいってるよ……	뭔가，\n파직파직　소리가　나……
S1S:m12mes:38	m12mes.bin	38	0x082C	dup=S1S:m01mes:149	お兄ちゃん、だーいすき！	오빠，　정말　좋아해！
S1S:m12mes:39	m12mes.bin	39	0x082D	dup=S1S:m01mes:150	お兄ちゃん！　ファイトッ！	오빠！　힘내！
S1S:m12mes:40	m12mes.bin	40	0x082E	dup=S1S:m01mes:151	アイリスが見てるからね！	아이리스가　보고　있으니까！
S1S:m12mes:41	m12mes.bin	41	0x082F	dup=S1S:m01mes:152	きゃあぁぁぁ……	꺄아아아……
S1S:m12mes:42	m12mes.bin	42	0x0830	dup=S1S:m01mes:153	お星様の……\nバカ……	별님……\n바보……
S1S:m12mes:43	m12mes.bin	43	0x0831	dup=S1S:m01mes:154	お兄ちゃん、ゴメンね……	오빠，　미안해……
S1S:m12mes:44	m12mes.bin	44	0x083D	dup=S1S:m01mes:155	ウチも\n頑張らせてもらうで～	나도\n힘낼게데이～
S1S:m12mes:45	m12mes.bin	45	0x083E	dup=S1S:m01mes:156	科学をなめたら、\nあかんでぇ～	과학을　얕보면，\n안　된데이～
S1S:m12mes:46	m12mes.bin	46	0x083F	dup=S1S:m01mes:157;gaiji=81B8	ほんなら、いくでー‼	그럼，　간다‼
S1S:m12mes:47	m12mes.bin	47	0x0840	dup=S1S:m01mes:158	ウチを見ててやー！	나를　봐　줘～！
S1S:m12mes:48	m12mes.bin	48	0x0841	dup=S1S:m01mes:159	ダメージ喰らいすぎや！	너무　많이　맞았데이！
S1S:m12mes:49	m12mes.bin	49	0x0842	dup=S1S:m01mes:160	ウチ感動や～！	나　감동했데이～！
S1S:m12mes:50	m12mes.bin	50	0x0843	dup=S1S:m01mes:161	ウチが応援してるでぇ～！	내가　응원하고　있데이～！
S1S:m12mes:51	m12mes.bin	51	0x0844	dup=S1S:m01mes:162	がんばってや！　大神はん！	힘내래이！　오오가미　씨！
S1S:m12mes:52	m12mes.bin	52	0x0845	dup=S1S:m01mes:163	うわあぁぁぁぁ……	으아아아아……
S1S:m12mes:53	m12mes.bin	53	0x0846	dup=S1S:m01mes:164	あちゃー……\nいかれた……	아차……\n망가졌어……
S1S:m12mes:54	m12mes.bin	54	0x0847	dup=S1S:m01mes:165	隊長はん、\n迷惑かけてすんまへん……	대장님，\n폐를　끼쳐서　미안하데이……
S1S:m12mes:55	m12mes.bin	55	0x0854	dup=S1S:m01mes:166;gaiji=81B8	よっしゃ！\nやってやるか‼	좋아！\n해　볼까‼
S1S:m12mes:56	m12mes.bin	56	0x0855	dup=S1S:m01mes:167	気合いを入れるぜ！\nチェストォォ！	기합을　넣자！\n체스토오오！
S1S:m12mes:57	m12mes.bin	57	0x0856	dup=S1S:m01mes:168	桐島流の奥義、見せてやるぜ！	키리시마류의　비기，　보여　주마！
S1S:m12mes:58	m12mes.bin	58	0x0857	dup=S1S:m01mes:169;gaiji=81B8	さぁ‼\n行こうぜ、隊長‼	자아‼\n가자，　대장‼
S1S:m12mes:59	m12mes.bin	59	0x0858	dup=S1S:m01mes:170;gaiji=81B8	だいじょうぶ！\nまだ平気だぜ‼	괜찮아！\n아직　문제없어‼
S1S:m12mes:60	m12mes.bin	60	0x0859	dup=S1S:m01mes:171	さんきゅ！　助かったぜ！	고마워！　살았다！
S1S:m12mes:61	m12mes.bin	61	0x085A	dup=S1S:m01mes:172	いこうぜ！　隊長！	가자！　대장！
S1S:m12mes:62	m12mes.bin	62	0x085B	dup=S1S:m01mes:173	隊長の力を見せてやれ！	대장의　힘을　보여　줘！
S1S:m12mes:63	m12mes.bin	63	0x085C	dup=S1S:m01mes:174	うあああぁぁぁぁ……	으아아아아……
S1S:m12mes:64	m12mes.bin	64	0x085D	dup=S1S:m01mes:175	くっ、\nまだまだ修行がたりない……	큭，\n아직　수련이　부족해……
S1S:m12mes:65	m12mes.bin	65	0x085E	dup=S1S:m01mes:176	隊長のために、\n戦わなくちゃ……	대장을　위해\n싸워야　해……
S1S:m12mes:66	m12mes.bin	66	0x096E	dup=S1A:0804tbl:180	よっしゃあ！	좋았어！
S1S:m12mes:67	m12mes.bin	67	0x0D0A	dup=S1S:m01mes:178	やったわ！	해냈어！
S1S:m12mes:68	m12mes.bin	68	0x0D0B	dup=S1S:m01mes:179	やりましたわ！	해냈어요！
S1S:m12mes:69	m12mes.bin	69	0x0D0C	dup=S1S:m01mes:180	ふっ！	후！
S1S:m12mes:70	m12mes.bin	70	0x0D0D	dup=S1S:m01mes:181	やったでー！	해냈데이！
S1S:m12mes:71	m12mes.bin	71	0x0D0E	dup=S1S:m01mes:182;gaiji=81B8	わーい　わーい‼	와아　와아‼
S1S:m12mes:72	m12mes.bin	72	0x0C4A	dup=S1S:m01mes:10	帝国華撃団、参上！	제국화격단，　등장！
S1S:m12mes:73	m12mes.bin	73	0x0C4B		今までの敵とは違うわ！\n気をつけて！	지금까지　적과는　달라！\n조심해！
S1S:m12mes:74	m12mes.bin	74	0x0C4C		な、何だ、\n光武がおかしい！	뭐，　뭐야，\n광무가　이상해！
S1S:m12mes:75	m12mes.bin	75	0x0C4D		みんな、脱出するんや！\nもう……もう光武は限界なんや！	모두，　탈출하는　기라！\n이제……　이제　광무는　한계데이！
S1S:m12mes:76	m12mes.bin	76	0x2711	dup=S1A:0806tbl:71;gaiji=81B8	了解‼	알겠습니다‼
S1S:m12mes:77	m12mes.bin	77	0x2712		大神さん！\n今までと比較にならないほど\n強そうな敵です！	오오가미　씨！\n지금까지와　비교도　안　될　만큼\n강해　보이는　적이에요！
S1S:m12mes:78	m12mes.bin	78	0x2713		少尉！\n今までの敵とは\n比べものになりませんわ！	소위님！\n지금까지　적과는\n비교도　안　돼요！
S1S:m12mes:79	m12mes.bin	79	0x2714		隊長！\nこの敵は……手強いですよ！	대장！\n이　적은……　만만치　않아요！
S1S:m12mes:80	m12mes.bin	80	0x2715		マジで強そうだぜ、\nコイツら！	진짜　강해　보이데이，\n이　녀석들！
S1S:m12mes:81	m12mes.bin	81	0x2716		お兄ちゃん恐いよ～！	오빠　무서워～！
S1S:m12mes:82	m12mes.bin	82	0x2717		大神はん！\nこのバケモンの強さ、\nハンパやなさそうやで！	오오가미　씨！\n이　괴물의　강함，\n장난　아니어　보인데이！
S1S:m12mes:83	m12mes.bin	83	0x2718	gaiji=81AC	（戦力に差がありすぎるようだ\n　……どうする⁉）	（전력　차이가　너무　큰　것　같아\n……어떻게　하지⁉）
S1S:m12mes:84	m12mes.bin	84	0x2719		くそっ！\nなんという強さだ！	젠장！\n이게　무슨　강함이야！
S1S:m12mes:85	m12mes.bin	85	0x271A	gaiji=81B8	大神さんっ！\nこのままじゃ……‼	오오가미　씨！\n이대로라면……‼
S1S:m12mes:86	m12mes.bin	86	0x271B		少尉！　まずいですわ……	소위님！　큰일이에요……
S1S:m12mes:87	m12mes.bin	87	0x271C		隊長！　このままでは\n勝ち目がありません！\nなにか良い作戦は？	대장！　이대로라면\n승산이　없어요！\n좋은　작전은　없나요？
S1S:m12mes:88	m12mes.bin	88	0x271D	gaiji=81B8	やべえよ、隊長！\nこのままじゃ、やられちまうぜ‼	큰일이야，　대장！\n이대로라면　당하고　말겠어‼
S1S:m12mes:89	m12mes.bin	89	0x271E		ダメだよお兄ちゃん！\n勝てないよ！	안　돼，　오빠！\n이길　수　없어！
S1S:m12mes:90	m12mes.bin	90	0x271F	gaiji=81B8	アカンで大神はん！\nこのままじゃ、光武ももたんで‼	안　돼，　오오가미　씨！　이대로면\n광무도　버티지　못한데이‼
S1S:m12mes:91	m12mes.bin	91	0x2720	gaiji=81B8	大神少尉、翔鯨丸で砲撃します。\n危険だから、鳥居の奥まで退避‼	오오가미　소위，　상경환으로　포격\n위험하니　도리이　뒤로　대피하세요
S1S:m12mes:92	m12mes.bin	92	0x2721		大神ぃ！　全員退避しねぇと、\n砲撃が出来ねぇぞ！\nさっさと逃げろ！	오오가미！　전원　대피하지　않으면\n포격할　수　없어！\n어서　도망쳐！
S1S:m12mes:93	m12mes.bin	93	0x2722	gaiji=81B8	了解！\n全員、鳥居の奥に退避だ‼	알겠습니다！\n전원，　도리이　뒤로　대피다‼
S1S:m12mes:94	m12mes.bin	94	0x2723	gaiji=81B8	あやめさん！\n退避完了しました！\n砲撃を開始して下さい‼	아야메　씨！\n대피　완료했습니다！\n포격을　시작해　주세요‼
S1S:m12mes:95	m12mes.bin	95	0x2724		よくやったわ、大神少尉！	잘했어，　오오가미　소위님！
S1S:m12mes:96	m12mes.bin	96	0x2725	gaiji=81B8	翔鯨丸、砲撃用意！\n照準よし\n撃てぇぃ‼	상경환，　포격　준비！\n조준　양호\n쏴라아‼
S1S:m12mes:97	m12mes.bin	97	0x2726		砲撃完了。\n敵はまだ生きているけど、\nかなり弱っているはずよ。	포격　완료．\n적은　아직　살아　있지만，\n꽤　약해졌을　거야．
S1S:m12mes:98	m12mes.bin	98	0x2727		大神少尉！\n今なら勝てるわ。\n敵をせん滅してください！	오오가미　소위님！\n지금이라면　이길　수　있어요．\n적을　섬멸하세요！
S1S:m12mes:99	m12mes.bin	99	0x2728		よしっ！　戦闘終了だ。\n全機、帰投する。	좋아！　전투　종료다．\n전　기체，　귀환한다．
S1S:m12mes:100	m12mes.bin	100	0x2729	gaiji=81AC	……⁉\n大神さん！\n光武が……光武が動かない！	……⁉　오오가미　씨！　광무가……\n광무가　움직이지　않아요！
S1S:m12mes:101	m12mes.bin	101	0x272A	gaiji=81AC	……⁉\n少尉！　光武が動きませんわ！	……⁉　소위님！　광무가　움직이지\n않아요！
S1S:m12mes:102	m12mes.bin	102	0x272B	gaiji=81AC	……⁉\n隊長！　光武が動きません！	……⁉\n대장！　광무가　움직이지　않아요！
S1S:m12mes:103	m12mes.bin	103	0x272C	gaiji=81AC	……⁉\n隊長！　光武が動かないぜ！	……⁉\n대장！　광무가　움직이지　않아！
S1S:m12mes:104	m12mes.bin	104	0x272D	gaiji=81AC	あれぇ⁉\nお兄ちゃん！\n光武が動かないよ。	어라⁉\n오빠！\n광무가　움직이지　않아．
S1S:m12mes:105	m12mes.bin	105	0x272E	dup=S1A:0101tbl:783	…………	…………
S1S:m12mes:106	m12mes.bin	106	0x272F		今までのどの敵より強力よ！\n大神くん、無理しないで\n防御しながら様子を見て！	지금까지의　어떤　적보다　강력해！\n오오가미　군，　무리하지　말고\n방어하면서　상황을　봐！
S1S:m12mes:107	m12mes.bin	107	0x2730		むやみに攻撃するより\n防御を中心にして\n鳥居の奥に退避するのよ。	함부로　공격하기보다\n방어를　중심으로\n도리이　뒤로　대피하는　거야．
S1S:m12mes:108	m12mes.bin	108	0x2731		ダメージを与えたといっても\n敵の攻撃力は変わらないわ。\n無茶は禁物よ。	피해를　줬다고　해도\n적의　공격력은　변하지　않아．\n무리는　금물이야．
S1S:m12mes:109	m12mes.bin	109	0x2738	gaiji=81B8	ハハハハハハ！\n虫けらにしては威勢がいいな‼	하하하하하하！\n벌레치고는　기세가　좋군‼
S1S:m12mes:110	m12mes.bin	110	0x2739		我が名は猪！　三騎士の一人だ！\nまた会おう！　もっとも貴様らが\n生きていればの話だがな！	내　이름은　이노시시！　삼기사　중\n하나다！　다시　만나자！　물론\n네놈들이　살아　있다면　말이지！
S1S:m12mes:111	m12mes.bin	111	0x273A		俺の名は鹿。三騎士の一人だ。\nもしも生き延びる事が出来たら、\n次はこの俺が相手をしてやる！	내　이름은　시카．　삼기사　중\n하나다．　살아남을　수　있다면，\n다음에는　내가　상대해　주마！
S1S:m12mes:112	m12mes.bin	112	0x273B		アタシは三騎士の一人、蝶。\nこのアタシに会えるなんて、\n幸せなヤツらね。	나는　삼기사　중　하나，　초．\n이　초를　만나다니，\n운　좋은　놈들이군．
S1S:m12mes:113	m12mes.bin	113	0x273C		オホホホホホ。死ぬ前に\nこのアタシに会えたことを\n神に感謝するのね。	오호호호호호．　죽기　전에\n이　나를　만난　것을\n신께　감사하도록　해．
S1S:m12mes:114	m12mes.bin	114	0x273D		貴様らごとき、\n私が手を下すまでも無い。	네놈들　따위는，\n내가　직접　나설　필요도　없다．
S1S:m12mes:115	m12mes.bin	115	0x273E		その者達が、充分なもてなしを\nしてくれるだろう。\nでは、失礼……	그자들이　충분히　환대해　줄\n것이다．　그럼，　이만……
S1S:m12mes:116	m12mes.bin	116	0x3A98	dup=S1S:m11mes:139	さくらは大神くんをこころから\n信頼しているわ。気合い十分の時\nいっしょに攻撃してみて。	사쿠라는　오오가미　군을　진심으로\n믿고　있어．　기합이　충분할　때\n함께　공격해　봐．
S1S:m12mes:117	m12mes.bin	117	0x3A99	dup=S1S:m11mes:140	すみれは大神くんをこころから\n信頼しているわ。気合い十分の時\nいっしょに攻撃してみて。	스미레는　오오가미　군을　진심으로\n믿고　있어．　기합이　충분할　때\n함께　공격해　봐．
S1S:m12mes:118	m12mes.bin	118	0x3A9A	dup=S1S:m11mes:141	マリアは大神くんをこころから\n信頼しているわ。気合い十分の時\nいっしょに攻撃してみて。	마리아는　오오가미　군을　진심으로\n믿고　있어．　기합이　충분할　때\n함께　공격해　봐．
S1S:m12mes:119	m12mes.bin	119	0x3A9B	dup=S1S:m11mes:142	アイリスは大神くんをこころから\n信頼しているわ。気合い十分の時\nいっしょに攻撃してみて。	아이리스는　오오가미　군을\n진심으로　믿고　있어．　기합이\n충분할　때　함께　공격해　봐．
S1S:m12mes:120	m12mes.bin	120	0x3A9C	dup=S1S:m11mes:143	カンナは大神くんをこころから\n信頼しているわ。気合い十分の時\nいっしょに攻撃してみて。	칸나는　오오가미　군을　진심으로\n믿고　있어．　기합이　충분할　때\n함께　공격해　봐．
S1S:m12mes:121	m12mes.bin	121	0x3A9D	dup=S1S:m11mes:144	紅蘭は大神くんをこころから\n信頼しているわ。気合い十分の時\nいっしょに攻撃してみて。	코란은　오오가미　군을　진심으로\n믿고　있어．　기합이　충분할　때\n함께　공격해　봐．
S1S:m12mes:122	m12mes.bin	122	0x4E16	dup=S1S:m01mes:81	みんな、俺が守らなくても\nだいじょうぶだな。	모두，　내가　지키지　않아도\n괜찮겠군．
S1S:m12mes:123	m12mes.bin	123	0x4E17	dup=S1S:m01mes:82	さくらくん……\n俺は必ず、きみを守る！	사쿠라　군……\n나는　반드시，　그대를　지키겠어！
S1S:m12mes:124	m12mes.bin	124	0x4E18	dup=S1S:m01mes:83	すみれくん……\n俺がいつでも守ってやるよ。	스미레　군……\n내가　언제든　지켜　주지．
S1S:m12mes:125	m12mes.bin	125	0x4E19	dup=S1S:m01mes:84	マリア……\nきみの背中を守らせてくれ。	마리아……\n네　뒤를　지키게　해　줘．
S1S:m12mes:126	m12mes.bin	126	0x4E1A	dup=S1S:m01mes:85	いつでも、アイリスのことを\n守ってあげるよ。	언제든　아이리스를\n지켜　줄게．
S1S:m12mes:127	m12mes.bin	127	0x4E1B	dup=S1S:m01mes:86	紅蘭は俺が守る！\nだから、心配するな！	코란은　내가　지킨다！\n그러니　걱정　마！
S1S:m12mes:128	m12mes.bin	128	0x4E1C	dup=S1S:m01mes:87	カンナ！\n防御なら俺にまかせろ！	칸나！\n방어라면　나한테　맡겨！
S1S:m12mes:129	m12mes.bin	129	0x003C	dup=S1S:m01mes:111	あたしが、頑張んなきゃ！	내가　힘내야　해！
S1S:m13mes:0	m13mes.bin	0	0x07E3	dup=S1S:m01mes:111	あたしが、頑張んなきゃ！	내가　힘내야　해！
S1S:m13mes:1	m13mes.bin	1	0x07E4	dup=S1S:m01mes:112	行きます！	갑니다！
S1S:m13mes:2	m13mes.bin	2	0x07E5	dup=S1S:m12mes:2;gaiji=81B8	まかせて下さい‼	맡겨　주세요‼
S1S:m13mes:3	m13mes.bin	3	0x07E6	dup=S1S:m01mes:114	見ていてくださいね、\n大神さん。	지켜봐　주세요，\n오오가미　씨．
S1S:m13mes:4	m13mes.bin	4	0x07E7	dup=S1S:m01mes:115	まだ、まだ大丈夫……	아직，　아직　괜찮아……
S1S:m13mes:5	m13mes.bin	5	0x07E8	dup=S1A:0801tbl:1020	ありがとうございます！	감사합니다！
S1S:m13mes:6	m13mes.bin	6	0x07E9	dup=S1S:m01mes:117	がんばって！　大神さん！	힘내요！　오오가미　씨！
S1S:m13mes:7	m13mes.bin	7	0x07EA	dup=S1S:m01mes:118	大神さんが頼りです！	오오가미　씨만　믿을게요！
S1S:m13mes:8	m13mes.bin	8	0x07EB	dup=S1S:m01mes:119	きゃぁぁぁ……	꺄아아아……
S1S:m13mes:9	m13mes.bin	9	0x07EC	dup=S1S:m01mes:120	つっ、\n次は負けないわ！	다，\n다음엔　지지　않을　거야！
S1S:m13mes:10	m13mes.bin	10	0x07ED	dup=S1S:m01mes:121	大神さん……\n本当にごめんなさい……	오오가미　씨……\n정말　미안해요……
S1S:m13mes:11	m13mes.bin	11	0x07F9	dup=S1S:m01mes:122	わたくしの出番ですわね。	제　차례군요．
S1S:m13mes:12	m13mes.bin	12	0x07FA	dup=S1S:m01mes:123	オホホホホホ……	오호호호호호……
S1S:m13mes:13	m13mes.bin	13	0x07FB	dup=S1S:m01mes:124;gaiji=81B8	いきますわよ‼	갑니다‼
S1S:m13mes:14	m13mes.bin	14	0x07FC	dup=S1S:m01mes:125	今日のわたくしは\nあなたのために！	오늘의　저는\n당신을　위해！
S1S:m13mes:15	m13mes.bin	15	0x07FD	dup=S1S:m01mes:126	この程度では負けませんわ……	이　정도로는　지지　않아요……
S1S:m13mes:16	m13mes.bin	16	0x07FE	dup=S1S:m01mes:127	少尉……\nやはりわたくしのことを……	소위님……\n역시　저를……
S1S:m13mes:17	m13mes.bin	17	0x07FF	dup=S1S:m01mes:128	さっ、少尉の出番ですわよ！	자，　소위님　차례예요！
S1S:m13mes:18	m13mes.bin	18	0x0800	dup=S1S:m01mes:129	わたくしが見ていますわよ！	제가　보고　있어요！
S1S:m13mes:19	m13mes.bin	19	0x0801	dup=S1S:m01mes:130;gaiji=81B8	うわぁぁぁ……‼	우와아아아……‼
S1S:m13mes:20	m13mes.bin	20	0x0802	dup=S1S:m01mes:131	今日の所は\n負けておいてあげますわ！	오늘은\n져　드리도록　하죠！
S1S:m13mes:21	m13mes.bin	21	0x0803	dup=S1S:m01mes:132;gaiji=81B8	隊長には\nわたくしが必要ですのに‼	대장님께는\n제가　필요한데요‼
S1S:m13mes:22	m13mes.bin	22	0x080F	dup=S1S:m01mes:133	敵は私が倒すしかない！	적은　내가　쓰러뜨릴　수밖에！
S1S:m13mes:23	m13mes.bin	23	0x0810	dup=S1S:m01mes:134;gaiji=81AC	次の目標はどこ⁉	다음　목표는　어디⁉
S1S:m13mes:24	m13mes.bin	24	0x0811	dup=S1S:m01mes:135	死にたいなら、\n前にでなさい……	죽고　싶다면，\n앞으로　나와……
S1S:m13mes:25	m13mes.bin	25	0x0812	dup=S1S:m01mes:136	作戦指示を\nお願いします！	작전　지시를\n부탁합니다！
S1S:m13mes:26	m13mes.bin	26	0x0813	dup=S1S:m01mes:137;gaiji=81B8	まだよ‼　まだまだ‼	아직이야‼　아직　멀었어‼
S1S:m13mes:27	m13mes.bin	27	0x0814	dup=S1S:m05mes:27	わ、わたしなんかの為に……	저，　저　같은　사람을　위해……
S1S:m13mes:28	m13mes.bin	28	0x0815	dup=S1S:m01mes:139	頑張ってください……隊長！	힘내세요……　대장님！
S1S:m13mes:29	m13mes.bin	29	0x0816	dup=S1S:m01mes:140	隊長、生きて帰りましょう！	대장님，　살아서　돌아가요！
S1S:m13mes:30	m13mes.bin	30	0x0817	dup=S1S:m01mes:141	ああぁぁぁ……	아아아아……
S1S:m13mes:31	m13mes.bin	31	0x0818	dup=S1S:m01mes:142;gaiji=81B8	つ、強いわ‼\n撤退‼	강해‼\n후퇴‼
S1S:m13mes:32	m13mes.bin	32	0x0819	dup=S1S:m12mes:32	すいません隊長、\n撤退します！	미안해요，　대장님．\n후퇴하겠습니다！
S1S:m13mes:33	m13mes.bin	33	0x0827	dup=S1S:m01mes:144	アイリスだって、\nがんばるモン！	아이리스도\n힘낼　거야！
S1S:m13mes:34	m13mes.bin	34	0x0828	dup=S1S:m01mes:145	アイリス、いきまーす！	아이리스，　갑니다아！
S1S:m13mes:35	m13mes.bin	35	0x0829	dup=S1S:m01mes:146	アイリス、強いんだよぉ！	아이리스，　강하다구！
S1S:m13mes:36	m13mes.bin	36	0x082A	dup=S1S:m01mes:147;gaiji=81B8	アイリス、\nお兄ちゃんのために、頑張る‼	아이리스，\n오빠를　위해　힘낼게‼
S1S:m13mes:37	m13mes.bin	37	0x082B	dup=S1S:m01mes:148	なんか、\nバチバチいってるよ……	뭔가，\n파직파직　소리가　나……
S1S:m13mes:38	m13mes.bin	38	0x082C	dup=S1S:m01mes:149	お兄ちゃん、だーいすき！	오빠，　정말　좋아해！
S1S:m13mes:39	m13mes.bin	39	0x082D	dup=S1S:m01mes:150	お兄ちゃん！　ファイトッ！	오빠！　힘내！
S1S:m13mes:40	m13mes.bin	40	0x082E	dup=S1S:m01mes:151	アイリスが見てるからね！	아이리스가　보고　있으니까！
S1S:m13mes:41	m13mes.bin	41	0x082F	dup=S1S:m01mes:152	きゃあぁぁぁ……	꺄아아아……
S1S:m13mes:42	m13mes.bin	42	0x0830	dup=S1S:m01mes:153	お星様の……\nバカ……	별님……\n바보……
S1S:m13mes:43	m13mes.bin	43	0x0831	dup=S1S:m01mes:154	お兄ちゃん、ゴメンね……	오빠，　미안해……
S1S:m13mes:44	m13mes.bin	44	0x083D	dup=S1S:m01mes:155	ウチも\n頑張らせてもらうで～	나도\n힘낼게데이～
S1S:m13mes:45	m13mes.bin	45	0x083E	dup=S1S:m01mes:156	科学をなめたら、\nあかんでぇ～	과학을　얕보면，\n안　된데이～
S1S:m13mes:46	m13mes.bin	46	0x083F	dup=S1S:m01mes:157;gaiji=81B8	ほんなら、いくでー‼	그럼，　간다‼
S1S:m13mes:47	m13mes.bin	47	0x0840	dup=S1S:m01mes:158	ウチを見ててやー！	나를　봐　줘～！
S1S:m13mes:48	m13mes.bin	48	0x0841	dup=S1S:m01mes:159	ダメージ喰らいすぎや！	너무　많이　맞았데이！
S1S:m13mes:49	m13mes.bin	49	0x0842	dup=S1S:m01mes:160	ウチ感動や～！	나　감동했데이～！
S1S:m13mes:50	m13mes.bin	50	0x0843	dup=S1S:m01mes:161	ウチが応援してるでぇ～！	내가　응원하고　있데이～！
S1S:m13mes:51	m13mes.bin	51	0x0844	dup=S1S:m01mes:162	がんばってや！　大神はん！	힘내래이！　오오가미　씨！
S1S:m13mes:52	m13mes.bin	52	0x0845	dup=S1S:m01mes:163	うわあぁぁぁぁ……	으아아아아……
S1S:m13mes:53	m13mes.bin	53	0x0846	dup=S1S:m01mes:164	あちゃー……\nいかれた……	아차……\n망가졌어……
S1S:m13mes:54	m13mes.bin	54	0x0847	dup=S1S:m01mes:165	隊長はん、\n迷惑かけてすんまへん……	대장님，\n폐를　끼쳐서　미안하데이……
S1S:m13mes:55	m13mes.bin	55	0x0854	dup=S1S:m01mes:166;gaiji=81B8	よっしゃ！\nやってやるか‼	좋아！\n해　볼까‼
S1S:m13mes:56	m13mes.bin	56	0x0855	dup=S1S:m01mes:167	気合いを入れるぜ！\nチェストォォ！	기합을　넣자！\n체스토오오！
S1S:m13mes:57	m13mes.bin	57	0x0856	dup=S1S:m01mes:168	桐島流の奥義、見せてやるぜ！	키리시마류의　비기，　보여　주마！
S1S:m13mes:58	m13mes.bin	58	0x0857	dup=S1S:m01mes:169;gaiji=81B8	さぁ‼\n行こうぜ、隊長‼	자아‼\n가자，　대장‼
S1S:m13mes:59	m13mes.bin	59	0x0858	dup=S1S:m01mes:170;gaiji=81B8	だいじょうぶ！\nまだ平気だぜ‼	괜찮아！\n아직　문제없어‼
S1S:m13mes:60	m13mes.bin	60	0x0859	dup=S1S:m01mes:171	さんきゅ！　助かったぜ！	고마워！　살았다！
S1S:m13mes:61	m13mes.bin	61	0x085A	dup=S1S:m01mes:172	いこうぜ！　隊長！	가자！　대장！
S1S:m13mes:62	m13mes.bin	62	0x085B	dup=S1S:m01mes:173	隊長の力を見せてやれ！	대장의　힘을　보여　줘！
S1S:m13mes:63	m13mes.bin	63	0x085C	dup=S1S:m01mes:174	うあああぁぁぁぁ……	으아아아아……
S1S:m13mes:64	m13mes.bin	64	0x085D	dup=S1S:m01mes:175	くっ、\nまだまだ修行がたりない……	큭，\n아직　수련이　부족해……
S1S:m13mes:65	m13mes.bin	65	0x085E	dup=S1S:m01mes:176	隊長のために、\n戦わなくちゃ……	대장을　위해\n싸워야　해……
S1S:m13mes:66	m13mes.bin	66	0x096E	dup=S1A:0804tbl:180	よっしゃあ！	좋았어！
S1S:m13mes:67	m13mes.bin	67	0x0D0A	dup=S1S:m01mes:178	やったわ！	해냈어！
S1S:m13mes:68	m13mes.bin	68	0x0D0B	dup=S1S:m01mes:179	やりましたわ！	해냈어요！
S1S:m13mes:69	m13mes.bin	69	0x0D0C	dup=S1S:m01mes:180	ふっ！	후！
S1S:m13mes:70	m13mes.bin	70	0x0D0D	dup=S1S:m01mes:181	やったでー！	해냈데이！
S1S:m13mes:71	m13mes.bin	71	0x0D0E	dup=S1S:m01mes:182;gaiji=81B8	わーい　わーい‼	와아　와아‼
S1S:m13mes:72	m13mes.bin	72	0x0C4A	dup=S1S:m01mes:10	帝国華撃団、参上！	제국화격단，　등장！
S1S:m13mes:73	m13mes.bin	73	0x0C4B	dup=S1S:m12mes:73	今までの敵とは違うわ！\n気をつけて！	지금까지　적과는　달라！\n조심해！
S1S:m13mes:74	m13mes.bin	74	0x0C4C	dup=S1S:m12mes:74	な、何だ、\n光武がおかしい！	뭐，　뭐야，\n광무가　이상해！
S1S:m13mes:75	m13mes.bin	75	0x0C4D	dup=S1S:m12mes:75	みんな、脱出するんや！\nもう……もう光武は限界なんや！	모두，　탈출하는　기라！\n이제……　이제　광무는　한계데이！
S1S:m13mes:76	m13mes.bin	76	0x2711	dup=S1A:0806tbl:71;gaiji=81B8	了解‼	알겠습니다‼
S1S:m13mes:77	m13mes.bin	77	0x2712		大神さん！\nこの敵の強さは、\n今までと比較になりません！	오오가미　씨！\n이　적의　강함은\n지금까지와　비교도　안　돼요！
S1S:m13mes:78	m13mes.bin	78	0x2713	dup=S1S:m12mes:78	少尉！\n今までの敵とは\n比べものになりませんわ！	소위님！\n지금까지　적과는\n비교도　안　돼요！
S1S:m13mes:79	m13mes.bin	79	0x2714	dup=S1S:m12mes:79	隊長！\nこの敵は……手強いですよ！	대장！\n이　적은……　만만치　않아요！
S1S:m13mes:80	m13mes.bin	80	0x2715		マジで強いで、コイツら！	진짜　강하데이，　이　녀석들！
S1S:m13mes:81	m13mes.bin	81	0x2716	dup=S1S:m12mes:81	お兄ちゃん恐いよ～！	오빠　무서워～！
S1S:m13mes:82	m13mes.bin	82	0x2717		大神はん！\nこのバケモンの強さ、\nハンパやないで！	오오가미　씨！\n이　괴물들　강함，\n장난　아니데이！
S1S:m13mes:83	m13mes.bin	83	0x2718	gaiji=81AC	（戦力に差がありすぎる……\n　どうする⁉）	（전력　차이가　너무　커……\n어떻게　하지⁉）
S1S:m13mes:84	m13mes.bin	84	0x2719		くそっ！\nほとんど効いてない！	젠장！\n거의　안　통해！
S1S:m13mes:85	m13mes.bin	85	0x271A	dup=S1S:m12mes:85;gaiji=81B8	大神さんっ！\nこのままじゃ……‼	오오가미　씨！\n이대로라면……‼
S1S:m13mes:86	m13mes.bin	86	0x271B	dup=S1S:m12mes:86	少尉！　まずいですわ……	소위님！　큰일이에요……
S1S:m13mes:87	m13mes.bin	87	0x271C	dup=S1S:m12mes:87	隊長！　このままでは\n勝ち目がありません！\nなにか良い作戦は？	대장！　이대로라면\n승산이　없어요！\n좋은　작전은　없나요？
S1S:m13mes:88	m13mes.bin	88	0x271D	dup=S1S:m12mes:88;gaiji=81B8	やべえよ、隊長！\nこのままじゃ、やられちまうぜ‼	큰일이야，　대장！\n이대로라면　당하고　말겠어‼
S1S:m13mes:89	m13mes.bin	89	0x271E	dup=S1S:m12mes:89	ダメだよお兄ちゃん！\n勝てないよ！	안　돼，　오빠！\n이길　수　없어！
S1S:m13mes:90	m13mes.bin	90	0x271F	dup=S1S:m12mes:90;gaiji=81B8	アカンで大神はん！\nこのままじゃ、光武ももたんで‼	안　돼，　오오가미　씨！　이대로면\n광무도　버티지　못한데이‼
S1S:m13mes:91	m13mes.bin	91	0x2720	dup=S1S:m12mes:91;gaiji=81B8	大神少尉、翔鯨丸で砲撃します。\n危険だから、鳥居の奥まで退避‼	오오가미　소위，　상경환으로　포격\n위험하니　도리이　뒤로　대피하세요
S1S:m13mes:92	m13mes.bin	92	0x2721	dup=S1S:m12mes:92	大神ぃ！　全員退避しねぇと、\n砲撃が出来ねぇぞ！\nさっさと逃げろ！	오오가미！　전원　대피하지　않으면\n포격할　수　없어！\n어서　도망쳐！
S1S:m13mes:93	m13mes.bin	93	0x2722	dup=S1S:m12mes:93;gaiji=81B8	了解！\n全員、鳥居の奥に退避だ‼	알겠습니다！\n전원，　도리이　뒤로　대피다‼
S1S:m13mes:94	m13mes.bin	94	0x2723	dup=S1S:m12mes:94;gaiji=81B8	あやめさん！\n退避完了しました！\n砲撃を開始して下さい‼	아야메　씨！\n대피　완료했습니다！\n포격을　시작해　주세요‼
S1S:m13mes:95	m13mes.bin	95	0x2724	dup=S1S:m12mes:95	よくやったわ、大神少尉！	잘했어，　오오가미　소위님！
S1S:m13mes:96	m13mes.bin	96	0x2725	dup=S1S:m12mes:96;gaiji=81B8	翔鯨丸、砲撃用意！\n照準よし\n撃てぇぃ‼	상경환，　포격　준비！\n조준　양호\n쏴라아‼
S1S:m13mes:97	m13mes.bin	97	0x2726	dup=S1S:m12mes:97	砲撃完了。\n敵はまだ生きているけど、\nかなり弱っているはずよ。	포격　완료．\n적은　아직　살아　있지만，\n꽤　약해졌을　거야．
S1S:m13mes:98	m13mes.bin	98	0x2727	dup=S1S:m12mes:98	大神少尉！\n今なら勝てるわ。\n敵をせん滅してください！	오오가미　소위님！\n지금이라면　이길　수　있어요．\n적을　섬멸하세요！
S1S:m13mes:99	m13mes.bin	99	0x2728	dup=S1S:m12mes:99	よしっ！　戦闘終了だ。\n全機、帰投する。	좋아！　전투　종료다．\n전　기체，　귀환한다．
S1S:m13mes:100	m13mes.bin	100	0x2729	dup=S1S:m12mes:100;gaiji=81AC	……⁉\n大神さん！\n光武が……光武が動かない！	……⁉　오오가미　씨！　광무가……\n광무가　움직이지　않아요！
S1S:m13mes:101	m13mes.bin	101	0x272A	dup=S1S:m12mes:101;gaiji=81AC	……⁉\n少尉！　光武が動きませんわ！	……⁉　소위님！　광무가　움직이지\n않아요！
S1S:m13mes:102	m13mes.bin	102	0x272B	dup=S1S:m12mes:102;gaiji=81AC	……⁉\n隊長！　光武が動きません！	……⁉\n대장！　광무가　움직이지　않아요！
S1S:m13mes:103	m13mes.bin	103	0x272C	dup=S1S:m12mes:103;gaiji=81AC	……⁉\n隊長！　光武が動かないぜ！	……⁉\n대장！　광무가　움직이지　않아！
S1S:m13mes:104	m13mes.bin	104	0x272D	dup=S1S:m12mes:104;gaiji=81AC	あれぇ⁉\nお兄ちゃん！\n光武が動かないよ。	어라⁉\n오빠！\n광무가　움직이지　않아．
S1S:m13mes:105	m13mes.bin	105	0x272E	dup=S1A:0101tbl:783	…………	…………
S1S:m13mes:106	m13mes.bin	106	0x272F	dup=S1S:m12mes:106	今までのどの敵より強力よ！\n大神くん、無理しないで\n防御しながら様子を見て！	지금까지의　어떤　적보다　강력해！\n오오가미　군，　무리하지　말고\n방어하면서　상황을　봐！
S1S:m13mes:107	m13mes.bin	107	0x2730	dup=S1S:m12mes:107	むやみに攻撃するより\n防御を中心にして\n鳥居の奥に退避するのよ。	함부로　공격하기보다\n방어를　중심으로\n도리이　뒤로　대피하는　거야．
S1S:m13mes:108	m13mes.bin	108	0x2731	dup=S1S:m12mes:108	ダメージを与えたといっても\n敵の攻撃力は変わらないわ。\n無茶は禁物よ。	피해를　줬다고　해도\n적의　공격력은　변하지　않아．\n무리는　금물이야．
S1S:m13mes:109	m13mes.bin	109	0x2738	dup=S1S:m12mes:109;gaiji=81B8	ハハハハハハ！\n虫けらにしては威勢がいいな‼	하하하하하하！\n벌레치고는　기세가　좋군‼
S1S:m13mes:110	m13mes.bin	110	0x2739	dup=S1S:m12mes:110	我が名は猪！　三騎士の一人だ！\nまた会おう！　もっとも貴様らが\n生きていればの話だがな！	내　이름은　이노시시！　삼기사　중\n하나다！　다시　만나자！　물론\n네놈들이　살아　있다면　말이지！
S1S:m13mes:111	m13mes.bin	111	0x273A	dup=S1S:m12mes:111	俺の名は鹿。三騎士の一人だ。\nもしも生き延びる事が出来たら、\n次はこの俺が相手をしてやる！	내　이름은　시카．　삼기사　중\n하나다．　살아남을　수　있다면，\n다음에는　내가　상대해　주마！
S1S:m13mes:112	m13mes.bin	112	0x273B	dup=S1S:m12mes:112	アタシは三騎士の一人、蝶。\nこのアタシに会えるなんて、\n幸せなヤツらね。	나는　삼기사　중　하나，　초．\n이　초를　만나다니，\n운　좋은　놈들이군．
S1S:m13mes:113	m13mes.bin	113	0x273C	dup=S1S:m12mes:113	オホホホホホ。死ぬ前に\nこのアタシに会えたことを\n神に感謝するのね。	오호호호호호．　죽기　전에\n이　나를　만난　것을\n신께　감사하도록　해．
S1S:m13mes:114	m13mes.bin	114	0x273D	dup=S1S:m12mes:114	貴様らごとき、\n私が手を下すまでも無い。	네놈들　따위는，\n내가　직접　나설　필요도　없다．
S1S:m13mes:115	m13mes.bin	115	0x273E	dup=S1S:m12mes:115	その者達が、充分なもてなしを\nしてくれるだろう。\nでは、失礼……	그자들이　충분히　환대해　줄\n것이다．　그럼，　이만……
S1S:m13mes:116	m13mes.bin	116	0x3A98		さくらは心から信頼しているわ。\n気合いが一杯の時に、隣り合って\n敵を攻撃してごらんなさい。	사쿠라는　당신을　진심으로　믿고\n있어．　기합이　가득　찼을　때，\n나란히　서서　적을　공격해　봐．
S1S:m13mes:117	m13mes.bin	117	0x3A99		すみれは心から信頼しているわ。\n気合いが一杯の時に、隣り合って\n敵を攻撃してごらんなさい。	스미레는　당신을　진심으로　믿고\n있어．　기합이　가득　찼을　때，\n나란히　서서　적을　공격해　봐．
S1S:m13mes:118	m13mes.bin	118	0x3A9A		マリアは心から信頼しているわ。\n気合いが一杯の時に、隣り合って\n敵を攻撃してごらんなさい。	마리아는　당신을　진심으로　믿고\n있어．　기합이　가득　찼을　때，\n나란히　서서　적을　공격해　봐．
S1S:m13mes:119	m13mes.bin	119	0x3A9B		アイリスの信頼は厚いわ。\n気合いが一杯の時に、隣り合って\n敵を攻撃してごらんなさい。	아이리스의　신뢰는　두터워．\n기합이　가득　찼을　때，　나란히\n서서　적을　공격해　봐．
S1S:m13mes:120	m13mes.bin	120	0x3A9C		カンナは心から信頼しているわ。\n気合いが一杯の時に、隣り合って\n敵を攻撃してごらんなさい。	칸나는　당신을　진심으로　믿고\n있어．　기합이　가득　찼을　때，\n나란히　서서　적을　공격해　봐．
S1S:m13mes:121	m13mes.bin	121	0x3A9D		紅蘭は心から信頼しているわ。\n気合いが一杯の時に、隣り合って\n敵を攻撃してごらんなさい。	코란은　당신을　진심으로　믿고\n있어．　기합이　가득　찼을　때，\n나란히　서서　적을　공격해　봐．
S1S:m13mes:122	m13mes.bin	122	0x4E16	dup=S1S:m01mes:81	みんな、俺が守らなくても\nだいじょうぶだな。	모두，　내가　지키지　않아도\n괜찮겠군．
S1S:m13mes:123	m13mes.bin	123	0x4E17	dup=S1S:m01mes:82	さくらくん……\n俺は必ず、きみを守る！	사쿠라　군……\n나는　반드시，　그대를　지키겠어！
S1S:m13mes:124	m13mes.bin	124	0x4E18	dup=S1S:m01mes:83	すみれくん……\n俺がいつでも守ってやるよ。	스미레　군……\n내가　언제든　지켜　주지．
S1S:m13mes:125	m13mes.bin	125	0x4E19	dup=S1S:m01mes:84	マリア……\nきみの背中を守らせてくれ。	마리아……\n네　뒤를　지키게　해　줘．
S1S:m13mes:126	m13mes.bin	126	0x4E1A	dup=S1S:m01mes:85	いつでも、アイリスのことを\n守ってあげるよ。	언제든　아이리스를\n지켜　줄게．
S1S:m13mes:127	m13mes.bin	127	0x4E1B	dup=S1S:m01mes:86	紅蘭は俺が守る！\nだから、心配するな！	코란은　내가　지킨다！\n그러니　걱정　마！
S1S:m13mes:128	m13mes.bin	128	0x4E1C	dup=S1S:m01mes:87	カンナ！\n防御なら俺にまかせろ！	칸나！\n방어라면　나한테　맡겨！
S1S:m13mes:129	m13mes.bin	129	0x003C	dup=S1S:m01mes:111	あたしが、頑張んなきゃ！	내가　힘내야　해！
S1S:m14mes:0	m14mes.bin	0	0x0491		ほな、いくでー。	그럼，　간다！
S1S:m14mes:1	m14mes.bin	1	0x0492	dup=S1S:m01mes:1	勝利のポーズ……決めっ！	승리의　포즈……　결정！
S1S:m14mes:2	m14mes.bin	2	0x07E3	dup=S1S:m01mes:111	あたしが、頑張んなきゃ！	내가　힘내야　해！
S1S:m14mes:3	m14mes.bin	3	0x07E4	dup=S1S:m01mes:112	行きます！	갑니다！
S1S:m14mes:4	m14mes.bin	4	0x07E5	dup=S1S:m01mes:113;gaiji=81B8	まかせてください‼	맡겨　주세요‼
S1S:m14mes:5	m14mes.bin	5	0x07E6	dup=S1S:m01mes:114	見ていてくださいね、\n大神さん。	지켜봐　주세요，\n오오가미　씨．
S1S:m14mes:6	m14mes.bin	6	0x07E7	dup=S1S:m01mes:115	まだ、まだ大丈夫……	아직，　아직　괜찮아……
S1S:m14mes:7	m14mes.bin	7	0x07E8	dup=S1A:0801tbl:1020	ありがとうございます！	감사합니다！
S1S:m14mes:8	m14mes.bin	8	0x07E9	dup=S1S:m01mes:117	がんばって！　大神さん！	힘내요！　오오가미　씨！
S1S:m14mes:9	m14mes.bin	9	0x07EA	dup=S1S:m01mes:118	大神さんが頼りです！	오오가미　씨만　믿을게요！
S1S:m14mes:10	m14mes.bin	10	0x07EB	dup=S1S:m01mes:119	きゃぁぁぁ……	꺄아아아……
S1S:m14mes:11	m14mes.bin	11	0x07EC	dup=S1S:m01mes:120	つっ、\n次は負けないわ！	다，\n다음엔　지지　않을　거야！
S1S:m14mes:12	m14mes.bin	12	0x07ED	dup=S1S:m01mes:121	大神さん……\n本当にごめんなさい……	오오가미　씨……\n정말　미안해요……
S1S:m14mes:13	m14mes.bin	13	0x07F9	dup=S1S:m01mes:122	わたくしの出番ですわね。	제　차례군요．
S1S:m14mes:14	m14mes.bin	14	0x07FA	dup=S1S:m01mes:123	オホホホホホ……	오호호호호호……
S1S:m14mes:15	m14mes.bin	15	0x07FB	dup=S1S:m01mes:124;gaiji=81B8	いきますわよ‼	갑니다‼
S1S:m14mes:16	m14mes.bin	16	0x07FC	dup=S1S:m01mes:125	今日のわたくしは\nあなたのために！	오늘의　저는\n당신을　위해！
S1S:m14mes:17	m14mes.bin	17	0x07FD	dup=S1S:m01mes:126	この程度では負けませんわ……	이　정도로는　지지　않아요……
S1S:m14mes:18	m14mes.bin	18	0x07FE	dup=S1S:m01mes:127	少尉……\nやはりわたくしのことを……	소위님……\n역시　저를……
S1S:m14mes:19	m14mes.bin	19	0x07FF	dup=S1S:m01mes:128	さっ、少尉の出番ですわよ！	자，　소위님　차례예요！
S1S:m14mes:20	m14mes.bin	20	0x0800	dup=S1S:m01mes:129	わたくしが見ていますわよ！	제가　보고　있어요！
S1S:m14mes:21	m14mes.bin	21	0x0801	dup=S1S:m01mes:130;gaiji=81B8	うわぁぁぁ……‼	우와아아아……‼
S1S:m14mes:22	m14mes.bin	22	0x0802	dup=S1S:m01mes:131	今日の所は\n負けておいてあげますわ！	오늘은\n져　드리도록　하죠！
S1S:m14mes:23	m14mes.bin	23	0x0803	dup=S1S:m01mes:132;gaiji=81B8	隊長には\nわたくしが必要ですのに‼	대장님께는\n제가　필요한데요‼
S1S:m14mes:24	m14mes.bin	24	0x080F	dup=S1S:m01mes:133	敵は私が倒すしかない！	적은　내가　쓰러뜨릴　수밖에！
S1S:m14mes:25	m14mes.bin	25	0x0810	dup=S1S:m01mes:134;gaiji=81AC	次の目標はどこ⁉	다음　목표는　어디⁉
S1S:m14mes:26	m14mes.bin	26	0x0811	dup=S1S:m01mes:135	死にたいなら、\n前にでなさい……	죽고　싶다면，\n앞으로　나와……
S1S:m14mes:27	m14mes.bin	27	0x0812	dup=S1S:m01mes:136	作戦指示を\nお願いします！	작전　지시를\n부탁합니다！
S1S:m14mes:28	m14mes.bin	28	0x0813	dup=S1S:m01mes:137;gaiji=81B8	まだよ‼　まだまだ‼	아직이야‼　아직　멀었어‼
S1S:m14mes:29	m14mes.bin	29	0x0814	dup=S1S:m05mes:27	わ、わたしなんかの為に……	저，　저　같은　사람을　위해……
S1S:m14mes:30	m14mes.bin	30	0x0815	dup=S1S:m01mes:139	頑張ってください……隊長！	힘내세요……　대장님！
S1S:m14mes:31	m14mes.bin	31	0x0816	dup=S1S:m01mes:140	隊長、生きて帰りましょう！	대장님，　살아서　돌아가요！
S1S:m14mes:32	m14mes.bin	32	0x0817	dup=S1S:m01mes:141	ああぁぁぁ……	아아아아……
S1S:m14mes:33	m14mes.bin	33	0x0818	dup=S1S:m01mes:142;gaiji=81B8	つ、強いわ‼\n撤退‼	강해‼\n후퇴‼
S1S:m14mes:34	m14mes.bin	34	0x0819	dup=S1S:m01mes:143	すみません隊長。\n撤退します！	미안해요，　대장님．\n후퇴하겠습니다！
S1S:m14mes:35	m14mes.bin	35	0x0827	dup=S1S:m01mes:144	アイリスだって、\nがんばるモン！	아이리스도\n힘낼　거야！
S1S:m14mes:36	m14mes.bin	36	0x0828	dup=S1S:m01mes:145	アイリス、いきまーす！	아이리스，　갑니다아！
S1S:m14mes:37	m14mes.bin	37	0x0829	dup=S1S:m01mes:146	アイリス、強いんだよぉ！	아이리스，　강하다구！
S1S:m14mes:38	m14mes.bin	38	0x082A	dup=S1S:m01mes:147;gaiji=81B8	アイリス、\nお兄ちゃんのために、頑張る‼	아이리스，\n오빠를　위해　힘낼게‼
S1S:m14mes:39	m14mes.bin	39	0x082B	dup=S1S:m01mes:148	なんか、\nバチバチいってるよ……	뭔가，\n파직파직　소리가　나……
S1S:m14mes:40	m14mes.bin	40	0x082C	dup=S1S:m01mes:149	お兄ちゃん、だーいすき！	오빠，　정말　좋아해！
S1S:m14mes:41	m14mes.bin	41	0x082D	dup=S1S:m01mes:150	お兄ちゃん！　ファイトッ！	오빠！　힘내！
S1S:m14mes:42	m14mes.bin	42	0x082E	dup=S1S:m01mes:151	アイリスが見てるからね！	아이리스가　보고　있으니까！
S1S:m14mes:43	m14mes.bin	43	0x082F	dup=S1S:m01mes:152	きゃあぁぁぁ……	꺄아아아……
S1S:m14mes:44	m14mes.bin	44	0x0830	dup=S1S:m01mes:153	お星様の……\nバカ……	별님……\n바보……
S1S:m14mes:45	m14mes.bin	45	0x0831	dup=S1S:m01mes:154	お兄ちゃん、ゴメンね……	오빠，　미안해……
S1S:m14mes:46	m14mes.bin	46	0x083D	dup=S1S:m01mes:155	ウチも\n頑張らせてもらうで～	나도\n힘낼게데이～
S1S:m14mes:47	m14mes.bin	47	0x083E	dup=S1S:m01mes:156	科学をなめたら、\nあかんでぇ～	과학을　얕보면，\n안　된데이～
S1S:m14mes:48	m14mes.bin	48	0x083F	dup=S1S:m01mes:157;gaiji=81B8	ほんなら、いくでー‼	그럼，　간다‼
S1S:m14mes:49	m14mes.bin	49	0x0840	dup=S1S:m01mes:158	ウチを見ててやー！	나를　봐　줘～！
S1S:m14mes:50	m14mes.bin	50	0x0841	dup=S1S:m01mes:159	ダメージ喰らいすぎや！	너무　많이　맞았데이！
S1S:m14mes:51	m14mes.bin	51	0x0842	dup=S1S:m01mes:160	ウチ感動や～！	나　감동했데이～！
S1S:m14mes:52	m14mes.bin	52	0x0843	dup=S1S:m01mes:161	ウチが応援してるでぇ～！	내가　응원하고　있데이～！
S1S:m14mes:53	m14mes.bin	53	0x0844	dup=S1S:m01mes:162	がんばってや！　大神はん！	힘내래이！　오오가미　씨！
S1S:m14mes:54	m14mes.bin	54	0x0845	dup=S1S:m01mes:163	うわあぁぁぁぁ……	으아아아아……
S1S:m14mes:55	m14mes.bin	55	0x0846	dup=S1S:m01mes:164	あちゃー……\nいかれた……	아차……\n망가졌어……
S1S:m14mes:56	m14mes.bin	56	0x0847	dup=S1S:m01mes:165	隊長はん、\n迷惑かけてすんまへん……	대장님，\n폐를　끼쳐서　미안하데이……
S1S:m14mes:57	m14mes.bin	57	0x0854	dup=S1S:m01mes:166;gaiji=81B8	よっしゃ！\nやってやるか‼	좋아！\n해　볼까‼
S1S:m14mes:58	m14mes.bin	58	0x0855	dup=S1S:m01mes:167	気合いを入れるぜ！\nチェストォォ！	기합을　넣자！\n체스토오오！
S1S:m14mes:59	m14mes.bin	59	0x0856	dup=S1S:m01mes:168	桐島流の奥義、見せてやるぜ！	키리시마류의　비기，　보여　주마！
S1S:m14mes:60	m14mes.bin	60	0x0857	dup=S1S:m01mes:169;gaiji=81B8	さぁ‼\n行こうぜ、隊長‼	자아‼\n가자，　대장‼
S1S:m14mes:61	m14mes.bin	61	0x0858	dup=S1S:m01mes:170;gaiji=81B8	だいじょうぶ！\nまだ平気だぜ‼	괜찮아！\n아직　문제없어‼
S1S:m14mes:62	m14mes.bin	62	0x0859	dup=S1S:m01mes:171	さんきゅ！　助かったぜ！	고마워！　살았다！
S1S:m14mes:63	m14mes.bin	63	0x085A	dup=S1S:m01mes:172	いこうぜ！　隊長！	가자！　대장！
S1S:m14mes:64	m14mes.bin	64	0x085B	dup=S1S:m01mes:173	隊長の力を見せてやれ！	대장의　힘을　보여　줘！
S1S:m14mes:65	m14mes.bin	65	0x085C	dup=S1S:m01mes:174	うあああぁぁぁぁ……	으아아아아……
S1S:m14mes:66	m14mes.bin	66	0x085D	dup=S1S:m01mes:175	くっ、\nまだまだ修行がたりない……	큭，\n아직　수련이　부족해……
S1S:m14mes:67	m14mes.bin	67	0x085E	dup=S1S:m01mes:176	隊長のために、\n戦わなくちゃ……	대장을　위해\n싸워야　해……
S1S:m14mes:68	m14mes.bin	68	0x0C4F	gaiji=81B8	グハハハハハハ……‼\n焼けぇい！　焼き尽くせぇい！\nこの世の全てを灰にしてしまえ！	구하하하하하하……‼　불태워라！\n모조리　태워라！　이　세상　모든\n것을　잿더미로　만들어라！
S1S:m14mes:69	m14mes.bin	69	0x0C53	gaiji=81B8	帝国華撃団、参上‼	제국화격단，　등장‼
S1S:m14mes:70	m14mes.bin	70	0x0C54		来たな……叉丹様に楯突く\n命知らずな愚か者達！\n貴様らの力、見せてもらおう！	왔군……　사탄　님에게　맞서는\n목숨　아까운　어리석은　자들！\n네놈들의　힘，　보여　봐라！
S1S:m14mes:71	m14mes.bin	71	0x0C56	gaiji=81B8	グフフフフ……我が名は猪！\nくらうがいい‼\n地獄に燃える悪の炎を‼	그후후후후……　내　이름은\n이노시시！　받아라‼　지옥에\n타오르는　악의　불꽃을‼
S1S:m14mes:72	m14mes.bin	72	0x0C55	gaiji=81B8	グギャァァァァァ‼	그기야아아아아아‼
S1S:m14mes:73	m14mes.bin	73	0x0C57	gaiji=81B8	叉丹様～！\nお許しをぉ～‼\nぐわぁぁぁぁぁぁ……‼	사탄　님～！\n용서해　주십시오～‼\n으아아아아아아……‼
S1S:m14mes:74	m14mes.bin	74	0x096E	dup=S1A:0804tbl:180	よっしゃあ！	좋았어！
S1S:m14mes:75	m14mes.bin	75	0x0D0A	dup=S1S:m01mes:178	やったわ！	해냈어！
S1S:m14mes:76	m14mes.bin	76	0x0D0B	dup=S1S:m01mes:179	やりましたわ！	해냈어요！
S1S:m14mes:77	m14mes.bin	77	0x0D0C	dup=S1S:m01mes:180	ふっ！	후！
S1S:m14mes:78	m14mes.bin	78	0x0D0D	dup=S1S:m01mes:181	やったでー！	해냈데이！
S1S:m14mes:79	m14mes.bin	79	0x0D0E	dup=S1S:m01mes:182;gaiji=81B8	わーい　わーい‼	와아　와아‼
S1S:m14mes:80	m14mes.bin	80	0x2710		そこまでだ！\n	거기까지다！
S1S:m14mes:81	m14mes.bin	81	0x2711	gaiji=81B8	な、なんて動きが軽いんだ！\nこれなら勝てる！\n勝てるぞ‼	뭐，　뭐야　이　가벼운　움직임은！\n이거라면　이길　수　있어！\n이길　수　있다고‼
S1S:m14mes:82	m14mes.bin	82	0x2712		やったわ！\nこれも特訓の成果と、\n神武のおかげね！	해냈어！\n이것도　특훈의　성과와\n진부　덕분이네！
S1S:m14mes:83	m14mes.bin	83	0x2713	gaiji=81B8	おーっほっほっほ！\nこのわたくしに勝てると思って‼	오호호호호！　이　나를　이길　수\n있다고　생각해‼
S1S:m14mes:84	m14mes.bin	84	0x2714		すごい性能だわ……\nあの特訓がなければ、\nとても制御できなかった……	성능이　대단해……\n그　특훈이　없었다면\n도저히　제어　못　했겠지……
S1S:m14mes:85	m14mes.bin	85	0x2715		きゃは！\nアイリス、なんだかとっても\n強くなったみたーい！	꺄하！\n아이리스，　왠지　엄청\n강해진　것　같아！
S1S:m14mes:86	m14mes.bin	86	0x2716	gaiji=81B8	うおおおぉぉぉ‼\nすっげえパワーだ！\n特訓のかいがあったぜ。	우오오오오‼\n엄청난　파워다！\n특훈한　보람이　있군．
S1S:m14mes:87	m14mes.bin	87	0x2717	gaiji=81AC,81B8	どや、ウチの自信作、\n神武のパワーは⁉\n逃げるなら、今のうちやで‼	어때，　내　자신작，\n진부의　파워는⁉\n도망치려면　지금이　기회데이‼
S1S:m14mes:88	m14mes.bin	88	0x271A		さくらやすみれの必殺は\n集団に対して非常に有効よ。\n敵をうまく誘導して使いなさい。	사쿠라와　스미레의　필살기는\n집단을　상대로　매우　효과적이야．\n적을　잘　유도해서　써．
S1S:m14mes:89	m14mes.bin	89	0x271B		猪を倒すには、\n攻撃パターンを見切ることが、\n重要よ！	이노시시를　쓰러뜨리려면，\n공격　패턴을　간파하는　게\n중요해！
S1S:m14mes:90	m14mes.bin	90	0x2724		なんなの？　今の攻撃！\n今までの敵とは違うわね！\n大神さん、気をつけてください！	뭐야？　방금　공격은！\n지금까지의　적과는　다르네！\n오오가미　씨，　조심하세요！
S1S:m14mes:91	m14mes.bin	91	0x2725		な、なんて攻撃するんですの！\nでも、こんな小細工が何度も、\n通用すると思わないことね！	무슨　공격을　하는　거예요！\n하지만　이런　잔꾀가　여러　번\n통할　거라고　생각하지　마세요！
S1S:m14mes:92	m14mes.bin	92	0x2726		なんて強力な攻撃……\nでも、動きは単調ですから、\n隊長なら、見切れるハズです。	정말　강력한　공격……　하지만\n움직임은　단순하니，　대장이라면\n간파할　수　있을　거예요．
S1S:m14mes:93	m14mes.bin	93	0x2727	gaiji=81B8	いや～ん！　こいつキライ！\nお兄ちゃん、早くやっつけて‼	싫어～！　이　녀석　싫어！\n오빠，　빨리　해치워‼
S1S:m14mes:94	m14mes.bin	94	0x2728		うわっ！　なんて攻撃だ！\n隊長、しばらく様子見た方が\nいいんじゃねぇか？	우왓！　무슨　공격이야！\n대장，　잠시　상황을　보는　게\n좋지　않겠어？
S1S:m14mes:95	m14mes.bin	95	0x2729	gaiji=81B8	おわっ！　なんちゅう攻撃や‼\n大神はん、ちょいと様子見た方が\nいいんとちゃうか？	우왓！　이게　무슨　공격이데이‼\n오오가미　씨，　잠시　지켜보는　게\n좋지　않겠나？
S1S:m14mes:96	m14mes.bin	96	0xEA60		ぐわっはっは。すごいだろう！\nこのワシのすべてを燃やす業火！\nどうだ、参ったといえ！	우하하하．　대단하지！　이　몸의\n모든　것을　불태우는　업화！\n어떠냐，　항복한다고　말해라！
S1S:m14mes:97	m14mes.bin	97	0xEA6A		参った！\nたいしたことないな。	항복！\n별거　아니군．
S1S:m14mes:98	m14mes.bin	98	0xEA74		参った！　すごい力だ！\nさすが降魔だな！	항복！　엄청난　힘이야！\n역시　강마군！
S1S:m14mes:99	m14mes.bin	99	0xEA7E		そうだろうそうだろう！\nぐっはっはっはっは！	그렇지　그렇지！\n우하하하하하！
S1S:m14mes:100	m14mes.bin	100	0xEA88		うまいわ、大神くん。\n猪は油断して、\n防御が手薄になってるわ！	잘했어，　오오가미　군．\n이노시시가　방심해서\n방어가　허술해졌어！
S1S:m14mes:101	m14mes.bin	101	0xEA92		たいしたことないな。\nこれでも降魔なのか？	별거　아니군．\n이래도　강마인가？
S1S:m14mes:102	m14mes.bin	102	0xEA9C	gaiji=81B8	ぬがががががああああああああ！\nおんどりゃあ！\n本気でぶち倒してやる～‼	누가가가가아아아아아아！\n이놈아！\n진심으로　박살　내　주마‼
S1S:m14mes:103	m14mes.bin	103	0xEAA6		まずいわ！　怒って攻撃力が\n増加したようよ。それにおそらく\n大神くんを狙ってくるわ！	큰일이야！　화가　나서　공격력이\n증가한　모양이야．　게다가　아마\n오오가미　군을　노릴　거야！
S1S:m14mes:104	m14mes.bin	104	0xEAB0	gaiji=81B8	なんだ？\n驚いて口も聞けぬか‼\nぐわっはっはっはっはっはっは‼	뭐지？\n놀라서　말도　못　하느냐‼\n우하하하하하하‼
S1S:m14mes:105	m14mes.bin	105	0xEABA		うまいわ、大神くん。\n猪が油断をして、\n防御が手薄になったわ。	잘했어，　오오가미　군．\n이노시시가　방심해서\n방어가　허술해졌어．
S1S:m14mes:106	m14mes.bin	106	0x3A98	dup=S1S:m11mes:139	さくらは大神くんをこころから\n信頼しているわ。気合い十分の時\nいっしょに攻撃してみて。	사쿠라는　오오가미　군을　진심으로\n믿고　있어．　기합이　충분할　때\n함께　공격해　봐．
S1S:m14mes:107	m14mes.bin	107	0x3A99	dup=S1S:m11mes:140	すみれは大神くんをこころから\n信頼しているわ。気合い十分の時\nいっしょに攻撃してみて。	스미레는　오오가미　군을　진심으로\n믿고　있어．　기합이　충분할　때\n함께　공격해　봐．
S1S:m14mes:108	m14mes.bin	108	0x3A9A	dup=S1S:m11mes:141	マリアは大神くんをこころから\n信頼しているわ。気合い十分の時\nいっしょに攻撃してみて。	마리아는　오오가미　군을　진심으로\n믿고　있어．　기합이　충분할　때\n함께　공격해　봐．
S1S:m14mes:109	m14mes.bin	109	0x3A9B	dup=S1S:m11mes:142	アイリスは大神くんをこころから\n信頼しているわ。気合い十分の時\nいっしょに攻撃してみて。	아이리스는　오오가미　군을\n진심으로　믿고　있어．　기합이\n충분할　때　함께　공격해　봐．
S1S:m14mes:110	m14mes.bin	110	0x3A9C	dup=S1S:m11mes:143	カンナは大神くんをこころから\n信頼しているわ。気合い十分の時\nいっしょに攻撃してみて。	칸나는　오오가미　군을　진심으로\n믿고　있어．　기합이　충분할　때\n함께　공격해　봐．
S1S:m14mes:111	m14mes.bin	111	0x3A9D	dup=S1S:m11mes:144	紅蘭は大神くんをこころから\n信頼しているわ。気合い十分の時\nいっしょに攻撃してみて。	코란은　오오가미　군을　진심으로\n믿고　있어．　기합이　충분할　때\n함께　공격해　봐．
S1S:m14mes:112	m14mes.bin	112	0x4E16	dup=S1S:m01mes:81	みんな、俺が守らなくても\nだいじょうぶだな。	모두，　내가　지키지　않아도\n괜찮겠군．
S1S:m14mes:113	m14mes.bin	113	0x4E17	dup=S1S:m01mes:82	さくらくん……\n俺は必ず、きみを守る！	사쿠라　군……\n나는　반드시，　그대를　지키겠어！
S1S:m14mes:114	m14mes.bin	114	0x4E18	dup=S1S:m01mes:83	すみれくん……\n俺がいつでも守ってやるよ。	스미레　군……\n내가　언제든　지켜　주지．
S1S:m14mes:115	m14mes.bin	115	0x4E19	dup=S1S:m01mes:84	マリア……\nきみの背中を守らせてくれ。	마리아……\n네　뒤를　지키게　해　줘．
S1S:m14mes:116	m14mes.bin	116	0x4E1A	dup=S1S:m01mes:85	いつでも、アイリスのことを\n守ってあげるよ。	언제든　아이리스를\n지켜　줄게．
S1S:m14mes:117	m14mes.bin	117	0x4E1B	dup=S1S:m01mes:86	紅蘭は俺が守る！\nだから、心配するな！	코란은　내가　지킨다！\n그러니　걱정　마！
S1S:m14mes:118	m14mes.bin	118	0x4E1C	dup=S1S:m01mes:87	カンナ！\n防御なら俺にまかせろ！	칸나！\n방어라면　나한테　맡겨！
S1S:m14mes:119	m14mes.bin	119	0x03E8	dup=S1S:m14mes:0	ほな、いくでー。	그럼，　간다！
S1S:m15mes:0	m15mes.bin	0	0x0492	dup=S1S:m01mes:1	勝利のポーズ……決めっ！	승리의　포즈……　결정！
S1S:m15mes:1	m15mes.bin	1	0x0C58		叉丹様はかく乱せよと\n申されたが……かまわぬ！	사탄　님은　교란하라고\n말씀하셨지만……　상관없다！
S1S:m15mes:2	m15mes.bin	2	0x0C59	dup=S1A:0902tbl:675	この鹿の実力をお見せする為にも\n花組を全滅させてくれるわ！	이　사슴의　힘으로　화조를\n전멸시켜　주마！
S1S:m15mes:3	m15mes.bin	3	0x0C5A	dup=S1A:0301tbl:917	そこまでよ！	거기까지야！
S1S:m15mes:4	m15mes.bin	4	0x0C5B	dup=S1S:m01mes:10	帝国華撃団、参上！	제국화격단，　등장！
S1S:m15mes:5	m15mes.bin	5	0x0C5C	gaiji=81B8	ふっ、来たか……\n小娘ども‼	흠，　왔나……\n꼬맹이들‼
S1S:m15mes:6	m15mes.bin	6	0x0C5D		全員そのままで聞いてくれ！\n降魔の狙いは劇場内に隠された\n最重要機密だ。	다들　그대로　듣고　있어！\n강마의　목적은　극장　안에　숨겨진\n최고　기밀이다．
S1S:m15mes:7	m15mes.bin	7	0x0C5E		最重要機密？	최고　기밀？
S1S:m15mes:8	m15mes.bin	8	0x0C5F		何ですの、それは？	그게　뭔가요？
S1S:m15mes:9	m15mes.bin	9	0x0C60		戦いが終ったら教える！\nとにかく、奴等を劇場内に\n入れてはならんのだ。	전투가　끝나면　알려　주마！\n어쨌든　저들을　극장　안에\n들여보내면　안　된다．
S1S:m15mes:10	m15mes.bin	10	0x0C61		あたいらに黙っているとは\n水臭いね……	우리에게　숨기다니\n너무하군……
S1S:m15mes:11	m15mes.bin	11	0x0C62	gaiji=81B8	よっしゃ！　こいつら倒して、\nその訳とやら、\n早よ聞かしてもらおうやないか‼	좋아！　저　녀석들을　쓰러뜨리고，\n그　이유라는　걸\n빨리　듣도록　하자고‼
S1S:m15mes:12	m15mes.bin	12	0x0C63		小娘どもが！\nこの最強の降魔、鹿の実力を\n思い知るが良い。	꼬맹이들이！\n이　최강의　강마，　시카의　실력을\n똑똑히　깨닫거라．
S1S:m15mes:13	m15mes.bin	13	0x0C64	gaiji=81B8	俺は……俺は……\n最強の降魔だぁぁぁぁ‼	나는……　나는……\n최강의　강마라고오오오‼
S1S:m15mes:14	m15mes.bin	14	0x2710		くっくっく……華撃団……\nおまえらの本拠地ごと\n破壊してやる。	킥킥킥……　화격단……\n너희　본거지째로\n파괴해　주마．
S1S:m15mes:15	m15mes.bin	15	0x2711	gaiji=81B8	華撃団よ！\nおぬしらの人生の幕、\nこの鹿が、降ろしてやろう‼	화격단이여！\n너희　인생의　막을\n이　시카가　내려　주마‼
S1S:m15mes:16	m15mes.bin	16	0x2712		わーっはっはっはっ！	와하하하하하！
S1S:m15mes:17	m15mes.bin	17	0x4E16	dup=S1S:m01mes:81	みんな、俺が守らなくても\nだいじょうぶだな。	모두，　내가　지키지　않아도\n괜찮겠군．
S1S:m15mes:18	m15mes.bin	18	0x4E17	dup=S1S:m01mes:82	さくらくん……\n俺は必ず、きみを守る！	사쿠라　군……\n나는　반드시，　그대를　지키겠어！
S1S:m15mes:19	m15mes.bin	19	0x4E18	dup=S1S:m01mes:83	すみれくん……\n俺がいつでも守ってやるよ。	스미레　군……\n내가　언제든　지켜　주지．
S1S:m15mes:20	m15mes.bin	20	0x4E19	dup=S1S:m01mes:84	マリア……\nきみの背中を守らせてくれ。	마리아……\n네　뒤를　지키게　해　줘．
S1S:m15mes:21	m15mes.bin	21	0x4E1A	dup=S1S:m01mes:85	いつでも、アイリスのことを\n守ってあげるよ。	언제든　아이리스를\n지켜　줄게．
S1S:m15mes:22	m15mes.bin	22	0x4E1B	dup=S1S:m01mes:86	紅蘭は俺が守る！\nだから、心配するな！	코란은　내가　지킨다！\n그러니　걱정　마！
S1S:m15mes:23	m15mes.bin	23	0x4E1C	dup=S1S:m01mes:87	カンナ！\n防御なら俺にまかせろ！	칸나！\n방어라면　나한테　맡겨！
S1S:m15mes:24	m15mes.bin	24	0x03E9	dup=S1S:m01mes:1	勝利のポーズ……決めっ！	승리의　포즈……　결정！
S1S:m16mes:0	m16mes.bin	0	0x07E3	dup=S1S:m01mes:111	あたしが、頑張んなきゃ！	내가　힘내야　해！
S1S:m16mes:1	m16mes.bin	1	0x07E4	dup=S1S:m01mes:112	行きます！	갑니다！
S1S:m16mes:2	m16mes.bin	2	0x07E5	dup=S1S:m01mes:113;gaiji=81B8	まかせてください‼	맡겨　주세요‼
S1S:m16mes:3	m16mes.bin	3	0x07E6	dup=S1S:m01mes:114	見ていてくださいね、\n大神さん。	지켜봐　주세요，\n오오가미　씨．
S1S:m16mes:4	m16mes.bin	4	0x07E7	dup=S1S:m01mes:115	まだ、まだ大丈夫……	아직，　아직　괜찮아……
S1S:m16mes:5	m16mes.bin	5	0x07E8	dup=S1A:0801tbl:1020	ありがとうございます！	감사합니다！
S1S:m16mes:6	m16mes.bin	6	0x07E9	dup=S1S:m01mes:117	がんばって！　大神さん！	힘내요！　오오가미　씨！
S1S:m16mes:7	m16mes.bin	7	0x07EA	dup=S1S:m01mes:118	大神さんが頼りです！	오오가미　씨만　믿을게요！
S1S:m16mes:8	m16mes.bin	8	0x07EB	dup=S1S:m01mes:119	きゃぁぁぁ……	꺄아아아……
S1S:m16mes:9	m16mes.bin	9	0x07EC	dup=S1S:m01mes:120	つっ、\n次は負けないわ！	다，\n다음엔　지지　않을　거야！
S1S:m16mes:10	m16mes.bin	10	0x07ED	dup=S1S:m01mes:121	大神さん……\n本当にごめんなさい……	오오가미　씨……\n정말　미안해요……
S1S:m16mes:11	m16mes.bin	11	0x07F9	dup=S1S:m01mes:122	わたくしの出番ですわね。	제　차례군요．
S1S:m16mes:12	m16mes.bin	12	0x07FA	dup=S1S:m01mes:123	オホホホホホ……	오호호호호호……
S1S:m16mes:13	m16mes.bin	13	0x07FB	dup=S1S:m01mes:124;gaiji=81B8	いきますわよ‼	갑니다‼
S1S:m16mes:14	m16mes.bin	14	0x07FC	dup=S1S:m01mes:125	今日のわたくしは\nあなたのために！	오늘의　저는\n당신을　위해！
S1S:m16mes:15	m16mes.bin	15	0x07FD	dup=S1S:m01mes:126	この程度では負けませんわ……	이　정도로는　지지　않아요……
S1S:m16mes:16	m16mes.bin	16	0x07FE	dup=S1S:m01mes:127	少尉……\nやはりわたくしのことを……	소위님……\n역시　저를……
S1S:m16mes:17	m16mes.bin	17	0x07FF	dup=S1S:m01mes:128	さっ、少尉の出番ですわよ！	자，　소위님　차례예요！
S1S:m16mes:18	m16mes.bin	18	0x0800	dup=S1S:m01mes:129	わたくしが見ていますわよ！	제가　보고　있어요！
S1S:m16mes:19	m16mes.bin	19	0x0801	dup=S1S:m01mes:130;gaiji=81B8	うわぁぁぁ……‼	우와아아아……‼
S1S:m16mes:20	m16mes.bin	20	0x0802	dup=S1S:m01mes:131	今日の所は\n負けておいてあげますわ！	오늘은\n져　드리도록　하죠！
S1S:m16mes:21	m16mes.bin	21	0x0803	dup=S1S:m01mes:132;gaiji=81B8	隊長には\nわたくしが必要ですのに‼	대장님께는\n제가　필요한데요‼
S1S:m16mes:22	m16mes.bin	22	0x080F	dup=S1S:m01mes:133	敵は私が倒すしかない！	적은　내가　쓰러뜨릴　수밖에！
S1S:m16mes:23	m16mes.bin	23	0x0810	dup=S1S:m01mes:134;gaiji=81AC	次の目標はどこ⁉	다음　목표는　어디⁉
S1S:m16mes:24	m16mes.bin	24	0x0811	dup=S1S:m01mes:135	死にたいなら、\n前にでなさい……	죽고　싶다면，\n앞으로　나와……
S1S:m16mes:25	m16mes.bin	25	0x0812	dup=S1S:m01mes:136	作戦指示を\nお願いします！	작전　지시를\n부탁합니다！
S1S:m16mes:26	m16mes.bin	26	0x0813	dup=S1S:m01mes:137;gaiji=81B8	まだよ‼　まだまだ‼	아직이야‼　아직　멀었어‼
S1S:m16mes:27	m16mes.bin	27	0x0814	dup=S1S:m05mes:27	わ、わたしなんかの為に……	저，　저　같은　사람을　위해……
S1S:m16mes:28	m16mes.bin	28	0x0815	dup=S1S:m01mes:139	頑張ってください……隊長！	힘내세요……　대장님！
S1S:m16mes:29	m16mes.bin	29	0x0816	dup=S1S:m01mes:140	隊長、生きて帰りましょう！	대장님，　살아서　돌아가요！
S1S:m16mes:30	m16mes.bin	30	0x0817	dup=S1S:m01mes:141	ああぁぁぁ……	아아아아……
S1S:m16mes:31	m16mes.bin	31	0x0818	dup=S1S:m01mes:142;gaiji=81B8	つ、強いわ‼\n撤退‼	강해‼\n후퇴‼
S1S:m16mes:32	m16mes.bin	32	0x0819	dup=S1S:m01mes:143	すみません隊長。\n撤退します！	미안해요，　대장님．\n후퇴하겠습니다！
S1S:m16mes:33	m16mes.bin	33	0x0827	dup=S1S:m01mes:144	アイリスだって、\nがんばるモン！	아이리스도\n힘낼　거야！
S1S:m16mes:34	m16mes.bin	34	0x0828	dup=S1S:m01mes:145	アイリス、いきまーす！	아이리스，　갑니다아！
S1S:m16mes:35	m16mes.bin	35	0x0829	dup=S1S:m01mes:146	アイリス、強いんだよぉ！	아이리스，　강하다구！
S1S:m16mes:36	m16mes.bin	36	0x082A	dup=S1S:m01mes:147;gaiji=81B8	アイリス、\nお兄ちゃんのために、頑張る‼	아이리스，\n오빠를　위해　힘낼게‼
S1S:m16mes:37	m16mes.bin	37	0x082B	dup=S1S:m01mes:148	なんか、\nバチバチいってるよ……	뭔가，\n파직파직　소리가　나……
S1S:m16mes:38	m16mes.bin	38	0x082C	dup=S1S:m01mes:149	お兄ちゃん、だーいすき！	오빠，　정말　좋아해！
S1S:m16mes:39	m16mes.bin	39	0x082D	dup=S1S:m01mes:150	お兄ちゃん！　ファイトッ！	오빠！　힘내！
S1S:m16mes:40	m16mes.bin	40	0x082E	dup=S1S:m01mes:151	アイリスが見てるからね！	아이리스가　보고　있으니까！
S1S:m16mes:41	m16mes.bin	41	0x082F	dup=S1S:m01mes:152	きゃあぁぁぁ……	꺄아아아……
S1S:m16mes:42	m16mes.bin	42	0x0830	dup=S1S:m01mes:153	お星様の……\nバカ……	별님……\n바보……
S1S:m16mes:43	m16mes.bin	43	0x0831	dup=S1S:m01mes:154	お兄ちゃん、ゴメンね……	오빠，　미안해……
S1S:m16mes:44	m16mes.bin	44	0x083D	dup=S1S:m01mes:155	ウチも\n頑張らせてもらうで～	나도\n힘낼게데이～
S1S:m16mes:45	m16mes.bin	45	0x083E	dup=S1S:m01mes:156	科学をなめたら、\nあかんでぇ～	과학을　얕보면，\n안　된데이～
S1S:m16mes:46	m16mes.bin	46	0x083F	dup=S1S:m01mes:157;gaiji=81B8	ほんなら、いくでー‼	그럼，　간다‼
S1S:m16mes:47	m16mes.bin	47	0x0840	dup=S1S:m01mes:158	ウチを見ててやー！	나를　봐　줘～！
S1S:m16mes:48	m16mes.bin	48	0x0841	dup=S1S:m01mes:159	ダメージ喰らいすぎや！	너무　많이　맞았데이！
S1S:m16mes:49	m16mes.bin	49	0x0842	dup=S1S:m01mes:160	ウチ感動や～！	나　감동했데이～！
S1S:m16mes:50	m16mes.bin	50	0x0843	dup=S1S:m01mes:161	ウチが応援してるでぇ～！	내가　응원하고　있데이～！
S1S:m16mes:51	m16mes.bin	51	0x0844	dup=S1S:m01mes:162	がんばってや！　大神はん！	힘내래이！　오오가미　씨！
S1S:m16mes:52	m16mes.bin	52	0x0845	dup=S1S:m01mes:163	うわあぁぁぁぁ……	으아아아아……
S1S:m16mes:53	m16mes.bin	53	0x0846	dup=S1S:m01mes:164	あちゃー……\nいかれた……	아차……\n망가졌어……
S1S:m16mes:54	m16mes.bin	54	0x0847	dup=S1S:m01mes:165	隊長はん、\n迷惑かけてすんまへん……	대장님，\n폐를　끼쳐서　미안하데이……
S1S:m16mes:55	m16mes.bin	55	0x0854	dup=S1S:m01mes:166;gaiji=81B8	よっしゃ！\nやってやるか‼	좋아！\n해　볼까‼
S1S:m16mes:56	m16mes.bin	56	0x0855	dup=S1S:m01mes:167	気合いを入れるぜ！\nチェストォォ！	기합을　넣자！\n체스토오오！
S1S:m16mes:57	m16mes.bin	57	0x0856	dup=S1S:m01mes:168	桐島流の奥義、見せてやるぜ！	키리시마류의　비기，　보여　주마！
S1S:m16mes:58	m16mes.bin	58	0x0857	dup=S1S:m01mes:169;gaiji=81B8	さぁ‼\n行こうぜ、隊長‼	자아‼\n가자，　대장‼
S1S:m16mes:59	m16mes.bin	59	0x0858	dup=S1S:m01mes:170;gaiji=81B8	だいじょうぶ！\nまだ平気だぜ‼	괜찮아！\n아직　문제없어‼
S1S:m16mes:60	m16mes.bin	60	0x0859	dup=S1S:m01mes:171	さんきゅ！　助かったぜ！	고마워！　살았다！
S1S:m16mes:61	m16mes.bin	61	0x085A	dup=S1S:m01mes:172	いこうぜ！　隊長！	가자！　대장！
S1S:m16mes:62	m16mes.bin	62	0x085B	dup=S1S:m01mes:173	隊長の力を見せてやれ！	대장의　힘을　보여　줘！
S1S:m16mes:63	m16mes.bin	63	0x085C	dup=S1S:m01mes:174	うあああぁぁぁぁ……	으아아아아……
S1S:m16mes:64	m16mes.bin	64	0x085D	dup=S1S:m01mes:175	くっ、\nまだまだ修行がたりない……	큭，\n아직　수련이　부족해……
S1S:m16mes:65	m16mes.bin	65	0x085E	dup=S1S:m01mes:176	隊長のために、\n戦わなくちゃ……	대장을　위해\n싸워야　해……
S1S:m16mes:66	m16mes.bin	66	0x096E	dup=S1A:0804tbl:180	よっしゃあ！	좋았어！
S1S:m16mes:67	m16mes.bin	67	0x0D0A	dup=S1S:m01mes:178	やったわ！	해냈어！
S1S:m16mes:68	m16mes.bin	68	0x0D0B	dup=S1S:m01mes:179	やりましたわ！	해냈어요！
S1S:m16mes:69	m16mes.bin	69	0x0D0C	dup=S1S:m01mes:180	ふっ！	후！
S1S:m16mes:70	m16mes.bin	70	0x0D0D	dup=S1S:m01mes:181	やったでー！	해냈데이！
S1S:m16mes:71	m16mes.bin	71	0x0D0E	dup=S1S:m01mes:182;gaiji=81B8	わーい　わーい‼	와아　와아‼
S1S:m16mes:72	m16mes.bin	72	0x00BA	dup=S1S:m01mes:0	せーの！	하나，　둘！
S1S:m16mes:73	m16mes.bin	73	0x02A0	dup=S1S:m01mes:1	勝利のポーズ……決めっ！	승리의　포즈……　결정！
S1S:m16mes:74	m16mes.bin	74	0x0C58	dup=S1S:m15mes:1	叉丹様はかく乱せよと\n申されたが……かまわぬ！	사탄　님은　교란하라고\n말씀하셨지만……　상관없다！
S1S:m16mes:75	m16mes.bin	75	0x0C59	dup=S1A:0902tbl:675	この鹿の実力をお見せする為にも\n花組を全滅させてくれるわ！	이　사슴의　힘으로　화조를\n전멸시켜　주마！
S1S:m16mes:76	m16mes.bin	76	0xF4D9		296\n.n.nN.nN.nN.nN.nn\n3163\n帝国華撃団、参上！	296\n.n.nN.nN.nN.nN.nn\n3163　제국화격단，　등장！
S1S:m16mes:77	m16mes.bin	77	0x0C5C	dup=S1S:m15mes:5;gaiji=81B8	ふっ、来たか……\n小娘ども‼	흠，　왔나……\n꼬맹이들‼
S1S:m16mes:78	m16mes.bin	78	0x0C5D	dup=S1S:m15mes:6	全員そのままで聞いてくれ！\n降魔の狙いは劇場内に隠された\n最重要機密だ。	다들　그대로　듣고　있어！\n강마의　목적은　극장　안에　숨겨진\n최고　기밀이다．
S1S:m16mes:79	m16mes.bin	79	0x0C5E	dup=S1S:m15mes:7	最重要機密？	최고　기밀？
S1S:m16mes:80	m16mes.bin	80	0x0C5F	dup=S1S:m15mes:8	何ですの、それは？	그게　뭔가요？
S1S:m16mes:81	m16mes.bin	81	0x0C60	dup=S1S:m15mes:9	戦いが終ったら教える！\nとにかく、奴等を劇場内に\n入れてはならんのだ。	전투가　끝나면　알려　주마！\n어쨌든　저들을　극장　안에\n들여보내면　안　된다．
S1S:m16mes:82	m16mes.bin	82	0x0C61	dup=S1S:m15mes:10	あたいらに黙っているとは\n水臭いね……	우리에게　숨기다니\n너무하군……
S1S:m16mes:83	m16mes.bin	83	0x0C62	dup=S1S:m15mes:11;gaiji=81B8	よっしゃ！　こいつら倒して、\nその訳とやら、\n早よ聞かしてもらおうやないか‼	좋아！　저　녀석들을　쓰러뜨리고，\n그　이유라는　걸\n빨리　듣도록　하자고‼
S1S:m16mes:84	m16mes.bin	84	0x0C63	dup=S1S:m15mes:12	小娘どもが！\nこの最強の降魔、鹿の実力を\n思い知るが良い。	꼬맹이들이！\n이　최강의　강마，　시카의　실력을\n똑똑히　깨닫거라．
S1S:m16mes:85	m16mes.bin	85	0x0C64	dup=S1S:m15mes:13;gaiji=81B8	俺は……俺は……\n最強の降魔だぁぁぁぁ‼	나는……　나는……\n최강의　강마라고오오오‼
S1S:m16mes:86	m16mes.bin	86	0x2710	gaiji=81AC,81B8	うわっ⁉\nあたり一面雪景色だぜ‼	우왓⁉\n주변이　온통　눈밭이야‼
S1S:m16mes:87	m16mes.bin	87	0x2711	gaiji=81B8	ものすごい冷気や‼	엄청난　한기데이‼
S1S:m16mes:88	m16mes.bin	88	0x2712		少尉、ごらんになって！\n敵は、この吹雪にまぎれて、\n何やら怪しいことをしてますわ！	소위님，　보세요！\n적이　이　눈보라에　숨어\n수상한　짓을　하고　있어요！
S1S:m16mes:89	m16mes.bin	89	0x2713	dup=S1A:1001tbl:381;gaiji=81AC	何⁉	뭐라고⁉
S1S:m16mes:90	m16mes.bin	90	0x4E20		ケケケー！　これで降魔を\n召喚し、貴様らの本拠地を\n破壊してくれる！	케케케！　이걸로　강마를\n소환해　네놈들　본거지를\n파괴해　주마！
S1S:m16mes:91	m16mes.bin	91	0x2714	gaiji=81B8	しまった！\n劇場内に侵入する気だ！\nみんな劇場を守るんだ‼	큰일이다！\n극장　안으로　들어가려는　거야！\n모두　극장을　지켜‼
S1S:m16mes:92	m16mes.bin	92	0x2715	gaiji=81B8	四方にある怪しい物体は\n降魔を召喚するものらしい。\nすべて破壊するぞ‼	사방에　있는　수상한　물체는\n강마를　소환하는　것　같군．\n전부　파괴하자‼
S1S:m16mes:93	m16mes.bin	93	0x2716	gaiji=81B8	我が部下たちよ‼\n劇場に侵入せよ‼	나의　부하들이여‼\n극장에　침입하라‼
S1S:m16mes:94	m16mes.bin	94	0x2717	gaiji=81B8	あと三つよ‼	세　개　남았어‼
S1S:m16mes:95	m16mes.bin	95	0x2718	gaiji=81B8	あと三つですわ‼	세　개　남았어요‼
S1S:m16mes:96	m16mes.bin	96	0x2719	dup=S1S:m16mes:94;gaiji=81B8	あと三つよ‼	세　개　남았어‼
S1S:m16mes:97	m16mes.bin	97	0x271A	gaiji=81B8	あと三つだよ‼	세　개　남았어‼
S1S:m16mes:98	m16mes.bin	98	0x271B	gaiji=81B8	あと三つや‼	세　개　남았데이‼
S1S:m16mes:99	m16mes.bin	99	0x271C	gaiji=81B8	あと三つだ‼	세　개　남았다‼
S1S:m16mes:100	m16mes.bin	100	0x271D	gaiji=81B8	よし！　残り三ヶ所だ‼	좋아！　남은　곳은　세　군데다‼
S1S:m16mes:101	m16mes.bin	101	0x271E	gaiji=81B8	あと二つよ‼	두　개　남았어‼
S1S:m16mes:102	m16mes.bin	102	0x271F	gaiji=81B8	あと二つですわ‼	두　개　남았어요‼
S1S:m16mes:103	m16mes.bin	103	0x2720	dup=S1S:m16mes:101;gaiji=81B8	あと二つよ‼	두　개　남았어‼
S1S:m16mes:104	m16mes.bin	104	0x2721	gaiji=81B8	あと二つだよ‼	두　개　남았어‼
S1S:m16mes:105	m16mes.bin	105	0x2722	gaiji=81B8	あと二つや‼	두　개　남았데이‼
S1S:m16mes:106	m16mes.bin	106	0x2723	gaiji=81B8	あと二つだ‼	두　개　남았다‼
S1S:m16mes:107	m16mes.bin	107	0x2724	dup=S1S:m11mes:120;gaiji=81B8	よし！　残り二ヶ所だ‼	좋아！　이제　두　군데　남았다‼
S1S:m16mes:108	m16mes.bin	108	0x2725	gaiji=81B8	あと一つよ‼	하나　남았어‼
S1S:m16mes:109	m16mes.bin	109	0x2726	gaiji=81B8	あと一つですわ‼	하나　남았어요‼
S1S:m16mes:110	m16mes.bin	110	0x2727	dup=S1S:m16mes:108;gaiji=81B8	あと一つよ‼	하나　남았어‼
S1S:m16mes:111	m16mes.bin	111	0x2728	gaiji=81B8	あとひとつだよ‼	하나　남았어‼
S1S:m16mes:112	m16mes.bin	112	0x2729	gaiji=81B8	あと一つや‼	하나　남았데이‼
S1S:m16mes:113	m16mes.bin	113	0x272A	gaiji=81B8	あと一つだ‼	하나　남았다‼
S1S:m16mes:114	m16mes.bin	114	0x272B	gaiji=81B8	よし！　残り一ヶ所だ‼	좋아！　남은　곳은　한　군데다‼
S1S:m16mes:115	m16mes.bin	115	0x272C	gaiji=81B8	全部、破壊したわ‼\n後は鹿だけよ‼	전부　파괴했어‼\n이제　시카뿐이야‼
S1S:m16mes:116	m16mes.bin	116	0x272D	gaiji=81B8	全部、破壊しましたわ‼\n残るは鹿だけですわね‼	전부　파괴했어요‼\n남은　건　시카뿐이군요‼
S1S:m16mes:117	m16mes.bin	117	0x272E	gaiji=81B8	全部、破壊しました‼\n後は鹿だけです‼	전부　파괴했습니다‼\n이제　시카만　남았습니다‼
S1S:m16mes:118	m16mes.bin	118	0x272F	gaiji=81B8	全部、こわしたよー‼\nあとはひとりだけだね‼	전부　부쉈어‼\n이제　한　명만　남았네‼
S1S:m16mes:119	m16mes.bin	119	0x2730	gaiji=81B8	全部、ぶっ壊したで‼\nのこるは親玉だけやな‼	전부　박살　냈데이‼\n남은　건　두목뿐이네‼
S1S:m16mes:120	m16mes.bin	120	0x2731	gaiji=81B8	全部、壊したぜ‼\n後はアイツだけだな‼	전부　부쉈다‼\n이제　저놈뿐이군‼
S1S:m16mes:121	m16mes.bin	121	0x2732	gaiji=81B8	全部壊したぞ‼\n後は鹿を倒すのみ‼	전부　파괴했다‼\n이제　시카만　쓰러뜨리면　된다‼
S1S:m16mes:122	m16mes.bin	122	0x2733		ギャアアアア！	꺄아아아아！
S1S:m16mes:123	m16mes.bin	123	0x2734	gaiji=81B8	ばかやろう！\n降魔が侵入しやがったぞ‼	바보　자식！\n강마가　침입해　버렸어‼
S1S:m16mes:124	m16mes.bin	124	0x2735	dup=S1S:m02mes:121	しまった！	큰일이다！
S1S:m16mes:125	m16mes.bin	125	0x2736		大丈夫だ！\nこんなこともあろうかと、\nワナが仕掛けてある！	괜찮아！\n이럴　때를　대비해\n함정을　설치해　뒀다！
S1S:m16mes:126	m16mes.bin	126	0x2737	gaiji=81B8	ギャ‼　グア～～ッ‼	꺄‼　그아～～앗‼
S1S:m16mes:127	m16mes.bin	127	0x2738		な……何だあれは？	뭐……　뭐지　저건？
S1S:m16mes:128	m16mes.bin	128	0x2739		……タライ……だと？	……대야……라고？
S1S:m16mes:129	m16mes.bin	129	0x273A		馬鹿モン！\n大神！　オメェ、なんてふざけた\nワナを仕掛けてやがる！	바보　자식！\n오오가미！　네놈，　무슨　엉터리\n함정을　설치한　거냐！
S1S:m16mes:130	m16mes.bin	130	0x273B		隊長……まさか\nあれが対降魔用の\nワナだったのですか？	대장……　설마\n저게　강마용\n함정이었나요？
S1S:m16mes:131	m16mes.bin	131	0x273C		いや……その……	아니……　그게……
S1S:m16mes:132	m16mes.bin	132	0x2765		内壁、突破されました！	내벽，　돌파당했습니다！
S1S:m16mes:133	m16mes.bin	133	0x273D		ええい！　しょうがねえ！\n中のヤツは俺たちにまかせろ！	에이！　어쩔　수　없지！\n안의　놈들은　우리에게　맡겨！
S1S:m16mes:134	m16mes.bin	134	0x273E	gaiji=81B8	もう同じワナは使えないぞ‼\n絶対侵入させるな‼	이제　같은　함정은　못　써‼\n절대로　침입시키지　마‼
S1S:m16mes:135	m16mes.bin	135	0x273F	gaiji=81B8	ったく　何やってんだよ！\nあんなんじゃ　アイリスだって\n倒れねーぞ‼	정말이지，　뭘　하는　거야！\n저래서는　아이리스도\n쓰러지지　않겠어‼
S1S:m16mes:136	m16mes.bin	136	0x2740		……すまない。\nこの間の舞台を\n参考にしたんだが……	……미안하다．\n지난번　무대를\n참고했는데……
S1S:m16mes:137	m16mes.bin	137	0x2741		まあ　ええわ\nそれより　みんな！\nまだまだくるで！	뭐，　됐데이．\n그보다　모두！\n아직　더　온다데이！
S1S:m16mes:138	m16mes.bin	138	0x2742	dup=S1S:m16mes:122	ギャアアアア！	꺄아아아아！
S1S:m16mes:139	m16mes.bin	139	0x2743	dup=S1S:m16mes:123;gaiji=81B8	ばかやろう！\n降魔が侵入しやがったぞ‼	바보　자식！\n강마가　침입해　버렸어‼
S1S:m16mes:140	m16mes.bin	140	0x2744	gaiji=81B8	うおおおおおおっ‼	우오오오오오옷‼
S1S:m16mes:141	m16mes.bin	141	0x2745	gaiji=81B8	しまった‼	큰일이다‼
S1S:m16mes:142	m16mes.bin	142	0x2746	dup=S1S:m16mes:122	ギャアアアア！	꺄아아아아！
S1S:m16mes:143	m16mes.bin	143	0x2747	dup=S1S:m16mes:123;gaiji=81B8	ばかやろう！\n降魔が侵入しやがったぞ‼	바보　자식！\n강마가　침입해　버렸어‼
S1S:m16mes:144	m16mes.bin	144	0x2748	dup=S1S:m16mes:141;gaiji=81B8	しまった‼	큰일이다‼
S1S:m16mes:145	m16mes.bin	145	0x2749	dup=S1S:m16mes:125	大丈夫だ！\nこんなこともあろうかと、\nワナが仕掛けてある！	괜찮아！\n이럴　때를　대비해\n함정을　설치해　뒀다！
S1S:m16mes:146	m16mes.bin	146	0x274A	dup=S1S:m16mes:126;gaiji=81B8	ギャ‼　グア～～ッ‼	꺄‼　그아～～앗‼
S1S:m16mes:147	m16mes.bin	147	0x274B		よしっ！　やった！	좋아！　해냈다！
S1S:m16mes:148	m16mes.bin	148	0x274C		なるほど……\n敵の侵入を防ぐための\nワナだったのですね。	그렇군……\n적의　침입을　막기　위한\n함정이었군요．
S1S:m16mes:149	m16mes.bin	149	0x274D		でも　なぜ降魔が\n帝劇の中を襲うと\nわかっていたんですの？	하지만　왜　강마가\n제극　안을　습격할　거라고\n알고　있었나요？
S1S:m16mes:150	m16mes.bin	150	0x274E		すまない……\nじつは敵が狙う最高機密が\nこの劇場に隠されているんだ。	미안하다……\n사실　적이　노리는　최고　기밀이\n이　극장에　숨겨져　있다．
S1S:m16mes:151	m16mes.bin	151	0x274F		最高機密のため\nきみたちにも言うことが\n許されていなかった。	최고　기밀이라\n너희에게도　말할　수\n없었던　거다．
S1S:m16mes:152	m16mes.bin	152	0x2750		まあええわ！\nそれより　みんな！\nこっちもくるで！	뭐，　됐데이！\n그보다　모두！\n이쪽도　온다데이！
S1S:m16mes:153	m16mes.bin	153	0x2751	gaiji=81B8	このワナが、いつまでも\nもつとはかぎらん！\nこれ以上、敵を侵入させるな‼	이　함정이　언제까지나\n버틸　거라고는　할　수　없어！\n더　이상　적을　들이지　마‼
S1S:m16mes:154	m16mes.bin	154	0x2752	dup=S1S:m16mes:122	ギャアアアア！	꺄아아아아！
S1S:m16mes:155	m16mes.bin	155	0x2753	dup=S1S:m16mes:123;gaiji=81B8	ばかやろう！\n降魔が侵入しやがったぞ‼	바보　자식！\n강마가　침입해　버렸어‼
S1S:m16mes:156	m16mes.bin	156	0x2754	dup=S1S:m16mes:126;gaiji=81B8	ギャ‼　グア～～ッ‼	꺄‼　그아～～앗‼
S1S:m16mes:157	m16mes.bin	157	0x2755	dup=S1S:m16mes:147	よしっ！　やった！	좋아！　해냈다！
S1S:m16mes:158	m16mes.bin	158	0x2756	gaiji=81B8	みんな！　まだまだくるで‼	얘들아！　아직　더　온다데이‼
S1S:m16mes:159	m16mes.bin	159	0x2757	gaiji=81B8	今のでワナが使用不能になった‼\nもう、これ以上、\n敵を侵入させるんじゃないぞ‼	방금　일로　함정은　사용　불능‼\n이제　더는　적을\n들여보내지　마‼
S1S:m16mes:160	m16mes.bin	160	0x2758	dup=S1S:m16mes:122	ギャアアアア！	꺄아아아아！
S1S:m16mes:161	m16mes.bin	161	0x2759	dup=S1S:m16mes:123;gaiji=81B8	ばかやろう！\n降魔が侵入しやがったぞ‼	바보　자식！\n강마가　침입해　버렸어‼
S1S:m16mes:162	m16mes.bin	162	0x275A	dup=S1S:m16mes:140;gaiji=81B8	うおおおおおおっ‼	우오오오오오옷‼
S1S:m16mes:163	m16mes.bin	163	0x275B	dup=S1S:m16mes:141;gaiji=81B8	しまった‼	큰일이다‼
S1S:m16mes:164	m16mes.bin	164	0x275C	dup=S1S:m16mes:122	ギャアアアア！	꺄아아아아！
S1S:m16mes:165	m16mes.bin	165	0x275D	dup=S1S:m16mes:123;gaiji=81B8	ばかやろう！\n降魔が侵入しやがったぞ‼	바보　자식！\n강마가　침입해　버렸어‼
S1S:m16mes:166	m16mes.bin	166	0x275E	dup=S1S:m16mes:140;gaiji=81B8	うおおおおおおっ‼	우오오오오오옷‼
S1S:m16mes:167	m16mes.bin	167	0x275F	gaiji=81B8	しまった‼\nワナを仕掛けておけば……‼	큰일이다‼\n함정을　설치해　뒀다면……‼
S1S:m16mes:168	m16mes.bin	168	0x2760		手ごわい相手だったな……\nだが、俺たちは必ず勝つ。	만만치　않은　상대였군……\n하지만　우리는　반드시　이긴다．
S1S:m16mes:169	m16mes.bin	169	0x2761	gaiji=81B8	よぉし、みんな！\nいつものいくぞ‼	좋아，　모두！\n평소　하던　걸　하자‼
S1S:m16mes:170	m16mes.bin	170	0x2762		いいか！\n劇場内に敵を\n入れるんじゃねぇぞ！	좋아！\n극장　안에　적을\n들여보내지　마라！
S1S:m16mes:171	m16mes.bin	171	0x2763		仕掛けを壊しに行くときも、\n劇場を守る人員を残して行け。\nここがやられたら終わりだ。	장치를　부수러　갈　때도，\n극장을　지킬　인원은　남겨　둬．\n여기가　당하면　끝이다．
S1S:m16mes:172	m16mes.bin	172	0x2764		鹿は２回の移動をするぞ。\n全機で取り囲んで、\n一気にカタをつけろ。	시카는　두　번　이동한다．\n전　기체로　포위해서，\n단숨에　끝장내라．
S1S:m16mes:173	m16mes.bin	173	0x4E16	dup=S1S:m01mes:81	みんな、俺が守らなくても\nだいじょうぶだな。	모두，　내가　지키지　않아도\n괜찮겠군．
S1S:m16mes:174	m16mes.bin	174	0x4E17	dup=S1S:m01mes:82	さくらくん……\n俺は必ず、きみを守る！	사쿠라　군……\n나는　반드시，　그대를　지키겠어！
S1S:m16mes:175	m16mes.bin	175	0x4E18	dup=S1S:m01mes:83	すみれくん……\n俺がいつでも守ってやるよ。	스미레　군……\n내가　언제든　지켜　주지．
S1S:m16mes:176	m16mes.bin	176	0x4E19	dup=S1S:m01mes:84	マリア……\nきみの背中を守らせてくれ。	마리아……\n네　뒤를　지키게　해　줘．
S1S:m16mes:177	m16mes.bin	177	0x4E1A	dup=S1S:m01mes:85	いつでも、アイリスのことを\n守ってあげるよ。	언제든　아이리스를\n지켜　줄게．
S1S:m16mes:178	m16mes.bin	178	0x4E1B	dup=S1S:m01mes:86	紅蘭は俺が守る！\nだから、心配するな！	코란은　내가　지킨다！\n그러니　걱정　마！
S1S:m16mes:179	m16mes.bin	179	0x4E1C	dup=S1S:m01mes:87	カンナ！\n防御なら俺にまかせろ！	칸나！\n방어라면　나한테　맡겨！
S1S:m16mes:180	m16mes.bin	180	0x4E2A		降魔をアイリスと\n一緒にするなんて、\n愚の骨頂ですわ！	강마를　아이리스와\n한패로　만들다니，\n어리석음의　극치예요！
S1S:m16mes:181	m16mes.bin	181	0x4E2F		なにそれ！\nアイリスのこと、バカにして！\nむぅぅぅぅーっ！	그게　뭐야！\n아이리스를　바보　취급하고！\n우우우우우ー！
S1S:m16mes:182	m16mes.bin	182	0x4E34	gaiji=81B8	これしき……\nこれしきの事でぇぇ‼	이　정도쯤……\n이　정도　일로오오‼
S1S:m16mes:183	m16mes.bin	183	0xEA60		くっくっくっ、さすがはオレ様。\n華撃団などものの数ではないわ！	킥킥킥，　역시　이　몸이군．\n화격단　따위는　상대도　안　된다！
S1S:m16mes:184	m16mes.bin	184	0xEA6A		今まであった中で最強の敵だ！\nこの程度か。	지금까지　만난　적　중　최강이다！\n이　정도인가．
S1S:m16mes:185	m16mes.bin	185	0xEA74		くっ……！\n今まであった中で最強の敵だ！	큭……！\n지금까지　만난　적　중　최강이다！
S1S:m16mes:186	m16mes.bin	186	0xEA7E		くっくっく！　当たり前だ！\nそして、貴様らの首をとることが\nその証明となるのだ！	킥킥킥！　당연하지！　그리고\n네놈들의　목을　취하는　것이　그\n증명이　될　것이다！
S1S:m16mes:187	m16mes.bin	187	0xEA88		いかん！\nこいつは調子に乗ると\n力を発揮するタイプだ！	안　돼！\n이　녀석은　우쭐해지면\n힘을　발휘하는　타입이다！
S1S:m16mes:188	m16mes.bin	188	0xEA92		この程度か。\nこれなら黒之巣会の方が\nまだ手応えがあったな。	이　정도인가．\n이래서는　흑지소회　쪽이\n그래도　상대할　맛이　났겠군．
S1S:m16mes:189	m16mes.bin	189	0xEA9C	gaiji=81B8	……ばっばかにするかあ！\nくおぅー！\nこ、ここ、殺してやるぅ‼	……바，　바보　취급하냐！\n크오오！\n주，　죽여　버리겠다‼
S1S:m16mes:190	m16mes.bin	190	0xEAA6		いいぞ、大神！\nやつは平常心を失って\nスキだらけだ！	잘한다，　오오가미！\n놈은　평정심을　잃고\n빈틈투성이야！
S1S:m16mes:191	m16mes.bin	191	0xEAB0	gaiji=81B8	なんだ？\n驚いて口も聞けぬか‼\nくっくっくっく。	뭐지？\n놀라서　말도　못　하느냐‼\n킥킥킥킥．
S1S:m16mes:192	m16mes.bin	192	0xEABA	dup=S1S:m16mes:187	いかん！\nこいつは調子に乗ると\n力を発揮するタイプだ！	안　돼！\n이　녀석은　우쭐해지면\n힘을　발휘하는　타입이다！
S1S:m16mes:193	m16mes.bin	193	0xEAC4		……ねえ、大神さん。\nさっきの最高機密って何ですか？\n秘密で教えてくれません？	……저기，　오오가미　씨．\n아까　그　최고　기밀은　뭐예요？\n비밀로　알려　주면　안　돼요？
S1S:m16mes:194	m16mes.bin	194	0xEACE		……ねえ、少尉。\nさっきの最高機密って何ですの？\nわたくしに教えてくださらない？	……저기，　소위님．\n아까　그　최고　기밀은　뭔가요？\n저에게　알려　주시지　않겠어요？
S1S:m16mes:195	m16mes.bin	195	0xEAD8		……ところで隊長。\n私も知らない最高機密とは……\nどういう類のものなのですか？	……그런데　대장．\n나도　모르는　최고　기밀이라니……\n어떤　종류의　것입니까？
S1S:m16mes:196	m16mes.bin	196	0xEAE2		……なあ、大神はん。\nさっきの最高機密って何や？\nウチにだけ秘密で教えてんか？	……저기，　오오가미　씨．　아까\n그　최고　기밀이　뭐야？　나한테만\n몰래　알려　주면　안　되나？
S1S:m16mes:197	m16mes.bin	197	0xEAEC		……よお、隊長。最高機密だか\nなんだか知らないけど、\nあたいには教えてくれるよな？	……안녕，　대장．　최고　기밀인지\n뭔지는　모르겠지만，\n나한테는　알려　주겠지？
S1S:m16mes:198	m16mes.bin	198	0xEAF6		お兄ちゃーん。アイリスねえ\nさいこうきみつって何だか\n知りたいなー。	오빠아．　아이리스，\n최고　기밀이　뭔지\n알고　싶어ー．
S1S:m16mes:199	m16mes.bin	199	0xEB00		実はな……\nだめだ！	사실은……\n안　돼！
S1S:m16mes:200	m16mes.bin	200	0xEB0A	dup=S1A:1001tbl:173	実はな……	사실은　말이다……
S1S:m16mes:201	m16mes.bin	201	0xEB14	dup=S1A:0202tbl:618	はい。	네．
S1S:m16mes:202	m16mes.bin	202	0xEB1E		ええ。	네．
S1S:m16mes:203	m16mes.bin	203	0xEB28	dup=S1A:0202tbl:618	はい。	네．
S1S:m16mes:204	m16mes.bin	204	0xEB32		ふんふん。	응응．
S1S:m16mes:205	m16mes.bin	205	0xEB3C	dup=S1A:0100tbl:495	うん。	응．
S1S:m16mes:206	m16mes.bin	206	0xEB46		うんうん。	응응．
S1S:m16mes:207	m16mes.bin	207	0xEB50	gaiji=81B8	大神さんのバカーーーーーー‼\nあたしには秘密にしたくせに‼	오오가미　씨　바보ーーーー‼\n나한테는　비밀로　했으면서‼
S1S:m16mes:208	m16mes.bin	208	0xEB5A	gaiji=81B8	ひ、ひどいですわ‼\nわたくしには教えて\nくださらなかったのに‼	너무해요‼　저에게는　가르쳐　주지\n않으셨으면서‼
S1S:m16mes:209	m16mes.bin	209	0xEB64		隊長！　いいのですか！\n最高機密をぺらぺらと\n……	대장！　괜찮은　건가요！\n최고　기밀을　술술　말해　버리고\n……
S1S:m16mes:210	m16mes.bin	210	0xEB6E	gaiji=81B8	ウチには教えんかったくせに！\n大神はんのアホ！　バカ！\n死ね！　もう知らん‼	우리한테는　안　알려　줬으면서！\n오오가미　씨　바보！　멍청이！\n죽어！　이제　몰라‼
S1S:m16mes:211	m16mes.bin	211	0xEB78	gaiji=81B8	隊長のばかやろ‼\nあたいには教えてくんなかった\nくせによ‼	대장　바보　자식‼\n나한테는　알려　주지　않았으면서\n말이야‼
S1S:m16mes:212	m16mes.bin	212	0xEB82	gaiji=81B8	お兄ちゃんのバカぁぁぁぁ‼\nアイリスには秘密に\nしたくせにぃぃぃぃぃ‼	오빠　바보오오오‼\n아이리스한테는　비밀로\n했으면서아아아‼
S1S:m16mes:213	m16mes.bin	213	0xEB8C		何だ……\nやっぱりぺらぺら\n話してるのね。	뭐야……\n역시　술술\n말하고　있었네．
S1S:m16mes:214	m16mes.bin	214	0xEB96	dup=S1S:m16mes:213	何だ……\nやっぱりぺらぺら\n話してるのね。	뭐야……\n역시　술술\n말하고　있었네．
S1S:m16mes:215	m16mes.bin	215	0xEBA0	dup=S1S:m16mes:213	何だ……\nやっぱりぺらぺら\n話してるのね。	뭐야……\n역시　술술\n말하고　있었네．
S1S:m16mes:216	m16mes.bin	216	0xEBAA	dup=S1S:m16mes:213	何だ……\nやっぱりぺらぺら\n話してるのね。	뭐야……\n역시　술술\n말하고　있었네．
S1S:m16mes:217	m16mes.bin	217	0xEBB4	dup=S1S:m16mes:213	何だ……\nやっぱりぺらぺら\n話してるのね。	뭐야……\n역시　술술\n말하고　있었네．
S1S:m16mes:218	m16mes.bin	218	0xEBBE	dup=S1S:m16mes:213	何だ……\nやっぱりぺらぺら\n話してるのね。	뭐야……\n역시　술술\n말하고　있었네．
S1S:m16mes:219	m16mes.bin	219	0xEBC8		あっ……しまった！\n通信がつながってるんだっけ。	아……　큰일이다！\n통신이　연결돼　있었지．
S1S:m16mes:220	m16mes.bin	220	0xEBD2	gaiji=81B8	この大馬鹿野郎‼　\nなんだその口の軽さは！\n貴様それでも軍人かあっ‼	이　바보　천치‼\n그　입　가벼운　건　뭐냐！\n네놈　그래도　군인이냐아‼
S1S:m16mes:221	m16mes.bin	221	0xEBDC	gaiji=81B8	ははあ！　すみません！\nもうしません‼	네！　죄송합니다！\n다시는　안　그러겠습니다‼
S1S:m16mes:222	m16mes.bin	222	0xEBE6		だめだ！\n敵に通信がもれるかもしれない。\n奴等を撃破してからだ！	안　돼！　적에게　통신이　새어\n나갈지도　모른다．　놈들을　격파한\n뒤다！
S1S:m16mes:223	m16mes.bin	223	0xEBF0		そうですね……\nすみません。	그렇네요……\n죄송합니다．
S1S:m16mes:224	m16mes.bin	224	0xEBFA		それもそうですわね……\nごめんなさい。	그것도　그렇네요……\n미안해요．
S1S:m16mes:225	m16mes.bin	225	0xEC04		はい。まさしくその通りです。\n私が軽率でした。	네．　정말　맞는　말입니다．\n제가　경솔했습니다．
S1S:m16mes:226	m16mes.bin	226	0xEC0E		それもそうやな。\n聞いたウチが悪かったわ。	그것도　그렇데이．\n들은　내가　잘못했어．
S1S:m16mes:227	m16mes.bin	227	0xEC18		ごめん。そうだな。\nそこまで気がまわらなかったよ。	미안．　그렇지．\n거기까지　신경　쓰지　못했어．
S1S:m16mes:228	m16mes.bin	228	0xEC22		ちぇっ！\nお兄ちゃんのケチ！	쳇！\n오빠　쩨쩨해！
S1S:m16mes:229	m16mes.bin	229	0xEC2C	dup=S1A:0100tbl:142	……	……
S1S:m16mes:230	m16mes.bin	230	0xEC36		すみません。\n敵を倒すのが先決ですよね。	죄송합니다．\n적을　쓰러뜨리는　게　먼저죠．
S1S:m16mes:231	m16mes.bin	231	0xEC40		ごめんなさい。\n敵を倒してからって\n話でしたわね。	죄송해요．\n적을　쓰러뜨린　다음이라고\n하셨죠．
S1S:m16mes:232	m16mes.bin	232	0xEC4A		すみません。戦闘中に\n私が軽率でした。	죄송합니다．　전투　중에\n제가　경솔했어요．
S1S:m16mes:233	m16mes.bin	233	0xEC54		戦闘中に聞くことやおまへんな。\nかんにんな、大神はん。	전투　중에　물을　일이　아니데이．\n미안하데이，　오오가미　씨．
S1S:m16mes:234	m16mes.bin	234	0xEC5E		わかったよ。敵を全滅させてから\n聞くことにするよ。	알겠어．　적을　전멸시킨　다음에\n묻기로　할게．
S1S:m16mes:235	m16mes.bin	235	0xEC68		あー、だんまりを決めこんだ！\nお兄ちゃんのケチ！	아ー，　입　다물기로　했네！\n오빠　쩨쩨해！
S1S:m16mes:236	m16mes.bin	236	0x003C	dup=S1S:m01mes:111	あたしが、頑張んなきゃ！	내가　힘내야　해！
S1S:m17mes:0	m17mes.bin	0	0x07E3	dup=S1S:m01mes:111	あたしが、頑張んなきゃ！	내가　힘내야　해！
S1S:m17mes:1	m17mes.bin	1	0x07E4	dup=S1S:m01mes:112	行きます！	갑니다！
S1S:m17mes:2	m17mes.bin	2	0x07E5	dup=S1S:m01mes:113;gaiji=81B8	まかせてください‼	맡겨　주세요‼
S1S:m17mes:3	m17mes.bin	3	0x07E6	dup=S1S:m01mes:114	見ていてくださいね、\n大神さん。	지켜봐　주세요，\n오오가미　씨．
S1S:m17mes:4	m17mes.bin	4	0x07E7	dup=S1S:m01mes:115	まだ、まだ大丈夫……	아직，　아직　괜찮아……
S1S:m17mes:5	m17mes.bin	5	0x07E8	dup=S1A:0801tbl:1020	ありがとうございます！	감사합니다！
S1S:m17mes:6	m17mes.bin	6	0x07E9	dup=S1S:m01mes:117	がんばって！　大神さん！	힘내요！　오오가미　씨！
S1S:m17mes:7	m17mes.bin	7	0x07EA	dup=S1S:m01mes:118	大神さんが頼りです！	오오가미　씨만　믿을게요！
S1S:m17mes:8	m17mes.bin	8	0x07EB	dup=S1S:m01mes:119	きゃぁぁぁ……	꺄아아아……
S1S:m17mes:9	m17mes.bin	9	0x07EC	dup=S1S:m01mes:120	つっ、\n次は負けないわ！	다，\n다음엔　지지　않을　거야！
S1S:m17mes:10	m17mes.bin	10	0x07ED	dup=S1S:m01mes:121	大神さん……\n本当にごめんなさい……	오오가미　씨……\n정말　미안해요……
S1S:m17mes:11	m17mes.bin	11	0x07F9	dup=S1S:m01mes:122	わたくしの出番ですわね。	제　차례군요．
S1S:m17mes:12	m17mes.bin	12	0x07FA	dup=S1S:m01mes:123	オホホホホホ……	오호호호호호……
S1S:m17mes:13	m17mes.bin	13	0x07FB	dup=S1S:m01mes:124;gaiji=81B8	いきますわよ‼	갑니다‼
S1S:m17mes:14	m17mes.bin	14	0x07FC	dup=S1S:m01mes:125	今日のわたくしは\nあなたのために！	오늘의　저는\n당신을　위해！
S1S:m17mes:15	m17mes.bin	15	0x07FD	dup=S1S:m01mes:126	この程度では負けませんわ……	이　정도로는　지지　않아요……
S1S:m17mes:16	m17mes.bin	16	0x07FE	dup=S1S:m01mes:127	少尉……\nやはりわたくしのことを……	소위님……\n역시　저를……
S1S:m17mes:17	m17mes.bin	17	0x07FF	dup=S1S:m01mes:128	さっ、少尉の出番ですわよ！	자，　소위님　차례예요！
S1S:m17mes:18	m17mes.bin	18	0x0800	dup=S1S:m01mes:129	わたくしが見ていますわよ！	제가　보고　있어요！
S1S:m17mes:19	m17mes.bin	19	0x0801	dup=S1S:m01mes:130;gaiji=81B8	うわぁぁぁ……‼	우와아아아……‼
S1S:m17mes:20	m17mes.bin	20	0x0802	dup=S1S:m01mes:131	今日の所は\n負けておいてあげますわ！	오늘은\n져　드리도록　하죠！
S1S:m17mes:21	m17mes.bin	21	0x0803	dup=S1S:m01mes:132;gaiji=81B8	隊長には\nわたくしが必要ですのに‼	대장님께는\n제가　필요한데요‼
S1S:m17mes:22	m17mes.bin	22	0x080F	dup=S1S:m01mes:133	敵は私が倒すしかない！	적은　내가　쓰러뜨릴　수밖에！
S1S:m17mes:23	m17mes.bin	23	0x0810	dup=S1S:m01mes:134;gaiji=81AC	次の目標はどこ⁉	다음　목표는　어디⁉
S1S:m17mes:24	m17mes.bin	24	0x0811	dup=S1S:m01mes:135	死にたいなら、\n前にでなさい……	죽고　싶다면，\n앞으로　나와……
S1S:m17mes:25	m17mes.bin	25	0x0812	dup=S1S:m01mes:136	作戦指示を\nお願いします！	작전　지시를\n부탁합니다！
S1S:m17mes:26	m17mes.bin	26	0x0813	dup=S1S:m01mes:137;gaiji=81B8	まだよ‼　まだまだ‼	아직이야‼　아직　멀었어‼
S1S:m17mes:27	m17mes.bin	27	0x0814	dup=S1S:m05mes:27	わ、わたしなんかの為に……	저，　저　같은　사람을　위해……
S1S:m17mes:28	m17mes.bin	28	0x0815	dup=S1S:m01mes:139	頑張ってください……隊長！	힘내세요……　대장님！
S1S:m17mes:29	m17mes.bin	29	0x0816	dup=S1S:m01mes:140	隊長、生きて帰りましょう！	대장님，　살아서　돌아가요！
S1S:m17mes:30	m17mes.bin	30	0x0817	dup=S1S:m01mes:141	ああぁぁぁ……	아아아아……
S1S:m17mes:31	m17mes.bin	31	0x0818	dup=S1S:m01mes:142;gaiji=81B8	つ、強いわ‼\n撤退‼	강해‼\n후퇴‼
S1S:m17mes:32	m17mes.bin	32	0x0819	dup=S1S:m01mes:143	すみません隊長。\n撤退します！	미안해요，　대장님．\n후퇴하겠습니다！
S1S:m17mes:33	m17mes.bin	33	0x0827	dup=S1S:m01mes:144	アイリスだって、\nがんばるモン！	아이리스도\n힘낼　거야！
S1S:m17mes:34	m17mes.bin	34	0x0828	dup=S1S:m01mes:145	アイリス、いきまーす！	아이리스，　갑니다아！
S1S:m17mes:35	m17mes.bin	35	0x0829	dup=S1S:m01mes:146	アイリス、強いんだよぉ！	아이리스，　강하다구！
S1S:m17mes:36	m17mes.bin	36	0x082A	dup=S1S:m01mes:147;gaiji=81B8	アイリス、\nお兄ちゃんのために、頑張る‼	아이리스，\n오빠를　위해　힘낼게‼
S1S:m17mes:37	m17mes.bin	37	0x082B	dup=S1S:m01mes:148	なんか、\nバチバチいってるよ……	뭔가，\n파직파직　소리가　나……
S1S:m17mes:38	m17mes.bin	38	0x082C	dup=S1S:m01mes:149	お兄ちゃん、だーいすき！	오빠，　정말　좋아해！
S1S:m17mes:39	m17mes.bin	39	0x082D	dup=S1S:m01mes:150	お兄ちゃん！　ファイトッ！	오빠！　힘내！
S1S:m17mes:40	m17mes.bin	40	0x082E	dup=S1S:m01mes:151	アイリスが見てるからね！	아이리스가　보고　있으니까！
S1S:m17mes:41	m17mes.bin	41	0x082F	dup=S1S:m01mes:152	きゃあぁぁぁ……	꺄아아아……
S1S:m17mes:42	m17mes.bin	42	0x0830	dup=S1S:m01mes:153	お星様の……\nバカ……	별님……\n바보……
S1S:m17mes:43	m17mes.bin	43	0x0831	dup=S1S:m01mes:154	お兄ちゃん、ゴメンね……	오빠，　미안해……
S1S:m17mes:44	m17mes.bin	44	0x083D	dup=S1S:m01mes:155	ウチも\n頑張らせてもらうで～	나도\n힘낼게데이～
S1S:m17mes:45	m17mes.bin	45	0x083E	dup=S1S:m01mes:156	科学をなめたら、\nあかんでぇ～	과학을　얕보면，\n안　된데이～
S1S:m17mes:46	m17mes.bin	46	0x083F	dup=S1S:m01mes:157;gaiji=81B8	ほんなら、いくでー‼	그럼，　간다‼
S1S:m17mes:47	m17mes.bin	47	0x0840	dup=S1S:m01mes:158	ウチを見ててやー！	나를　봐　줘～！
S1S:m17mes:48	m17mes.bin	48	0x0841	dup=S1S:m01mes:159	ダメージ喰らいすぎや！	너무　많이　맞았데이！
S1S:m17mes:49	m17mes.bin	49	0x0842	dup=S1S:m01mes:160	ウチ感動や～！	나　감동했데이～！
S1S:m17mes:50	m17mes.bin	50	0x0843	dup=S1S:m01mes:161	ウチが応援してるでぇ～！	내가　응원하고　있데이～！
S1S:m17mes:51	m17mes.bin	51	0x0844	dup=S1S:m01mes:162	がんばってや！　大神はん！	힘내래이！　오오가미　씨！
S1S:m17mes:52	m17mes.bin	52	0x0845	dup=S1S:m01mes:163	うわあぁぁぁぁ……	으아아아아……
S1S:m17mes:53	m17mes.bin	53	0x0846	dup=S1S:m01mes:164	あちゃー……\nいかれた……	아차……\n망가졌어……
S1S:m17mes:54	m17mes.bin	54	0x0847	dup=S1S:m01mes:165	隊長はん、\n迷惑かけてすんまへん……	대장님，\n폐를　끼쳐서　미안하데이……
S1S:m17mes:55	m17mes.bin	55	0x0854	dup=S1S:m01mes:166;gaiji=81B8	よっしゃ！\nやってやるか‼	좋아！\n해　볼까‼
S1S:m17mes:56	m17mes.bin	56	0x0855	dup=S1S:m01mes:167	気合いを入れるぜ！\nチェストォォ！	기합을　넣자！\n체스토오오！
S1S:m17mes:57	m17mes.bin	57	0x0856	dup=S1S:m01mes:168	桐島流の奥義、見せてやるぜ！	키리시마류의　비기，　보여　주마！
S1S:m17mes:58	m17mes.bin	58	0x0857	dup=S1S:m01mes:169;gaiji=81B8	さぁ‼\n行こうぜ、隊長‼	자아‼\n가자，　대장‼
S1S:m17mes:59	m17mes.bin	59	0x0858	dup=S1S:m01mes:170;gaiji=81B8	だいじょうぶ！\nまだ平気だぜ‼	괜찮아！\n아직　문제없어‼
S1S:m17mes:60	m17mes.bin	60	0x0859	dup=S1S:m01mes:171	さんきゅ！　助かったぜ！	고마워！　살았다！
S1S:m17mes:61	m17mes.bin	61	0x085A	dup=S1S:m01mes:172	いこうぜ！　隊長！	가자！　대장！
S1S:m17mes:62	m17mes.bin	62	0x085B	dup=S1S:m01mes:173	隊長の力を見せてやれ！	대장의　힘을　보여　줘！
S1S:m17mes:63	m17mes.bin	63	0x085C	dup=S1S:m01mes:174	うあああぁぁぁぁ……	으아아아아……
S1S:m17mes:64	m17mes.bin	64	0x085D	dup=S1S:m01mes:175	くっ、\nまだまだ修行がたりない……	큭，\n아직　수련이　부족해……
S1S:m17mes:65	m17mes.bin	65	0x085E	dup=S1S:m01mes:176	隊長のために、\n戦わなくちゃ……	대장을　위해\n싸워야　해……
S1S:m17mes:66	m17mes.bin	66	0x096E	dup=S1A:0804tbl:180	よっしゃあ！	좋았어！
S1S:m17mes:67	m17mes.bin	67	0x0D0A	dup=S1S:m01mes:178	やったわ！	해냈어！
S1S:m17mes:68	m17mes.bin	68	0x0D0B	dup=S1S:m01mes:179	やりましたわ！	해냈어요！
S1S:m17mes:69	m17mes.bin	69	0x0D0C	dup=S1S:m01mes:180	ふっ！	후！
S1S:m17mes:70	m17mes.bin	70	0x0D0D	dup=S1S:m01mes:181	やったでー！	해냈데이！
S1S:m17mes:71	m17mes.bin	71	0x0D0E	dup=S1S:m01mes:182;gaiji=81B8	わーい　わーい‼	와아　와아‼
S1S:m17mes:72	m17mes.bin	72	0x0C5B	dup=S1S:m01mes:10	帝国華撃団、参上！	제국화격단，　등장！
S1S:m17mes:73	m17mes.bin	73	0x0C65		叉丹様の望みは\n全ての破壊、全ての死……\nその望みは、アタシが……	사탄　님의　소원은\n모든　파괴，　모든　죽음……\n그　소원은　내가……
S1S:m17mes:74	m17mes.bin	74	0x0C67		ふふ……\n出てきたわね、坊や。	후후……\n나왔구나，　꼬마야．
S1S:m17mes:75	m17mes.bin	75	0x0C69		うふふ……可愛い子ね。\nあやめは死んだと言ったでしょ？\nあなたも今、殺してあげるわ！	우후후……　귀여운　아이네．\n아야메는　죽었다고　했지？\n너도　지금　죽여　줄게！
S1S:m17mes:76	m17mes.bin	76	0x0C6B	dup=S1A:0201tbl:120	大神さん！	오오가미　씨！
S1S:m17mes:77	m17mes.bin	77	0x0C6C		ふっははは……	후하하하……
S1S:m17mes:78	m17mes.bin	78	0x0C6E		やはり、こいつらと\nつるんでいただけあって\n手ぬるいわねぇ。	역시　이　녀석들과\n어울렸던　만큼\n무르구나．
S1S:m17mes:79	m17mes.bin	79	0x0C6F		ふふん……\nあなたのやり方を\n見せてもらうわ。	후훗……\n당신의　방식을\n보여　주겠어．
S1S:m17mes:80	m17mes.bin	80	0x0C70		くっ！　見てなさいっ！	큭！　두고　봐！
S1S:m17mes:81	m17mes.bin	81	0x0C71		皆殺しにして叉丹様にご報告を。	모두　죽여　사탄　님께　보고하도록
S1S:m17mes:82	m17mes.bin	82	0x0C72		うふふ……最高の舞台が\n始まったみたいね……	우후후……　최고의　무대가\n시작된　모양이네……
S1S:m17mes:83	m17mes.bin	83	0x0C73	gaiji=81B8	見てなさいッ！　殺女！\n叉丹様とともに野望を果たすのは\n私なのよ‼	두고　봐！　사츠메！　사탄　님과\n함께　야망을　이룰　사람은　나야‼
S1S:m17mes:84	m17mes.bin	84	0x0C74	gaiji=81B8	いや……いや……\n叉丹様ァァァァァァァ‼	아니……　아니야……\n사탄　님아아아아아아‼
S1S:m17mes:85	m17mes.bin	85	0x2710	gaiji=81B8	あ、あやめさん‼	아，　아야메　씨‼
S1S:m17mes:86	m17mes.bin	86	0x2711	dup=S1A:0802tbl:39	あやめさん！	아야메　씨！
S1S:m17mes:87	m17mes.bin	87	0x2712		あやめさん！　オレです！\n大神です！	아야메　씨！　저예요！\n오오가미입니다！
S1S:m17mes:88	m17mes.bin	88	0x2713		ぐはっ！	으악！
S1S:m17mes:89	m17mes.bin	89	0x2714		うう！　あ、あやめさん……	으으！　아，　아야메　씨……
S1S:m17mes:90	m17mes.bin	90	0x2715	gaiji=81B8	ぐはっ‼	으악‼
S1S:m17mes:91	m17mes.bin	91	0x2716	gaiji=81AC	あやめさんはどこだ⁉	아야메　씨는　어디　있지⁉
S1S:m17mes:92	m17mes.bin	92	0x2717	gaiji=81B8	あやめさぁぁーん‼	아야메　씨이이‼
S1S:m17mes:93	m17mes.bin	93	0x2718		だみー	더미
S1S:m17mes:94	m17mes.bin	94	0x2719	gaiji=81B8	やつらの電撃装置に気をつけろ‼\n攻撃される前に破壊するんだ‼	놈들이　설치한　전격　장치를\n조심해‼　공격받기　전에　파괴해‼
S1S:m17mes:95	m17mes.bin	95	0x271A		降魔よりも\n電撃装置を優先して破壊しろ！	강마보다\n전격　장치를　우선해서　파괴해！
S1S:m17mes:96	m17mes.bin	96	0x271B	gaiji=81B8	あやめをたのむぞ……\n大神‼	아야메를　부탁한다……\n오오가미‼
S1S:m17mes:97	m17mes.bin	97	0x271C		大神！\n敵はやっかいなものを\nしかけやがったぞ。	오오가미！\n적이　성가신　걸\n설치해　놨어．
S1S:m17mes:98	m17mes.bin	98	0x271D		「蝶」とか言う降魔がしかけた\n電気の攻撃装置らしい。	「초」라는　강마가　설치한\n전기　공격　장치인　모양이야．
S1S:m17mes:99	m17mes.bin	99	0x271E		どんなモノか分からん以上、\nうかつに近づくのは危険だ！\n破壊するか、避けて行動しろ！	어떤　물건인지　모르는　이상，\n함부로　접근하는　건　위험해！\n파괴하거나　피해　가！
S1S:m17mes:100	m17mes.bin	100	0x271F	gaiji=81B8	了解！\n行くぞ、あやめさんを\n取り戻すんだ‼	알겠습니다！\n가자，　아야메　씨를\n되찾는　거야‼
S1S:m17mes:101	m17mes.bin	101	0x4E16	dup=S1S:m01mes:81	みんな、俺が守らなくても\nだいじょうぶだな。	모두，　내가　지키지　않아도\n괜찮겠군．
S1S:m17mes:102	m17mes.bin	102	0x4E17	dup=S1S:m01mes:82	さくらくん……\n俺は必ず、きみを守る！	사쿠라　군……\n나는　반드시，　그대를　지키겠어！
S1S:m17mes:103	m17mes.bin	103	0x4E18	dup=S1S:m01mes:83	すみれくん……\n俺がいつでも守ってやるよ。	스미레　군……\n내가　언제든　지켜　주지．
S1S:m17mes:104	m17mes.bin	104	0x4E19	dup=S1S:m01mes:84	マリア……\nきみの背中を守らせてくれ。	마리아……\n네　뒤를　지키게　해　줘．
S1S:m17mes:105	m17mes.bin	105	0x4E1A	dup=S1S:m01mes:85	いつでも、アイリスのことを\n守ってあげるよ。	언제든　아이리스를\n지켜　줄게．
S1S:m17mes:106	m17mes.bin	106	0x4E1B	dup=S1S:m01mes:86	紅蘭は俺が守る！\nだから、心配するな！	코란은　내가　지킨다！\n그러니　걱정　마！
S1S:m17mes:107	m17mes.bin	107	0x4E1C	dup=S1S:m01mes:87	カンナ！\n防御なら俺にまかせろ！	칸나！\n방어라면　나한테　맡겨！
S1S:m17mes:108	m17mes.bin	108	0xEA60		華撃団！　お前らも\nアタシこそ叉丹様に\nふさわしいと思うでしょ？	화격단！　너희도\n내가　사탄　님에게\n어울린다고　생각하지？
S1S:m17mes:109	m17mes.bin	109	0xEA6A		いや、そんなことはない。	아니，　그렇지는　않아．
S1S:m17mes:110	m17mes.bin	110	0xEA74	dup=S1S:m17mes:109	いや、そんなことはない。	아니，　그렇지는　않아．
S1S:m17mes:111	m17mes.bin	111	0xEA7E		むぅ……チョーむかつく～！	으……　진짜　열받아～！
S1S:m17mes:112	m17mes.bin	112	0xEA88	gaiji=81B8	……殺すっ‼	……죽인다‼
S1S:m17mes:113	m17mes.bin	113	0xEA92		おほほほほ。\n口もきけないのか？\n情けないわね～。	오호호호호．\n말도　못　하느냐？\n한심하구나～．
S1S:m17mes:114	m17mes.bin	114	0x003C	dup=S1S:m01mes:111	あたしが、頑張んなきゃ！	내가　힘내야　해！
S1S:m18mes:0	m18mes.bin	0	0x0561		猪！	이노시시！
S1S:m18mes:1	m18mes.bin	1	0x0562		鹿！	시카！
S1S:m18mes:2	m18mes.bin	2	0x0563		蝶！	초！
S1S:m18mes:3	m18mes.bin	3	0x0564	gaiji=81B8	今こそ、我ら甦り‼\n我ら『黄昏の三騎士』‼	지금이야말로　우리　부활‼\n우리　『황혼의　삼기사』‼
S1S:m18mes:4	m18mes.bin	4	0x0C79		おやじ……大神隊長……\n一発でいい、アタイに力をくれ\n……最後の力を……	아버지……　오오가미　대장……\n한　번이면　돼，　내게　힘을　줘\n……마지막　힘을……
S1S:m18mes:5	m18mes.bin	5	0x0C7A		風よ……\n自由にして自在なる\n天空の王者よ……	바람이여……\n자유롭고　자재한\n하늘의　왕자여……
S1S:m18mes:6	m18mes.bin	6	0x1388	gaiji=81B8	今こそ我が命を糧として……\n吠えろ！　猛れ！\n空に舞い、天を駆けろ‼	이제　내　목숨을　양식　삼아……\n울부짖어라！　사납게　날뛰어라！\n하늘에　춤추고　내달려라‼
S1S:m18mes:7	m18mes.bin	7	0x0C7B	gaiji=81B8	ウオォォォォー！\nこれで最後だあ‼	우오오오오오！\n이게　마지막이다‼
S1S:m18mes:8	m18mes.bin	8	0x0C7C	gaiji=81B8	見せてやるぜ！\n桐島流最終奥義\n四方攻相君ーーーっ‼	보여　주마！\n키리시마류　최종오의\n사방공상군ーーー‼
S1S:m18mes:9	m18mes.bin	9	0x0C7D		お父さん……大神隊長……\n一度でいい、私に力をください\n……最後の力を……	아버지……　오오가미　대장……\n한　번만，　제게　힘을　주세요\n……마지막　힘을……
S1S:m18mes:10	m18mes.bin	10	0x0C7E		剣の極意……そは瞬息……\n心気力の一致！\n敵は、心眼で斬る！	검의　극의……　그것은　순간의\n호흡……　심기력의　일치！　적은\n심안으로　베어라！
S1S:m18mes:11	m18mes.bin	11	0x0C80	gaiji=81B8	破邪剣征・百花繚乱‼	파사검정・백화요란‼
S1S:m18mes:12	m18mes.bin	12	0x0C82		……ひっく……カンナぁ……	……흑……　칸나아……
S1S:m18mes:13	m18mes.bin	13	0x0C83	gaiji=81B8	カンナさん……‼	칸나　씨……‼
S1S:m18mes:14	m18mes.bin	14	0x0C86		さ、最後の最後まで勝手ばっかり\n……最低のヤボですわ……\n最低の……	마，　마지막　순간까지\n제멋대로만……　……최악의\n촌뜨기예요……　최악의……
S1S:m18mes:15	m18mes.bin	15	0x0C87	gaiji=81B8	さくら……‼	사쿠라……‼
S1S:m18mes:16	m18mes.bin	16	0x0C89		うっ、う……さくらぁ……	흑，　으……　사쿠라아……
S1S:m18mes:17	m18mes.bin	17	0x0C8A	dup=S1A:0100tbl:142	……	……
S1S:m18mes:18	m18mes.bin	18	0x0C8B		さ、さくらはん……\nそんな……うそやろ？	사，　사쿠라　씨……\n그럴　수가……　거짓말이지？
S1S:m18mes:19	m18mes.bin	19	0x0C8C		さ、最後の最後まで勝手ばっかり\n……最低のヤボですわ……\n最低ですわ……さくら……さん。	마，　마지막　순간까지　제멋대로만\n……최악의　촌뜨기예요……　정말\n최악이에요……　사쿠라……　씨．
S1S:m18mes:20	m18mes.bin	20	0x0C8D		おととい、いらっしゃい！\n三下！	다시는　오지　마라！\n삼류야！
S1S:m18mes:21	m18mes.bin	21	0x0C8E		グアァァァァーッ！	그아아아아아앗！
S1S:m18mes:22	m18mes.bin	22	0x0C8F		は、離せ！\nこのまま落ちれば貴様も！	놔，　놔라！\n이대로　떨어지면　너도！
S1S:m18mes:23	m18mes.bin	23	0x0C90		……それが……何ですの？	……그래서……　어쩌라고요？
S1S:m18mes:24	m18mes.bin	24	0x0C91		三下と相打ちなんて……\nわれながら……最低ですわね……	삼류와　동귀어진이라니……\n나로서도……　최악이네요……
S1S:m18mes:25	m18mes.bin	25	0x0C92		少尉さん……みなさん……\nカーテンコールは……\n頼みますわ……	소위님……　여러분……\n커튼콜은……\n부탁드려요……
S1S:m18mes:26	m18mes.bin	26	0x0C93		あたしを、甘く見ないで！	나를　얕보지　마！
S1S:m18mes:27	m18mes.bin	27	0x0C96		かまわないわ！	상관없어！
S1S:m18mes:28	m18mes.bin	28	0x0C97		大神さん……さようなら……	오오가미　씨……　안녕……
S1S:m18mes:29	m18mes.bin	29	0x0C99		すみれはん……	스미레　씨……
S1S:m18mes:30	m18mes.bin	30	0x0C9A		うっ……うっうっ……	흑……　흐흑……
S1S:m18mes:31	m18mes.bin	31	0x0C9C		すみれさんっ！\nもうケンカできないなんて\nあたしイヤよ……	스미레　씨！\n이제　싸울　수　없다니\n싫어요……
S1S:m18mes:32	m18mes.bin	32	0x0C9D		……さくらさんっ！\nもうケンカできないなんて\n許しませんことよ……！	……사쿠라　씨！\n이제　싸울　수　없다니\n용서하지　않겠어요……！
S1S:m18mes:33	m18mes.bin	33	0x0C9E		バカだぜ……お嬢様が……\nヒロインぶって……\nカッコつけやがって！	바보군……　아가씨가……\n히로인인　척……\n멋　부리긴！
S1S:m18mes:34	m18mes.bin	34	0x0C9F		うわあぁぁぁーっ！	으아아아아아앗！
S1S:m18mes:35	m18mes.bin	35	0x0CA0	gaiji=81B8	なんや！　これくらい‼	뭐야！　이　정도쯤‼
S1S:m18mes:36	m18mes.bin	36	0x0CA1	gaiji=81B8	ウチの居場所！\nウチの未来！\nウチの夢‼	내　있을　곳！\n내　미래！\n내　꿈‼
S1S:m18mes:37	m18mes.bin	37	0x0CA2		帝国華撃団・花組を\nナメたらあかんで！	제국화격단・화조를\n얕보면　안　된데이！
S1S:m18mes:38	m18mes.bin	38	0x0CA3		ウチの科学力の勝ちや！	내　과학력의　승리데이！
S1S:m18mes:39	m18mes.bin	39	0x0CA4		あぁっ！	아앗！
S1S:m18mes:40	m18mes.bin	40	0x0CA5	gaiji=81B8	私の居場所！\n私の未来！\n私の夢‼	내　있을　곳！\n내　미래！\n내　꿈‼
S1S:m18mes:41	m18mes.bin	41	0x0CA6	dup=S1S:m18mes:28	大神さん……さようなら……	오오가미　씨……　안녕……
S1S:m18mes:42	m18mes.bin	42	0x0CA8		もう……イヤだよ……	이제……　싫어……
S1S:m18mes:43	m18mes.bin	43	0x0CA9	gaiji=81B8	紅蘭！　紅蘭‼	코란！　코란‼
S1S:m18mes:44	m18mes.bin	44	0x0CAA		さくらはん……	사쿠라　씨……
S1S:m18mes:45	m18mes.bin	45	0x0CAB	dup=S1A:0109tbl:98	紅蘭……	코란……
S1S:m18mes:46	m18mes.bin	46	0x0CAC		紅蘭……\nあなたまでいなくなって……	코란……\n너까지　없어져　버리고……
S1S:m18mes:47	m18mes.bin	47	0x0CAD		……負けない……もん……\n絶対！　負けないもん……	……안　져……\n절대로！　안　질　거야……
S1S:m18mes:48	m18mes.bin	48	0x0CAE	gaiji=81B8	お兄ちゃんを……アイリスが……\nお兄ちゃんを……絶対……\n守るんだから‼	오빠를……　아이리스가……\n오빠를……　반드시……\n지킬　거야‼
S1S:m18mes:49	m18mes.bin	49	0x0CAF	gaiji=81B8	はなせ！\n私を殺すと爆発するのよ‼	놔！\n나를　죽이면　폭발한다고‼
S1S:m18mes:50	m18mes.bin	50	0x0CB0		ありがとう、アイリス……	고마워，　아이리스……
S1S:m18mes:51	m18mes.bin	51	0x0CB4		ありがとう、アイリス！	고마워，　아이리스！
S1S:m18mes:52	m18mes.bin	52	0x0CB5	gaiji=81B8	ま……負けないわ……\n絶対！　負けないわ‼	지……　지지　않아……\n절대로！　절대　안　져‼
S1S:m18mes:53	m18mes.bin	53	0x0CB6	gaiji=81B8	大神さんを……私が……\n大神さんを……絶対！\n守るわ‼	오오가미　씨를……　내가……\n오오가미　씨를……　반드시！\n지킬　거야‼
S1S:m18mes:54	m18mes.bin	54	0x0CB8		ありがとう、さくら……	고마워，　사쿠라……
S1S:m18mes:55	m18mes.bin	55	0x0CB9	dup=S1A:1002tbl:49	みんな……	여러분……
S1S:m18mes:56	m18mes.bin	56	0x0CBA		みなさん……	여러분……
S1S:m18mes:57	m18mes.bin	57	0x0CBB	dup=S1A:1002tbl:49	みんな……	여러분……
S1S:m18mes:58	m18mes.bin	58	0x0CBC	dup=S1A:1002tbl:49	みんな……	여러분……
S1S:m18mes:59	m18mes.bin	59	0x0CBD	dup=S1A:1002tbl:49	みんな……	여러분……
S1S:m18mes:60	m18mes.bin	60	0x0CBE	dup=S1A:1002tbl:49	みんな……	여러분……
S1S:m18mes:61	m18mes.bin	61	0x2710		いよいよだ……\n俺たちはこの聖魔城に潜入し、\n霊子砲を破壊する。	드디어다……\n우리는　이　성마성에　잠입해\n영자포를　파괴한다．
S1S:m18mes:62	m18mes.bin	62	0x2711		そして……\n葵叉丹を倒し、あやめさんを\n救い出す！	그리고……　아오이　사탄을\n쓰러뜨리고，　아야메　씨를\n구출한다！
S1S:m18mes:63	m18mes.bin	63	0x2712		武者震いがしてきたぜ！	전율이　이는군！
S1S:m18mes:64	m18mes.bin	64	0x2713		神崎すみれ、\n一世一代の大舞台ですわ。	칸자키　스미레，\n일생일대의　대무대예요．
S1S:m18mes:65	m18mes.bin	65	0x2714		気合い入れていくで！	기합　넣고　가자데이！
S1S:m18mes:66	m18mes.bin	66	0x2715		アイリス、がんばるよ！	아이리스，　힘낼게！
S1S:m18mes:67	m18mes.bin	67	0x2716		この帝都を……\nこの世界を……\n絶対に守るわ！	이　제도를……\n이　세계를……\n반드시　지킬　거야！
S1S:m18mes:68	m18mes.bin	68	0x2717		行くぞ、みんな！	가자，　모두！
S1S:m18mes:69	m18mes.bin	69	0x2718	dup=S1A:0806tbl:71;gaiji=81B8	了解‼	알겠습니다‼
S1S:m18mes:70	m18mes.bin	70	0x2719		よし、突入だ。\nこの先は何があるかわからない。\n今のうちに回復しておくんだ！	좋아，　돌입이다．　이　앞에　뭐가\n있는지　알　수　없어．　지금\n회복해　둬！
S1S:m18mes:71	m18mes.bin	71	0x271A		撤退した隊員も\nすぐに修理を行ってくれ！	후퇴한　대원도\n서둘러　수리해　줘！
S1S:m18mes:72	m18mes.bin	72	0x271D		少尉、強いエネルギーが\n集まっているのを感じますわ。	소위님，　강한　에너지가\n모여　있는　게　느껴져요．
S1S:m18mes:73	m18mes.bin	73	0x271F		この扉を開けるスイッチは……\nあれだな。	이　문을　여는　스위치는……\n저거군．
S1S:m18mes:74	m18mes.bin	74	0x2724	dup=S1A:0604tbl:186;gaiji=81AC	これは⁉	이건⁉
S1S:m18mes:75	m18mes.bin	75	0x273D	gaiji=81AC	『黄昏の三騎士』⁉	『황혼의　삼기사』⁉
S1S:m18mes:76	m18mes.bin	76	0x2742	gaiji=81AC	あなたたち……\n……死んだはずでは⁉	너희들……\n……죽은　줄　알았는데⁉
S1S:m18mes:77	m18mes.bin	77	0x2747		また会ったな……	또　만났군……
S1S:m18mes:78	m18mes.bin	78	0x274C		叉丹様に逆らう\n哀れな愚か者ども！	사탄　님에게　맞선\n가엾은　어리석은　놈들！
S1S:m18mes:79	m18mes.bin	79	0x2751	gaiji=81B8	我等の裁きを受けるがいい‼	우리의　심판을　받아라‼
S1S:m18mes:80	m18mes.bin	80	0x2756	gaiji=81AC	な、何や……こいつら⁉	뭐，　뭐야……　이　녀석들⁉
S1S:m18mes:81	m18mes.bin	81	0x275B	gaiji=81B8	気をつけて！\nこの前とは殺気が違うわ‼	조심해！\n지난번과는　살기가　달라‼
S1S:m18mes:82	m18mes.bin	82	0x2760		ふざけんじゃねぇよ！\nガキ相手じゃあるめーし！\n何が三騎士だ！	웃기지　마！\n어린애　상대도　아니고！\n무슨　삼기사야！
S1S:m18mes:83	m18mes.bin	83	0x2765		先にいってくれよ、隊長。\nあたいがこいつらを\nくいとめている間に！	먼저　가，　대장．\n내가　이　녀석들을\n붙잡고　있는　동안！
S1S:m18mes:84	m18mes.bin	84	0x276A	gaiji=81AC	な、何だって⁉\nダメだ！\n一人だけ置いて行けるか！	뭐，　뭐라고⁉\n안　돼！\n한　명만　두고　갈　수는　없어！
S1S:m18mes:85	m18mes.bin	85	0x276F	gaiji=81B8	オメエ何しにここに来たんだ‼	너　여기　왜　온　거야‼
S1S:m18mes:86	m18mes.bin	86	0x2774	gaiji=81AC	あやめさんを助けるんだろ！\n叉丹を倒すんだろ⁉\n世界を守るんだろ⁉	아야메　씨를　구하는　거잖아！\n사탄을　쓰러뜨리는　거잖아⁉\n세계를　지키는　거잖아⁉
S1S:m18mes:87	m18mes.bin	87	0x2779	gaiji=81B8	甘ったれたことぬかすな！\nこのタコォ‼	응석　부리지　마！\n이　문어　대가리‼
S1S:m18mes:88	m18mes.bin	88	0x277E	dup=S1A:0109tbl:81	カンナ……	칸나……
S1S:m18mes:89	m18mes.bin	89	0x2783		カンナの言う通りです。\n急ぎましょう、隊長！	칸나　말이　맞아요．\n서두르죠，　대장！
S1S:m18mes:90	m18mes.bin	90	0x2788	gaiji=81AC	マリア⁉	마리아⁉
S1S:m18mes:91	m18mes.bin	91	0x278D	gaiji=81B8	早く‼	어서‼
S1S:m18mes:92	m18mes.bin	92	0x2792		わかった……すぐに戻るから、\nそれまで持ちこたえてくれ、\nカンナ！	알겠어……　곧　돌아올　테니，\n그때까지　버텨　줘，\n칸나！
S1S:m18mes:93	m18mes.bin	93	0x2797	dup=S1A:0806tbl:71;gaiji=81B8	了解‼	알겠습니다‼
S1S:m18mes:94	m18mes.bin	94	0x279C		……不器用だなぁ、あたいって。\n最後のセリフがこれじゃ\n浪漫のカケラもありゃしない……	……서투르네，　난．\n마지막　대사가　이래서는\n낭만이라곤　조금도　없잖아……
S1S:m18mes:95	m18mes.bin	95	0x27A1		さあ、きやがれ！\nまとめて相手してやらあ！	자，　덤벼라！\n한꺼번에　상대해　주마！
S1S:m18mes:96	m18mes.bin	96	0x27A6		ケッ！\nたった一人で残るたあ、\n全く泣かせるバカだぜ。	쳇！\n혼자　남다니，\n참　딱한　바보네．
S1S:m18mes:97	m18mes.bin	97	0x27AB	gaiji=81B8	桐島流空手じゃなあ、\n相手に背を向けるのは\nご法度なんだよ‼	키리시마류　가라테에서는\n상대에게　등을　보이는　건\n금기야‼
S1S:m18mes:98	m18mes.bin	98	0x27B0		俺がいたぶってやるぜ。	내가　실컷　괴롭혀　주마．
S1S:m18mes:99	m18mes.bin	99	0x27B5		ここから先には、行かせないぜ！	여기서부터는　못　지나가！
S1S:m18mes:100	m18mes.bin	100	0x27BA		弱い……\n相手になんねぇぞ！	약해……\n상대도　안　되는군！
S1S:m18mes:101	m18mes.bin	101	0x27BF		今、息の根を止めてやるぜ。	지금　숨통을　끊어　주마．
S1S:m18mes:102	m18mes.bin	102	0x27C4		う……ああ……	으……　아아……
S1S:m18mes:103	m18mes.bin	103	0x4E16	dup=S1S:m01mes:81	みんな、俺が守らなくても\nだいじょうぶだな。	모두，　내가　지키지　않아도\n괜찮겠군．
S1S:m18mes:104	m18mes.bin	104	0x4E17	dup=S1S:m01mes:82	さくらくん……\n俺は必ず、きみを守る！	사쿠라　군……\n나는　반드시，　그대를　지키겠어！
S1S:m18mes:105	m18mes.bin	105	0x4E18	dup=S1S:m01mes:83	すみれくん……\n俺がいつでも守ってやるよ。	스미레　군……\n내가　언제든　지켜　주지．
S1S:m18mes:106	m18mes.bin	106	0x4E19	dup=S1S:m01mes:84	マリア……\nきみの背中を守らせてくれ。	마리아……\n네　뒤를　지키게　해　줘．
S1S:m18mes:107	m18mes.bin	107	0x4E1A	dup=S1S:m01mes:85	いつでも、アイリスのことを\n守ってあげるよ。	언제든　아이리스를\n지켜　줄게．
S1S:m18mes:108	m18mes.bin	108	0x4E1B	dup=S1S:m01mes:86	紅蘭は俺が守る！\nだから、心配するな！	코란은　내가　지킨다！\n그러니　걱정　마！
S1S:m18mes:109	m18mes.bin	109	0x4E1C	dup=S1S:m01mes:87	カンナ！\n防御なら俺にまかせろ！	칸나！\n방어라면　나한테　맡겨！
S1S:m18mes:110	m18mes.bin	110	0x4E20		スイッチがあるわ！	스위치가　있어！
S1S:m18mes:111	m18mes.bin	111	0x4E25	gaiji=81B8	気をつけろ！\nこの前とは殺気が違うぜ‼	조심해！\n지난번과는　살기가　달라‼
S1S:m18mes:112	m18mes.bin	112	0x4E2A		ふざけないで！\n子供相手じゃあるまいし！\n何が三騎士よ！	웃기지　마！\n어린애　상대도　아니고！\n무슨　삼기사야！
S1S:m18mes:113	m18mes.bin	113	0x4E2F		先にいってください、大神さん。\nあたしが敵を引き止めます！	먼저　가세요，　오오가미　씨．\n제가　적을　붙잡아　둘게요！
S1S:m18mes:114	m18mes.bin	114	0x4E34		大神さん！　あたしたちの目的は\n霊子砲を壊すことですよ！\nもう時間がありません！　早く！	오오가미　씨！　우리의　목적은\n영자포를　부수는　거예요！\n이제　시간이　없어요！　서둘러요！
S1S:m18mes:115	m18mes.bin	115	0x4E39	dup=S1A:0101tbl:134	さくらくん……	사쿠라　군……
S1S:m18mes:116	m18mes.bin	116	0x4E3E		さくらの言う通りです。\n急ぎましょう、隊長！	사쿠라　말이　맞아요．\n서두르죠，　대장！
S1S:m18mes:117	m18mes.bin	117	0x4E43		わかった……すぐに戻るから、\nそれまで持ちこたえてくれ！\nさくらくん！	알겠어……　곧　돌아올　테니，\n그때까지　버텨　줘！\n사쿠라　군！
S1S:m18mes:118	m18mes.bin	118	0x4E48	dup=S1A:0806tbl:71;gaiji=81B8	了解‼	알겠습니다‼
S1S:m18mes:119	m18mes.bin	119	0x4E4D		……ドジね、あたしって。\n大神さんとの最後の会話が\nこんなだなんて……	……덜렁이네，　나．\n오오가미　씨와　마지막　대화가\n이렇다니……
S1S:m18mes:120	m18mes.bin	120	0x4E52		さあ、来なさい！\nあたしが、まとめて\n相手するわよ！	자，　덤벼！\n내가　한꺼번에\n상대해　주겠어！
S1S:m18mes:121	m18mes.bin	121	0x4E57		真宮寺家の戦い方に\n退却の文字はないわ！	신구지　가문의　싸움에는\n후퇴라는　글자는　없어！
S1S:m18mes:122	m18mes.bin	122	0x4E5C		ここから先には、\n誰も行かせないわ！	여기서부터는\n아무도　지나가게　하지　않겠어！
S1S:m18mes:123	m18mes.bin	123	0x4E61		あ……ああ……	아……　아아……
S1S:m18mes:124	m18mes.bin	124	0x7530	gaiji=81B8	頼んだぞ大神……\n帝都を救えるのは\nお前たちだけなんだ‼	부탁한다　오오가미……\n제도를　구할　수　있는　건\n너희뿐이다‼
S1S:m18mes:125	m18mes.bin	125	0x07E3	dup=S1S:m01mes:111	あたしが、頑張んなきゃ！	내가　힘내야　해！
S1S:m18mes:126	m18mes.bin	126	0x07E4	dup=S1S:m01mes:112	行きます！	갑니다！
S1S:m18mes:127	m18mes.bin	127	0x07E5	dup=S1S:m01mes:113;gaiji=81B8	まかせてください‼	맡겨　주세요‼
S1S:m18mes:128	m18mes.bin	128	0x07E6	dup=S1S:m01mes:114	見ていてくださいね、\n大神さん。	지켜봐　주세요，\n오오가미　씨．
S1S:m18mes:129	m18mes.bin	129	0x07E7	dup=S1S:m01mes:115	まだ、まだ大丈夫……	아직，　아직　괜찮아……
S1S:m18mes:130	m18mes.bin	130	0x07E8	dup=S1A:0801tbl:1020	ありがとうございます！	감사합니다！
S1S:m18mes:131	m18mes.bin	131	0x07E9	dup=S1S:m01mes:117	がんばって！　大神さん！	힘내요！　오오가미　씨！
S1S:m18mes:132	m18mes.bin	132	0x07EA	dup=S1S:m01mes:118	大神さんが頼りです！	오오가미　씨만　믿을게요！
S1S:m18mes:133	m18mes.bin	133	0x07EB	dup=S1S:m01mes:119	きゃぁぁぁ……	꺄아아아……
S1S:m18mes:134	m18mes.bin	134	0x07EC	dup=S1S:m01mes:120	つっ、\n次は負けないわ！	다，\n다음엔　지지　않을　거야！
S1S:m18mes:135	m18mes.bin	135	0x07ED	dup=S1S:m01mes:121	大神さん……\n本当にごめんなさい……	오오가미　씨……\n정말　미안해요……
S1S:m18mes:136	m18mes.bin	136	0x07F9	dup=S1S:m01mes:122	わたくしの出番ですわね。	제　차례군요．
S1S:m18mes:137	m18mes.bin	137	0x07FA	dup=S1S:m01mes:123	オホホホホホ……	오호호호호호……
S1S:m18mes:138	m18mes.bin	138	0x07FB	dup=S1S:m01mes:124;gaiji=81B8	いきますわよ‼	갑니다‼
S1S:m18mes:139	m18mes.bin	139	0x07FC	dup=S1S:m01mes:125	今日のわたくしは\nあなたのために！	오늘의　저는\n당신을　위해！
S1S:m18mes:140	m18mes.bin	140	0x07FD	dup=S1S:m01mes:126	この程度では負けませんわ……	이　정도로는　지지　않아요……
S1S:m18mes:141	m18mes.bin	141	0x07FE	dup=S1S:m01mes:127	少尉……\nやはりわたくしのことを……	소위님……\n역시　저를……
S1S:m18mes:142	m18mes.bin	142	0x07FF	dup=S1S:m01mes:128	さっ、少尉の出番ですわよ！	자，　소위님　차례예요！
S1S:m18mes:143	m18mes.bin	143	0x0800	dup=S1S:m01mes:129	わたくしが見ていますわよ！	제가　보고　있어요！
S1S:m18mes:144	m18mes.bin	144	0x0801	dup=S1S:m01mes:130;gaiji=81B8	うわぁぁぁ……‼	우와아아아……‼
S1S:m18mes:145	m18mes.bin	145	0x0802	dup=S1S:m01mes:131	今日の所は\n負けておいてあげますわ！	오늘은\n져　드리도록　하죠！
S1S:m18mes:146	m18mes.bin	146	0x0803	dup=S1S:m01mes:132;gaiji=81B8	隊長には\nわたくしが必要ですのに‼	대장님께는\n제가　필요한데요‼
S1S:m18mes:147	m18mes.bin	147	0x080F	dup=S1S:m01mes:133	敵は私が倒すしかない！	적은　내가　쓰러뜨릴　수밖에！
S1S:m18mes:148	m18mes.bin	148	0x0810	dup=S1S:m01mes:134;gaiji=81AC	次の目標はどこ⁉	다음　목표는　어디⁉
S1S:m18mes:149	m18mes.bin	149	0x0811	dup=S1S:m01mes:135	死にたいなら、\n前にでなさい……	죽고　싶다면，\n앞으로　나와……
S1S:m18mes:150	m18mes.bin	150	0x0812	dup=S1S:m01mes:136	作戦指示を\nお願いします！	작전　지시를\n부탁합니다！
S1S:m18mes:151	m18mes.bin	151	0x0813	dup=S1S:m01mes:137;gaiji=81B8	まだよ‼　まだまだ‼	아직이야‼　아직　멀었어‼
S1S:m18mes:152	m18mes.bin	152	0x0814	dup=S1S:m05mes:27	わ、わたしなんかの為に……	저，　저　같은　사람을　위해……
S1S:m18mes:153	m18mes.bin	153	0x0815	dup=S1S:m01mes:139	頑張ってください……隊長！	힘내세요……　대장님！
S1S:m18mes:154	m18mes.bin	154	0x0816	dup=S1S:m01mes:140	隊長、生きて帰りましょう！	대장님，　살아서　돌아가요！
S1S:m18mes:155	m18mes.bin	155	0x0817	dup=S1S:m01mes:141	ああぁぁぁ……	아아아아……
S1S:m18mes:156	m18mes.bin	156	0x0818	dup=S1S:m01mes:142;gaiji=81B8	つ、強いわ‼\n撤退‼	강해‼\n후퇴‼
S1S:m18mes:157	m18mes.bin	157	0x0819	dup=S1S:m01mes:143	すみません隊長。\n撤退します！	미안해요，　대장님．\n후퇴하겠습니다！
S1S:m18mes:158	m18mes.bin	158	0x0827	dup=S1S:m01mes:144	アイリスだって、\nがんばるモン！	아이리스도\n힘낼　거야！
S1S:m18mes:159	m18mes.bin	159	0x0828	dup=S1S:m01mes:145	アイリス、いきまーす！	아이리스，　갑니다아！
S1S:m18mes:160	m18mes.bin	160	0x0829	dup=S1S:m01mes:146	アイリス、強いんだよぉ！	아이리스，　강하다구！
S1S:m18mes:161	m18mes.bin	161	0x082A	dup=S1S:m01mes:147;gaiji=81B8	アイリス、\nお兄ちゃんのために、頑張る‼	아이리스，\n오빠를　위해　힘낼게‼
S1S:m18mes:162	m18mes.bin	162	0x082B	dup=S1S:m01mes:148	なんか、\nバチバチいってるよ……	뭔가，\n파직파직　소리가　나……
S1S:m18mes:163	m18mes.bin	163	0x082C	dup=S1S:m01mes:149	お兄ちゃん、だーいすき！	오빠，　정말　좋아해！
S1S:m18mes:164	m18mes.bin	164	0x082D	dup=S1S:m01mes:150	お兄ちゃん！　ファイトッ！	오빠！　힘내！
S1S:m18mes:165	m18mes.bin	165	0x082E	dup=S1S:m01mes:151	アイリスが見てるからね！	아이리스가　보고　있으니까！
S1S:m18mes:166	m18mes.bin	166	0x082F	dup=S1S:m01mes:152	きゃあぁぁぁ……	꺄아아아……
S1S:m18mes:167	m18mes.bin	167	0x0830	dup=S1S:m01mes:153	お星様の……\nバカ……	별님……\n바보……
S1S:m18mes:168	m18mes.bin	168	0x0831	dup=S1S:m01mes:154	お兄ちゃん、ゴメンね……	오빠，　미안해……
S1S:m18mes:169	m18mes.bin	169	0x083D	dup=S1S:m01mes:155	ウチも\n頑張らせてもらうで～	나도\n힘낼게데이～
S1S:m18mes:170	m18mes.bin	170	0x083E	dup=S1S:m01mes:156	科学をなめたら、\nあかんでぇ～	과학을　얕보면，\n안　된데이～
S1S:m18mes:171	m18mes.bin	171	0x083F	dup=S1S:m01mes:157;gaiji=81B8	ほんなら、いくでー‼	그럼，　간다‼
S1S:m18mes:172	m18mes.bin	172	0x0840	dup=S1S:m01mes:158	ウチを見ててやー！	나를　봐　줘～！
S1S:m18mes:173	m18mes.bin	173	0x0841	dup=S1S:m01mes:159	ダメージ喰らいすぎや！	너무　많이　맞았데이！
S1S:m18mes:174	m18mes.bin	174	0x0842	dup=S1S:m01mes:160	ウチ感動や～！	나　감동했데이～！
S1S:m18mes:175	m18mes.bin	175	0x0843	dup=S1S:m01mes:161	ウチが応援してるでぇ～！	내가　응원하고　있데이～！
S1S:m18mes:176	m18mes.bin	176	0x0844	dup=S1S:m01mes:162	がんばってや！　大神はん！	힘내래이！　오오가미　씨！
S1S:m18mes:177	m18mes.bin	177	0x0845	dup=S1S:m01mes:163	うわあぁぁぁぁ……	으아아아아……
S1S:m18mes:178	m18mes.bin	178	0x0846	dup=S1S:m01mes:164	あちゃー……\nいかれた……	아차……\n망가졌어……
S1S:m18mes:179	m18mes.bin	179	0x0847	dup=S1S:m01mes:165	隊長はん、\n迷惑かけてすんまへん……	대장님，\n폐를　끼쳐서　미안하데이……
S1S:m18mes:180	m18mes.bin	180	0x0854	dup=S1S:m01mes:166;gaiji=81B8	よっしゃ！\nやってやるか‼	좋아！\n해　볼까‼
S1S:m18mes:181	m18mes.bin	181	0x0855	dup=S1S:m01mes:167	気合いを入れるぜ！\nチェストォォ！	기합을　넣자！\n체스토오오！
S1S:m18mes:182	m18mes.bin	182	0x0856	dup=S1S:m01mes:168	桐島流の奥義、見せてやるぜ！	키리시마류의　비기，　보여　주마！
S1S:m18mes:183	m18mes.bin	183	0x0857	dup=S1S:m01mes:169;gaiji=81B8	さぁ‼\n行こうぜ、隊長‼	자아‼\n가자，　대장‼
S1S:m18mes:184	m18mes.bin	184	0x0858	dup=S1S:m01mes:170;gaiji=81B8	だいじょうぶ！\nまだ平気だぜ‼	괜찮아！\n아직　문제없어‼
S1S:m18mes:185	m18mes.bin	185	0x0859	dup=S1S:m01mes:171	さんきゅ！　助かったぜ！	고마워！　살았다！
S1S:m18mes:186	m18mes.bin	186	0x085A	dup=S1S:m01mes:172	いこうぜ！　隊長！	가자！　대장！
S1S:m18mes:187	m18mes.bin	187	0x085B	dup=S1S:m01mes:173	隊長の力を見せてやれ！	대장의　힘을　보여　줘！
S1S:m18mes:188	m18mes.bin	188	0x085C	dup=S1S:m01mes:174	うあああぁぁぁぁ……	으아아아아……
S1S:m18mes:189	m18mes.bin	189	0x085D	dup=S1S:m01mes:175	くっ、\nまだまだ修行がたりない……	큭，\n아직　수련이　부족해……
S1S:m18mes:190	m18mes.bin	190	0x085E	dup=S1S:m01mes:176	隊長のために、\n戦わなくちゃ……	대장을　위해\n싸워야　해……
S1S:m18mes:191	m18mes.bin	191	0x096E	dup=S1A:0804tbl:180	よっしゃあ！	좋았어！
S1S:m18mes:192	m18mes.bin	192	0x0D0A	dup=S1S:m01mes:178	やったわ！	해냈어！
S1S:m18mes:193	m18mes.bin	193	0x0D0B	dup=S1S:m01mes:179	やりましたわ！	해냈어요！
S1S:m18mes:194	m18mes.bin	194	0x0D0C	dup=S1S:m01mes:180	ふっ！	후！
S1S:m18mes:195	m18mes.bin	195	0x0D0D	dup=S1S:m01mes:181	やったでー！	해냈데이！
S1S:m18mes:196	m18mes.bin	196	0x0D0E	dup=S1S:m01mes:182;gaiji=81B8	わーい　わーい‼	와아　와아‼
S1S:m18mes:197	m18mes.bin	197	0x03EC	dup=S1S:m18mes:0	猪！	이노시시！
S1S:m19mes:0	m19mes.bin	0	0x0576		本当に……強くなったわね。\n私の見込んだとおりの人だわ。\n……君は。	정말……　강해졌구나．　내가\n눈여겨본　그대로인　사람이야．\n……너는．
S1S:m19mes:1	m19mes.bin	1	0x0577		……フフフ、だけどねぇ……	……후후후，　하지만　말이야……
S1S:m19mes:2	m19mes.bin	2	0x0578	gaiji=81AC	どうしたの？\n君の決意は……君の力は\nこの程度⁉	왜　그래？\n네　결의는……　네　힘은\n이　정도⁉
S1S:m19mes:3	m19mes.bin	3	0x0579		そんなに！\n私を傷つけるのが怖い？	그렇게나！\n나를　해치는　게　무서워？
S1S:m19mes:4	m19mes.bin	4	0x057A		本当……可愛いコねぇ……\nすぐに、楽にしてあげるわ……	정말……　귀여운　아이네……\n금방　편하게　해　줄게……
S1S:m19mes:5	m19mes.bin	5	0x057B		今宵、霊子砲は放たれ……\n世界は闇に還る……見なさい！	오늘　밤　영자포가　발사되고……\n세계는　어둠으로　돌아간다．
S1S:m19mes:6	m19mes.bin	6	0xC377		あやめさん！　お願いです！\nあたしたちと一緒にいた\nあのあやめさんに戻って下さい！	아야메　씨！　부탁이에요！\n우리와　함께　있던\n그　아야메　씨로　돌아와　주세요！
S1S:m19mes:7	m19mes.bin	7	0x057D		血の涙は、我が美酒……\nその慟哭は、快き旋律……そして\n絶望は我らが時を告げる鐘。	피눈물은　나의　미주……　그\n통곡은　감미로운　선율……　그리고\n절망은　우리의　때를　알리는　종．
S1S:m19mes:8	m19mes.bin	8	0x057E		幾億の……命の絶望と恐怖に\n……私は叉丹様と共に……\n酔いしれるのよ。	수억의　생명이　품은　절망과\n공포에　……나는　사탄　님과\n함께……　도취하리라．
S1S:m19mes:9	m19mes.bin	9	0xC3AB	dup=S1A:0201tbl:76	お兄ちゃん！	오빠！
S1S:m19mes:10	m19mes.bin	10	0xC3AC	dup=S1A:0601tbl:1055;gaiji=81B8	はいっ‼	네‼
S1S:m19mes:11	m19mes.bin	11	0x0CC1	dup=S1A:0101tbl:99	大神さん……	오오가미　씨……
S1S:m19mes:12	m19mes.bin	12	0x0CC2	dup=S1A:0306tbl:300	……少尉……	…소위…
S1S:m19mes:13	m19mes.bin	13	0x0CC3	dup=S1A:0900tbl:900	大神はん……	오오가미　씨……
S1S:m19mes:14	m19mes.bin	14	0x0CC4	dup=S1A:0301tbl:952	隊長……	대장…
S1S:m19mes:15	m19mes.bin	15	0x0CC5		隊長……！	대장……！
S1S:m19mes:16	m19mes.bin	16	0x0CC6	dup=S1A:0700tbl:381	お兄ちゃん……	오빠……
S1S:m19mes:17	m19mes.bin	17	0x0CC8		大神……さん……\n勝って……きっと……\n勝って……ね……	오오가미……　씨……\n이겨……　꼭……\n이겨……　줘……
S1S:m19mes:18	m19mes.bin	18	0x0CC9		……大神……さん……\n負けたら……\n許しません……ことよ……	……오오가미……　씨……\n지면……\n용서하지……　않겠어요……
S1S:m19mes:19	m19mes.bin	19	0x0CCA		隊……長……\n勝って……きっと……\n勝って……ください……	대……　장……\n이겨……　꼭……\n이겨……　주세요……
S1S:m19mes:20	m19mes.bin	20	0x0CCB		こんなこともあろうかと……\n大神はんを助ける装置を\n……作っといたんや……	이럴　때를　대비해서……\n오오가미　씨를　도울　장치를\n……만들어　뒀데이……
S1S:m19mes:21	m19mes.bin	21	0x0CCC		お兄ちゃん……\n負けちゃ……やだよ……	오빠……\n지면……　싫어……
S1S:m19mes:22	m19mes.bin	22	0x0CCD		隊……長……\n勝て……よ……きっと……\n勝って……くれよな……	대……　장……\n이겨……　꼭……\n이겨……　줘……
S1S:m19mes:23	m19mes.bin	23	0x0CCE		……馬鹿な！\nこの私が……\n貴様らごときに……！	……말도　안　돼！\n내가……\n네놈들　따위에게……！
S1S:m19mes:24	m19mes.bin	24	0x0CCF	gaiji=81B8	認めん！\n認めんぞ‼	인정　못　해！\n인정　못　한다‼
S1S:m19mes:25	m19mes.bin	25	0x0CD1	gaiji=81B8	フフフ……\nこの城のエネルギー全てを\n解き放つ‼	후후후……\n이　성의　에너지를　전부\n해방하겠다‼
S1S:m19mes:26	m19mes.bin	26	0x0CD2	gaiji=81B8	世界に……恐怖の雨を\n降らせてくれるわ‼	세계에……　공포의　비를\n내리게　해　주마‼
S1S:m19mes:27	m19mes.bin	27	0x0CD3	gaiji=81B8	さらばだ！　帝国華撃団‼\nやはり……\n貴様らの……負けだ‼	잘　가라！　제국화격단‼\n역시……\n네놈들의……　패배다‼
S1S:m19mes:28	m19mes.bin	28	0x0CD5	gaiji=81B8	貴様ら人間の……\n罪をつぐなえぇぇい‼	너희　인간들은……\n죗값을　치러라아아‼
S1S:m19mes:29	m19mes.bin	29	0x0CDC		行きましょう、隊長。	가죠，　대장．
S1S:m19mes:30	m19mes.bin	30	0x0CDD		なんだよ！\nそのボケーッとした\nツラァよ！	뭐야！\n그　멍한　얼굴은！
S1S:m19mes:31	m19mes.bin	31	0x0CDE		ホーッホホホ……！\n今世紀最大のヒロイン神崎すみれ\n華麗に復活ですわ！	호호호호……！　금세기　최고의\n히로인　칸자키　스미레　화려하게\n부활했어요！
S1S:m19mes:32	m19mes.bin	32	0x0CDF		ウチも行くで！	나도　간데이！
S1S:m19mes:33	m19mes.bin	33	0x0CE0	gaiji=81B8	お兄ちゃん！\nアイリスも行くよ‼	오빠！\n아이리스도　갈　거야‼
S1S:m19mes:34	m19mes.bin	34	0x0CE4	gaiji=81B8	行きましょう！　最後の戦いへ‼	가요！　마지막　싸움을　향해‼
S1S:m19mes:35	m19mes.bin	35	0x0CE6		わたしも行きます！	저도　갑니다！
S1S:m19mes:36	m19mes.bin	36	0x0CE7	gaiji=81B8	参りましょう！　最後の戦いへ‼	가시죠！　마지막　싸움을　향해‼
S1S:m19mes:37	m19mes.bin	37	0x0CE8	dup=S1S:m19mes:34;gaiji=81B8	行きましょう！　最後の戦いへ‼	가요！　마지막　싸움을　향해‼
S1S:m19mes:38	m19mes.bin	38	0x0CE9		行くでぇ！　最後の戦いや！	간데이！　마지막　싸움이다！
S1S:m19mes:39	m19mes.bin	39	0x0CEA		行こうぜ！　最後の戦いだ！	가자！　마지막　싸움이다！
S1S:m19mes:40	m19mes.bin	40	0x0CEB		お兄ちゃん。　行こ！	오빠．　가자！
S1S:m19mes:41	m19mes.bin	41	0x0CED	dup=S1A:0806tbl:71;gaiji=81B8	了解‼	알겠습니다‼
S1S:m19mes:42	m19mes.bin	42	0x0CEF	gaiji=81B8	見よ！\nこれこそ我が神機……\n神の脅威……神威‼	보아라！\n이것이　바로　나의　신기……\n신의　위협……　카무이‼
S1S:m19mes:43	m19mes.bin	43	0x0CF0	gaiji=81B8	貴様ら虫けらを粉々に\nふみつぶしてくれるわ‼	네놈들　벌레　같은　것들을\n산산조각　내　짓밟아　주마‼
S1S:m19mes:44	m19mes.bin	44	0x0CF1	gaiji=81B8	行きましょう！\n帝都に我らのいるかぎり‼	가요！\n제도에　우리가　있는　한‼
S1S:m19mes:45	m19mes.bin	45	0x0CF2	gaiji=81B8	悪の栄えることは無しっ‼	악이　번성하는　일은　없다‼
S1S:m19mes:46	m19mes.bin	46	0x0CF3	gaiji=81B8	乾坤一擲、力の限りっ‼	건곤일척，　힘이　다할　때까지‼
S1S:m19mes:47	m19mes.bin	47	0x0CF4	gaiji=81B8	たとえ命が尽きるとも‼	설령　목숨이　다하더라도‼
S1S:m19mes:48	m19mes.bin	48	0x0CF5	gaiji=81B8	世界の明日は我らが守るぅ～‼	세계의　내일은　우리가　지킨다아‼
S1S:m19mes:49	m19mes.bin	49	0x0CF7	gaiji=81B8	帝・国・華・撃・団‼\nただいま参上ォ‼	제・국・화・격・단‼\n지금　막　등장‼
S1S:m19mes:50	m19mes.bin	50	0x0CF8	dup=S1S:m19mes:49;gaiji=81B8	帝・国・華・撃・団‼\nただいま参上ォ‼	제・국・화・격・단‼\n지금　막　등장‼
S1S:m19mes:51	m19mes.bin	51	0x0CF9	gaiji=81B8	帝・国・華・撃・団‼\nただいま参上‼	제・국・화・격・단‼\n지금　막　등장‼
S1S:m19mes:52	m19mes.bin	52	0x0CFA	dup=S1S:m19mes:49;gaiji=81B8	帝・国・華・撃・団‼\nただいま参上ォ‼	제・국・화・격・단‼\n지금　막　등장‼
S1S:m19mes:53	m19mes.bin	53	0x0CFB	gaiji=81B8	帝・国・華・撃・団‼\nただいま、参上‼	제・국・화・격・단‼\n지금　막，　등장‼
S1S:m19mes:54	m19mes.bin	54	0x0CFC	dup=S1S:m19mes:49;gaiji=81B8	帝・国・華・撃・団‼\nただいま参上ォ‼	제・국・화・격・단‼\n지금　막　등장‼
S1S:m19mes:55	m19mes.bin	55	0x0CFD	gaiji=81B8	グブッ‼　……ア、アア……‼	그붓‼　……아，　아아……‼
S1S:m19mes:56	m19mes.bin	56	0x0D14		さよなら……大神くん。	안녕……　오오가미　군．
S1S:m19mes:57	m19mes.bin	57	0x0D15		やるわね……さあ！\nせめて、あなた自身の手で\nわたしに止めをお刺しなさい！	제법이군……　자！\n적어도　네　손으로\n내　숨통을　끊어라！
S1S:m19mes:58	m19mes.bin	58	0x271A		いくわよ！\n大神くん！	간다！\n오오가미　군！
S1S:m19mes:59	m19mes.bin	59	0x2724		あやめさん、元に戻ってくれ！\nあなたは叉丹にだまされている	아야메　씨，　돌아와　줘！\n당신은　사탄에게　속고　있어
S1S:m19mes:60	m19mes.bin	60	0x272E		あやめさん、\n元に戻ってくれ！	아야메　씨，\n돌아와　줘！
S1S:m19mes:61	m19mes.bin	61	0x2738		おまえらの知っているあやめは\nもう死んだのだ……\nあの赤い月と共に！	네가　아는　아야메는\n이미　죽었다……\n저　붉은　달과　함께！
S1S:m19mes:62	m19mes.bin	62	0x2742		おまえらの知っているあやめは\nもう死んだのだ……\nおまえの銃によって！	네가　아는　아야메는\n이미　죽었다……\n네　총에　의해！
S1S:m19mes:63	m19mes.bin	63	0x274C		あやめさん！\nあなたは叉丹に\nだまされているだけなんだ！	아야메　씨！\n당신은　사탄에게\n속고　있을　뿐이야！
S1S:m19mes:64	m19mes.bin	64	0x2756		フフフ……\nだまされていたのはあなたたち。\n最初から私は降魔・殺女よ……	후후후……　속은　건　너희야．\n처음부터　나는\n강마・사츠메였어……
S1S:m19mes:65	m19mes.bin	65	0x2760		藤枝あやめなど、\nはじめから存在していないわ……	후지에다　아야메　따위는，\n처음부터　존재하지　않았어……
S1S:m19mes:66	m19mes.bin	66	0x276A	dup=S1A:0101tbl:783	…………	…………
S1S:m19mes:67	m19mes.bin	67	0x2774		フフフ……\n口もきけないのかしら？	후후후……\n말도　못　하는　건가？
S1S:m19mes:68	m19mes.bin	68	0x277E		ぐあっ！	으악！
S1S:m19mes:69	m19mes.bin	69	0x2788	gaiji=81B8	大神さん‼	오오가미　씨‼
S1S:m19mes:70	m19mes.bin	70	0x2792	gaiji=81B8	少尉っ‼	소위님‼
S1S:m19mes:71	m19mes.bin	71	0x279C	dup=S1S:m08mes:11;gaiji=81B8	隊長‼	대장‼
S1S:m19mes:72	m19mes.bin	72	0x27A6	dup=S1S:m08mes:11;gaiji=81B8	隊長‼	대장‼
S1S:m19mes:73	m19mes.bin	73	0x27B0	gaiji=81B8	大神はん‼	오오가미　씨‼
S1S:m19mes:74	m19mes.bin	74	0x27BA	dup=S1S:m08mes:10;gaiji=81B8	お兄ちゃん‼	오빠‼
S1S:m19mes:75	m19mes.bin	75	0x27C4	gaiji=81B8	来るな‼\n頼む……手をださないでくれ。	오지　마‼\n부탁이야……　손대지　마．
S1S:m19mes:76	m19mes.bin	76	0x27CE	dup=S1A:0900tbl:767	フフフ……	후후후……
S1S:m19mes:77	m19mes.bin	77	0x27D8		俺はあなたと戦いたくない……\n違う、本当のあやめさんは……	나는　당신과　싸우고　싶지　않아…\n아니，　진짜　아야메　씨는……
S1S:m19mes:78	m19mes.bin	78	0x27E2	gaiji=81B8	俺はあなたと戦いたくない……\n俺の目的は叉丹を倒すことだ。\n退いてくれ、あやめさん‼	난　당신과　싸우기　싫어……\n내　목적은　사탄이야．\n물러나　줘，　아야메　씨‼
S1S:m19mes:79	m19mes.bin	79	0x27EC		叉丹様のジャマはさせないと\n言ったでしょ？　教えてあげる。\n私たちに逆らうことの愚かさを。	사탄　님을　방해하지　않겠다고\n했잖아？　가르쳐　주지．\n우리에게　맞서는　어리석음을．
S1S:m19mes:80	m19mes.bin	80	0x27F6		違う！　本当のあやめさんは\n俺たちが苦しみ悩んでいるとき\nいつも助けてくれた人だ……	아니야！　진짜　아야메　씨는\n우리가　괴로워하고　고민할　때\n언제나　도와준　사람이야……
S1S:m19mes:81	m19mes.bin	81	0x2800		俺はそんなあなたに\nあこがれていたんだ……	나는　그런　당신을\n동경하고　있었어……
S1S:m19mes:82	m19mes.bin	82	0x280A		人間とは本当に\nくだらない生き物ね。	인간이란　정말\n하찮은　생물이구나．
S1S:m19mes:83	m19mes.bin	83	0x2814		もう藤枝あやめは\nいないと言うのに\n過去の思い出にすがって……	후지에다　아야메는\n이제　없다고　하는데도\n과거의　추억에　매달려……
S1S:m19mes:84	m19mes.bin	84	0x281E		そんなに藤枝あやめが好きならば\nその思い出とともに、\n永遠に眠らせてあげるわ！	그렇게　후지에다　아야메가　좋다면\n그　추억과　함께\n영원히　잠들게　해　주마！
S1S:m19mes:85	m19mes.bin	85	0x2828	dup=S1A:0902tbl:658	……あやめさん……	……아야메　씨……
S1S:m19mes:86	m19mes.bin	86	0x2832		何を遠慮しているの？	뭘　사양하고　있지？
S1S:m19mes:87	m19mes.bin	87	0x283C	dup=S1S:m19mes:68	ぐあっ！	으악！
S1S:m19mes:88	m19mes.bin	88	0x2846		このままじゃ……\n大神さんが……	이대로라면……\n오오가미　씨가……
S1S:m19mes:89	m19mes.bin	89	0x2850		このままでは……\n少尉が……	이대로라면……\n소위님이……
S1S:m19mes:90	m19mes.bin	90	0x285A		このままでは……\n隊長……	이대로라면……\n대장……
S1S:m19mes:91	m19mes.bin	91	0x2864		このままでは……\n大神はん……	이대로라면……\n오오가미　씨……
S1S:m19mes:92	m19mes.bin	92	0x286E		このままじゃ……\n隊長……	이대로라면……\n대장……
S1S:m19mes:93	m19mes.bin	93	0x2878		このまんまじゃ……\nお兄ちゃん……	이대로라면……\n오빠……
S1S:m19mes:94	m19mes.bin	94	0x2882		あやめさん、やめてくれ！\n何故こんなことをするんだ！	아야메　씨，　그만해！\n왜　이런　짓을　하는　거야！
S1S:m19mes:95	m19mes.bin	95	0x288C		あやめさん、やめてくれ！	아야메　씨，　그만해！
S1S:m19mes:96	m19mes.bin	96	0x2896		どうしたの……今夜は、\n二人だけの舞踏会よ……\nここちよい血の宴……	왜　그래……　오늘　밤은\n둘만의　무도회야……\n기분　좋은　피의　연회……
S1S:m19mes:97	m19mes.bin	97	0x28A0	gaiji=81AC	何故だ……何故こんなことを\nするんだ……世界の破滅が\n本当にあなたの望みなのか⁉	왜야……　왜　이런　짓을\n하는　거야……　세계의　파멸이\n정말　네가　바라는　거야⁉
S1S:m19mes:98	m19mes.bin	98	0x28AA		フフフ……\nそうよ。あの人に出会って、\n私の世界は変わったの……	후후후……\n그래．　그　사람을　만나고\n내　세계는　변했어……
S1S:m19mes:99	m19mes.bin	99	0x28B4		嫉妬……恐怖……憎悪……\nこの世界に満ちた邪悪な意志が\n私に力を与えてくれる。	질투……　공포……　증오……　이\n세계에　가득　찬　사악한　의지가\n내게　힘을　줘．
S1S:m19mes:100	m19mes.bin	100	0x28BE	dup=S1A:0100tbl:142	……	……
S1S:m19mes:101	m19mes.bin	101	0x28C8		フフフ……観念したようね？	후후후……　체념한　모양이네？
S1S:m19mes:102	m19mes.bin	102	0x28D2	dup=S1S:m19mes:68	ぐあっ！	으악！
S1S:m19mes:103	m19mes.bin	103	0x28DC	gaiji=81AC	どうしたの？\nきみの決意は……きみの力は\nこの程度⁉	왜　그래？\n네　결의는……　네　힘은\n이　정도⁉
S1S:m19mes:104	m19mes.bin	104	0x28E6		そんなに！\n私を傷付けるのが怖い？	그렇게나！\n나를　해치는　게　무서워？
S1S:m19mes:105	m19mes.bin	105	0x28F0	dup=S1S:m19mes:4	本当……可愛いコねぇ……\nすぐに、楽にしてあげるわ……	정말……　귀여운　아이네……\n금방　편하게　해　줄게……
S1S:m19mes:106	m19mes.bin	106	0x28FA	dup=S1S:m19mes:5	今宵、霊子砲は放たれ……\n世界は闇に還る……見なさい！	오늘　밤　영자포가　발사되고……\n세계는　어둠으로　돌아간다．
S1S:m19mes:107	m19mes.bin	107	0x2904		お願いです！　あやめさん！\nあたしたちと一緒にいた\nあのあやめさんに戻って下さい！	부탁이에요！　아야메　씨！\n우리와　함께　있던\n그　아야메　씨로　돌아와　주세요！
S1S:m19mes:108	m19mes.bin	108	0x290E		あやめさん！　お願いですわ！\nわたくしたちと一緒にいた\nあのあやめさんに戻って下さい！	아야메　씨！　부탁이에요！\n우리와　함께　있던\n그　아야메　씨로　돌아와　주세요！
S1S:m19mes:109	m19mes.bin	109	0x2918		あやめさん！　お願いです！\n私たちと一緒にいた\nあのあやめさんに戻って下さい！	아야메　씨！　부탁이에요！\n우리와　함께　있던\n그　아야메　씨로　돌아와　주세요！
S1S:m19mes:110	m19mes.bin	110	0x2922		あやめはん！　お願いや！\nウチらと一緒におった\nあのあやめはんに戻ってえな！	아야메　씨！　부탁이데이！\n우리와　함께　있던\n그　아야메　씨로　돌아와　주라！
S1S:m19mes:111	m19mes.bin	111	0x292C		お願いだ！　あやめさん！\nあたいたちと一緒にいた\nあのあやめさんに戻ってくれよ！	부탁이야！　아야메　씨！\n우리와　함께　있던\n그　아야메　씨로　돌아와　줘！
S1S:m19mes:112	m19mes.bin	112	0x2936		あやめおねえちゃん！\nお願いだよ！\nはやく、もとに戻ってよ！	아야메　언니！\n부탁이야！\n빨리　원래대로　돌아와！
S1S:m19mes:113	m19mes.bin	113	0x2940	dup=S1S:m19mes:7	血の涙は、我が美酒……\nその慟哭は、快き旋律……そして\n絶望は我らが時を告げる鐘。	피눈물은　나의　미주……　그\n통곡은　감미로운　선율……　그리고\n절망은　우리의　때를　알리는　종．
S1S:m19mes:114	m19mes.bin	114	0x294A	dup=S1S:m19mes:8	幾億の……命の絶望と恐怖に\n……私は叉丹様と共に……\n酔いしれるのよ。	수억의　생명이　품은　절망과\n공포에　……나는　사탄　님과\n함께……　도취하리라．
S1S:m19mes:115	m19mes.bin	115	0x2954	dup=S1A:0301tbl:901	くっ……！	큭…！
S1S:m19mes:116	m19mes.bin	116	0x295E	dup=S1S:m19mes:56	さよなら……大神くん。	안녕……　오오가미　군．
S1S:m19mes:117	m19mes.bin	117	0x2968		なんてことを……	어떻게　이런　일이……
S1S:m19mes:118	m19mes.bin	118	0x2972		……わかったよ\nさくらくん……	……알았어\n사쿠라　군……
S1S:m19mes:119	m19mes.bin	119	0x297C		……わかったよ\nすみれくん……	……알았어\n스미레　군……
S1S:m19mes:120	m19mes.bin	120	0x2986		……わかったよ\nマリア……	……알았어\n마리아……
S1S:m19mes:121	m19mes.bin	121	0x2990		……わかったよ\n紅蘭……	……알았어\n코란……
S1S:m19mes:122	m19mes.bin	122	0x299A		……わかったよ\nカンナ……	……알았어\n칸나……
S1S:m19mes:123	m19mes.bin	123	0x29A4		……わかったよ\nアイリス……	……알았어\n아이리스……
S1S:m19mes:124	m19mes.bin	124	0x29AE		人間とは……ときどきこんな\n奇妙なことをする……	인간은……　가끔　이런\n이상한　일을　하는군……
S1S:m19mes:125	m19mes.bin	125	0x29B8		かつての私なら、あるいは\n同じ事をしたかもしれない……	예전의　나라면，　어쩌면\n같은　일을　했을지도　모르겠어……
S1S:m19mes:126	m19mes.bin	126	0x29C2	gaiji=81AC	な……何だ……\nこの力は⁉	뭐……　뭐야……\n이　힘은⁉
S1S:m19mes:127	m19mes.bin	127	0x29CC		俺はね……\nあやめさん……	나는　말이야……\n아야메　씨……
S1S:m19mes:128	m19mes.bin	128	0x29D6		たとえ邪悪の化身となっても……\nおれはあなたにひかれていた……	설령　사악한　화신이　되더라도……\n나는　당신에게　끌리고　있었어……
S1S:m19mes:129	m19mes.bin	129	0x29E0		世界が滅んでも全てを失っても、\nあなたのいた日々に帰りたい……\n心のどこかでそう思っていた……	세상이　멸망해도　다　잃어도，\n당신과의　나날로　돌아가고\n싶다고　마음　한편으로……
S1S:m19mes:130	m19mes.bin	130	0x29EA		でも……みんなが……\nそして、あなたが\n教えてくれた！	하지만……　모두가……\n그리고　당신이\n가르쳐　줬어！
S1S:m19mes:131	m19mes.bin	131	0x29F4		負けてはならない時がある！\n全てを捨てても進まねば\nならない時がある！	져서는　안　될　때가　있어！\n모든　것을　버리고라도　나아가야\n할　때가　있어！
S1S:m19mes:132	m19mes.bin	132	0x29FE	gaiji=81B8	もう、俺は迷わない‼	이제，　나는　망설이지　않아‼
S1S:m19mes:133	m19mes.bin	133	0x2A08		見ていてくれ、さくらくん。	지켜봐　줘，　사쿠라　군．
S1S:m19mes:134	m19mes.bin	134	0x2A12		見ていてくれ、すみれくん。	지켜봐　줘，　스미레　군．
S1S:m19mes:135	m19mes.bin	135	0x2A1C		見ていてくれ、マリア。	지켜봐　줘，　마리아．
S1S:m19mes:136	m19mes.bin	136	0x2A26		見ていてくれ、紅蘭。	지켜봐　줘，　코란．
S1S:m19mes:137	m19mes.bin	137	0x2A30		見ていてくれ、カンナ。	지켜봐　줘，　칸나．
S1S:m19mes:138	m19mes.bin	138	0x2A3A		見ていてくれ、アイリス。	지켜봐　줘，　아이리스．
S1S:m19mes:139	m19mes.bin	139	0x2A44	dup=S1A:0100tbl:466	はい！	네！
S1S:m19mes:140	m19mes.bin	140	0x2A4E	dup=S1A:0201tbl:146	はい……	예……
S1S:m19mes:141	m19mes.bin	141	0x2A58	dup=S1A:0202tbl:618	はい。	네．
S1S:m19mes:142	m19mes.bin	142	0x2A62		はいな……	네……
S1S:m19mes:143	m19mes.bin	143	0x2A6C	dup=S1A:0501tbl:401	ああ。	아아．
S1S:m19mes:144	m19mes.bin	144	0x2A76	dup=S1A:0504tbl:720	うん……	응……
S1S:m19mes:145	m19mes.bin	145	0x2A94		フフフ……\nあなたを甘く見すぎたようね。\nもう遠慮しないわ……	후후후……\n당신을　너무　얕봤던　모양이네．\n이제　사양하지　않겠어……
S1S:m19mes:146	m19mes.bin	146	0x2EE0		やった……！	해냈다……！
S1S:m19mes:147	m19mes.bin	147	0x2EEA		やりましたわ……！	해냈어요……！
S1S:m19mes:148	m19mes.bin	148	0x2EF4	dup=S1S:m01mes:178	やったわ！	해냈어！
S1S:m19mes:149	m19mes.bin	149	0x2EFE		やったぞ……！	해냈다……！
S1S:m19mes:150	m19mes.bin	150	0x2F08		やったで……！	해냈다데이……！
S1S:m19mes:151	m19mes.bin	151	0x2F12	dup=S1S:m19mes:146	やった……！	해냈다……！
S1S:m19mes:152	m19mes.bin	152	0x2F26	dup=S1A:0502tbl:244	く……	큭…
S1S:m19mes:153	m19mes.bin	153	0x2F31	dup=S1A:0902tbl:544;gaiji=81AC	大神さん⁉	오오가미　씨⁉
S1S:m19mes:154	m19mes.bin	154	0x2F32	dup=S1A:0902tbl:542;gaiji=81AC	少尉⁉	소위님⁉
S1S:m19mes:155	m19mes.bin	155	0x2F33	dup=S1A:0902tbl:550;gaiji=81AC	隊長⁉	대장⁉
S1S:m19mes:156	m19mes.bin	156	0x2F34	dup=S1A:0902tbl:546;gaiji=81AC	大神はん⁉	오오가미　씨⁉
S1S:m19mes:157	m19mes.bin	157	0x2F35	dup=S1A:0902tbl:550;gaiji=81AC	隊長⁉	대장⁉
S1S:m19mes:158	m19mes.bin	158	0x2F36	dup=S1A:0902tbl:548;gaiji=81AC	お兄ちゃん⁉	오빠⁉
S1S:m19mes:159	m19mes.bin	159	0x2F3A		とどめを刺す	끝장을　낸다
S1S:m19mes:160	m19mes.bin	160	0x2F44	dup=S1A:0306tbl:423	あやめさん……	아야메　씨…
S1S:m19mes:161	m19mes.bin	161	0x2F4E	dup=S1A:0900tbl:767	フフフ……	후후후……
S1S:m19mes:162	m19mes.bin	162	0x2F58	gaiji=81B8	葵叉丹……！\nオレたちが正義の鉄槌を\nくだしてやる‼	아오이　사탄……！\n우리　제국화격단이\n정의의　철퇴를　내려　주마‼
S1S:m19mes:163	m19mes.bin	163	0x2F62	gaiji=81B8	フフフフフ……\nかつての仲間を討つような者が\n正義を名乗るとは片腹痛い‼	후후후후후……\n옛　동료를　쓰러뜨리는　자가\n정의를　자칭하다니　우습군‼
S1S:m19mes:164	m19mes.bin	164	0x2F6C	gaiji=81B8	貴様らまとめて地獄への引導を\n渡してくれる……\n地獄で殺女にわびるが良い‼	너희를　모조리　지옥으로　보내\n주마……　지옥에서　사츠메에게\n사죄하거라‼
S1S:m19mes:165	m19mes.bin	165	0x2F76	dup=S1A:0100tbl:142	……	……
S1S:m19mes:166	m19mes.bin	166	0x2F77	dup=S1A:0101tbl:99	大神さん……	오오가미　씨……
S1S:m19mes:167	m19mes.bin	167	0x2F78	dup=S1A:0101tbl:221	少尉……	소위……
S1S:m19mes:168	m19mes.bin	168	0x2F79	dup=S1A:0301tbl:952	隊長……	대장…
S1S:m19mes:169	m19mes.bin	169	0x2F7A	dup=S1A:0900tbl:900	大神はん……	오오가미　씨……
S1S:m19mes:170	m19mes.bin	170	0x2F7B	dup=S1A:0301tbl:952	隊長……	대장…
S1S:m19mes:171	m19mes.bin	171	0x2F5E	dup=S1A:0700tbl:381	お兄ちゃん……	오빠……
S1S:m19mes:172	m19mes.bin	172	0x2F80	gaiji=81AC	何故とどめを刺さないの⁉\nいまならこの私を倒せたはずよ？	왜　끝장을　내지　않는　거야⁉\n지금이라면　날　쓰러뜨렸을　텐데？
S1S:m19mes:173	m19mes.bin	173	0x2F8A		……わからない……でも……	……모르겠어……　하지만……
S1S:m19mes:174	m19mes.bin	174	0x2F94		俺はそれでもあなたを\n倒すことができないんだ……	나는　그래도　당신을\n쓰러뜨릴　수가　없어……
S1S:m19mes:175	m19mes.bin	175	0x2F9E		……おかしな……子……\nあなたの藤枝あやめは\nもういないというのに……	……이상한……　아이……\n당신의　후지에다　아야메는\n이제　없는데도……
S1S:m19mes:176	m19mes.bin	176	0x2FA8	gaiji=81B8	殺女！\n茶番はやめろ‼	사츠메！\n연극은　그만둬‼
S1S:m19mes:177	m19mes.bin	177	0x2FB2	gaiji=81AC	叉丹⁉	사탄⁉
S1S:m19mes:178	m19mes.bin	178	0x2FBC	gaiji=81AC	叉丹様⁉	사탄　님⁉
S1S:m19mes:179	m19mes.bin	179	0x2FC6	gaiji=81B8	失せろ‼　虫ケラ！	꺼져‼　벌레　자식！
S1S:m19mes:180	m19mes.bin	180	0x2FD0		うわぁぁーっ！	우와아아앗！
S1S:m19mes:181	m19mes.bin	181	0x2FDA	gaiji=81AC	あ、あやめさんっ⁉	아，　아야메　씨⁉
S1S:m19mes:182	m19mes.bin	182	0x2FE4	dup=S1A:0100tbl:142	……	……
S1S:m19mes:183	m19mes.bin	183	0x2FEE	dup=S1S:m17mes:92;gaiji=81B8	あやめさぁぁーん‼	아야메　씨이이‼
S1S:m19mes:184	m19mes.bin	184	0x2FF8		くだらん真似を……\nどこまでも愚かな女だ……	시시한　짓을……\n어디까지나　어리석은　여자군……
S1S:m19mes:185	m19mes.bin	185	0x3002	gaiji=81B8	許さん……\n葵叉丹……俺たち帝撃が\n正義の鉄槌をくだしてやる‼	용서하지　않겠다……　아오이\n사탄……　우리　제국화격단이\n정의의　철퇴를　내리겠다‼
S1S:m19mes:186	m19mes.bin	186	0x300C	gaiji=81B8	ハハハハ‼\n敵に助けられるようなヤツが\n何を言う‼	하하하하‼\n적에게　구원받는　놈이\n무슨　말을　하는　거냐‼
S1S:m19mes:187	m19mes.bin	187	0x3016		心配するな……貴様らまとめて\n殺女の待っている、地獄へ\n送ってくれるわ……	걱정　마라……　너희를　모조리\n사츠메가　기다리는　지옥으로\n보내　주마……
S1S:m19mes:188	m19mes.bin	188	0x3020	gaiji=81B8	あたしはもう大丈夫です。\n大神さん、いっしょに叉丹を\n倒しましょう‼	저는　이제　괜찮아요．\n오오가미　씨，　함께　사탄을\n쓰러뜨려요‼
S1S:m19mes:189	m19mes.bin	189	0x302A	gaiji=81B8	さくらくん‼\n……よし、行くぞ‼	사쿠라　군‼\n……좋아，　가자‼
S1S:m19mes:190	m19mes.bin	190	0x3034	gaiji=81B8	わたくしなら、もう大丈夫です。\n少尉、いっしょに叉丹を\n倒しましょう‼	저라면　이제　괜찮아요．\n소위님，　함께　사탄을\n쓰러뜨려요‼
S1S:m19mes:191	m19mes.bin	191	0x303E	gaiji=81B8	すみれくん‼\n……よし、行くぞ‼	스미레　군‼\n……좋아，　가자‼
S1S:m19mes:192	m19mes.bin	192	0x3048	gaiji=81B8	私なら、もう大丈夫です。\n隊長……叉丹を\n倒しましょう‼	저라면　이제　괜찮습니다．\n대장……　사탄을\n쓰러뜨리죠‼
S1S:m19mes:193	m19mes.bin	193	0x3052	gaiji=81B8	マリア‼\n……よし、行くぞ‼	마리아‼\n……좋아，　가자‼
S1S:m19mes:194	m19mes.bin	194	0x305C	gaiji=81B8	あたいならもう大丈夫だぜ。\n隊長、あの野郎を\nぶっ倒そうぜ‼	나라면　이제　괜찮아．\n대장，　저　자식을\n박살　내자‼
S1S:m19mes:195	m19mes.bin	195	0x3066	gaiji=81B8	カンナ‼\n……よし、行くぞ‼	칸나‼\n……좋아，　가자‼
S1S:m19mes:196	m19mes.bin	196	0x3070	gaiji=81B8	ウチはもう大丈夫や。\n大神はん、二人で叉丹を\n倒しましょう‼	나는　이제　괜찮데이．\n오오가미　씨，　둘이서　사탄을\n쓰러뜨리자‼
S1S:m19mes:197	m19mes.bin	197	0x307A	gaiji=81B8	紅蘭‼\n……よし、行くぞ‼	코란‼\n……좋아，　가자‼
S1S:m19mes:198	m19mes.bin	198	0x3084		お兄ちゃん！\nアイリスもう平気だよ。\nいっしょにアイツをやっつけよ！	오빠！\n아이리스는　이제　괜찮아．\n같이　저　녀석　해치우자！
S1S:m19mes:199	m19mes.bin	199	0x308E	gaiji=81B8	アイリス‼\n……よし、行くぞ‼	아이리스‼\n……좋아，　가자‼
S1S:m19mes:200	m19mes.bin	200	0x3098		間もなく世界は滅ぶ！\n貴様らの命も\n闘いも死も全て無に還る！	곧　세계는　멸망한다！　너희의\n목숨도　투쟁도　죽음도　모두　무로\n돌아간다！
S1S:m19mes:201	m19mes.bin	201	0x30A2	dup=S1A:0307tbl:161	ハハハハ……	하하하하…
S1S:m19mes:202	m19mes.bin	202	0x32C8	gaiji=81AC	何を……する気だ⁉	무슨……　할　셈이지⁉
S1S:m19mes:203	m19mes.bin	203	0x32D2		やめろぉっ！	그만둬엇！
S1S:m19mes:204	m19mes.bin	204	0x36B0		……み、みんな……！	……모，　모두……！
S1S:m19mes:205	m19mes.bin	205	0x36BA	dup=S1A:0901tbl:46;gaiji=81B8	……‼	……‼
S1S:m19mes:206	m19mes.bin	206	0x36C4	dup=S1A:0900tbl:769;gaiji=81B8	ああ‼	아아‼
S1S:m19mes:207	m19mes.bin	207	0x36CE	gaiji=81B8	みんな行くぞ！\n俺たちに残された選択は\nただ一つだ‼	모두　가자！\n우리에게　남은　선택은\n하나뿐이다‼
S1S:m19mes:208	m19mes.bin	208	0x36D8	gaiji=81B8	帝国華撃団、出撃せよ‼	제국화격단，　출격하라‼
S1S:m19mes:209	m19mes.bin	209	0x36E2	dup=S1S:m19mes:208;gaiji=81B8	帝国華撃団、出撃せよ‼	제국화격단，　출격하라‼
S1S:m19mes:210	m19mes.bin	210	0x05BB	gaiji=81B8	いくでぇ～！\n帝都にウチらがおるかぎり‼	간다아～！\n제도에　우리가　있는　한‼
S1S:m19mes:211	m19mes.bin	211	0x05BC	dup=S1S:m19mes:45;gaiji=81B8	悪の栄えることは無しっ‼	악이　번성하는　일은　없다‼
S1S:m19mes:212	m19mes.bin	212	0x05BD	gaiji=81B8	乾坤一擲、力の限りィィィ‼	건곤일척，　힘이　다할　때까지‼
S1S:m19mes:213	m19mes.bin	213	0x05BE	gaiji=81B8	豪華絢爛、花吹雪～～ぃ‼	호화찬란，　꽃보라～～‼
S1S:m19mes:214	m19mes.bin	214	0x05BF	gaiji=81B8	世界の明日は、我らが守るぅ～‼	세계의　내일은　우리가　지킨다아‼
S1S:m19mes:215	m19mes.bin	215	0x4E20		大神さん……\n負けないで……	오오가미　씨……\n지지　마……
S1S:m19mes:216	m19mes.bin	216	0x4E21		少尉……\n負けたら許しませんことよ。	소위님……\n지면　용서하지　않을　거예요．
S1S:m19mes:217	m19mes.bin	217	0x4E22		隊長……\n戦って下さい……	대장……\n싸워　주세요……
S1S:m19mes:218	m19mes.bin	218	0x4E23		大神はん……\nあきらめたらアカンで……	오오가미　씨……\n포기하면　안　된데이……
S1S:m19mes:219	m19mes.bin	219	0x4E24		お兄ちゃん……\nがんばって……	오빠……\n힘내……
S1S:m19mes:220	m19mes.bin	220	0x4E25		隊長……\n負けるなよ……！	대장……\n지지　마……！
S1S:m19mes:221	m19mes.bin	221	0x4E2A		二人で力を合わせれば\n必ず叉丹を倒せます！	둘이　힘을　합치면　반드시　사탄을\n쓰러뜨릴　수　있어요！
S1S:m19mes:222	m19mes.bin	222	0x4E2B		わたくしと少尉で\n力を合わせれば……\n必ず叉丹に勝てますわ！	저와　소위님이　힘을　합치면……\n반드시　사탄에게　이길　수\n있어요！
S1S:m19mes:223	m19mes.bin	223	0x4E2C		二人で力を合わせれば、\nどんな敵にだって勝てます！	둘이　힘을　합치면，\n어떤　적도　이길　수　있어요！
S1S:m19mes:224	m19mes.bin	224	0x4E2D		ウチらが力を合わせれば\n叉丹もイチコロやで。	우리　둘이　힘을　합치면　사탄도\n단숨에　해치울　수　있데이．
S1S:m19mes:225	m19mes.bin	225	0x4E2E		アイリスねえ、\nお兄ちゃんと一緒なら\nすごい力が出せそうなの！	아이리스는　말이야，　오빠와\n함께라면　엄청난　힘을　낼　수\n있을　것　같아！
S1S:m19mes:226	m19mes.bin	226	0x4E2F		あたいたちなら、\n絶対に叉丹をやっつけられるぜ！	우리라면\n반드시　사탄을　해치울　수　있어！
S1S:m19mes:227	m19mes.bin	227	0x4E16		みんな、見ていてくれ。	모두，　지켜봐　줘．
S1S:m19mes:228	m19mes.bin	228	0x4E17	dup=S1S:m01mes:82	さくらくん……\n俺は必ず、きみを守る！	사쿠라　군……\n나는　반드시，　그대를　지키겠어！
S1S:m19mes:229	m19mes.bin	229	0x4E18	dup=S1S:m01mes:83	すみれくん……\n俺がいつでも守ってやるよ。	스미레　군……\n내가　언제든　지켜　주지．
S1S:m19mes:230	m19mes.bin	230	0x4E19	dup=S1S:m01mes:84	マリア……\nきみの背中を守らせてくれ。	마리아……\n네　뒤를　지키게　해　줘．
S1S:m19mes:231	m19mes.bin	231	0x4E1A	dup=S1S:m01mes:85	いつでも、アイリスのことを\n守ってあげるよ。	언제든　아이리스를\n지켜　줄게．
S1S:m19mes:232	m19mes.bin	232	0x4E1B	dup=S1S:m01mes:86	紅蘭は俺が守る！\nだから、心配するな！	코란은　내가　지킨다！\n그러니　걱정　마！
S1S:m19mes:233	m19mes.bin	233	0x4E1C	dup=S1S:m01mes:87	カンナ！\n防御なら俺にまかせろ！	칸나！\n방어라면　나한테　맡겨！
S1S:m19mes:234	m19mes.bin	234	0x07E3	dup=S1S:m01mes:111	あたしが、頑張んなきゃ！	내가　힘내야　해！
S1S:m19mes:235	m19mes.bin	235	0x07E4	dup=S1S:m01mes:112	行きます！	갑니다！
S1S:m19mes:236	m19mes.bin	236	0x07E5	dup=S1S:m01mes:113;gaiji=81B8	まかせてください‼	맡겨　주세요‼
S1S:m19mes:237	m19mes.bin	237	0x07E6	dup=S1S:m01mes:114	見ていてくださいね、\n大神さん。	지켜봐　주세요，\n오오가미　씨．
S1S:m19mes:238	m19mes.bin	238	0x07E7	dup=S1S:m01mes:115	まだ、まだ大丈夫……	아직，　아직　괜찮아……
S1S:m19mes:239	m19mes.bin	239	0x07E8	dup=S1A:0801tbl:1020	ありがとうございます！	감사합니다！
S1S:m19mes:240	m19mes.bin	240	0x07E9	dup=S1S:m01mes:117	がんばって！　大神さん！	힘내요！　오오가미　씨！
S1S:m19mes:241	m19mes.bin	241	0x07EA	dup=S1S:m01mes:118	大神さんが頼りです！	오오가미　씨만　믿을게요！
S1S:m19mes:242	m19mes.bin	242	0x07EB	dup=S1S:m01mes:119	きゃぁぁぁ……	꺄아아아……
S1S:m19mes:243	m19mes.bin	243	0x07EC	dup=S1S:m01mes:120	つっ、\n次は負けないわ！	다，\n다음엔　지지　않을　거야！
S1S:m19mes:244	m19mes.bin	244	0x07ED	dup=S1S:m01mes:121	大神さん……\n本当にごめんなさい……	오오가미　씨……\n정말　미안해요……
S1S:m19mes:245	m19mes.bin	245	0x07F9	dup=S1S:m01mes:122	わたくしの出番ですわね。	제　차례군요．
S1S:m19mes:246	m19mes.bin	246	0x07FA	dup=S1S:m01mes:123	オホホホホホ……	오호호호호호……
S1S:m19mes:247	m19mes.bin	247	0x07FB	dup=S1S:m01mes:124;gaiji=81B8	いきますわよ‼	갑니다‼
S1S:m19mes:248	m19mes.bin	248	0x07FC	dup=S1S:m01mes:125	今日のわたくしは\nあなたのために！	오늘의　저는\n당신을　위해！
S1S:m19mes:249	m19mes.bin	249	0x07FD	dup=S1S:m01mes:126	この程度では負けませんわ……	이　정도로는　지지　않아요……
S1S:m19mes:250	m19mes.bin	250	0x07FE	dup=S1S:m01mes:127	少尉……\nやはりわたくしのことを……	소위님……\n역시　저를……
S1S:m19mes:251	m19mes.bin	251	0x07FF	dup=S1S:m01mes:128	さっ、少尉の出番ですわよ！	자，　소위님　차례예요！
S1S:m19mes:252	m19mes.bin	252	0x0800	dup=S1S:m01mes:129	わたくしが見ていますわよ！	제가　보고　있어요！
S1S:m19mes:253	m19mes.bin	253	0x0801	dup=S1S:m01mes:130;gaiji=81B8	うわぁぁぁ……‼	우와아아아……‼
S1S:m19mes:254	m19mes.bin	254	0x0802	dup=S1S:m01mes:131	今日の所は\n負けておいてあげますわ！	오늘은\n져　드리도록　하죠！
S1S:m19mes:255	m19mes.bin	255	0x0803	dup=S1S:m01mes:132;gaiji=81B8	隊長には\nわたくしが必要ですのに‼	대장님께는\n제가　필요한데요‼
S1S:m19mes:256	m19mes.bin	256	0x080F	dup=S1S:m01mes:133	敵は私が倒すしかない！	적은　내가　쓰러뜨릴　수밖에！
S1S:m19mes:257	m19mes.bin	257	0x0810	dup=S1S:m01mes:134;gaiji=81AC	次の目標はどこ⁉	다음　목표는　어디⁉
S1S:m19mes:258	m19mes.bin	258	0x0811	dup=S1S:m01mes:135	死にたいなら、\n前にでなさい……	죽고　싶다면，\n앞으로　나와……
S1S:m19mes:259	m19mes.bin	259	0x0812	dup=S1S:m01mes:136	作戦指示を\nお願いします！	작전　지시를\n부탁합니다！
S1S:m19mes:260	m19mes.bin	260	0x0813	dup=S1S:m01mes:137;gaiji=81B8	まだよ‼　まだまだ‼	아직이야‼　아직　멀었어‼
S1S:m19mes:261	m19mes.bin	261	0x0814	dup=S1S:m05mes:27	わ、わたしなんかの為に……	저，　저　같은　사람을　위해……
S1S:m19mes:262	m19mes.bin	262	0x0815	dup=S1S:m01mes:139	頑張ってください……隊長！	힘내세요……　대장님！
S1S:m19mes:263	m19mes.bin	263	0x0816	dup=S1S:m01mes:140	隊長、生きて帰りましょう！	대장님，　살아서　돌아가요！
S1S:m19mes:264	m19mes.bin	264	0x0817	dup=S1S:m01mes:141	ああぁぁぁ……	아아아아……
S1S:m19mes:265	m19mes.bin	265	0x0818	dup=S1S:m01mes:142;gaiji=81B8	つ、強いわ‼\n撤退‼	강해‼\n후퇴‼
S1S:m19mes:266	m19mes.bin	266	0x0819	dup=S1S:m01mes:143	すみません隊長。\n撤退します！	미안해요，　대장님．\n후퇴하겠습니다！
S1S:m19mes:267	m19mes.bin	267	0x0827	dup=S1S:m01mes:144	アイリスだって、\nがんばるモン！	아이리스도\n힘낼　거야！
S1S:m19mes:268	m19mes.bin	268	0x0828	dup=S1S:m01mes:145	アイリス、いきまーす！	아이리스，　갑니다아！
S1S:m19mes:269	m19mes.bin	269	0x0829	dup=S1S:m01mes:146	アイリス、強いんだよぉ！	아이리스，　강하다구！
S1S:m19mes:270	m19mes.bin	270	0x082A	dup=S1S:m01mes:147;gaiji=81B8	アイリス、\nお兄ちゃんのために、頑張る‼	아이리스，\n오빠를　위해　힘낼게‼
S1S:m19mes:271	m19mes.bin	271	0x082B	dup=S1S:m01mes:148	なんか、\nバチバチいってるよ……	뭔가，\n파직파직　소리가　나……
S1S:m19mes:272	m19mes.bin	272	0x082C	dup=S1S:m01mes:149	お兄ちゃん、だーいすき！	오빠，　정말　좋아해！
S1S:m19mes:273	m19mes.bin	273	0x082D	dup=S1S:m01mes:150	お兄ちゃん！　ファイトッ！	오빠！　힘내！
S1S:m19mes:274	m19mes.bin	274	0x082E	dup=S1S:m01mes:151	アイリスが見てるからね！	아이리스가　보고　있으니까！
S1S:m19mes:275	m19mes.bin	275	0x082F	dup=S1S:m01mes:152	きゃあぁぁぁ……	꺄아아아……
S1S:m19mes:276	m19mes.bin	276	0x0830	dup=S1S:m01mes:153	お星様の……\nバカ……	별님……\n바보……
S1S:m19mes:277	m19mes.bin	277	0x0831	dup=S1S:m01mes:154	お兄ちゃん、ゴメンね……	오빠，　미안해……
S1S:m19mes:278	m19mes.bin	278	0x083D	dup=S1S:m01mes:155	ウチも\n頑張らせてもらうで～	나도\n힘낼게데이～
S1S:m19mes:279	m19mes.bin	279	0x083E	dup=S1S:m01mes:156	科学をなめたら、\nあかんでぇ～	과학을　얕보면，\n안　된데이～
S1S:m19mes:280	m19mes.bin	280	0x083F	dup=S1S:m01mes:157;gaiji=81B8	ほんなら、いくでー‼	그럼，　간다‼
S1S:m19mes:281	m19mes.bin	281	0x0840	dup=S1S:m01mes:158	ウチを見ててやー！	나를　봐　줘～！
S1S:m19mes:282	m19mes.bin	282	0x0841	dup=S1S:m01mes:159	ダメージ喰らいすぎや！	너무　많이　맞았데이！
S1S:m19mes:283	m19mes.bin	283	0x0842	dup=S1S:m01mes:160	ウチ感動や～！	나　감동했데이～！
S1S:m19mes:284	m19mes.bin	284	0x0843	dup=S1S:m01mes:161	ウチが応援してるでぇ～！	내가　응원하고　있데이～！
S1S:m19mes:285	m19mes.bin	285	0x0844	dup=S1S:m01mes:162	がんばってや！　大神はん！	힘내래이！　오오가미　씨！
S1S:m19mes:286	m19mes.bin	286	0x0845	dup=S1S:m01mes:163	うわあぁぁぁぁ……	으아아아아……
S1S:m19mes:287	m19mes.bin	287	0x0846	dup=S1S:m01mes:164	あちゃー……\nいかれた……	아차……\n망가졌어……
S1S:m19mes:288	m19mes.bin	288	0x0847	dup=S1S:m01mes:165	隊長はん、\n迷惑かけてすんまへん……	대장님，\n폐를　끼쳐서　미안하데이……
S1S:m19mes:289	m19mes.bin	289	0x0854	dup=S1S:m01mes:166;gaiji=81B8	よっしゃ！\nやってやるか‼	좋아！\n해　볼까‼
S1S:m19mes:290	m19mes.bin	290	0x0855	dup=S1S:m01mes:167	気合いを入れるぜ！\nチェストォォ！	기합을　넣자！\n체스토오오！
S1S:m19mes:291	m19mes.bin	291	0x0856	dup=S1S:m01mes:168	桐島流の奥義、見せてやるぜ！	키리시마류의　비기，　보여　주마！
S1S:m19mes:292	m19mes.bin	292	0x0857	dup=S1S:m01mes:169;gaiji=81B8	さぁ‼\n行こうぜ、隊長‼	자아‼\n가자，　대장‼
S1S:m19mes:293	m19mes.bin	293	0x0858	dup=S1S:m01mes:170;gaiji=81B8	だいじょうぶ！\nまだ平気だぜ‼	괜찮아！\n아직　문제없어‼
S1S:m19mes:294	m19mes.bin	294	0x0859	dup=S1S:m01mes:171	さんきゅ！　助かったぜ！	고마워！　살았다！
S1S:m19mes:295	m19mes.bin	295	0x085A	dup=S1S:m01mes:172	いこうぜ！　隊長！	가자！　대장！
S1S:m19mes:296	m19mes.bin	296	0x085B	dup=S1S:m01mes:173	隊長の力を見せてやれ！	대장의　힘을　보여　줘！
S1S:m19mes:297	m19mes.bin	297	0x085C	dup=S1S:m01mes:174	うあああぁぁぁぁ……	으아아아아……
S1S:m19mes:298	m19mes.bin	298	0x085D	dup=S1S:m01mes:175	くっ、\nまだまだ修行がたりない……	큭，\n아직　수련이　부족해……
S1S:m19mes:299	m19mes.bin	299	0x085E	dup=S1S:m01mes:176	隊長のために、\n戦わなくちゃ……	대장을　위해\n싸워야　해……
S1S:m19mes:300	m19mes.bin	300	0x096E	dup=S1A:0804tbl:180	よっしゃあ！	좋았어！
S1S:m19mes:301	m19mes.bin	301	0x0D0A	dup=S1S:m01mes:178	やったわ！	해냈어！
S1S:m19mes:302	m19mes.bin	302	0x0D0B	dup=S1S:m01mes:179	やりましたわ！	해냈어요！
S1S:m19mes:303	m19mes.bin	303	0x0D0C	dup=S1S:m01mes:180	ふっ！	후！
S1S:m19mes:304	m19mes.bin	304	0x0D0D	dup=S1S:m01mes:181	やったでー！	해냈데이！
S1S:m19mes:305	m19mes.bin	305	0x0D0E	dup=S1S:m01mes:182;gaiji=81B8	わーい　わーい‼	와아　와아‼
S1S:m19mes:306	m19mes.bin	306	0x03F0	dup=S1S:m19mes:0	本当に……強くなったわね。\n私の見込んだとおりの人だわ。\n……君は。	정말……　강해졌구나．　내가\n눈여겨본　그대로인　사람이야．\n……너는．
S1S:m20mes:0	m20mes.bin	0	0x0CFE	dup=S1A:0301tbl:917	そこまでよ！	거기까지야！
S1S:m20mes:1	m20mes.bin	1	0x0CFF		そこまでですわ！	거기까지예요！
S1S:m20mes:2	m20mes.bin	2	0x0D00	dup=S1A:0301tbl:917	そこまでよ！	거기까지야！
S1S:m20mes:3	m20mes.bin	3	0x0D01	dup=S1S:m02mes:76	そこまでや！	거기까지데이！
S1S:m20mes:4	m20mes.bin	4	0x0D02	dup=S1A:0301tbl:917	そこまでよ！	거기까지야！
S1S:m20mes:5	m20mes.bin	5	0x0D03		そこまでだぜ！	거기까지다！
S1S:m20mes:6	m20mes.bin	6	0x0C5B	dup=S1S:m01mes:10	帝国華撃団、参上！	제국화격단，　등장！
S1S:m20mes:7	m20mes.bin	7	0x0D16		まもなく世界は滅ぶ！\n貴様らの命も闘いも死も\n全て無にかえる！	곧　세계는　멸망한다！\n너희의　목숨도　투쟁도　죽음도\n모두　무로　돌아간다！
S1S:m20mes:8	m20mes.bin	8	0x0D17		フハハハハ……	후하하하하……
S1S:m20mes:9	m20mes.bin	9	0x0D18		オオオォォォ……	오오오오오……
S1S:m20mes:10	m20mes.bin	10	0x0D19	gaiji=81AC	こ……この力……\n……まさか⁉	이……　이　힘은……\n……설마⁉
S1S:m20mes:11	m20mes.bin	11	0x0D1A	gaiji=81B8	そうです。　サタン‼	맞아요．　사탄‼
S1S:m20mes:12	m20mes.bin	12	0x0D1B	gaiji=81AC	ミカエルかっ⁉	미카엘인가⁉
S1S:m20mes:13	m20mes.bin	13	0x0D1C		あなたの闇に対抗しうる\n唯一の力……	당신의　어둠에　맞설　수　있는\n유일한　힘……
S1S:m20mes:14	m20mes.bin	14	0x0D1D		信頼と愛……人間の心の光。	신뢰와　사랑…　인간　마음의　빛．
S1S:m20mes:15	m20mes.bin	15	0x0D1E		大いなる……天の父の力です！	위대한…　하늘　아버지의　힘입니다
S1S:m20mes:16	m20mes.bin	16	0x0D1F		下らぬざれごとを……	하찮은　농담을……
S1S:m20mes:17	m20mes.bin	17	0x0D20		還りましょう……サタン\n……大いなる父の御許へ……	돌아가요……　사탄\n……위대한　아버지의　곁으로……
S1S:m20mes:18	m20mes.bin	18	0x0D21	gaiji=81B8	黙れ‼	닥쳐‼
S1S:m20mes:19	m20mes.bin	19	0x0D22		そんなまがい物で……\n我に勝てると思うのか？	그런　가짜　힘으로……　내가　이길\n수　있다고　생각하느냐？
S1S:m20mes:20	m20mes.bin	20	0x0CFD	dup=S1S:m19mes:55;gaiji=81B8	グブッ‼　……ア、アア……‼	그붓‼　……아，　아아……‼
S1S:m20mes:21	m20mes.bin	21	0x2710		そこまでだ！	거기까지다！
S1S:m20mes:22	m20mes.bin	22	0x271A		花組のみなさん、サタンの弱点は\n核である天使体の場所……\nそれは……ここです。	화조　여러분，　사탄의　약점은\n핵인　천사체의　위치……\n그건……　여기입니다．
S1S:m20mes:23	m20mes.bin	23	0x2724		華撃団のみなさん……\nあとは頼みましたよ……	화격단　여러분……\n뒤는　부탁해요……
S1S:m20mes:24	m20mes.bin	24	0x272E	dup=S1A:1001tbl:434	あなたたちに大いなる父の\n祝福がありますように。	여러분에게　위대한　아버지의\n축복이　있기를．
S1S:m20mes:25	m20mes.bin	25	0x2738		ムダだ……\nそんな攻撃は、きかん！	소용없다……\n그런　공격은　통하지　않아！
S1S:m20mes:26	m20mes.bin	26	0x2742		フフフ……\n虫ケラにしては、\nなかなかやるではないか……	후후후……\n벌레치고는\n제법　하는군……
S1S:m20mes:27	m20mes.bin	27	0x274C		ば、馬鹿な……\n人間ごときちっぽけな存在が\nここまでやるとは……	말……　말도　안　돼……\n인간　따위의　작은　존재가\n여기까지　하다니……
S1S:m20mes:28	m20mes.bin	28	0x2756		サタンに対抗できる唯一の力……\nそれはあなたたちが持つ\n信頼と愛の力です。	사탄에　맞설　수　있는　유일한\n힘……　그것은　너희가　가진\n신뢰와　사랑의　힘이야．
S1S:m20mes:29	m20mes.bin	29	0x2760	dup=S1S:m20mes:28	サタンに対抗できる唯一の力……\nそれはあなたたちが持つ\n信頼と愛の力です。	사탄에　맞설　수　있는　유일한\n힘……　그것은　너희가　가진\n신뢰와　사랑의　힘이야．
S1S:m20mes:30	m20mes.bin	30	0x4E16	dup=S1S:m01mes:81	みんな、俺が守らなくても\nだいじょうぶだな。	모두，　내가　지키지　않아도\n괜찮겠군．
S1S:m20mes:31	m20mes.bin	31	0x4E17	dup=S1S:m01mes:82	さくらくん……\n俺は必ず、きみを守る！	사쿠라　군……\n나는　반드시，　그대를　지키겠어！
S1S:m20mes:32	m20mes.bin	32	0x4E18	dup=S1S:m01mes:83	すみれくん……\n俺がいつでも守ってやるよ。	스미레　군……\n내가　언제든　지켜　주지．
S1S:m20mes:33	m20mes.bin	33	0x4E19	dup=S1S:m01mes:84	マリア……\nきみの背中を守らせてくれ。	마리아……\n네　뒤를　지키게　해　줘．
S1S:m20mes:34	m20mes.bin	34	0x4E1A	dup=S1S:m01mes:85	いつでも、アイリスのことを\n守ってあげるよ。	언제든　아이리스를\n지켜　줄게．
S1S:m20mes:35	m20mes.bin	35	0x4E1B	dup=S1S:m01mes:86	紅蘭は俺が守る！\nだから、心配するな！	코란은　내가　지킨다！\n그러니　걱정　마！
S1S:m20mes:36	m20mes.bin	36	0x4E1C	dup=S1S:m01mes:87	カンナ！\n防御なら俺にまかせろ！	칸나！\n방어라면　나한테　맡겨！
S1S:m20mes:37	m20mes.bin	37	0x9C40		グオオォォォ……	그오오오오……
S1S:m20mes:38	m20mes.bin	38	0x9C4A		今だっ！	지금이다！
S1S:m20mes:39	m20mes.bin	39	0x07E3	dup=S1S:m01mes:111	あたしが、頑張んなきゃ！	내가　힘내야　해！
S1S:m20mes:40	m20mes.bin	40	0x07E4	dup=S1S:m01mes:112	行きます！	갑니다！
S1S:m20mes:41	m20mes.bin	41	0x07E5	dup=S1S:m01mes:113;gaiji=81B8	まかせてください‼	맡겨　주세요‼
S1S:m20mes:42	m20mes.bin	42	0x07E6	dup=S1S:m01mes:114	見ていてくださいね、\n大神さん。	지켜봐　주세요，\n오오가미　씨．
S1S:m20mes:43	m20mes.bin	43	0x07E7	dup=S1S:m01mes:115	まだ、まだ大丈夫……	아직，　아직　괜찮아……
S1S:m20mes:44	m20mes.bin	44	0x07E8	dup=S1A:0801tbl:1020	ありがとうございます！	감사합니다！
S1S:m20mes:45	m20mes.bin	45	0x07E9	dup=S1S:m01mes:117	がんばって！　大神さん！	힘내요！　오오가미　씨！
S1S:m20mes:46	m20mes.bin	46	0x07EA	dup=S1S:m01mes:118	大神さんが頼りです！	오오가미　씨만　믿을게요！
S1S:m20mes:47	m20mes.bin	47	0x07EB	dup=S1S:m01mes:119	きゃぁぁぁ……	꺄아아아……
S1S:m20mes:48	m20mes.bin	48	0x07EC	dup=S1S:m01mes:120	つっ、\n次は負けないわ！	다，\n다음엔　지지　않을　거야！
S1S:m20mes:49	m20mes.bin	49	0x07ED	dup=S1S:m01mes:121	大神さん……\n本当にごめんなさい……	오오가미　씨……\n정말　미안해요……
S1S:m20mes:50	m20mes.bin	50	0x07F9	dup=S1S:m01mes:122	わたくしの出番ですわね。	제　차례군요．
S1S:m20mes:51	m20mes.bin	51	0x07FA	dup=S1S:m01mes:123	オホホホホホ……	오호호호호호……
S1S:m20mes:52	m20mes.bin	52	0x07FB	dup=S1S:m01mes:124;gaiji=81B8	いきますわよ‼	갑니다‼
S1S:m20mes:53	m20mes.bin	53	0x07FC	dup=S1S:m01mes:125	今日のわたくしは\nあなたのために！	오늘의　저는\n당신을　위해！
S1S:m20mes:54	m20mes.bin	54	0x07FD	dup=S1S:m01mes:126	この程度では負けませんわ……	이　정도로는　지지　않아요……
S1S:m20mes:55	m20mes.bin	55	0x07FE	dup=S1S:m01mes:127	少尉……\nやはりわたくしのことを……	소위님……\n역시　저를……
S1S:m20mes:56	m20mes.bin	56	0x07FF	dup=S1S:m01mes:128	さっ、少尉の出番ですわよ！	자，　소위님　차례예요！
S1S:m20mes:57	m20mes.bin	57	0x0800	dup=S1S:m01mes:129	わたくしが見ていますわよ！	제가　보고　있어요！
S1S:m20mes:58	m20mes.bin	58	0x0801	dup=S1S:m01mes:130;gaiji=81B8	うわぁぁぁ……‼	우와아아아……‼
S1S:m20mes:59	m20mes.bin	59	0x0802	dup=S1S:m01mes:131	今日の所は\n負けておいてあげますわ！	오늘은\n져　드리도록　하죠！
S1S:m20mes:60	m20mes.bin	60	0x0803	dup=S1S:m01mes:132;gaiji=81B8	隊長には\nわたくしが必要ですのに‼	대장님께는\n제가　필요한데요‼
S1S:m20mes:61	m20mes.bin	61	0x080F	dup=S1S:m01mes:133	敵は私が倒すしかない！	적은　내가　쓰러뜨릴　수밖에！
S1S:m20mes:62	m20mes.bin	62	0x0810	dup=S1S:m01mes:134;gaiji=81AC	次の目標はどこ⁉	다음　목표는　어디⁉
S1S:m20mes:63	m20mes.bin	63	0x0811	dup=S1S:m01mes:135	死にたいなら、\n前にでなさい……	죽고　싶다면，\n앞으로　나와……
S1S:m20mes:64	m20mes.bin	64	0x0812	dup=S1S:m01mes:136	作戦指示を\nお願いします！	작전　지시를\n부탁합니다！
S1S:m20mes:65	m20mes.bin	65	0x0813	dup=S1S:m01mes:137;gaiji=81B8	まだよ‼　まだまだ‼	아직이야‼　아직　멀었어‼
S1S:m20mes:66	m20mes.bin	66	0x0814	dup=S1S:m05mes:27	わ、わたしなんかの為に……	저，　저　같은　사람을　위해……
S1S:m20mes:67	m20mes.bin	67	0x0815	dup=S1S:m01mes:139	頑張ってください……隊長！	힘내세요……　대장님！
S1S:m20mes:68	m20mes.bin	68	0x0816	dup=S1S:m01mes:140	隊長、生きて帰りましょう！	대장님，　살아서　돌아가요！
S1S:m20mes:69	m20mes.bin	69	0x0817	dup=S1S:m01mes:141	ああぁぁぁ……	아아아아……
S1S:m20mes:70	m20mes.bin	70	0x0818	dup=S1S:m01mes:142;gaiji=81B8	つ、強いわ‼\n撤退‼	강해‼\n후퇴‼
S1S:m20mes:71	m20mes.bin	71	0x0819	dup=S1S:m01mes:143	すみません隊長。\n撤退します！	미안해요，　대장님．\n후퇴하겠습니다！
S1S:m20mes:72	m20mes.bin	72	0x0827	dup=S1S:m01mes:144	アイリスだって、\nがんばるモン！	아이리스도\n힘낼　거야！
S1S:m20mes:73	m20mes.bin	73	0x0828	dup=S1S:m01mes:145	アイリス、いきまーす！	아이리스，　갑니다아！
S1S:m20mes:74	m20mes.bin	74	0x0829	dup=S1S:m01mes:146	アイリス、強いんだよぉ！	아이리스，　강하다구！
S1S:m20mes:75	m20mes.bin	75	0x082A	dup=S1S:m01mes:147;gaiji=81B8	アイリス、\nお兄ちゃんのために、頑張る‼	아이리스，\n오빠를　위해　힘낼게‼
S1S:m20mes:76	m20mes.bin	76	0x082B	dup=S1S:m01mes:148	なんか、\nバチバチいってるよ……	뭔가，\n파직파직　소리가　나……
S1S:m20mes:77	m20mes.bin	77	0x082C	dup=S1S:m01mes:149	お兄ちゃん、だーいすき！	오빠，　정말　좋아해！
S1S:m20mes:78	m20mes.bin	78	0x082D	dup=S1S:m01mes:150	お兄ちゃん！　ファイトッ！	오빠！　힘내！
S1S:m20mes:79	m20mes.bin	79	0x082E	dup=S1S:m01mes:151	アイリスが見てるからね！	아이리스가　보고　있으니까！
S1S:m20mes:80	m20mes.bin	80	0x082F	dup=S1S:m01mes:152	きゃあぁぁぁ……	꺄아아아……
S1S:m20mes:81	m20mes.bin	81	0x0830	dup=S1S:m01mes:153	お星様の……\nバカ……	별님……\n바보……
S1S:m20mes:82	m20mes.bin	82	0x0831	dup=S1S:m01mes:154	お兄ちゃん、ゴメンね……	오빠，　미안해……
S1S:m20mes:83	m20mes.bin	83	0x083D	dup=S1S:m01mes:155	ウチも\n頑張らせてもらうで～	나도\n힘낼게데이～
S1S:m20mes:84	m20mes.bin	84	0x083E	dup=S1S:m01mes:156	科学をなめたら、\nあかんでぇ～	과학을　얕보면，\n안　된데이～
S1S:m20mes:85	m20mes.bin	85	0x083F	dup=S1S:m01mes:157;gaiji=81B8	ほんなら、いくでー‼	그럼，　간다‼
S1S:m20mes:86	m20mes.bin	86	0x0840	dup=S1S:m01mes:158	ウチを見ててやー！	나를　봐　줘～！
S1S:m20mes:87	m20mes.bin	87	0x0841	dup=S1S:m01mes:159	ダメージ喰らいすぎや！	너무　많이　맞았데이！
S1S:m20mes:88	m20mes.bin	88	0x0842	dup=S1S:m01mes:160	ウチ感動や～！	나　감동했데이～！
S1S:m20mes:89	m20mes.bin	89	0x0843	dup=S1S:m01mes:161	ウチが応援してるでぇ～！	내가　응원하고　있데이～！
S1S:m20mes:90	m20mes.bin	90	0x0844	dup=S1S:m01mes:162	がんばってや！　大神はん！	힘내래이！　오오가미　씨！
S1S:m20mes:91	m20mes.bin	91	0x0845	dup=S1S:m01mes:163	うわあぁぁぁぁ……	으아아아아……
S1S:m20mes:92	m20mes.bin	92	0x0846	dup=S1S:m01mes:164	あちゃー……\nいかれた……	아차……\n망가졌어……
S1S:m20mes:93	m20mes.bin	93	0x0847	dup=S1S:m01mes:165	隊長はん、\n迷惑かけてすんまへん……	대장님，\n폐를　끼쳐서　미안하데이……
S1S:m20mes:94	m20mes.bin	94	0x0854	dup=S1S:m01mes:166;gaiji=81B8	よっしゃ！\nやってやるか‼	좋아！\n해　볼까‼
S1S:m20mes:95	m20mes.bin	95	0x0855	dup=S1S:m01mes:167	気合いを入れるぜ！\nチェストォォ！	기합을　넣자！\n체스토오오！
S1S:m20mes:96	m20mes.bin	96	0x0856	dup=S1S:m01mes:168	桐島流の奥義、見せてやるぜ！	키리시마류의　비기，　보여　주마！
S1S:m20mes:97	m20mes.bin	97	0x0857	dup=S1S:m01mes:169;gaiji=81B8	さぁ‼\n行こうぜ、隊長‼	자아‼\n가자，　대장‼
S1S:m20mes:98	m20mes.bin	98	0x0858	dup=S1S:m01mes:170;gaiji=81B8	だいじょうぶ！\nまだ平気だぜ‼	괜찮아！\n아직　문제없어‼
S1S:m20mes:99	m20mes.bin	99	0x0859	dup=S1S:m01mes:171	さんきゅ！　助かったぜ！	고마워！　살았다！
S1S:m20mes:100	m20mes.bin	100	0x085A	dup=S1S:m01mes:172	いこうぜ！　隊長！	가자！　대장！
S1S:m20mes:101	m20mes.bin	101	0x085B	dup=S1S:m01mes:173	隊長の力を見せてやれ！	대장의　힘을　보여　줘！
S1S:m20mes:102	m20mes.bin	102	0x085C	dup=S1S:m01mes:174	うあああぁぁぁぁ……	으아아아아……
S1S:m20mes:103	m20mes.bin	103	0x085D	dup=S1S:m01mes:175	くっ、\nまだまだ修行がたりない……	큭，\n아직　수련이　부족해……
S1S:m20mes:104	m20mes.bin	104	0x085E	dup=S1S:m01mes:176	隊長のために、\n戦わなくちゃ……	대장을　위해\n싸워야　해……
S1S:m20mes:105	m20mes.bin	105	0x096E	dup=S1A:0804tbl:180	よっしゃあ！	좋았어！
S1S:m20mes:106	m20mes.bin	106	0x0D0A	dup=S1S:m01mes:178	やったわ！	해냈어！
S1S:m20mes:107	m20mes.bin	107	0x0D0B	dup=S1S:m01mes:179	やりましたわ！	해냈어요！
S1S:m20mes:108	m20mes.bin	108	0x0D0C	dup=S1S:m01mes:180	ふっ！	후！
S1S:m20mes:109	m20mes.bin	109	0x0D0D	dup=S1S:m01mes:181	やったでー！	해냈데이！
S1S:m20mes:110	m20mes.bin	110	0x0D0E	dup=S1S:m01mes:182;gaiji=81B8	わーい　わーい‼	와아　와아‼
S1S:m20mes:111	m20mes.bin	111	0x0128	dup=S1A:0301tbl:917	そこまでよ！	거기까지야！
S1S:m21mes:0	m21mes.bin	0	0x2715		アイリス！　待つんだ！	아이리스！　기다려！
S1S:m21mes:1	m21mes.bin	1	0x271A	gaiji=81B8	いや！　来ないで‼	싫어！　오지　마‼
S1S:m21mes:2	m21mes.bin	2	0x271F		さくらくん。\nまずはアイリスを捕まえよう。\n話はそれからだ。	사쿠라　군．\n우선　아이리스를　붙잡자．\n이야기는　그다음이야．
S1S:m21mes:3	m21mes.bin	3	0x2724	dup=S1A:0100tbl:466	はい！	네！
S1S:m21mes:4	m21mes.bin	4	0x2729	gaiji=81B8	みんな……みんなウソつきだ‼	모두……　모두　거짓말쟁이야‼
S1S:m21mes:5	m21mes.bin	5	0x272E		アイリス！　止まりなさい！	아이리스！　멈춰！
S1S:m21mes:6	m21mes.bin	6	0x2733	gaiji=81B8	やだ‼	싫어‼
S1S:m21mes:7	m21mes.bin	7	0x2738		アイリス！　止まるんだ！	아이리스！　멈추는　거야！
S1S:m21mes:8	m21mes.bin	8	0x273D	gaiji=81B8	いやぁぁぁぁぁぁぁぁぁーっ‼	싫어어어어어어어어‼
S1S:m21mes:9	m21mes.bin	9	0x2742		大神くん。	오오가미　군．
S1S:m21mes:10	m21mes.bin	10	0x2747	gaiji=81AC	あやめさん⁉	아야메　씨⁉
S1S:m21mes:11	m21mes.bin	11	0x274C		今、アイリスは興奮しているわ。\n子供扱いされていることが、\nよほどショックだったのね。	지금　아이리스는　흥분해　있어．\n어린애　취급을　받은　게\n상당히　충격이었나　봐．
S1S:m21mes:12	m21mes.bin	12	0x2751	gaiji=81B8	早く暴走を止めなければ\n街だけでなく\n彼女の心まで壊れてしまうわ‼	어서　폭주를　막지　않으면　거리뿐\n아니라　아이리스의　마음까지\n망가져　버려‼
S1S:m21mes:13	m21mes.bin	13	0x2756		だからといって、\n無理に押さえつけようとしても\n逆効果よ。	그렇다고　억지로　누르려　해도\n역효과야．
S1S:m21mes:14	m21mes.bin	14	0x275B		アイリスはみんなに\nウソをつかれたことで\n人間不信になっているわ……	아이리스는　모두에게\n거짓말을　당해서\n인간　불신에　빠져　있어……
S1S:m21mes:15	m21mes.bin	15	0x2760	gaiji=81AC	……俺は……\n俺はどうしたらいいんです⁉	……저는……\n어떻게　해야　합니까⁉
S1S:m21mes:16	m21mes.bin	16	0x2765		瞬間移動を使えるアイリスが\nどうしてこの場に\nとどまっているかわかる？	순간이동을　할　수　있는\n아이리스가　왜　이곳에　머물러\n있는지　알아？
S1S:m21mes:17	m21mes.bin	17	0x276A		心の奥底で\n助けを求めているのよ……\n大神くん、あなたにね。	마음　깊은　곳에서\n도움을　바라고　있는　거야……\n오오가미　군，　당신에게　말이야．
S1S:m21mes:18	m21mes.bin	18	0x276F		大丈夫よ。\nいつもの自分を偽らない\n大神くんならば……ね。	괜찮아．\n평소의　자신을　속이지　않는\n오오가미　군이라면……　말이지．
S1S:m21mes:19	m21mes.bin	19	0x2774		しっかりね、隊長さん。	잘해요，　대장님．
S1S:m21mes:20	m21mes.bin	20	0x2779		さくらくん！　アイリスに\n隣接して押さえこんでくれ！\n二人で、はさみこもう！	사쿠라　군！　아이리스와\n인접해서　붙잡아　줘！\n둘이서　끼워　잡는　거야！
S1S:m21mes:21	m21mes.bin	21	0x277E	dup=S1A:0100tbl:466	はい！	네！
S1S:m21mes:22	m21mes.bin	22	0x2783		大神さん！　今よ、早く！	오오가미　씨！　지금이에요！
S1S:m21mes:23	m21mes.bin	23	0x2788	gaiji=81B8	大神さん、早く！\n今、ハッチを開けます‼	오오가미　씨，　서둘러요！\n지금　해치를　열게요‼
S1S:m21mes:24	m21mes.bin	24	0x278D	dup=S1A:0102tbl:464	アイリス！	아이리스！
S1S:m21mes:25	m21mes.bin	25	0x2792	dup=S1A:0400tbl:1430	いや！	싫어！
S1S:m21mes:26	m21mes.bin	26	0x2797		説得する\n叱る	설득한다\n꾸짖는다
S1S:m21mes:29	m21mes.bin	29	0x27A6		アイリス……聞いてくれ！\n確かに俺はウソをついた。	아이리스……　들어　줘！\n확실히　나는　거짓말을　했어．
S1S:m21mes:30	m21mes.bin	30	0x27AB		俺は今のきみを\n一人の女性として\n考える事は出来ない。	나는　지금의　너를\n한　명의　여성으로\n생각할　수　없어．
S1S:m21mes:31	m21mes.bin	31	0x27B0		やっぱり……\nアイリスが子供だから……	역시……\n아이리스가　어린애라서……
S1S:m21mes:32	m21mes.bin	32	0x27B5		でも俺は……\nきみと出かける事が楽しかった。\n一緒にいて本当に楽しかった。	하지만　나는……\n너와　외출하는　게　즐거웠어．\n함께　있어서　정말　즐거웠어．
S1S:m21mes:33	m21mes.bin	33	0x27BA		でも俺は、きみと一緒にいると\nいつも楽しくなる。大切な……\nかけがえのない仲間なんだ。	하지만　나는　너와　함께　있으면\n언제나　즐거워져．　소중한……\n둘도　없는　동료야．
S1S:m21mes:34	m21mes.bin	34	0x27BF	gaiji=81B8	それから……これ……\nせっかくあげたのに無くしちゃ\nダメだぞ‼	그리고……　이거……\n애써　준　건데　잃어버리면\n안　돼‼
S1S:m21mes:35	m21mes.bin	35	0x27C4		……お、お兄ちゃん……	……오，　오빠……
S1S:m21mes:36	m21mes.bin	36	0x27C9		将来のことなんか\n誰にもわからない……だから\n今はこれだけじゃダメかな。	앞으로의　일은　아무도　몰라……\n그러니까\n지금은　이것만으로는　안　될까．
S1S:m21mes:37	m21mes.bin	37	0x27CE		お兄ちゃん…………\nウソじゃない……	오빠…………\n거짓말　아니야……
S1S:m21mes:38	m21mes.bin	38	0x27D3		……さあ、ハッチを開けて……	……자，　해치를　열어……
S1S:m21mes:39	m21mes.bin	39	0x27D8		アイリス！\nいいかげんにするんだ！	아이리스！\n이제　그만해！
S1S:m21mes:40	m21mes.bin	40	0x27DD	dup=S1A:0100tbl:142	……	……
S1S:m21mes:41	m21mes.bin	41	0x27E2		まわりを見てみるんだ！\nみんな帝都を守るために\n必死になって戦っているんだぞ！	주변을　봐！\n모두　제도를　지키기　위해\n필사적으로　싸우고　있잖아！
S1S:m21mes:42	m21mes.bin	42	0x27E7		だって……みんな\nアイリスのこと\n子供だ子供だって……	하지만……　모두\n아이리스를　어린애라고\n어린애라고……
S1S:m21mes:43	m21mes.bin	43	0x27EC		だれも本気で\n心配してくれないもん……	아무도　진심으로\n걱정해　주지　않는걸……
S1S:m21mes:44	m21mes.bin	44	0x27F1		きみはもう立派な大人さ\n子供でいいじゃないか	너는　이제　훌륭한　어른이야\n어린애여도　괜찮잖아
S1S:m21mes:46	m21mes.bin	46	0x27FB		きみはもう立派な大人さ。	너는　이제　훌륭한　어른이야．
S1S:m21mes:47	m21mes.bin	47	0x2800		えっ……	엣……
S1S:m21mes:48	m21mes.bin	48	0x2805	gaiji=81B8	……お兄ちゃん、\nそんなこと思ってないよ‼\nまたウソついてる……‼	……오빠，　그런　생각　안\n하잖아‼　또　거짓말하고\n있어……‼
S1S:m21mes:49	m21mes.bin	49	0x280A		（しまった！）	（큰일　났다！）
S1S:m21mes:50	m21mes.bin	50	0x280F		子供でいいじゃないか。\n俺は今のアイリスが好きだよ。	어린애여도　괜찮잖아．\n나는　지금의　아이리스가　좋아．
S1S:m21mes:51	m21mes.bin	51	0x2814		アイリス……誰でも\n子供だった時はあるのよ？	아이리스……　누구에게나\n어린　시절은　있는　법이야．
S1S:m21mes:52	m21mes.bin	52	0x2819		それに、大人になってしまうと、\nどんなに戻りたくても、\n子供に戻ることはできないわ。	게다가　어른이　되고　나면，\n아무리　돌아가고　싶어도，\n어린　시절로　돌아갈　수　없어．
S1S:m21mes:53	m21mes.bin	53	0x281E	dup=S1A:0100tbl:142	……	……
S1S:m21mes:54	m21mes.bin	54	0x2823		さくらくんの言うとおりだよ。\n……それにきみは、俺たちの\n大切な仲間じゃないか。	사쿠라　군　말대로야．\n……그리고　너는　우리의\n소중한　동료잖아．
S1S:m21mes:55	m21mes.bin	55	0x2828		お兄ちゃん……\n……ウソじゃない……	오빠……\n……거짓말　아니야……
S1S:m21mes:56	m21mes.bin	56	0x282D	dup=S1S:m21mes:38	……さあ、ハッチを開けて……	……자，　해치를　열어……
S1S:m21mes:57	m21mes.bin	57	0x2832	gaiji=81B8	お兄ちゃんの\nバカぁぁぁぁっ‼	오빠　바보아아아‼
S1S:m21mes:58	m21mes.bin	58	0x2837		大神くん。さくら。\nアイリスに接して\n話しかけるのよ。	오오가미　군．　사쿠라．\n아이리스에게　다가가서\n말을　거는　거야．
S1S:m21mes:59	m21mes.bin	59	0x283C		大神くんとさくらで\nはさみこんで話しかけるように\nするといいわ。	오오가미　군과　사쿠라가\n양쪽에서　끼워　잡고　말을　걸면\n돼．
S1S:m21mes:60	m21mes.bin	60	0x4E16	dup=S1S:m01mes:81	みんな、俺が守らなくても\nだいじょうぶだな。	모두，　내가　지키지　않아도\n괜찮겠군．
S1S:m21mes:61	m21mes.bin	61	0x4E17	dup=S1S:m01mes:82	さくらくん……\n俺は必ず、きみを守る！	사쿠라　군……\n나는　반드시，　그대를　지키겠어！
S1S:m21mes:62	m21mes.bin	62	0x4E18	dup=S1S:m01mes:83	すみれくん……\n俺がいつでも守ってやるよ。	스미레　군……\n내가　언제든　지켜　주지．
S1S:m21mes:63	m21mes.bin	63	0x4E19	dup=S1S:m01mes:84	マリア……\nきみの背中を守らせてくれ。	마리아……\n네　뒤를　지키게　해　줘．
S1S:m21mes:64	m21mes.bin	64	0x4E1A	dup=S1S:m01mes:85	いつでも、アイリスのことを\n守ってあげるよ。	언제든　아이리스를\n지켜　줄게．
S1S:m21mes:65	m21mes.bin	65	0x4E1B	dup=S1S:m01mes:86	紅蘭は俺が守る！\nだから、心配するな！	코란은　내가　지킨다！\n그러니　걱정　마！
S1S:m21mes:66	m21mes.bin	66	0x4E1C	dup=S1S:m01mes:87	カンナ！\n防御なら俺にまかせろ！	칸나！\n방어라면　나한테　맡겨！
S1S:m21mes:67	m21mes.bin	67	0x0000	dup=S1S:m21mes:0	アイリス！　待つんだ！	아이리스！　기다려！
S1S:m22mes:0	m22mes.bin	0	0x07E3	dup=S1S:m01mes:111	あたしが、頑張んなきゃ！	내가　힘내야　해！
S1S:m22mes:1	m22mes.bin	1	0x07E4	dup=S1S:m01mes:112	行きます！	갑니다！
S1S:m22mes:2	m22mes.bin	2	0x07E5	dup=S1S:m01mes:113;gaiji=81B8	まかせてください‼	맡겨　주세요‼
S1S:m22mes:3	m22mes.bin	3	0x07E6	dup=S1S:m01mes:114	見ていてくださいね、\n大神さん。	지켜봐　주세요，\n오오가미　씨．
S1S:m22mes:4	m22mes.bin	4	0x07E7	dup=S1S:m01mes:115	まだ、まだ大丈夫……	아직，　아직　괜찮아……
S1S:m22mes:5	m22mes.bin	5	0x07E8	dup=S1A:0801tbl:1020	ありがとうございます！	감사합니다！
S1S:m22mes:6	m22mes.bin	6	0x07E9	dup=S1S:m01mes:117	がんばって！　大神さん！	힘내요！　오오가미　씨！
S1S:m22mes:7	m22mes.bin	7	0x07EA	dup=S1S:m01mes:118	大神さんが頼りです！	오오가미　씨만　믿을게요！
S1S:m22mes:8	m22mes.bin	8	0x07EB	dup=S1S:m01mes:119	きゃぁぁぁ……	꺄아아아……
S1S:m22mes:9	m22mes.bin	9	0x07EC	dup=S1S:m01mes:120	つっ、\n次は負けないわ！	다，\n다음엔　지지　않을　거야！
S1S:m22mes:10	m22mes.bin	10	0x07ED	dup=S1S:m01mes:121	大神さん……\n本当にごめんなさい……	오오가미　씨……\n정말　미안해요……
S1S:m22mes:11	m22mes.bin	11	0x07F9	dup=S1S:m01mes:122	わたくしの出番ですわね。	제　차례군요．
S1S:m22mes:12	m22mes.bin	12	0x07FA	dup=S1S:m01mes:123	オホホホホホ……	오호호호호호……
S1S:m22mes:13	m22mes.bin	13	0x07FB	dup=S1S:m01mes:124;gaiji=81B8	いきますわよ‼	갑니다‼
S1S:m22mes:14	m22mes.bin	14	0x07FC	dup=S1S:m01mes:125	今日のわたくしは\nあなたのために！	오늘의　저는\n당신을　위해！
S1S:m22mes:15	m22mes.bin	15	0x07FD	dup=S1S:m01mes:126	この程度では負けませんわ……	이　정도로는　지지　않아요……
S1S:m22mes:16	m22mes.bin	16	0x07FE	dup=S1S:m01mes:127	少尉……\nやはりわたくしのことを……	소위님……\n역시　저를……
S1S:m22mes:17	m22mes.bin	17	0x07FF	dup=S1S:m01mes:128	さっ、少尉の出番ですわよ！	자，　소위님　차례예요！
S1S:m22mes:18	m22mes.bin	18	0x0800	dup=S1S:m01mes:129	わたくしが見ていますわよ！	제가　보고　있어요！
S1S:m22mes:19	m22mes.bin	19	0x0801	dup=S1S:m01mes:130;gaiji=81B8	うわぁぁぁ……‼	우와아아아……‼
S1S:m22mes:20	m22mes.bin	20	0x0802	dup=S1S:m01mes:131	今日の所は\n負けておいてあげますわ！	오늘은\n져　드리도록　하죠！
S1S:m22mes:21	m22mes.bin	21	0x0803	dup=S1S:m01mes:132;gaiji=81B8	隊長には\nわたくしが必要ですのに‼	대장님께는\n제가　필요한데요‼
S1S:m22mes:22	m22mes.bin	22	0x080F	dup=S1S:m01mes:133	敵は私が倒すしかない！	적은　내가　쓰러뜨릴　수밖에！
S1S:m22mes:23	m22mes.bin	23	0x0810	dup=S1S:m01mes:134;gaiji=81AC	次の目標はどこ⁉	다음　목표는　어디⁉
S1S:m22mes:24	m22mes.bin	24	0x0811	dup=S1S:m01mes:135	死にたいなら、\n前にでなさい……	죽고　싶다면，\n앞으로　나와……
S1S:m22mes:25	m22mes.bin	25	0x0812	dup=S1S:m01mes:136	作戦指示を\nお願いします！	작전　지시를\n부탁합니다！
S1S:m22mes:26	m22mes.bin	26	0x0813	dup=S1S:m01mes:137;gaiji=81B8	まだよ‼　まだまだ‼	아직이야‼　아직　멀었어‼
S1S:m22mes:27	m22mes.bin	27	0x0814	dup=S1S:m05mes:27	わ、わたしなんかの為に……	저，　저　같은　사람을　위해……
S1S:m22mes:28	m22mes.bin	28	0x0815	dup=S1S:m01mes:139	頑張ってください……隊長！	힘내세요……　대장님！
S1S:m22mes:29	m22mes.bin	29	0x0816	dup=S1S:m01mes:140	隊長、生きて帰りましょう！	대장님，　살아서　돌아가요！
S1S:m22mes:30	m22mes.bin	30	0x0817	dup=S1S:m01mes:141	ああぁぁぁ……	아아아아……
S1S:m22mes:31	m22mes.bin	31	0x0818	dup=S1S:m01mes:142;gaiji=81B8	つ、強いわ‼\n撤退‼	강해‼\n후퇴‼
S1S:m22mes:32	m22mes.bin	32	0x0819	dup=S1S:m01mes:143	すみません隊長。\n撤退します！	미안해요，　대장님．\n후퇴하겠습니다！
S1S:m22mes:33	m22mes.bin	33	0x0827	dup=S1S:m01mes:144	アイリスだって、\nがんばるモン！	아이리스도\n힘낼　거야！
S1S:m22mes:34	m22mes.bin	34	0x0828	dup=S1S:m01mes:145	アイリス、いきまーす！	아이리스，　갑니다아！
S1S:m22mes:35	m22mes.bin	35	0x0829	dup=S1S:m01mes:146	アイリス、強いんだよぉ！	아이리스，　강하다구！
S1S:m22mes:36	m22mes.bin	36	0x082A	dup=S1S:m01mes:147;gaiji=81B8	アイリス、\nお兄ちゃんのために、頑張る‼	아이리스，\n오빠를　위해　힘낼게‼
S1S:m22mes:37	m22mes.bin	37	0x082B	dup=S1S:m01mes:148	なんか、\nバチバチいってるよ……	뭔가，\n파직파직　소리가　나……
S1S:m22mes:38	m22mes.bin	38	0x082C	dup=S1S:m01mes:149	お兄ちゃん、だーいすき！	오빠，　정말　좋아해！
S1S:m22mes:39	m22mes.bin	39	0x082D	dup=S1S:m01mes:150	お兄ちゃん！　ファイトッ！	오빠！　힘내！
S1S:m22mes:40	m22mes.bin	40	0x082E	dup=S1S:m01mes:151	アイリスが見てるからね！	아이리스가　보고　있으니까！
S1S:m22mes:41	m22mes.bin	41	0x082F	dup=S1S:m01mes:152	きゃあぁぁぁ……	꺄아아아……
S1S:m22mes:42	m22mes.bin	42	0x0830	dup=S1S:m01mes:153	お星様の……\nバカ……	별님……\n바보……
S1S:m22mes:43	m22mes.bin	43	0x0831	dup=S1S:m01mes:154	お兄ちゃん、ゴメンね……	오빠，　미안해……
S1S:m22mes:44	m22mes.bin	44	0x083D	dup=S1S:m01mes:155	ウチも\n頑張らせてもらうで～	나도\n힘낼게데이～
S1S:m22mes:45	m22mes.bin	45	0x083E	dup=S1S:m01mes:156	科学をなめたら、\nあかんでぇ～	과학을　얕보면，\n안　된데이～
S1S:m22mes:46	m22mes.bin	46	0x083F	dup=S1S:m01mes:157;gaiji=81B8	ほんなら、いくでー‼	그럼，　간다‼
S1S:m22mes:47	m22mes.bin	47	0x0840	dup=S1S:m01mes:158	ウチを見ててやー！	나를　봐　줘～！
S1S:m22mes:48	m22mes.bin	48	0x0841	dup=S1S:m01mes:159	ダメージ喰らいすぎや！	너무　많이　맞았데이！
S1S:m22mes:49	m22mes.bin	49	0x0842	dup=S1S:m01mes:160	ウチ感動や～！	나　감동했데이～！
S1S:m22mes:50	m22mes.bin	50	0x0843	dup=S1S:m01mes:161	ウチが応援してるでぇ～！	내가　응원하고　있데이～！
S1S:m22mes:51	m22mes.bin	51	0x0844	dup=S1S:m01mes:162	がんばってや！　大神はん！	힘내래이！　오오가미　씨！
S1S:m22mes:52	m22mes.bin	52	0x0845	dup=S1S:m01mes:163	うわあぁぁぁぁ……	으아아아아……
S1S:m22mes:53	m22mes.bin	53	0x0846	dup=S1S:m01mes:164	あちゃー……\nいかれた……	아차……\n망가졌어……
S1S:m22mes:54	m22mes.bin	54	0x0847	dup=S1S:m01mes:165	隊長はん、\n迷惑かけてすんまへん……	대장님，\n폐를　끼쳐서　미안하데이……
S1S:m22mes:55	m22mes.bin	55	0x0854	dup=S1S:m01mes:166;gaiji=81B8	よっしゃ！\nやってやるか‼	좋아！\n해　볼까‼
S1S:m22mes:56	m22mes.bin	56	0x0855	dup=S1S:m01mes:167	気合いを入れるぜ！\nチェストォォ！	기합을　넣자！\n체스토오오！
S1S:m22mes:57	m22mes.bin	57	0x0856	dup=S1S:m01mes:168	桐島流の奥義、見せてやるぜ！	키리시마류의　비기，　보여　주마！
S1S:m22mes:58	m22mes.bin	58	0x0857	dup=S1S:m01mes:169;gaiji=81B8	さぁ‼\n行こうぜ、隊長‼	자아‼\n가자，　대장‼
S1S:m22mes:59	m22mes.bin	59	0x0858	dup=S1S:m01mes:170;gaiji=81B8	だいじょうぶ！\nまだ平気だぜ‼	괜찮아！\n아직　문제없어‼
S1S:m22mes:60	m22mes.bin	60	0x0859	dup=S1S:m01mes:171	さんきゅ！　助かったぜ！	고마워！　살았다！
S1S:m22mes:61	m22mes.bin	61	0x085A	dup=S1S:m01mes:172	いこうぜ！　隊長！	가자！　대장！
S1S:m22mes:62	m22mes.bin	62	0x085B	dup=S1S:m01mes:173	隊長の力を見せてやれ！	대장의　힘을　보여　줘！
S1S:m22mes:63	m22mes.bin	63	0x085C	dup=S1S:m01mes:174	うあああぁぁぁぁ……	으아아아아……
S1S:m22mes:64	m22mes.bin	64	0x085D	dup=S1S:m01mes:175	くっ、\nまだまだ修行がたりない……	큭，\n아직　수련이　부족해……
S1S:m22mes:65	m22mes.bin	65	0x085E	dup=S1S:m01mes:176	隊長のために、\n戦わなくちゃ……	대장을　위해\n싸워야　해……
S1S:m22mes:66	m22mes.bin	66	0x096E	dup=S1A:0804tbl:180	よっしゃあ！	좋았어！
S1S:m22mes:67	m22mes.bin	67	0x0D0A	dup=S1S:m01mes:178	やったわ！	해냈어！
S1S:m22mes:68	m22mes.bin	68	0x0D0B	dup=S1S:m01mes:179	やりましたわ！	해냈어요！
S1S:m22mes:69	m22mes.bin	69	0x0D0C	dup=S1S:m01mes:180	ふっ！	후！
S1S:m22mes:70	m22mes.bin	70	0x0D0D	dup=S1S:m01mes:181	やったでー！	해냈데이！
S1S:m22mes:71	m22mes.bin	71	0x0D0E	dup=S1S:m01mes:182;gaiji=81B8	わーい　わーい‼	와아　와아‼
S1S:m22mes:72	m22mes.bin	72	0x0BD3	gaiji=81B8	かァァァァァァァっ‼	카아아아아아아앗‼
S1S:m22mes:73	m22mes.bin	73	0x0C1D		よくぞここまで\nたどりつくことができたな……\nほめてつかわそう……	여기까지　도달하다니\n훌륭하구나……\n칭찬해　주마……
S1S:m22mes:74	m22mes.bin	74	0x0C21	gaiji=81B8	待ちなさいっ‼	기다려‼
S1S:m22mes:75	m22mes.bin	75	0x0C22	gaiji=81B8	おほほほほ……‼\n勝ち誇るのは、少し早すぎてよ‼	오호호호호……‼\n승리를　자축하기엔　아직　일러요‼
S1S:m22mes:76	m22mes.bin	76	0x0C23		それはどうかしら？	글쎄，　어떨까？
S1S:m22mes:77	m22mes.bin	77	0x0C24	gaiji=81B8	待ちなさ～い‼	기다려어～‼
S1S:m22mes:78	m22mes.bin	78	0x0C25		ちょい待ち！\nウチらを忘れてへんか？	잠깐！\n우리를　잊은　거　아니야？
S1S:m22mes:79	m22mes.bin	79	0x0C26		そいつぁどうかな？	그건　어떨까？
S1S:m22mes:80	m22mes.bin	80	0x0C28	gaiji=81B8	ウガァァァァァァァ～‼	우가아아아아아아아～‼
S1S:m22mes:81	m22mes.bin	81	0x0C2B		フフフ……\n戦いはこれからだ、華撃団！	후후후……\n싸움은　이제부터다，　화격단！
S1S:m22mes:82	m22mes.bin	82	0x0C2C	dup=S1A:0502tbl:510;gaiji=81AC	なんですって⁉	뭐라고요⁉
S1S:m22mes:83	m22mes.bin	83	0x0C2D		魔界を統べる大いなる者たちよ！	마계를　다스리는　위대한　자들이여
S1S:m22mes:84	m22mes.bin	84	0x0C2E	gaiji=81B8	草木を焼き払い、大地を割り\n天空を引き裂く力を……\n我に与えたまえぇ～‼	초목을　태워　없애고　대지를\n가르며　하늘을　찢는　힘을……\n내게　내려　주소서어～‼
S1S:m22mes:85	m22mes.bin	85	0x0C2F	gaiji=81B8	見るがいい‼\n我が力をォォォォ‼	보아라‼\n나의　힘을오오오오‼
S1S:m22mes:86	m22mes.bin	86	0x0C30	gaiji=81AC	そ……そんなバカな……⁉	그……　그럴　리가……⁉
S1S:m22mes:87	m22mes.bin	87	0x0C31		イヤァ……！	싫어……！
S1S:m22mes:88	m22mes.bin	88	0x0C32		素晴らしい！\n全身にとめどない力が\n満ちてくるようだ！	훌륭하다！\n온몸에　끝없는　힘이\n차오르는　것　같군！
S1S:m22mes:89	m22mes.bin	89	0x0C33	gaiji=81B8	今度は我の番だ！　行くぞ！\nウオォォォォォ‼	이번에는　내　차례다！　간다！\n우오오오오오‼
S1S:m22mes:90	m22mes.bin	90	0x0C34		愛だの……正義だの……\nその様な、甘ったるいまやかしに\nうつつをぬかし！	사랑이니……　정의니……\n그런　달콤한　허상에\n정신을　팔다니！
S1S:m22mes:91	m22mes.bin	91	0x0C35		人の心の奥底に潜むものを忘れた\nお前達に、我が敗れるものか！	인간　마음　깊은　곳에　숨은　것을\n잊은　너희에게　질　리　없다！
S1S:m22mes:92	m22mes.bin	92	0x0C39	dup=S1A:0902tbl:548;gaiji=81AC	お兄ちゃん⁉	오빠⁉
S1S:m22mes:93	m22mes.bin	93	0x0C3A		おにいちゃぁぁぁぁぁ～ん！	오빠아아아아아아～！
S1S:m22mes:94	m22mes.bin	94	0x0C3B	dup=S1A:0902tbl:550;gaiji=81AC	隊長⁉	대장⁉
S1S:m22mes:95	m22mes.bin	95	0x0C3C		大神隊長ォォー！	오오가미　대장님！
S1S:m22mes:96	m22mes.bin	96	0x0C3D	gaiji=81AC	隊長はん⁉	대장님⁉
S1S:m22mes:97	m22mes.bin	97	0x0C3E		大神はぁぁーん！	오오가미　씨이이！
S1S:m22mes:98	m22mes.bin	98	0x0C3F	gaiji=81AC	少尉さん⁉	소위님⁉
S1S:m22mes:99	m22mes.bin	99	0x0C40		大神少尉ィィー！	오오가미　소위님이이！
S1S:m22mes:100	m22mes.bin	100	0x0C41	dup=S1A:0902tbl:550;gaiji=81AC	隊長⁉	대장⁉
S1S:m22mes:101	m22mes.bin	101	0x0C42		大神隊長ぉっ！	오오가미　대장님！
S1S:m22mes:102	m22mes.bin	102	0x0C43	dup=S1A:0502tbl:1010	隊長！	대장！
S1S:m22mes:103	m22mes.bin	103	0x0C44	gaiji=81B8	大神さぁぁぁん‼	오오가미　씨이이‼
S1S:m22mes:104	m22mes.bin	104	0x0C45	gaiji=81B8	ウギャァァァァァァァァァ‼	우기야아아아아아아아아아‼
S1S:m22mes:105	m22mes.bin	105	0x0C46		やったぁ～～～！	해냈다～～～！
S1S:m22mes:106	m22mes.bin	106	0x0C47	gaiji=81AC	ヌウゥゥゥグオォァァァ⁉\n……何という事だ⁉\n偉大なる我がこのような輩に！	누우우우그오오오⁉\n……대체　무슨　일이냐⁉\n위대한　내가　이런　놈들에게！
S1S:m22mes:107	m22mes.bin	107	0x0C48		グッ……そんな……バ、バカな！\nこの偉大なる我が……\nどうして！	큭……　어째서……　바，　바보\n같은！　이　위대한　내가……　왜！
S1S:m22mes:108	m22mes.bin	108	0x0C49	gaiji=81AC,81B8	な……何故⁉\n地は我を見捨てたもうたか‼	뭐……　뭐지⁉\n대지가　나를　버린　것인가‼
S1S:m22mes:109	m22mes.bin	109	0x085F		百年……	백　년……
S1S:m22mes:110	m22mes.bin	110	0x0860	gaiji=81B8	早いわ～っ‼	너무　일러‼
S1S:m22mes:111	m22mes.bin	111	0x08C6		千年……	천　년……
S1S:m22mes:112	m22mes.bin	112	0x0863	gaiji=81B8	こざかしい‼	건방지군‼
S1S:m22mes:113	m22mes.bin	113	0x2710		黒之巣会首領天海……！	흑지소회　수령　텐카이……！
S1S:m22mes:114	m22mes.bin	114	0x2711		帝都の……\nいや、この地上の全ての\n善なる者になりかわり、	제도의……\n아니，　이　지상의　모든\n선한　자들을　대신하여，
S1S:m22mes:115	m22mes.bin	115	0x2712	gaiji=81B8	貴様の命……\nここでもらい受ける‼	네놈의　목숨……\n여기서　받아　가마‼
S1S:m22mes:116	m22mes.bin	116	0x2713		終わった……	끝났다……
S1S:m22mes:117	m22mes.bin	117	0x2714	dup=S1A:0901tbl:46;gaiji=81B8	……‼	……‼
S1S:m22mes:118	m22mes.bin	118	0x2715	gaiji=81AC	なんだと⁉	뭐라고⁉
S1S:m22mes:119	m22mes.bin	119	0x2716		みんな……\n無事だったのか！	모두……\n무사했구나！
S1S:m22mes:120	m22mes.bin	120	0x2717		今のうちです！\n回復して下さい！	지금이　기회예요！\n회복하세요！
S1S:m22mes:121	m22mes.bin	121	0x2718		今のうちですわ！\n回復してください！	지금이　기회예요！\n회복하세요！
S1S:m22mes:122	m22mes.bin	122	0x2719		今のうちよ！\n回復して！	지금이야！\n회복해！
S1S:m22mes:123	m22mes.bin	123	0x271A		いまのうちだよー！\nみんな回復してよ！	지금이야ー！\n모두　회복해！
S1S:m22mes:124	m22mes.bin	124	0x271B		今のうちやで！\nみんな回復しいや！	지금이데이！\n모두　회복하래이！
S1S:m22mes:125	m22mes.bin	125	0x271C		今だぜ！\n回復するんだ！	지금이다！\n회복해！
S1S:m22mes:126	m22mes.bin	126	0x271D		？	？
S1S:m22mes:127	m22mes.bin	127	0x271E		天海は、貫通攻撃が主体よ。\n一直線上に並ばないように\nしたほうがいいわ。	텐카이는　관통　공격이　주력이야．\n일직선상에　늘어서지　않는　게\n좋겠어．
S1S:m22mes:128	m22mes.bin	128	0x271F		かわせない魔術に対しては\n防御で対抗するしかないわ！	피할　수　없는　마술에는\n방어로　맞설　수밖에　없어！
S1S:m22mes:129	m22mes.bin	129	0x2720	gaiji=81B8	人数が少ないから\n時間をかけては不利よ。\n必殺技を多用して早期決着よ‼	인원이　적으니　시간을　끌면\n불리해．　필살기를　많이　써서\n조기　결판이야‼
S1S:m22mes:130	m22mes.bin	130	0x2721		天海の必殺攻撃は広範囲だわ。\n気合いがたまってきたら\n注意したほうがいいわ。	텐카이의　필살　공격은　범위가\n넓어．　기합이　쌓이기　시작하면\n주의하는　게　좋아．
S1S:m22mes:131	m22mes.bin	131	0x2722		ものすごい妖気だ！\nまずい……今の戦力では……	엄청난　요기다！\n큰일이야……　지금　전력으로는……
S1S:m22mes:133	m22mes.bin	133	0x2724	gaiji=81B8	うおぉぉぉ‼	우오오오오‼
S1S:m22mes:134	m22mes.bin	134	0x2725		くそぉ、\nもう復活させてなるか！	젠장，\n다시는　부활하게　둘까　보냐！
S1S:m22mes:135	m22mes.bin	135	0x2726	gaiji=81B8	ヤツを……\n天海をこの世から\n消し去るんだぁっ‼	놈을……\n텐카이를　이　세상에서\n없애　버리는　거야아‼
S1S:m22mes:136	m22mes.bin	136	0x2727	gaiji=81B8	くらえ、天海！\nこれが正義の力だぁぁぁ‼	받아라，　텐카이！\n이것이　정의의　힘이다아아아‼
S1S:m22mes:137	m22mes.bin	137	0x2774		ぐぐぅ……\nムダだ、我は何度でも……\n何度でも……よみがえるぞ……！	그그……　소용없다，　나는　몇\n번이고……　몇　번이고……\n되살아날　것이다……！
S1S:m22mes:138	m22mes.bin	138	0x3A98	dup=S1S:m11mes:139	さくらは大神くんをこころから\n信頼しているわ。気合い十分の時\nいっしょに攻撃してみて。	사쿠라는　오오가미　군을　진심으로\n믿고　있어．　기합이　충분할　때\n함께　공격해　봐．
S1S:m22mes:139	m22mes.bin	139	0x3A99	dup=S1S:m11mes:140	すみれは大神くんをこころから\n信頼しているわ。気合い十分の時\nいっしょに攻撃してみて。	스미레는　오오가미　군을　진심으로\n믿고　있어．　기합이　충분할　때\n함께　공격해　봐．
S1S:m22mes:140	m22mes.bin	140	0x3A9A	dup=S1S:m11mes:141	マリアは大神くんをこころから\n信頼しているわ。気合い十分の時\nいっしょに攻撃してみて。	마리아는　오오가미　군을　진심으로\n믿고　있어．　기합이　충분할　때\n함께　공격해　봐．
S1S:m22mes:141	m22mes.bin	141	0x3A9B	dup=S1S:m11mes:142	アイリスは大神くんをこころから\n信頼しているわ。気合い十分の時\nいっしょに攻撃してみて。	아이리스는　오오가미　군을\n진심으로　믿고　있어．　기합이\n충분할　때　함께　공격해　봐．
S1S:m22mes:142	m22mes.bin	142	0x3A9C	dup=S1S:m11mes:143	カンナは大神くんをこころから\n信頼しているわ。気合い十分の時\nいっしょに攻撃してみて。	칸나는　오오가미　군을　진심으로\n믿고　있어．　기합이　충분할　때\n함께　공격해　봐．
S1S:m22mes:143	m22mes.bin	143	0x3A9D	dup=S1S:m11mes:144	紅蘭は大神くんをこころから\n信頼しているわ。気合い十分の時\nいっしょに攻撃してみて。	코란은　오오가미　군을　진심으로\n믿고　있어．　기합이　충분할　때\n함께　공격해　봐．
S1S:m22mes:144	m22mes.bin	144	0x4E16	dup=S1S:m01mes:81	みんな、俺が守らなくても\nだいじょうぶだな。	모두，　내가　지키지　않아도\n괜찮겠군．
S1S:m22mes:145	m22mes.bin	145	0x4E17	dup=S1S:m01mes:82	さくらくん……\n俺は必ず、きみを守る！	사쿠라　군……\n나는　반드시，　그대를　지키겠어！
S1S:m22mes:146	m22mes.bin	146	0x4E18	dup=S1S:m01mes:83	すみれくん……\n俺がいつでも守ってやるよ。	스미레　군……\n내가　언제든　지켜　주지．
S1S:m22mes:147	m22mes.bin	147	0x4E19	dup=S1S:m01mes:84	マリア……\nきみの背中を守らせてくれ。	마리아……\n네　뒤를　지키게　해　줘．
S1S:m22mes:148	m22mes.bin	148	0x4E1A	dup=S1S:m01mes:85	いつでも、アイリスのことを\n守ってあげるよ。	언제든　아이리스를\n지켜　줄게．
S1S:m22mes:149	m22mes.bin	149	0x4E1B	dup=S1S:m01mes:86	紅蘭は俺が守る！\nだから、心配するな！	코란은　내가　지킨다！\n그러니　걱정　마！
S1S:m22mes:150	m22mes.bin	150	0x4E1C	dup=S1S:m01mes:87	カンナ！\n防御なら俺にまかせろ！	칸나！\n방어라면　나한테　맡겨！
S1S:m22mes:151	m22mes.bin	151	0xEA60	gaiji=81AC	叉丹！　叉丹はどこじゃ！\nこんなときにどこへ⁉	사탄！　사탄은　어디　있느냐！\n이런　때에　어디로⁉
S1S:m22mes:152	m22mes.bin	152	0x003C	dup=S1S:m01mes:111	あたしが、頑張んなきゃ！	내가　힘내야　해！
S1S:m23mes:0	m23mes.bin	0	0x0C81	dup=S1A:0109tbl:81	カンナ……	칸나……
S1S:m23mes:1	m23mes.bin	1	0x0C84	dup=S1A:0100tbl:142	……	……
S1S:m23mes:2	m23mes.bin	2	0x0C85	dup=S1A:0100tbl:142	……	……
S1S:m23mes:3	m23mes.bin	3	0x0C88	dup=S1A:0101tbl:134	さくらくん……	사쿠라　군……
S1S:m23mes:4	m23mes.bin	4	0x0561	dup=S1S:m18mes:0	猪！	이노시시！
S1S:m23mes:5	m23mes.bin	5	0x0562	dup=S1S:m18mes:1	鹿！	시카！
S1S:m23mes:6	m23mes.bin	6	0x0563	dup=S1S:m18mes:2	蝶！	초！
S1S:m23mes:7	m23mes.bin	7	0x0564	dup=S1S:m18mes:3;gaiji=81B8	今こそ、我ら甦り‼\n我ら『黄昏の三騎士』‼	지금이야말로　우리　부활‼\n우리　『황혼의　삼기사』‼
S1S:m23mes:8	m23mes.bin	8	0x0C79		おやじ……大神隊長……\n一発でいい、あたいに力をくれ\n……最後の力を……	아버지……　오오가미　대장……\n한　번이면　돼，　내게　힘을　줘\n……마지막　힘을……
S1S:m23mes:9	m23mes.bin	9	0x0C7A	dup=S1S:m18mes:5	風よ……\n自由にして自在なる\n天空の王者よ……	바람이여……\n자유롭고　자재한\n하늘의　왕자여……
S1S:m23mes:10	m23mes.bin	10	0x1388	dup=S1S:m18mes:6;gaiji=81B8	今こそ我が命を糧として……\n吠えろ！　猛れ！\n空に舞い、天を駆けろ‼	이제　내　목숨을　양식　삼아……\n울부짖어라！　사납게　날뛰어라！\n하늘에　춤추고　내달려라‼
S1S:m23mes:11	m23mes.bin	11	0x0C7B	gaiji=81B8	ウオォォォォォ！\nこれで最後だあ‼	우오오오오오！\n이게　마지막이다‼
S1S:m23mes:12	m23mes.bin	12	0x0C7C	dup=S1S:m18mes:8;gaiji=81B8	見せてやるぜ！\n桐島流最終奥義\n四方攻相君ーーーっ‼	보여　주마！\n키리시마류　최종오의\n사방공상군ーーー‼
S1S:m23mes:13	m23mes.bin	13	0x0C7D	dup=S1S:m18mes:9	お父さん……大神隊長……\n一度でいい、私に力をください\n……最後の力を……	아버지……　오오가미　대장……\n한　번만，　제게　힘을　주세요\n……마지막　힘을……
S1S:m23mes:14	m23mes.bin	14	0x0C7E	dup=S1S:m18mes:10	剣の極意……そは瞬息……\n心気力の一致！\n敵は、心眼で斬る！	검의　극의……　그것은　순간의\n호흡……　심기력의　일치！　적은\n심안으로　베어라！
S1S:m23mes:15	m23mes.bin	15	0x0C80	dup=S1S:m18mes:11;gaiji=81B8	破邪剣征・百花繚乱‼	파사검정・백화요란‼
S1S:m23mes:16	m23mes.bin	16	0x0C82	dup=S1S:m18mes:12	……ひっく……カンナぁ……	……흑……　칸나아……
S1S:m23mes:17	m23mes.bin	17	0x0C83	dup=S1S:m18mes:13;gaiji=81B8	カンナさん……‼	칸나　씨……‼
S1S:m23mes:18	m23mes.bin	18	0x0C86	dup=S1S:m18mes:14	さ、最後の最後まで勝手ばっかり\n……最低のヤボですわ……\n最低の……	마，　마지막　순간까지\n제멋대로만……　……최악의\n촌뜨기예요……　최악의……
S1S:m23mes:19	m23mes.bin	19	0x0C87	dup=S1S:m18mes:15;gaiji=81B8	さくら……‼	사쿠라……‼
S1S:m23mes:20	m23mes.bin	20	0x0C89	dup=S1S:m18mes:16	うっ、う……さくらぁ……	흑，　으……　사쿠라아……
S1S:m23mes:21	m23mes.bin	21	0x0C8A	dup=S1A:0100tbl:142	……	……
S1S:m23mes:22	m23mes.bin	22	0x0C8B	dup=S1S:m18mes:18	さ、さくらはん……\nそんな……うそやろ？	사，　사쿠라　씨……\n그럴　수가……　거짓말이지？
S1S:m23mes:23	m23mes.bin	23	0x0C8C	dup=S1S:m18mes:19	さ、最後の最後まで勝手ばっかり\n……最低のヤボですわ……\n最低ですわ……さくら……さん。	마，　마지막　순간까지　제멋대로만\n……최악의　촌뜨기예요……　정말\n최악이에요……　사쿠라……　씨．
S1S:m23mes:24	m23mes.bin	24	0x0C8D	dup=S1S:m18mes:20	おととい、いらっしゃい！\n三下！	다시는　오지　마라！\n삼류야！
S1S:m23mes:25	m23mes.bin	25	0x0C8E		グアァァァァァッ！	그아아아아앗！
S1S:m23mes:26	m23mes.bin	26	0x0C8F	dup=S1S:m18mes:22	は、離せ！\nこのまま落ちれば貴様も！	놔，　놔라！\n이대로　떨어지면　너도！
S1S:m23mes:27	m23mes.bin	27	0x0C90	dup=S1S:m18mes:23	……それが……何ですの？	……그래서……　어쩌라고요？
S1S:m23mes:28	m23mes.bin	28	0x0C91	dup=S1S:m18mes:24	三下と相打ちなんて……\nわれながら……最低ですわね……	삼류와　동귀어진이라니……\n나로서도……　최악이네요……
S1S:m23mes:29	m23mes.bin	29	0x0C92	dup=S1S:m18mes:25	少尉さん……みなさん……\nカーテンコールは……\n頼みますわ……	소위님……　여러분……\n커튼콜은……\n부탁드려요……
S1S:m23mes:30	m23mes.bin	30	0x0C93	dup=S1S:m18mes:26	あたしを、甘く見ないで！	나를　얕보지　마！
S1S:m23mes:31	m23mes.bin	31	0x0C96	dup=S1S:m18mes:27	かまわないわ！	상관없어！
S1S:m23mes:32	m23mes.bin	32	0x0C97	dup=S1S:m18mes:28	大神さん……さようなら……	오오가미　씨……　안녕……
S1S:m23mes:33	m23mes.bin	33	0x0C99	dup=S1S:m18mes:29	すみれはん……	스미레　씨……
S1S:m23mes:34	m23mes.bin	34	0x0C9A	dup=S1S:m18mes:30	うっ……うっうっ……	흑……　흐흑……
S1S:m23mes:35	m23mes.bin	35	0x0C9C	dup=S1S:m18mes:31	すみれさんっ！\nもうケンカできないなんて\nあたしイヤよ……	스미레　씨！\n이제　싸울　수　없다니\n싫어요……
S1S:m23mes:36	m23mes.bin	36	0x0C9D	dup=S1S:m18mes:32	……さくらさんっ！\nもうケンカできないなんて\n許しませんことよ……！	……사쿠라　씨！\n이제　싸울　수　없다니\n용서하지　않겠어요……！
S1S:m23mes:37	m23mes.bin	37	0x0C9E	dup=S1S:m18mes:33	バカだぜ……お嬢様が……\nヒロインぶって……\nカッコつけやがって！	바보군……　아가씨가……\n히로인인　척……\n멋　부리긴！
S1S:m23mes:38	m23mes.bin	38	0x0C9F		うわあぁぁぁぁっ！	으아아아아앗！
S1S:m23mes:39	m23mes.bin	39	0x0CA0	dup=S1S:m18mes:35;gaiji=81B8	なんや！　これくらい‼	뭐야！　이　정도쯤‼
S1S:m23mes:40	m23mes.bin	40	0x0CA1	dup=S1S:m18mes:36;gaiji=81B8	ウチの居場所！\nウチの未来！\nウチの夢‼	내　있을　곳！\n내　미래！\n내　꿈‼
S1S:m23mes:41	m23mes.bin	41	0x0CA2	dup=S1S:m18mes:37	帝国華撃団・花組を\nナメたらあかんで！	제국화격단・화조를\n얕보면　안　된데이！
S1S:m23mes:42	m23mes.bin	42	0x0CA3	dup=S1S:m18mes:38	ウチの科学力の勝ちや！	내　과학력의　승리데이！
S1S:m23mes:43	m23mes.bin	43	0x0CA4	dup=S1S:m18mes:39	あぁっ！	아앗！
S1S:m23mes:44	m23mes.bin	44	0x0CA5	dup=S1S:m18mes:40;gaiji=81B8	私の居場所！\n私の未来！\n私の夢‼	내　있을　곳！\n내　미래！\n내　꿈‼
S1S:m23mes:45	m23mes.bin	45	0x0CA6	dup=S1S:m18mes:28	大神さん……さようなら……	오오가미　씨……　안녕……
S1S:m23mes:46	m23mes.bin	46	0x0CA8	dup=S1S:m18mes:42	もう……イヤだよ……	이제……　싫어……
S1S:m23mes:47	m23mes.bin	47	0x0CA9	dup=S1S:m18mes:43;gaiji=81B8	紅蘭！　紅蘭‼	코란！　코란‼
S1S:m23mes:48	m23mes.bin	48	0x0CAA	dup=S1S:m18mes:44	さくらはん……	사쿠라　씨……
S1S:m23mes:49	m23mes.bin	49	0x0CAB	dup=S1A:0109tbl:98	紅蘭……	코란……
S1S:m23mes:50	m23mes.bin	50	0x0CAC	dup=S1S:m18mes:46	紅蘭……\nあなたまでいなくなって……	코란……\n너까지　없어져　버리고……
S1S:m23mes:51	m23mes.bin	51	0x0CAD	dup=S1S:m18mes:47	……負けない……もん……\n絶対！　負けないもん……	……안　져……\n절대로！　안　질　거야……
S1S:m23mes:52	m23mes.bin	52	0x0CAE	dup=S1S:m18mes:48;gaiji=81B8	お兄ちゃんを……アイリスが……\nお兄ちゃんを……絶対……\n守るんだから‼	오빠를……　아이리스가……\n오빠를……　반드시……\n지킬　거야‼
S1S:m23mes:53	m23mes.bin	53	0x0CAF	dup=S1S:m18mes:49;gaiji=81B8	はなせ！\n私を殺すと爆発するのよ‼	놔！\n나를　죽이면　폭발한다고‼
S1S:m23mes:54	m23mes.bin	54	0x0CB0	dup=S1S:m18mes:50	ありがとう、アイリス……	고마워，　아이리스……
S1S:m23mes:55	m23mes.bin	55	0x0CB4	dup=S1S:m18mes:51	ありがとう、アイリス！	고마워，　아이리스！
S1S:m23mes:56	m23mes.bin	56	0x0CB5	dup=S1S:m18mes:52;gaiji=81B8	ま……負けないわ……\n絶対！　負けないわ‼	지……　지지　않아……\n절대로！　절대　안　져‼
S1S:m23mes:57	m23mes.bin	57	0x0CB6	dup=S1S:m18mes:53;gaiji=81B8	大神さんを……私が……\n大神さんを……絶対！\n守るわ‼	오오가미　씨를……　내가……\n오오가미　씨를……　반드시！\n지킬　거야‼
S1S:m23mes:58	m23mes.bin	58	0x0CB8	dup=S1S:m18mes:54	ありがとう、さくら……	고마워，　사쿠라……
S1S:m23mes:59	m23mes.bin	59	0x0CB9	dup=S1A:1002tbl:49	みんな……	여러분……
S1S:m23mes:60	m23mes.bin	60	0x0CBA	dup=S1S:m18mes:56	みなさん……	여러분……
S1S:m23mes:61	m23mes.bin	61	0x0CBB	dup=S1A:1002tbl:49	みんな……	여러분……
S1S:m23mes:62	m23mes.bin	62	0x0CBC	dup=S1A:1002tbl:49	みんな……	여러분……
S1S:m23mes:63	m23mes.bin	63	0x0CBD	dup=S1A:1002tbl:49	みんな……	여러분……
S1S:m23mes:64	m23mes.bin	64	0x0CBE	dup=S1A:1002tbl:49	みんな……	여러분……
S1S:m23mes:65	m23mes.bin	65	0x2710		まったく……このわたくしを\n待たせるだなんて、\nなんて失礼な人なんですの！	정말이지……　이　나를\n기다리게　하다니，\n정말　무례한　사람이군요！
S1S:m23mes:66	m23mes.bin	66	0x271A		遅れてすまねぇな！\n貴様らの仲間の茶番が、\nずいぶんと長引いてな！	늦어서　미안하군！\n네놈들　동료의　연극이\n꽤　길어져서　말이다！
S1S:m23mes:67	m23mes.bin	67	0x2724	gaiji=81AC	ち……茶番ですって⁉	연……　연극이라고요⁉
S1S:m23mes:68	m23mes.bin	68	0x272E		ケケケケケケ……	케케케케케케……
S1S:m23mes:69	m23mes.bin	69	0x2738		あぁ……	아아……
S1S:m23mes:70	m23mes.bin	70	0x2742		相手にならんな……\nさて、残りの奴らも\n始末してやろう。	상대가　안　되는군……\n자，　남은　놈들도\n처리해　주마．
S1S:m23mes:71	m23mes.bin	71	0x4E16	dup=S1S:m01mes:81	みんな、俺が守らなくても\nだいじょうぶだな。	모두，　내가　지키지　않아도\n괜찮겠군．
S1S:m23mes:72	m23mes.bin	72	0x4E17	dup=S1S:m01mes:82	さくらくん……\n俺は必ず、きみを守る！	사쿠라　군……\n나는　반드시，　그대를　지키겠어！
S1S:m23mes:73	m23mes.bin	73	0x4E18	dup=S1S:m01mes:83	すみれくん……\n俺がいつでも守ってやるよ。	스미레　군……\n내가　언제든　지켜　주지．
S1S:m23mes:74	m23mes.bin	74	0x4E19	dup=S1S:m01mes:84	マリア……\nきみの背中を守らせてくれ。	마리아……\n네　뒤를　지키게　해　줘．
S1S:m23mes:75	m23mes.bin	75	0x4E1A	dup=S1S:m01mes:85	いつでも、アイリスのことを\n守ってあげるよ。	언제든　아이리스를\n지켜　줄게．
S1S:m23mes:76	m23mes.bin	76	0x4E1B	dup=S1S:m01mes:86	紅蘭は俺が守る！\nだから、心配するな！	코란은　내가　지킨다！\n그러니　걱정　마！
S1S:m23mes:77	m23mes.bin	77	0x4E1C	dup=S1S:m01mes:87	カンナ！\n防御なら俺にまかせろ！	칸나！\n방어라면　나한테　맡겨！
S1S:m23mes:78	m23mes.bin	78	0x4E20		カンナさん……	칸나　씨……
S1S:m23mes:79	m23mes.bin	79	0x4E2A	dup=S1S:m23mes:67;gaiji=81AC	ち……茶番ですって⁉	연……　연극이라고요⁉
S1S:m23mes:80	m23mes.bin	80	0x4E34	dup=S1A:0502tbl:734	ああっ！	아앗！
S1S:m23mes:81	m23mes.bin	81	0x9CA4		時間がありません……\n先を急ぎましょう、隊長。	시간이　없어요……\n서두르죠，　대장．
S1S:m23mes:82	m23mes.bin	82	0x9D08		……みんな、行くぞ！	……모두，　가자！
S1S:m23mes:83	m23mes.bin	83	0x0000	dup=S1A:0109tbl:81	カンナ……	칸나……
S1S:m24mes:0	m24mes.bin	0	0x0C98	gaiji=81B8	すみれくん……‼	스미레　군……‼
S1S:m24mes:1	m24mes.bin	1	0x0C9B	dup=S1A:0100tbl:142	……	……
S1S:m24mes:2	m24mes.bin	2	0x0C88	dup=S1A:0101tbl:134	さくらくん……	사쿠라　군……
S1S:m24mes:3	m24mes.bin	3	0x0C8A	dup=S1A:0100tbl:142	……	……
S1S:m24mes:4	m24mes.bin	4	0x0561	dup=S1S:m18mes:0	猪！	이노시시！
S1S:m24mes:5	m24mes.bin	5	0x0562	dup=S1S:m18mes:1	鹿！	시카！
S1S:m24mes:6	m24mes.bin	6	0x0563	dup=S1S:m18mes:2	蝶！	초！
S1S:m24mes:7	m24mes.bin	7	0x0564	dup=S1S:m18mes:3;gaiji=81B8	今こそ、我ら甦り‼\n我ら『黄昏の三騎士』‼	지금이야말로　우리　부활‼\n우리　『황혼의　삼기사』‼
S1S:m24mes:8	m24mes.bin	8	0x0C79	dup=S1S:m23mes:8	おやじ……大神隊長……\n一発でいい、あたいに力をくれ\n……最後の力を……	아버지……　오오가미　대장……\n한　번이면　돼，　내게　힘을　줘\n……마지막　힘을……
S1S:m24mes:9	m24mes.bin	9	0x0C7A	dup=S1S:m18mes:5	風よ……\n自由にして自在なる\n天空の王者よ……	바람이여……\n자유롭고　자재한\n하늘의　왕자여……
S1S:m24mes:10	m24mes.bin	10	0x1388	dup=S1S:m18mes:6;gaiji=81B8	今こそ我が命を糧として……\n吠えろ！　猛れ！\n空に舞い、天を駆けろ‼	이제　내　목숨을　양식　삼아……\n울부짖어라！　사납게　날뛰어라！\n하늘에　춤추고　내달려라‼
S1S:m24mes:11	m24mes.bin	11	0x0C7B	dup=S1S:m23mes:11;gaiji=81B8	ウオォォォォォ！\nこれで最後だあ‼	우오오오오오！\n이게　마지막이다‼
S1S:m24mes:12	m24mes.bin	12	0x0C7C	dup=S1S:m18mes:8;gaiji=81B8	見せてやるぜ！\n桐島流最終奥義\n四方攻相君ーーーっ‼	보여　주마！\n키리시마류　최종오의\n사방공상군ーーー‼
S1S:m24mes:13	m24mes.bin	13	0x0C7D	dup=S1S:m18mes:9	お父さん……大神隊長……\n一度でいい、私に力をください\n……最後の力を……	아버지……　오오가미　대장……\n한　번만，　제게　힘을　주세요\n……마지막　힘을……
S1S:m24mes:14	m24mes.bin	14	0x0C7E	dup=S1S:m18mes:10	剣の極意……そは瞬息……\n心気力の一致！\n敵は、心眼で斬る！	검의　극의……　그것은　순간의\n호흡……　심기력의　일치！　적은\n심안으로　베어라！
S1S:m24mes:15	m24mes.bin	15	0x0C80	dup=S1S:m18mes:11;gaiji=81B8	破邪剣征・百花繚乱‼	파사검정・백화요란‼
S1S:m24mes:16	m24mes.bin	16	0x0C82	dup=S1S:m18mes:12	……ひっく……カンナぁ……	……흑……　칸나아……
S1S:m24mes:17	m24mes.bin	17	0x0C83	dup=S1S:m18mes:13;gaiji=81B8	カンナさん……‼	칸나　씨……‼
S1S:m24mes:18	m24mes.bin	18	0x0C86	dup=S1S:m18mes:14	さ、最後の最後まで勝手ばっかり\n……最低のヤボですわ……\n最低の……	마，　마지막　순간까지\n제멋대로만……　……최악의\n촌뜨기예요……　최악의……
S1S:m24mes:19	m24mes.bin	19	0x0C87	dup=S1S:m18mes:15;gaiji=81B8	さくら……‼	사쿠라……‼
S1S:m24mes:20	m24mes.bin	20	0x0C89	dup=S1S:m18mes:16	うっ、う……さくらぁ……	흑，　으……　사쿠라아……
S1S:m24mes:21	m24mes.bin	21	0x0C8A	dup=S1A:0100tbl:142	……	……
S1S:m24mes:22	m24mes.bin	22	0x0C8B	dup=S1S:m18mes:18	さ、さくらはん……\nそんな……うそやろ？	사，　사쿠라　씨……\n그럴　수가……　거짓말이지？
S1S:m24mes:23	m24mes.bin	23	0x0C8C	dup=S1S:m18mes:19	さ、最後の最後まで勝手ばっかり\n……最低のヤボですわ……\n最低ですわ……さくら……さん。	마，　마지막　순간까지　제멋대로만\n……최악의　촌뜨기예요……　정말\n최악이에요……　사쿠라……　씨．
S1S:m24mes:24	m24mes.bin	24	0x0C8D	dup=S1S:m18mes:20	おととい、いらっしゃい！\n三下！	다시는　오지　마라！\n삼류야！
S1S:m24mes:25	m24mes.bin	25	0x0C8E	dup=S1S:m23mes:25	グアァァァァァッ！	그아아아아앗！
S1S:m24mes:26	m24mes.bin	26	0x0C8F	dup=S1S:m18mes:22	は、離せ！\nこのまま落ちれば貴様も！	놔，　놔라！\n이대로　떨어지면　너도！
S1S:m24mes:27	m24mes.bin	27	0x0C90	dup=S1S:m18mes:23	……それが……何ですの？	……그래서……　어쩌라고요？
S1S:m24mes:28	m24mes.bin	28	0x0C91	dup=S1S:m18mes:24	三下と相打ちなんて……\nわれながら……最低ですわね……	삼류와　동귀어진이라니……\n나로서도……　최악이네요……
S1S:m24mes:29	m24mes.bin	29	0x0C92	dup=S1S:m18mes:25	少尉さん……みなさん……\nカーテンコールは……\n頼みますわ……	소위님……　여러분……\n커튼콜은……\n부탁드려요……
S1S:m24mes:30	m24mes.bin	30	0x0C93	dup=S1S:m18mes:26	あたしを、甘く見ないで！	나를　얕보지　마！
S1S:m24mes:31	m24mes.bin	31	0x0C96	dup=S1S:m18mes:27	かまわないわ！	상관없어！
S1S:m24mes:32	m24mes.bin	32	0x0C97	dup=S1S:m18mes:28	大神さん……さようなら……	오오가미　씨……　안녕……
S1S:m24mes:33	m24mes.bin	33	0x0C99	dup=S1S:m18mes:29	すみれはん……	스미레　씨……
S1S:m24mes:34	m24mes.bin	34	0x0C9A	dup=S1S:m18mes:30	うっ……うっうっ……	흑……　흐흑……
S1S:m24mes:35	m24mes.bin	35	0x0C9C	dup=S1S:m18mes:31	すみれさんっ！\nもうケンカできないなんて\nあたしイヤよ……	스미레　씨！\n이제　싸울　수　없다니\n싫어요……
S1S:m24mes:36	m24mes.bin	36	0x0C9D	dup=S1S:m18mes:32	……さくらさんっ！\nもうケンカできないなんて\n許しませんことよ……！	……사쿠라　씨！\n이제　싸울　수　없다니\n용서하지　않겠어요……！
S1S:m24mes:37	m24mes.bin	37	0x0C9E	dup=S1S:m18mes:33	バカだぜ……お嬢様が……\nヒロインぶって……\nカッコつけやがって！	바보군……　아가씨가……\n히로인인　척……\n멋　부리긴！
S1S:m24mes:38	m24mes.bin	38	0x0C9F	dup=S1S:m23mes:38	うわあぁぁぁぁっ！	으아아아아앗！
S1S:m24mes:39	m24mes.bin	39	0x0CA0	dup=S1S:m18mes:35;gaiji=81B8	なんや！　これくらい‼	뭐야！　이　정도쯤‼
S1S:m24mes:40	m24mes.bin	40	0x0CA1	dup=S1S:m18mes:36;gaiji=81B8	ウチの居場所！\nウチの未来！\nウチの夢‼	내　있을　곳！\n내　미래！\n내　꿈‼
S1S:m24mes:41	m24mes.bin	41	0x0BB8	gaiji=81B8	やっと手に入れた大事な……\n大事なウチの宝物や！\nぶっ壊されてたまるかいな‼	겨우　손에　넣은　소중한……\n소중한　내　보물이야！\n부서지게　둘　수는　없데이‼
S1S:m24mes:42	m24mes.bin	42	0x0CA2	dup=S1S:m18mes:37	帝国華撃団・花組を\nナメたらあかんで！	제국화격단・화조를\n얕보면　안　된데이！
S1S:m24mes:43	m24mes.bin	43	0x0CA3	dup=S1S:m18mes:38	ウチの科学力の勝ちや！	내　과학력의　승리데이！
S1S:m24mes:44	m24mes.bin	44	0x0CA4	dup=S1S:m18mes:39	あぁっ！	아앗！
S1S:m24mes:45	m24mes.bin	45	0x0CA5	dup=S1S:m18mes:40;gaiji=81B8	私の居場所！\n私の未来！\n私の夢‼	내　있을　곳！\n내　미래！\n내　꿈‼
S1S:m24mes:46	m24mes.bin	46	0x0BBD	gaiji=81B8	やっと手に入れた大事な……\n大事な私の宝物！\n失ってたまるものですか‼	겨우　손에　넣은　소중한……\n소중한　내　보물！\n잃을　수는　없어요‼
S1S:m24mes:47	m24mes.bin	47	0x0CA6	dup=S1S:m18mes:28	大神さん……さようなら……	오오가미　씨……　안녕……
S1S:m24mes:48	m24mes.bin	48	0x0CA8	dup=S1S:m18mes:42	もう……イヤだよ……	이제……　싫어……
S1S:m24mes:49	m24mes.bin	49	0x0CA9	dup=S1S:m18mes:43;gaiji=81B8	紅蘭！　紅蘭‼	코란！　코란‼
S1S:m24mes:50	m24mes.bin	50	0x0CAA	dup=S1S:m18mes:44	さくらはん……	사쿠라　씨……
S1S:m24mes:51	m24mes.bin	51	0x0CAB	dup=S1A:0109tbl:98	紅蘭……	코란……
S1S:m24mes:52	m24mes.bin	52	0x0CAC	dup=S1S:m18mes:46	紅蘭……\nあなたまでいなくなって……	코란……\n너까지　없어져　버리고……
S1S:m24mes:53	m24mes.bin	53	0x0CAD	dup=S1S:m18mes:47	……負けない……もん……\n絶対！　負けないもん……	……안　져……\n절대로！　안　질　거야……
S1S:m24mes:54	m24mes.bin	54	0x0CAE	dup=S1S:m18mes:48;gaiji=81B8	お兄ちゃんを……アイリスが……\nお兄ちゃんを……絶対……\n守るんだから‼	오빠를……　아이리스가……\n오빠를……　반드시……\n지킬　거야‼
S1S:m24mes:55	m24mes.bin	55	0x0CAF	dup=S1S:m18mes:49;gaiji=81B8	はなせ！\n私を殺すと爆発するのよ‼	놔！\n나를　죽이면　폭발한다고‼
S1S:m24mes:56	m24mes.bin	56	0x0CB0	dup=S1S:m18mes:50	ありがとう、アイリス……	고마워，　아이리스……
S1S:m24mes:57	m24mes.bin	57	0x0CB4	dup=S1S:m18mes:51	ありがとう、アイリス！	고마워，　아이리스！
S1S:m24mes:58	m24mes.bin	58	0x0CB5	dup=S1S:m18mes:52;gaiji=81B8	ま……負けないわ……\n絶対！　負けないわ‼	지……　지지　않아……\n절대로！　절대　안　져‼
S1S:m24mes:59	m24mes.bin	59	0x0CB6	dup=S1S:m18mes:53;gaiji=81B8	大神さんを……私が……\n大神さんを……絶対！\n守るわ‼	오오가미　씨를……　내가……\n오오가미　씨를……　반드시！\n지킬　거야‼
S1S:m24mes:60	m24mes.bin	60	0x0CB8	dup=S1S:m18mes:54	ありがとう、さくら……	고마워，　사쿠라……
S1S:m24mes:61	m24mes.bin	61	0x0CB9	dup=S1A:1002tbl:49	みんな……	여러분……
S1S:m24mes:62	m24mes.bin	62	0x0CBA	dup=S1S:m18mes:56	みなさん……	여러분……
S1S:m24mes:63	m24mes.bin	63	0x0CBB	dup=S1A:1002tbl:49	みんな……	여러분……
S1S:m24mes:64	m24mes.bin	64	0x0CBC	dup=S1A:1002tbl:49	みんな……	여러분……
S1S:m24mes:65	m24mes.bin	65	0x0CBD	dup=S1A:1002tbl:49	みんな……	여러분……
S1S:m24mes:66	m24mes.bin	66	0x0CBE	dup=S1A:1002tbl:49	みんな……	여러분……
S1S:m24mes:67	m24mes.bin	67	0x2710	gaiji=81AC	まてっ！\nすみれくんがいないぞ⁉	잠깐！\n스미레　군이　없어⁉
S1S:m24mes:68	m24mes.bin	68	0x2711	gaiji=81AC	まてっ！\nさくらくんがいないぞ⁉	잠깐！\n사쿠라　군이　없어⁉
S1S:m24mes:69	m24mes.bin	69	0x2715		紅蘭、どうした？	코란，　무슨　일이야？
S1S:m24mes:70	m24mes.bin	70	0x271A		この模様、なんか気になるんや。\nウチが調べときますから、\nみんな先行っててや。	이　무늬가　좀　신경　쓰이데이．\n내가　조사해　둘　테니，\n모두　먼저　가래이．
S1S:m24mes:71	m24mes.bin	71	0x2724		心配せんでええで。\n問題がなければ、\nすぐに追いかけますわ。	걱정하지　마．\n문제없으면\n곧　따라갈게．
S1S:m24mes:72	m24mes.bin	72	0x272E	gaiji=81B8	それに……いざとなったら\nウチの神武にはとっておきの\n秘密兵器があるんや‼	게다가……　만일의　경우엔\n내　진부에　비장의\n비밀　병기가　있데이‼
S1S:m24mes:73	m24mes.bin	73	0x2738		え……？\n何だい、それは？	……뭐？\n그게　뭔데？
S1S:m24mes:74	m24mes.bin	74	0x2742		秘密兵器やから、\n秘密に決まっとるやろ。\nまぁ、まかしとき！	비밀　병기니까\n당연히　비밀이지．\n뭐，　나한테　맡기래이！
S1S:m24mes:75	m24mes.bin	75	0x274C		……わかった。\nでも、無理はするなよ。	……알겠어．\n하지만　무리하지　마．
S1S:m24mes:76	m24mes.bin	76	0x2756	dup=S1A:0801tbl:528	了解や！	알겠어！
S1S:m24mes:77	m24mes.bin	77	0x2760		この模様は……魔術のもんや……\nまさか、これは……	이　무늬는……　마술의\n것이데이……　설마，　이건……
S1S:m24mes:78	m24mes.bin	78	0x276A	gaiji=81B8	叉丹のヤツ、\nこれで三騎士と不動を\nよみがえらせたんやな……‼\n	사탄　자식，\n이걸로　삼기사와　후도를\n되살린　거구나……‼
S1S:m24mes:79	m24mes.bin	79	0x2774		せやけどもう復活なんか\nさせへんで！　なあ……\nカンナはん、すみれはん……	하지만　이제　부활　따위　시키지\n않을　거데이！　그렇지……　칸나\n씨，　스미레　씨……
S1S:m24mes:80	m24mes.bin	80	0x277E		せやけどもう復活なんか\nさせへんで！　なあ……\nさくらはん、すみれはん……	하지만　이제　부활　따위　시키지\n않을　거데이！　그렇지……　사쿠라\n씨，　스미레　씨……
S1S:m24mes:81	m24mes.bin	81	0x2788		せやけどもう復活なんか\nさせへんで！　なあ……\nカンナはん、さくらはん……	하지만　이제　부활　따위　시키지\n않을　거데이！　그렇지……　칸나\n씨，　사쿠라　씨……
S1S:m24mes:82	m24mes.bin	82	0x2792	gaiji=81B8	あんたらの出番は終わりや‼\n舞台は引き際が肝心やで！	너희　차례는　끝났데이‼　무대는\n물러날　때가　중요한　법이야！
S1S:m24mes:83	m24mes.bin	83	0x279C		なんちゅう頑丈な\nシロモンや……。	이게　무슨　엄청난\n물건이데이……．
S1S:m24mes:84	m24mes.bin	84	0x27A6	gaiji=81AC	なんや、ひっかかった！\nワナがしかけてあったんかいな⁉	뭐야，　걸렸잖아！\n함정이　설치돼　있었나⁉
S1S:m24mes:85	m24mes.bin	85	0x27B0		……かんにんな、ウチの神武。\nとっておきをつかわな、\nあかんようや……	……미안하다，　내　진부．\n비장의　수를　쓰지　않으면\n안　되겠구나……
S1S:m24mes:86	m24mes.bin	86	0x4E16	dup=S1S:m01mes:81	みんな、俺が守らなくても\nだいじょうぶだな。	모두，　내가　지키지　않아도\n괜찮겠군．
S1S:m24mes:87	m24mes.bin	87	0x4E17	dup=S1S:m01mes:82	さくらくん……\n俺は必ず、きみを守る！	사쿠라　군……\n나는　반드시，　그대를　지키겠어！
S1S:m24mes:88	m24mes.bin	88	0x4E18	dup=S1S:m01mes:83	すみれくん……\n俺がいつでも守ってやるよ。	스미레　군……\n내가　언제든　지켜　주지．
S1S:m24mes:89	m24mes.bin	89	0x4E19	dup=S1S:m01mes:84	マリア……\nきみの背中を守らせてくれ。	마리아……\n네　뒤를　지키게　해　줘．
S1S:m24mes:90	m24mes.bin	90	0x4E1A	dup=S1S:m01mes:85	いつでも、アイリスのことを\n守ってあげるよ。	언제든　아이리스를\n지켜　줄게．
S1S:m24mes:91	m24mes.bin	91	0x4E1B	dup=S1S:m01mes:86	紅蘭は俺が守る！\nだから、心配するな！	코란은　내가　지킨다！\n그러니　걱정　마！
S1S:m24mes:92	m24mes.bin	92	0x4E1C	dup=S1S:m01mes:87	カンナ！\n防御なら俺にまかせろ！	칸나！\n방어라면　나한테　맡겨！
S1S:m24mes:93	m24mes.bin	93	0x4E20		どうした、さくらくん？	왜　그래，　사쿠라　군？
S1S:m24mes:94	m24mes.bin	94	0x4E2A		この模様、なにか気になります。\nちょっと調べますので、\n先に行ってください。	이　무늬가　뭔가　신경　쓰여요．\n조금　조사할　테니\n먼저　가세요．
S1S:m24mes:95	m24mes.bin	95	0x4E34		安心してください。\nなにも問題なければ\nすぐに追いかけます。	걱정　마세요．\n아무　문제　없으면\n곧　따라갈게요．
S1S:m24mes:96	m24mes.bin	96	0x4E3E	gaiji=81B8	……わかった‼\nできるだけ早く\n追いついてくれよ、さくらくん。	……알겠어‼\n최대한　빨리\n따라와　줘，　사쿠라　군．
S1S:m24mes:97	m24mes.bin	97	0x4E48	dup=S1A:0102tbl:383	了解！	알겠습니다！
S1S:m24mes:98	m24mes.bin	98	0x4E52		この模様……魔術の物だわ……\nまさか……	이　무늬……　마술의　물건이네……\n설마……
S1S:m24mes:99	m24mes.bin	99	0x4E5C		この魔術で三騎士を甦らせ、\n不動も復活させていたのね！	이　마술로　삼기사를　되살리고，\n후도도　부활시킨　거구나！
S1S:m24mes:100	m24mes.bin	100	0x4E66	gaiji=81B8	でももう復活なんてさせないわ‼\nね……\nカンナさん、すみれさん……	하지만　이제　부활　따위　못\n시켜‼　그렇지……　칸나　씨，\n스미레　씨……
S1S:m24mes:101	m24mes.bin	101	0x4E70		あなたたちの出番は終わりよ！	너희　차례는　끝이야！
S1S:m24mes:102	m24mes.bin	102	0x4E7A	gaiji=81B8	なんて頑丈なの‼	이렇게　튼튼하다니‼
S1S:m24mes:103	m24mes.bin	103	0x4E84		ああっ！\nワナがしかけられていたのね！	아아！\n함정이　설치돼　있었군요！
S1S:m24mes:104	m24mes.bin	104	0x9C40	gaiji=81B8	反魂の術や‼	반혼술이데이‼
S1S:m24mes:105	m24mes.bin	105	0x9C41	gaiji=81AC	こ、この力は⁉	이，　이　힘은⁉
S1S:m24mes:106	m24mes.bin	106	0x9CA4		……時間がありません。\n行きましょう……隊長。	……시간이　없어요．\n가죠……　대장．
S1S:m24mes:107	m24mes.bin	107	0x9D08	dup=S1A:0700tbl:151	……ああ！	……아아！
S1S:m24mes:108	m24mes.bin	108	0x0000	dup=S1S:m24mes:0;gaiji=81B8	すみれくん……‼	스미레　군……‼
S1S:m25mes:0	m25mes.bin	0	0x2712	dup=S1A:0109tbl:98	紅蘭……	코란……
S1S:m25mes:1	m25mes.bin	1	0x0CA7	dup=S1A:0100tbl:142	……	……
S1S:m25mes:2	m25mes.bin	2	0x0C88	dup=S1A:0101tbl:134	さくらくん……	사쿠라　군……
S1S:m25mes:3	m25mes.bin	3	0x0561	dup=S1S:m18mes:0	猪！	이노시시！
S1S:m25mes:4	m25mes.bin	4	0x0562	dup=S1S:m18mes:1	鹿！	시카！
S1S:m25mes:5	m25mes.bin	5	0x0563	dup=S1S:m18mes:2	蝶！	초！
S1S:m25mes:6	m25mes.bin	6	0x0564	dup=S1S:m18mes:3;gaiji=81B8	今こそ、我ら甦り‼\n我ら『黄昏の三騎士』‼	지금이야말로　우리　부활‼\n우리　『황혼의　삼기사』‼
S1S:m25mes:7	m25mes.bin	7	0x0C79	dup=S1S:m23mes:8	おやじ……大神隊長……\n一発でいい、あたいに力をくれ\n……最後の力を……	아버지……　오오가미　대장……\n한　번이면　돼，　내게　힘을　줘\n……마지막　힘을……
S1S:m25mes:8	m25mes.bin	8	0x0C7A	dup=S1S:m18mes:5	風よ……\n自由にして自在なる\n天空の王者よ……	바람이여……\n자유롭고　자재한\n하늘의　왕자여……
S1S:m25mes:9	m25mes.bin	9	0x1388	dup=S1S:m18mes:6;gaiji=81B8	今こそ我が命を糧として……\n吠えろ！　猛れ！\n空に舞い、天を駆けろ‼	이제　내　목숨을　양식　삼아……\n울부짖어라！　사납게　날뛰어라！\n하늘에　춤추고　내달려라‼
S1S:m25mes:10	m25mes.bin	10	0x0C7B	dup=S1S:m23mes:11;gaiji=81B8	ウオォォォォォ！\nこれで最後だあ‼	우오오오오오！\n이게　마지막이다‼
S1S:m25mes:11	m25mes.bin	11	0x0C7C	dup=S1S:m18mes:8;gaiji=81B8	見せてやるぜ！\n桐島流最終奥義\n四方攻相君ーーーっ‼	보여　주마！\n키리시마류　최종오의\n사방공상군ーーー‼
S1S:m25mes:12	m25mes.bin	12	0x0C7D	dup=S1S:m18mes:9	お父さん……大神隊長……\n一度でいい、私に力をください\n……最後の力を……	아버지……　오오가미　대장……\n한　번만，　제게　힘을　주세요\n……마지막　힘을……
S1S:m25mes:13	m25mes.bin	13	0x0C7E	dup=S1S:m18mes:10	剣の極意……そは瞬息……\n心気力の一致！\n敵は、心眼で斬る！	검의　극의……　그것은　순간의\n호흡……　심기력의　일치！　적은\n심안으로　베어라！
S1S:m25mes:14	m25mes.bin	14	0x0C80	dup=S1S:m18mes:11;gaiji=81B8	破邪剣征・百花繚乱‼	파사검정・백화요란‼
S1S:m25mes:15	m25mes.bin	15	0x0C82	dup=S1S:m18mes:12	……ひっく……カンナぁ……	……흑……　칸나아……
S1S:m25mes:16	m25mes.bin	16	0x0C83	dup=S1S:m18mes:13;gaiji=81B8	カンナさん……‼	칸나　씨……‼
S1S:m25mes:17	m25mes.bin	17	0x0C86	dup=S1S:m18mes:14	さ、最後の最後まで勝手ばっかり\n……最低のヤボですわ……\n最低の……	마，　마지막　순간까지\n제멋대로만……　……최악의\n촌뜨기예요……　최악의……
S1S:m25mes:18	m25mes.bin	18	0x0C87	dup=S1S:m18mes:15;gaiji=81B8	さくら……‼	사쿠라……‼
S1S:m25mes:19	m25mes.bin	19	0x0C89	dup=S1S:m18mes:16	うっ、う……さくらぁ……	흑，　으……　사쿠라아……
S1S:m25mes:20	m25mes.bin	20	0x0C8A	dup=S1A:0100tbl:142	……	……
S1S:m25mes:21	m25mes.bin	21	0x0C8B	dup=S1S:m18mes:18	さ、さくらはん……\nそんな……うそやろ？	사，　사쿠라　씨……\n그럴　수가……　거짓말이지？
S1S:m25mes:22	m25mes.bin	22	0x0C8C	dup=S1S:m18mes:19	さ、最後の最後まで勝手ばっかり\n……最低のヤボですわ……\n最低ですわ……さくら……さん。	마，　마지막　순간까지　제멋대로만\n……최악의　촌뜨기예요……　정말\n최악이에요……　사쿠라……　씨．
S1S:m25mes:23	m25mes.bin	23	0x0C8D	dup=S1S:m18mes:20	おととい、いらっしゃい！\n三下！	다시는　오지　마라！\n삼류야！
S1S:m25mes:24	m25mes.bin	24	0x0C8E	dup=S1S:m23mes:25	グアァァァァァッ！	그아아아아앗！
S1S:m25mes:25	m25mes.bin	25	0x0C8F	dup=S1S:m18mes:22	は、離せ！\nこのまま落ちれば貴様も！	놔，　놔라！\n이대로　떨어지면　너도！
S1S:m25mes:26	m25mes.bin	26	0x0C90	dup=S1S:m18mes:23	……それが……何ですの？	……그래서……　어쩌라고요？
S1S:m25mes:27	m25mes.bin	27	0x0C91	dup=S1S:m18mes:24	三下と相打ちなんて……\nわれながら……最低ですわね……	삼류와　동귀어진이라니……\n나로서도……　최악이네요……
S1S:m25mes:28	m25mes.bin	28	0x0C92	dup=S1S:m18mes:25	少尉さん……みなさん……\nカーテンコールは……\n頼みますわ……	소위님……　여러분……\n커튼콜은……\n부탁드려요……
S1S:m25mes:29	m25mes.bin	29	0x0C93	dup=S1S:m18mes:26	あたしを、甘く見ないで！	나를　얕보지　마！
S1S:m25mes:30	m25mes.bin	30	0x0C96	dup=S1S:m18mes:27	かまわないわ！	상관없어！
S1S:m25mes:31	m25mes.bin	31	0x0C97	dup=S1S:m18mes:28	大神さん……さようなら……	오오가미　씨……　안녕……
S1S:m25mes:32	m25mes.bin	32	0x0C99	dup=S1S:m18mes:29	すみれはん……	스미레　씨……
S1S:m25mes:33	m25mes.bin	33	0x0C9A	dup=S1S:m18mes:30	うっ……うっうっ……	흑……　흐흑……
S1S:m25mes:34	m25mes.bin	34	0x0C9C	dup=S1S:m18mes:31	すみれさんっ！\nもうケンカできないなんて\nあたしイヤよ……	스미레　씨！\n이제　싸울　수　없다니\n싫어요……
S1S:m25mes:35	m25mes.bin	35	0x0C9D	dup=S1S:m18mes:32	……さくらさんっ！\nもうケンカできないなんて\n許しませんことよ……！	……사쿠라　씨！\n이제　싸울　수　없다니\n용서하지　않겠어요……！
S1S:m25mes:36	m25mes.bin	36	0x0C9E	dup=S1S:m18mes:33	バカだぜ……お嬢様が……\nヒロインぶって……\nカッコつけやがって！	바보군……　아가씨가……\n히로인인　척……\n멋　부리긴！
S1S:m25mes:37	m25mes.bin	37	0x0C9F	dup=S1S:m18mes:34	うわあぁぁぁーっ！	으아아아아아앗！
S1S:m25mes:38	m25mes.bin	38	0x0CA0	dup=S1S:m18mes:35;gaiji=81B8	なんや！　これくらい‼	뭐야！　이　정도쯤‼
S1S:m25mes:39	m25mes.bin	39	0x0CA1	dup=S1S:m18mes:36;gaiji=81B8	ウチの居場所！\nウチの未来！\nウチの夢‼	내　있을　곳！\n내　미래！\n내　꿈‼
S1S:m25mes:40	m25mes.bin	40	0x0CA2	dup=S1S:m18mes:37	帝国華撃団・花組を\nナメたらあかんで！	제국화격단・화조를\n얕보면　안　된데이！
S1S:m25mes:41	m25mes.bin	41	0x0CA3	dup=S1S:m18mes:38	ウチの科学力の勝ちや！	내　과학력의　승리데이！
S1S:m25mes:42	m25mes.bin	42	0x0CA4	dup=S1S:m18mes:39	あぁっ！	아앗！
S1S:m25mes:43	m25mes.bin	43	0x0CA5	dup=S1S:m18mes:40;gaiji=81B8	私の居場所！\n私の未来！\n私の夢‼	내　있을　곳！\n내　미래！\n내　꿈‼
S1S:m25mes:44	m25mes.bin	44	0x0CA6	dup=S1S:m18mes:28	大神さん……さようなら……	오오가미　씨……　안녕……
S1S:m25mes:45	m25mes.bin	45	0x0CA8	dup=S1S:m18mes:42	もう……イヤだよ……	이제……　싫어……
S1S:m25mes:46	m25mes.bin	46	0x0CA9	dup=S1S:m18mes:43;gaiji=81B8	紅蘭！　紅蘭‼	코란！　코란‼
S1S:m25mes:47	m25mes.bin	47	0x0CAA	dup=S1S:m18mes:44	さくらはん……	사쿠라　씨……
S1S:m25mes:48	m25mes.bin	48	0x0CAB	dup=S1A:0109tbl:98	紅蘭……	코란……
S1S:m25mes:49	m25mes.bin	49	0x0CAC	dup=S1S:m18mes:46	紅蘭……\nあなたまでいなくなって……	코란……\n너까지　없어져　버리고……
S1S:m25mes:50	m25mes.bin	50	0x0CAD	dup=S1S:m18mes:47	……負けない……もん……\n絶対！　負けないもん……	……안　져……\n절대로！　안　질　거야……
S1S:m25mes:51	m25mes.bin	51	0x0CAE	dup=S1S:m18mes:48;gaiji=81B8	お兄ちゃんを……アイリスが……\nお兄ちゃんを……絶対……\n守るんだから‼	오빠를……　아이리스가……\n오빠를……　반드시……\n지킬　거야‼
S1S:m25mes:52	m25mes.bin	52	0x0CAF	dup=S1S:m18mes:49;gaiji=81B8	はなせ！\n私を殺すと爆発するのよ‼	놔！\n나를　죽이면　폭발한다고‼
S1S:m25mes:53	m25mes.bin	53	0x0CB0	dup=S1S:m18mes:50	ありがとう、アイリス……	고마워，　아이리스……
S1S:m25mes:54	m25mes.bin	54	0x0CB4	dup=S1S:m18mes:51	ありがとう、アイリス！	고마워，　아이리스！
S1S:m25mes:55	m25mes.bin	55	0x0CB5	dup=S1S:m18mes:52;gaiji=81B8	ま……負けないわ……\n絶対！　負けないわ‼	지……　지지　않아……\n절대로！　절대　안　져‼
S1S:m25mes:56	m25mes.bin	56	0x0CB6	dup=S1S:m18mes:53;gaiji=81B8	大神さんを……私が……\n大神さんを……絶対！\n守るわ‼	오오가미　씨를……　내가……\n오오가미　씨를……　반드시！\n지킬　거야‼
S1S:m25mes:57	m25mes.bin	57	0x0CB8	dup=S1S:m18mes:54	ありがとう、さくら……	고마워，　사쿠라……
S1S:m25mes:58	m25mes.bin	58	0x0CB9	dup=S1A:1002tbl:49	みんな……	여러분……
S1S:m25mes:59	m25mes.bin	59	0x0CBA	dup=S1S:m18mes:56	みなさん……	여러분……
S1S:m25mes:60	m25mes.bin	60	0x0CBB	dup=S1A:1002tbl:49	みんな……	여러분……
S1S:m25mes:61	m25mes.bin	61	0x0CBC	dup=S1A:1002tbl:49	みんな……	여러분……
S1S:m25mes:62	m25mes.bin	62	0x0CBD	dup=S1A:1002tbl:49	みんな……	여러분……
S1S:m25mes:63	m25mes.bin	63	0x0CBE	dup=S1A:1002tbl:49	みんな……	여러분……
S1S:m25mes:64	m25mes.bin	64	0x2710		フフフ……やるじゃないの……\n……だけどね。ここから先へ\n進ませるわけにはいかないわ！	후후후……　제법이군……\n……하지만　말이야．　여기서　더는\n나아가게　둘　수　없어！
S1S:m25mes:65	m25mes.bin	65	0x271A	gaiji=81B8	時間がありません！\nここは私が止めます！\n隊長たちは先に進んでください‼	시간이　없습니다！\n제가　막을게요！\n대장님들은　먼저　가　주세요‼
S1S:m25mes:66	m25mes.bin	66	0x2724	gaiji=81B8	マリア！\nバカな、キミまで‼	마리아！\n바보야，　너까지‼
S1S:m25mes:67	m25mes.bin	67	0x272E	gaiji=81B8	隊長！　あなたには\n帝都を守る使命があります！\n早く先に……‼	대장！　당신에게는\n제도를　지킬　사명이　있습니다！\n어서　먼저……‼
S1S:m25mes:68	m25mes.bin	68	0x2733		私の……\n最後のわがままを\nきいてください……	제……\n마지막　제멋대로를\n들어　주세요……
S1S:m25mes:69	m25mes.bin	69	0x2738	gaiji=81B8	離せ‼\n離すのよ‼	놔‼\n놓으라고‼
S1S:m25mes:70	m25mes.bin	70	0x2742		くらえっ！	받아라！
S1S:m25mes:71	m25mes.bin	71	0x274C		パールク　ヴィチノィ！	파르크　비치노이！
S1S:m25mes:72	m25mes.bin	72	0x4E16	dup=S1S:m01mes:81	みんな、俺が守らなくても\nだいじょうぶだな。	모두，　내가　지키지　않아도\n괜찮겠군．
S1S:m25mes:73	m25mes.bin	73	0x4E17	dup=S1S:m01mes:82	さくらくん……\n俺は必ず、きみを守る！	사쿠라　군……\n나는　반드시，　그대를　지키겠어！
S1S:m25mes:74	m25mes.bin	74	0x4E18	dup=S1S:m01mes:83	すみれくん……\n俺がいつでも守ってやるよ。	스미레　군……\n내가　언제든　지켜　주지．
S1S:m25mes:75	m25mes.bin	75	0x4E19	dup=S1S:m01mes:84	マリア……\nきみの背中を守らせてくれ。	마리아……\n네　뒤를　지키게　해　줘．
S1S:m25mes:76	m25mes.bin	76	0x4E1A	dup=S1S:m01mes:85	いつでも、アイリスのことを\n守ってあげるよ。	언제든　아이리스를\n지켜　줄게．
S1S:m25mes:77	m25mes.bin	77	0x4E1B	dup=S1S:m01mes:86	紅蘭は俺が守る！\nだから、心配するな！	코란은　내가　지킨다！\n그러니　걱정　마！
S1S:m25mes:78	m25mes.bin	78	0x4E1C	dup=S1S:m01mes:87	カンナ！\n防御なら俺にまかせろ！	칸나！\n방어라면　나한테　맡겨！
S1S:m25mes:79	m25mes.bin	79	0x4E20		時間がありません！\nここはあたしが止めます！\n大神さんたちは早く先に！	시간이　없습니다！\n제가　막을게요！\n오오가미　씨들은　먼저　가세요！
S1S:m25mes:80	m25mes.bin	80	0x4E2A	gaiji=81B8	さくらくん‼\nばかな、きみまで‼	사쿠라　군‼\n바보야，　너까지‼
S1S:m25mes:81	m25mes.bin	81	0x4E34	gaiji=81B8	大神さん！\n霊子砲発動までわずかです！\n帝都を守る使命を忘れないで‼	오오가미　씨！　영자포　발동까지\n얼마　안　남았어요！　제도를　지킬\n사명을　잊지　마세요‼
S1S:m25mes:82	m25mes.bin	82	0x9C54	dup=S1S:m19mes:68	ぐあっ！	으악！
S1S:m25mes:83	m25mes.bin	83	0x9C5E		うっ！	윽！
S1S:m25mes:84	m25mes.bin	84	0x9C68	dup=S1A:0502tbl:734	ああっ！	아앗！
S1S:m25mes:85	m25mes.bin	85	0x9C72		きゃあっ！	꺄악！
S1S:m25mes:86	m25mes.bin	86	0x9C7C	dup=S1S:m19mes:68	ぐあっ！	으악！
S1S:m25mes:87	m25mes.bin	87	0x9C86	dup=S1A:0502tbl:1194	うわっ！	우왓！
S1S:m25mes:88	m25mes.bin	88	0x9C90	gaiji=81B8	以前より……\n格段に強くなっている！\nくそっ！　うかつに近寄れない‼	예전보다……　월등히　강해졌어！\n젠장！　함부로　다가갈　수가\n없어‼
S1S:m25mes:89	m25mes.bin	89	0x9D08		……行くぞ！	……가자！
S1S:m25mes:90	m25mes.bin	90	0x2734	gaiji=81B8	あたしの……\n最後のわがままを\nきいてください……‼	제……\n마지막　제멋대로를\n들어　주세요……‼
S1S:m25mes:91	m25mes.bin	91	0xAFC8	dup=S1A:0307tbl:340	……わかった。	…알겠어．
S1S:m25mes:92	m25mes.bin	92	0xAFD2		……ありがとう……\n大神……隊長……	……고마워요……\n오오가미……　대장……
S1S:m25mes:93	m25mes.bin	93	0xAFDC	dup=S1A:0307tbl:340	……わかった。	…알겠어．
S1S:m25mes:94	m25mes.bin	94	0xAFE6		……ありがとうございます\n大神さん……	……고마워요\n오오가미　씨……
S1S:m25mes:95	m25mes.bin	95	0xB036	gaiji=81B8	アイリスっ‼	아이리스‼
S1S:m25mes:96	m25mes.bin	96	0xB040	gaiji=81B8	離れろっ！　離れるんだっ！\nアイリスっ‼	떨어져！　떨어지라고！\n아이리스‼
S1S:m25mes:97	m25mes.bin	97	0xB04A	gaiji=81B8	アイリスーーーーーーーーーっ‼	아이리스ーーーーーーーーー‼
S1S:m25mes:98	m25mes.bin	98	0xB054	gaiji=81B8	さくらくんっ‼	사쿠라　군‼
S1S:m25mes:99	m25mes.bin	99	0xB05E	gaiji=81B8	離れろっ！　離れるんだっ！\nさくらくんっ‼	떨어져！　떨어지라고！\n사쿠라　군‼
S1S:m25mes:100	m25mes.bin	100	0xB068	gaiji=81B8	さくらくーーーーーーーーーん‼	사쿠라　군ーーーーーーーーー‼
S1S:m25mes:101	m25mes.bin	101	0x0000	dup=S1A:0109tbl:98	紅蘭……	코란……
S1S:m26mes:0	m26mes.bin	0	0x0561	dup=S1S:m18mes:0	猪！	이노시시！
S1S:m26mes:1	m26mes.bin	1	0x0562	dup=S1S:m18mes:1	鹿！	시카！
S1S:m26mes:2	m26mes.bin	2	0x0563	dup=S1S:m18mes:2	蝶！	초！
S1S:m26mes:3	m26mes.bin	3	0x0564	dup=S1S:m18mes:3;gaiji=81B8	今こそ、我ら甦り‼\n我ら『黄昏の三騎士』‼	지금이야말로　우리　부활‼\n우리　『황혼의　삼기사』‼
S1S:m26mes:4	m26mes.bin	4	0x0C79	dup=S1S:m23mes:8	おやじ……大神隊長……\n一発でいい、あたいに力をくれ\n……最後の力を……	아버지……　오오가미　대장……\n한　번이면　돼，　내게　힘을　줘\n……마지막　힘을……
S1S:m26mes:5	m26mes.bin	5	0x0C7A	dup=S1S:m18mes:5	風よ……\n自由にして自在なる\n天空の王者よ……	바람이여……\n자유롭고　자재한\n하늘의　왕자여……
S1S:m26mes:6	m26mes.bin	6	0x1388	dup=S1S:m18mes:6;gaiji=81B8	今こそ我が命を糧として……\n吠えろ！　猛れ！\n空に舞い、天を駆けろ‼	이제　내　목숨을　양식　삼아……\n울부짖어라！　사납게　날뛰어라！\n하늘에　춤추고　내달려라‼
S1S:m26mes:7	m26mes.bin	7	0x0C7B	dup=S1S:m23mes:11;gaiji=81B8	ウオォォォォォ！\nこれで最後だあ‼	우오오오오오！\n이게　마지막이다‼
S1S:m26mes:8	m26mes.bin	8	0x0C7C	dup=S1S:m18mes:8;gaiji=81B8	見せてやるぜ！\n桐島流最終奥義\n四方攻相君ーーーっ‼	보여　주마！\n키리시마류　최종오의\n사방공상군ーーー‼
S1S:m26mes:9	m26mes.bin	9	0x0C7D	dup=S1S:m18mes:9	お父さん……大神隊長……\n一度でいい、私に力をください\n……最後の力を……	아버지……　오오가미　대장……\n한　번만，　제게　힘을　주세요\n……마지막　힘을……
S1S:m26mes:10	m26mes.bin	10	0x0C7E	dup=S1S:m18mes:10	剣の極意……そは瞬息……\n心気力の一致！\n敵は、心眼で斬る！	검의　극의……　그것은　순간의\n호흡……　심기력의　일치！　적은\n심안으로　베어라！
S1S:m26mes:11	m26mes.bin	11	0x0C80	dup=S1S:m18mes:11;gaiji=81B8	破邪剣征・百花繚乱‼	파사검정・백화요란‼
S1S:m26mes:12	m26mes.bin	12	0x0C82	dup=S1S:m18mes:12	……ひっく……カンナぁ……	……흑……　칸나아……
S1S:m26mes:13	m26mes.bin	13	0x0C83	dup=S1S:m18mes:13;gaiji=81B8	カンナさん……‼	칸나　씨……‼
S1S:m26mes:14	m26mes.bin	14	0x0C86	dup=S1S:m18mes:14	さ、最後の最後まで勝手ばっかり\n……最低のヤボですわ……\n最低の……	마，　마지막　순간까지\n제멋대로만……　……최악의\n촌뜨기예요……　최악의……
S1S:m26mes:15	m26mes.bin	15	0x0C87	dup=S1S:m18mes:15;gaiji=81B8	さくら……‼	사쿠라……‼
S1S:m26mes:16	m26mes.bin	16	0x0C89	dup=S1S:m18mes:16	うっ、う……さくらぁ……	흑，　으……　사쿠라아……
S1S:m26mes:17	m26mes.bin	17	0x0C8A	dup=S1A:0100tbl:142	……	……
S1S:m26mes:18	m26mes.bin	18	0x0C8B	dup=S1S:m18mes:18	さ、さくらはん……\nそんな……うそやろ？	사，　사쿠라　씨……\n그럴　수가……　거짓말이지？
S1S:m26mes:19	m26mes.bin	19	0x0C8C	dup=S1S:m18mes:19	さ、最後の最後まで勝手ばっかり\n……最低のヤボですわ……\n最低ですわ……さくら……さん。	마，　마지막　순간까지　제멋대로만\n……최악의　촌뜨기예요……　정말\n최악이에요……　사쿠라……　씨．
S1S:m26mes:20	m26mes.bin	20	0x0C8D	dup=S1S:m18mes:20	おととい、いらっしゃい！\n三下！	다시는　오지　마라！\n삼류야！
S1S:m26mes:21	m26mes.bin	21	0x0C8E	dup=S1S:m23mes:25	グアァァァァァッ！	그아아아아앗！
S1S:m26mes:22	m26mes.bin	22	0x0C8F	dup=S1S:m18mes:22	は、離せ！\nこのまま落ちれば貴様も！	놔，　놔라！\n이대로　떨어지면　너도！
S1S:m26mes:23	m26mes.bin	23	0x0C90	dup=S1S:m18mes:23	……それが……何ですの？	……그래서……　어쩌라고요？
S1S:m26mes:24	m26mes.bin	24	0x0C91	dup=S1S:m18mes:24	三下と相打ちなんて……\nわれながら……最低ですわね……	삼류와　동귀어진이라니……\n나로서도……　최악이네요……
S1S:m26mes:25	m26mes.bin	25	0x0C92	dup=S1S:m18mes:25	少尉さん……みなさん……\nカーテンコールは……\n頼みますわ……	소위님……　여러분……\n커튼콜은……\n부탁드려요……
S1S:m26mes:26	m26mes.bin	26	0x0C93	dup=S1S:m18mes:26	あたしを、甘く見ないで！	나를　얕보지　마！
S1S:m26mes:27	m26mes.bin	27	0x0C96	dup=S1S:m18mes:27	かまわないわ！	상관없어！
S1S:m26mes:28	m26mes.bin	28	0x0C97	dup=S1S:m18mes:28	大神さん……さようなら……	오오가미　씨……　안녕……
S1S:m26mes:29	m26mes.bin	29	0x0C99	dup=S1S:m18mes:29	すみれはん……	스미레　씨……
S1S:m26mes:30	m26mes.bin	30	0x0C9A	dup=S1S:m18mes:30	うっ……うっうっ……	흑……　흐흑……
S1S:m26mes:31	m26mes.bin	31	0x0C9C	dup=S1S:m18mes:31	すみれさんっ！\nもうケンカできないなんて\nあたしイヤよ……	스미레　씨！\n이제　싸울　수　없다니\n싫어요……
S1S:m26mes:32	m26mes.bin	32	0x0C9D	dup=S1S:m18mes:32	……さくらさんっ！\nもうケンカできないなんて\n許しませんことよ……！	……사쿠라　씨！\n이제　싸울　수　없다니\n용서하지　않겠어요……！
S1S:m26mes:33	m26mes.bin	33	0x0C9E	dup=S1S:m18mes:33	バカだぜ……お嬢様が……\nヒロインぶって……\nカッコつけやがって！	바보군……　아가씨가……\n히로인인　척……\n멋　부리긴！
S1S:m26mes:34	m26mes.bin	34	0x0C9F	dup=S1S:m18mes:34	うわあぁぁぁーっ！	으아아아아아앗！
S1S:m26mes:35	m26mes.bin	35	0x0CA0	dup=S1S:m18mes:35;gaiji=81B8	なんや！　これくらい‼	뭐야！　이　정도쯤‼
S1S:m26mes:36	m26mes.bin	36	0x0CA1	dup=S1S:m18mes:36;gaiji=81B8	ウチの居場所！\nウチの未来！\nウチの夢‼	내　있을　곳！\n내　미래！\n내　꿈‼
S1S:m26mes:37	m26mes.bin	37	0x0CA2	dup=S1S:m18mes:37	帝国華撃団・花組を\nナメたらあかんで！	제국화격단・화조를\n얕보면　안　된데이！
S1S:m26mes:38	m26mes.bin	38	0x0CA3	dup=S1S:m18mes:38	ウチの科学力の勝ちや！	내　과학력의　승리데이！
S1S:m26mes:39	m26mes.bin	39	0x0CA4	dup=S1S:m18mes:39	あぁっ！	아앗！
S1S:m26mes:40	m26mes.bin	40	0x0CA5	dup=S1S:m18mes:40;gaiji=81B8	私の居場所！\n私の未来！\n私の夢‼	내　있을　곳！\n내　미래！\n내　꿈‼
S1S:m26mes:41	m26mes.bin	41	0x0CA6	dup=S1S:m18mes:28	大神さん……さようなら……	오오가미　씨……　안녕……
S1S:m26mes:42	m26mes.bin	42	0x0CA8	dup=S1S:m18mes:42	もう……イヤだよ……	이제……　싫어……
S1S:m26mes:43	m26mes.bin	43	0x0CA9	dup=S1S:m18mes:43;gaiji=81B8	紅蘭！　紅蘭‼	코란！　코란‼
S1S:m26mes:44	m26mes.bin	44	0x0CAA	dup=S1S:m18mes:44	さくらはん……	사쿠라　씨……
S1S:m26mes:45	m26mes.bin	45	0x0CAB	dup=S1A:0109tbl:98	紅蘭……	코란……
S1S:m26mes:46	m26mes.bin	46	0x0CAC	dup=S1S:m18mes:46	紅蘭……\nあなたまでいなくなって……	코란……\n너까지　없어져　버리고……
S1S:m26mes:47	m26mes.bin	47	0x0CAD	dup=S1S:m18mes:47	……負けない……もん……\n絶対！　負けないもん……	……안　져……\n절대로！　안　질　거야……
S1S:m26mes:48	m26mes.bin	48	0x0CAE	dup=S1S:m18mes:48;gaiji=81B8	お兄ちゃんを……アイリスが……\nお兄ちゃんを……絶対……\n守るんだから‼	오빠를……　아이리스가……\n오빠를……　반드시……\n지킬　거야‼
S1S:m26mes:49	m26mes.bin	49	0x0CAF	dup=S1S:m18mes:49;gaiji=81B8	はなせ！\n私を殺すと爆発するのよ‼	놔！\n나를　죽이면　폭발한다고‼
S1S:m26mes:50	m26mes.bin	50	0x0CB0	dup=S1S:m18mes:50	ありがとう、アイリス……	고마워，　아이리스……
S1S:m26mes:51	m26mes.bin	51	0x0CB4	dup=S1S:m18mes:51	ありがとう、アイリス！	고마워，　아이리스！
S1S:m26mes:52	m26mes.bin	52	0x0CB5	dup=S1S:m18mes:52;gaiji=81B8	ま……負けないわ……\n絶対！　負けないわ‼	지……　지지　않아……\n절대로！　절대　안　져‼
S1S:m26mes:53	m26mes.bin	53	0x0CB6	dup=S1S:m18mes:53;gaiji=81B8	大神さんを……私が……\n大神さんを……絶対！\n守るわ‼	오오가미　씨를……　내가……\n오오가미　씨를……　반드시！\n지킬　거야‼
S1S:m26mes:54	m26mes.bin	54	0x0CB8	dup=S1S:m18mes:54	ありがとう、さくら……	고마워，　사쿠라……
S1S:m26mes:55	m26mes.bin	55	0x0CB9	dup=S1A:1002tbl:49	みんな……	여러분……
S1S:m26mes:56	m26mes.bin	56	0x0CBA	dup=S1S:m18mes:56	みなさん……	여러분……
S1S:m26mes:57	m26mes.bin	57	0x0CBB	dup=S1A:1002tbl:49	みんな……	여러분……
S1S:m26mes:58	m26mes.bin	58	0x0CBC	dup=S1A:1002tbl:49	みんな……	여러분……
S1S:m26mes:59	m26mes.bin	59	0x0CBD	dup=S1A:1002tbl:49	みんな……	여러분……
S1S:m26mes:60	m26mes.bin	60	0x0CBE	dup=S1A:1002tbl:49	みんな……	여러분……
S1S:m26mes:61	m26mes.bin	61	0x7530	dup=S1A:0109tbl:71	マリア……	마리아……
S1S:m26mes:62	m26mes.bin	62	0x753A	dup=S1A:0100tbl:142	……	……
S1S:m26mes:63	m26mes.bin	63	0x7544	dup=S1A:0100tbl:142	……	……
S1S:m26mes:64	m26mes.bin	64	0x754E	dup=S1A:0100tbl:142	……	……
S1S:m26mes:65	m26mes.bin	65	0x7558	dup=S1A:0100tbl:142	……	……
S1S:m26mes:66	m26mes.bin	66	0x7562	dup=S1A:0101tbl:134	さくらくん……	사쿠라　군……
S1S:m26mes:67	m26mes.bin	67	0x756C	dup=S1A:0100tbl:142	……	……
S1S:m26mes:68	m26mes.bin	68	0x2710		霊子砲はこの先か？\n行くぞ！	영자포는　이　앞인가？\n가자！
S1S:m26mes:69	m26mes.bin	69	0x271A		フフフ……\nやられたわ……\nアタシはもうだめだわ……	후후후……\n당했군……\n나는　이제　틀렸어……
S1S:m26mes:70	m26mes.bin	70	0x2724		でも……\nアタシの命にかけても、\n叉丹様のジャマはさせない！	하지만……　내　목숨을　걸고라도\n사탄　님을　방해하게　두지\n않겠다！
S1S:m26mes:71	m26mes.bin	71	0x272E		それがアタシの叉丹様に対する\n忠誠……\nそして愛……	그것이　내가　사탄　님께　바치는\n충성……\n그리고　사랑……
S1S:m26mes:72	m26mes.bin	72	0x2738	gaiji=81B8	お前たちも地獄に\n道連れよぉぉぉぉぉぉぉっ‼	너희도　지옥으로\n함께　데려가　주마아아아아아‼
S1S:m26mes:73	m26mes.bin	73	0x2742		まずい！\n自爆するつもりだ！	큰일이다！\n자폭하려는　거야！
S1S:m26mes:74	m26mes.bin	74	0x274C		何をしてもムダよ！\nこの周囲は、跡形もなく\n消し飛ぶのよ！	무슨　짓을　해도　소용없어！\n이　주변은　흔적도　없이\n날아가　버릴　거야！
S1S:m26mes:75	m26mes.bin	75	0x2756		う……うう……	으……　으으……
S1S:m26mes:76	m26mes.bin	76	0x2760		お兄ちゃん、\n帰ったらデートしようね。	오빠，　돌아가면\n데이트하자．
S1S:m26mes:77	m26mes.bin	77	0x4E16	dup=S1S:m01mes:81	みんな、俺が守らなくても\nだいじょうぶだな。	모두，　내가　지키지　않아도\n괜찮겠군．
S1S:m26mes:78	m26mes.bin	78	0x4E17	dup=S1S:m01mes:82	さくらくん……\n俺は必ず、きみを守る！	사쿠라　군……\n나는　반드시，　그대를　지키겠어！
S1S:m26mes:79	m26mes.bin	79	0x4E18	dup=S1S:m01mes:83	すみれくん……\n俺がいつでも守ってやるよ。	스미레　군……\n내가　언제든　지켜　주지．
S1S:m26mes:80	m26mes.bin	80	0x4E19	dup=S1S:m01mes:84	マリア……\nきみの背中を守らせてくれ。	마리아……\n네　뒤를　지키게　해　줘．
S1S:m26mes:81	m26mes.bin	81	0x4E1A	dup=S1S:m01mes:85	いつでも、アイリスのことを\n守ってあげるよ。	언제든　아이리스를\n지켜　줄게．
S1S:m26mes:82	m26mes.bin	82	0x4E1B	dup=S1S:m01mes:86	紅蘭は俺が守る！\nだから、心配するな！	코란은　내가　지킨다！\n그러니　걱정　마！
S1S:m26mes:83	m26mes.bin	83	0x4E1C	dup=S1S:m01mes:87	カンナ！\n防御なら俺にまかせろ！	칸나！\n방어라면　나한테　맡겨！
S1S:m26mes:84	m26mes.bin	84	0x4E20		ああ……うう……	아아……　으으……
S1S:m26mes:85	m26mes.bin	85	0xAFC8	dup=S1A:0307tbl:340	……わかった。	…알겠어．
S1S:m26mes:86	m26mes.bin	86	0xAFD2	dup=S1S:m25mes:92	……ありがとう……\n大神……隊長……	……고마워요……\n오오가미……　대장……
S1S:m26mes:87	m26mes.bin	87	0xAFDC	dup=S1A:0307tbl:340	……わかった。	…알겠어．
S1S:m26mes:88	m26mes.bin	88	0xAFE6	dup=S1S:m25mes:94	……ありがとうございます\n大神さん……	……고마워요\n오오가미　씨……
S1S:m26mes:89	m26mes.bin	89	0xB036	dup=S1S:m25mes:95;gaiji=81B8	アイリスっ‼	아이리스‼
S1S:m26mes:90	m26mes.bin	90	0xB040	dup=S1S:m25mes:96;gaiji=81B8	離れろっ！　離れるんだっ！\nアイリスっ‼	떨어져！　떨어지라고！\n아이리스‼
S1S:m26mes:91	m26mes.bin	91	0xB04A	dup=S1S:m25mes:97;gaiji=81B8	アイリスーーーーーーーーーっ‼	아이리스ーーーーーーーーー‼
S1S:m26mes:92	m26mes.bin	92	0xB054	dup=S1S:m25mes:98;gaiji=81B8	さくらくんっ‼	사쿠라　군‼
S1S:m26mes:93	m26mes.bin	93	0xB05E	dup=S1S:m25mes:99;gaiji=81B8	離れろっ！　離れるんだっ！\nさくらくんっ‼	떨어져！　떨어지라고！\n사쿠라　군‼
S1S:m26mes:94	m26mes.bin	94	0xB068	dup=S1S:m25mes:100;gaiji=81B8	さくらくーーーーーーーーーん‼	사쿠라　군ーーーーーーーーー‼
S1S:m26mes:95	m26mes.bin	95	0x03EC	dup=S1S:m18mes:0	猪！	이노시시！
